Date,Open,High,Low,Close,Adj Close,Volume
1993-01-29,43.96875,43.96875,43.75,43.9375,24.053543090820312,1003200
1993-02-01,43.96875,44.25,43.96875,44.25,24.224605560302734,480500
1993-02-02,44.21875,44.375,44.125,44.34375,24.275924682617188,201300
1993-02-03,44.40625,44.84375,44.375,44.8125,24.532550811767578,529400
1993-02-04,44.96875,45.09375,44.46875,45.0,24.63519859313965,531500
1993-02-05,44.96875,45.0625,44.71875,44.96875,24.618093490600586,492100
1993-02-08,44.96875,45.125,44.90625,44.96875,24.618093490600586,596100
1993-02-09,44.8125,44.8125,44.5625,44.65625,24.446996688842773,122100
1993-02-10,44.65625,44.75,44.53125,44.71875,24.481225967407227,379600
1993-02-11,44.78125,45.125,44.78125,44.9375,24.600971221923828,19500
1993-02-12,44.875,44.875,44.59375,44.59375,24.412796020507812,42500
1993-02-16,44.46875,44.46875,43.40625,43.46875,23.796918869018555,374800
1993-02-17,43.46875,43.53125,43.28125,43.4375,23.779815673828125,210900
1993-02-18,43.9375,43.9375,42.8125,43.40625,23.762710571289062,378100
1993-02-19,43.40625,43.5625,43.34375,43.5625,23.848236083984375,34900
1993-02-22,43.6875,43.78125,43.5625,43.71875,23.93378448486328,513600
1993-02-23,43.84375,43.875,43.46875,43.6875,23.91666030883789,373700
1993-02-24,43.71875,44.25,43.71875,44.25,24.224605560302734,26300
1993-02-25,44.21875,44.375,44.125,44.34375,24.275924682617188,44500
1993-02-26,44.4375,44.4375,44.1875,44.40625,24.31013298034668,66200
1993-03-01,44.5625,44.5625,44.21875,44.28125,24.241716384887695,66500
1993-03-02,44.3125,44.9375,44.25,44.9375,24.600971221923828,182400
1993-03-03,45.0,45.15625,44.9375,45.125,24.70362091064453,280100
1993-03-04,45.1875,45.1875,44.875,44.875,24.566761016845703,89500
1993-03-05,44.9375,45.125,44.71875,44.75,24.498319625854492,40000
1993-03-08,44.84375,45.75,44.84375,45.75,25.045801162719727,50800
1993-03-09,45.65625,45.6875,45.5,45.59375,24.96024513244629,169300
1993-03-10,45.59375,45.6875,45.40625,45.6875,25.011571884155273,194400
1993-03-11,45.71875,45.84375,45.5,45.5625,24.94312858581543,70900
1993-03-12,45.1875,45.21875,44.8125,45.09375,24.6865177154541,643600
1993-03-15,45.0625,45.3125,45.0625,45.3125,24.806278228759766,310800
1993-03-16,45.3125,45.4375,45.3125,45.3125,24.806278228759766,30800
1993-03-17,45.25,45.25,44.96875,45.03125,24.65229606628418,21800
1993-03-18,45.21875,45.5,45.21875,45.3125,24.806278228759766,59300
1993-03-19,45.28125,45.28125,45.03125,45.03125,24.76873016357422,66900
1993-03-22,44.59375,44.875,44.5625,44.78125,24.6312255859375,183400
1993-03-23,44.90625,44.9375,44.8125,44.875,24.682788848876953,55200
1993-03-24,44.8125,45.0625,44.59375,44.875,24.682788848876953,37200
1993-03-25,44.90625,45.25,44.84375,45.15625,24.837488174438477,110100
1993-03-26,45.125,45.15625,44.875,44.90625,24.69997787475586,101500
1993-03-29,44.9375,45.3125,44.9375,45.09375,24.803110122680664,87100
1993-03-30,45.15625,45.21875,45.09375,45.21875,24.87186622619629,56000
1993-03-31,45.34375,45.46875,45.1875,45.1875,24.85466766357422,111600
1993-04-01,45.25,45.25,44.9375,45.03125,24.76873016357422,129500
1993-04-02,44.65625,44.65625,44.09375,44.09375,24.25307846069336,59400
1993-04-05,44.4375,44.4375,44.1875,44.3125,24.373403549194336,172200
1993-04-06,44.40625,44.40625,44.0625,44.1875,24.30463218688965,129700
1993-04-07,44.25,44.34375,44.15625,44.34375,24.390583038330078,28000
1993-04-08,44.53125,44.53125,44.09375,44.28125,24.356212615966797,180800
1993-04-12,44.71875,44.9375,44.65625,44.90625,24.69997787475586,348500
1993-04-13,44.875,45.15625,44.84375,45.0,24.751548767089844,146100
1993-04-14,45.03125,45.0625,44.90625,44.9375,24.717151641845703,119600
1993-04-15,44.90625,45.03125,44.75,44.9375,24.717151641845703,148600
1993-04-16,44.96875,45.03125,44.875,44.9375,24.717151641845703,47900
1993-04-19,44.9375,45.0625,44.71875,44.75,24.614028930664062,157000
1993-04-20,44.6875,44.75,44.25,44.53125,24.493709564208984,279500
1993-04-21,44.625,44.625,44.375,44.5,24.476526260375977,67900
1993-04-22,44.3125,44.6875,43.9375,43.9375,24.16713523864746,97700
1993-04-23,43.84375,43.96875,43.6875,43.75,24.06399917602539,106000
1993-04-26,43.78125,43.9375,43.28125,43.40625,23.874935150146484,62600
1993-04-27,43.34375,43.875,43.34375,43.875,24.13275718688965,156800
1993-04-28,43.8125,43.90625,43.71875,43.78125,24.081193923950195,85900
1993-04-29,43.875,43.96875,43.625,43.96875,24.184324264526367,85000
1993-04-30,44.125,44.28125,44.03125,44.03125,24.21869468688965,88500
1993-05-03,44.09375,44.3125,43.90625,44.3125,24.373403549194336,80500
1993-05-04,44.40625,44.625,44.34375,44.46875,24.459346771240234,149100
1993-05-05,44.46875,44.75,44.46875,44.59375,24.52809715270996,109000
1993-05-06,44.53125,44.5625,44.40625,44.4375,24.44214630126953,54700
1993-05-07,44.46875,44.46875,44.28125,44.34375,24.390583038330078,68000
1993-05-10,44.40625,44.6875,44.40625,44.4375,24.44214630126953,113900
1993-05-11,44.4375,44.625,44.3125,44.625,24.5452823638916,42600
1993-05-12,44.4375,44.59375,44.4375,44.5625,24.510913848876953,31000
1993-05-13,44.375,44.375,44.0,44.03125,24.21869468688965,129100
1993-05-14,44.03125,44.15625,43.96875,44.0,24.201499938964844,63500
1993-05-17,44.125,44.15625,43.9375,44.15625,24.287445068359375,34000
1993-05-18,44.1875,44.21875,43.96875,44.125,24.270275115966797,105200
1993-05-19,44.125,45.03125,43.84375,45.03125,24.76873016357422,50200
1993-05-20,45.03125,45.15625,44.9375,45.15625,24.837488174438477,98200
1993-05-21,45.1875,45.25,44.71875,44.75,24.614028930664062,221400
1993-05-24,44.84375,45.09375,44.84375,44.9375,24.717151641845703,30500
1993-05-25,45.125,45.125,45.03125,45.03125,24.76873016357422,191800
1993-05-26,45.15625,45.625,45.125,45.59375,25.078125,102400
1993-05-27,45.65625,45.65625,45.375,45.4375,24.992176055908203,53800
1993-05-28,45.40625,45.40625,45.0,45.21875,24.87186622619629,79100
1993-06-01,45.375,45.8125,45.3125,45.65625,25.112512588500977,28300
1993-06-02,45.53125,45.75,45.34375,45.59375,25.078125,20300
1993-06-03,45.5,45.5,45.34375,45.4375,24.992176055908203,21600
1993-06-04,45.3125,45.3125,45.09375,45.28125,24.906238555908203,32000
1993-06-07,45.375,45.375,45.125,45.125,24.820295333862305,121400
1993-06-08,45.0,45.0,44.71875,44.71875,24.596847534179688,104500
1993-06-09,44.875,45.0625,44.8125,44.875,24.682788848876953,43300
1993-06-10,44.84375,44.9375,44.75,44.90625,24.69997787475586,17900
1993-06-11,45.0625,45.15625,44.90625,45.09375,24.803110122680664,647400
1993-06-14,45.15625,45.1875,45.03125,45.03125,24.76873016357422,64200
1993-06-15,45.09375,45.125,44.9375,44.9375,24.717151641845703,142400
1993-06-16,44.9375,45.03125,44.8125,45.03125,24.76873016357422,330900
1993-06-17,45.125,45.1875,45.03125,45.1875,24.85466766357422,37400
1993-06-18,44.84375,44.84375,44.5,44.5,24.649995803833008,58500
1993-06-21,44.625,44.625,44.53125,44.59375,24.701934814453125,29300
1993-06-22,44.65625,44.65625,44.5625,44.625,24.719242095947266,137500
1993-06-23,44.625,44.625,44.21875,44.21875,24.49419403076172,227600
1993-06-24,44.34375,44.8125,44.34375,44.8125,24.82309913635254,243700
1993-06-25,44.78125,44.90625,44.75,44.78125,24.8057918548584,44800
1993-06-28,45.0,45.28125,44.9375,45.28125,25.08275604248047,439900
1993-06-29,45.21875,45.21875,45.0,45.0625,24.961584091186523,207500
1993-06-30,45.125,45.21875,45.0,45.0625,24.961584091186523,437600
1993-07-01,45.125,45.125,44.875,44.9375,24.892330169677734,605700
1993-07-02,44.78125,44.8125,44.53125,44.6875,24.75387191772461,285400
1993-07-06,44.625,44.75,44.15625,44.21875,24.49419403076172,246400
1993-07-07,44.1875,44.40625,44.1875,44.34375,24.563444137573242,343700
1993-07-08,44.375,44.9375,44.3125,44.84375,24.84041976928711,248200
1993-07-09,44.84375,44.96875,44.75,44.96875,24.90966033935547,378200
1993-07-12,44.90625,44.96875,44.84375,44.9375,24.892330169677734,373700
1993-07-13,44.96875,45.09375,44.65625,44.90625,24.875036239624023,389600
1993-07-14,44.9375,45.1875,44.90625,45.0625,24.961584091186523,617300
1993-07-15,45.03125,45.03125,44.78125,44.875,24.85772132873535,443800
1993-07-16,44.90625,44.9375,44.6875,44.75,24.788475036621094,216400
1993-07-19,44.75,44.75,44.59375,44.71875,24.77117156982422,188200
1993-07-20,44.6875,44.84375,44.46875,44.84375,24.84041976928711,68500
1993-07-21,44.78125,44.8125,44.65625,44.8125,24.82309913635254,142700
1993-07-22,44.75,44.8125,44.5,44.5,24.649995803833008,632400
1993-07-23,44.59375,44.71875,44.5625,44.71875,24.77117156982422,286200
1993-07-26,44.84375,45.0625,44.84375,44.96875,24.90966033935547,121300
1993-07-27,45.0,45.03125,44.78125,44.9375,24.892330169677734,92800
1993-07-28,44.84375,44.9375,44.78125,44.84375,24.84041976928711,30800
1993-07-29,44.9375,45.21875,44.875,45.09375,24.97889518737793,331000
1993-07-30,45.09375,45.09375,44.78125,44.84375,24.84041976928711,75300
1993-08-02,44.90625,45.125,44.90625,44.96875,24.90966033935547,41300
1993-08-03,45.0625,45.1875,44.84375,45.0,24.92696762084961,81600
1993-08-04,45.0,45.09375,44.875,45.0,24.92696762084961,434000
1993-08-05,45.0,45.0,44.84375,44.90625,24.875036239624023,36800
1993-08-06,45.03125,45.0625,44.90625,44.96875,24.90966033935547,402300
1993-08-09,45.09375,45.34375,45.0,45.21875,25.048139572143555,828200
1993-08-10,45.1875,45.21875,45.125,45.1875,25.030818939208984,604900
1993-08-11,45.15625,45.3125,45.15625,45.1875,25.030818939208984,542200
1993-08-12,45.3125,45.3125,44.90625,45.0625,24.961584091186523,303700
1993-08-13,45.09375,45.15625,45.09375,45.125,24.99620246887207,103500
1993-08-16,45.15625,45.5,45.15625,45.375,25.134681701660156,241800
1993-08-17,45.34375,45.53125,45.34375,45.53125,25.221240997314453,369300
1993-08-18,45.6875,45.875,45.65625,45.78125,25.359708786010742,414300
1993-08-19,45.8125,45.8125,45.71875,45.78125,25.359708786010742,28500
1993-08-20,45.6875,45.8125,45.65625,45.8125,25.377050399780273,80700
1993-08-23,45.625,45.75,45.625,45.71875,25.325103759765625,15600
1993-08-24,45.71875,46.21875,45.71875,46.21875,25.602083206176758,273400
1993-08-25,46.21875,46.4375,46.15625,46.25,25.61937713623047,242300
1993-08-26,46.28125,46.53125,46.09375,46.28125,25.636695861816406,120000
1993-08-27,46.15625,46.25,46.15625,46.25,25.61937713623047,25700
1993-08-30,46.28125,46.5,46.28125,46.4375,25.723247528076172,183500
1993-08-31,46.40625,46.5625,46.34375,46.5625,25.79248809814453,66500
1993-09-01,46.40625,46.59375,46.40625,46.5,25.757863998413086,136500
1993-09-02,46.53125,46.59375,46.3125,46.34375,25.671302795410156,472400
1993-09-03,46.3125,46.4375,46.25,46.375,25.68861961364746,630500
1993-09-07,46.375,46.4375,46.0,46.0625,25.51552391052246,196400
1993-09-08,46.0625,46.0625,45.59375,45.90625,25.428977966308594,269900
1993-09-09,45.71875,46.03125,45.71875,46.0,25.480894088745117,239200
1993-09-10,46.125,46.4375,46.0625,46.40625,25.705923080444336,106500
1993-09-13,46.5625,46.5625,46.4375,46.4375,25.723247528076172,66900
1993-09-14,46.3125,46.3125,46.09375,46.25,25.61937713623047,184500
1993-09-15,46.0625,46.40625,45.90625,46.375,25.68861961364746,101000
1993-09-16,46.3125,46.34375,46.15625,46.1875,25.584760665893555,54300
1993-09-17,45.875,45.90625,45.75,45.8125,25.535171508789062,200900
1993-09-20,45.875,45.96875,45.4375,45.4375,25.326128005981445,57800
1993-09-21,45.5,45.5625,44.8125,45.28125,25.239036560058594,318200
1993-09-22,45.4375,45.71875,45.375,45.65625,25.44806480407715,439700
1993-09-23,45.78125,45.9375,45.71875,45.90625,25.587406158447266,88500
1993-09-24,45.84375,45.875,45.71875,45.78125,25.51772117614746,53500
1993-09-27,46.125,46.28125,46.125,46.28125,25.79643440246582,274600
1993-09-28,46.3125,46.3125,46.15625,46.1875,25.744171142578125,158300
1993-09-29,46.1875,46.3125,45.96875,46.03125,25.657072067260742,221000
1993-09-30,46.03125,46.125,45.84375,45.9375,25.604822158813477,99300
1993-10-01,45.875,46.21875,45.8125,46.15625,25.726747512817383,22700
1993-10-04,46.21875,46.21875,46.09375,46.21875,25.761594772338867,1038500
1993-10-05,46.3125,46.3125,46.0,46.15625,25.726747512817383,436500
1993-10-06,46.1875,46.375,46.125,46.125,25.709327697753906,209200
1993-10-07,46.1875,46.1875,45.96875,46.0,25.63966178894043,59400
1993-10-08,46.125,46.15625,45.71875,46.0625,25.67450523376465,54400
1993-10-11,46.15625,46.25,46.15625,46.15625,25.726747512817383,467100
1993-10-12,46.21875,46.25,46.1875,46.21875,25.761594772338867,26200
1993-10-13,46.25,46.25,46.15625,46.21875,25.761594772338867,139100
1993-10-14,46.40625,46.8125,46.28125,46.8125,26.092529296875,108100
1993-10-15,47.03125,47.15625,46.90625,47.0625,26.231889724731445,1502500
1993-10-18,47.03125,47.03125,46.875,46.9375,26.162216186523438,722400
1993-10-19,46.875,46.96875,46.59375,46.59375,25.97060775756836,880100
1993-10-20,46.75,46.75,46.5625,46.65625,26.005455017089844,230400
1993-10-21,46.6875,46.6875,46.53125,46.59375,25.97060775756836,56200
1993-10-22,46.65625,46.84375,46.375,46.375,25.848678588867188,390700
1993-10-25,46.40625,46.5625,46.28125,46.5,25.918354034423828,114500
1993-10-26,46.46875,46.5,46.3125,46.46875,25.90093231201172,186200
1993-10-27,46.40625,46.53125,46.40625,46.5,25.918354034423828,118400
1993-10-28,46.5625,46.96875,46.5625,46.84375,26.109949111938477,129600
1993-10-29,46.8125,46.875,46.78125,46.84375,26.109949111938477,80700
1993-11-01,46.78125,47.0,46.78125,46.96875,26.179637908935547,36400
1993-11-02,46.90625,47.0,46.65625,46.9375,26.162216186523438,262100
1993-11-03,46.90625,46.90625,46.125,46.34375,25.831254959106445,479100
1993-11-04,46.34375,46.34375,45.8125,45.84375,25.552581787109375,130400
1993-11-05,45.71875,46.0625,45.53125,46.0625,25.67450523376465,363200
1993-11-08,46.09375,46.25,45.96875,46.125,25.709327697753906,367600
1993-11-09,46.4375,46.46875,46.125,46.15625,25.726747512817383,246900
1993-11-10,46.15625,46.5,46.03125,46.5,25.918354034423828,46500
1993-11-11,46.5,46.625,46.34375,46.375,25.848678588867188,88900
1993-11-12,46.46875,46.75,46.4375,46.59375,25.97060775756836,108200
1993-11-15,46.6875,46.6875,46.4375,46.5625,25.953187942504883,243300
1993-11-16,46.65625,46.8125,46.46875,46.78125,26.07512092590332,492600
1993-11-17,46.8125,46.8125,46.40625,46.53125,25.935773849487305,39600
1993-11-18,46.46875,46.5625,46.28125,46.40625,25.8660945892334,240800
1993-11-19,46.25,46.375,46.21875,46.3125,25.813861846923828,106000
1993-11-22,46.1875,46.21875,45.875,46.03125,25.657072067260742,165300
1993-11-23,46.28125,46.3125,46.03125,46.28125,25.79643440246582,89700
1993-11-24,46.40625,46.5,46.34375,46.46875,25.90093231201172,77200
1993-11-26,46.59375,46.59375,46.46875,46.5,25.918354034423828,1019800
1993-11-29,46.625,46.71875,46.3125,46.3125,25.813861846923828,517500
1993-11-30,46.28125,46.5625,46.25,46.34375,25.831254959106445,230000
1993-12-01,46.59375,46.625,46.40625,46.40625,25.8660945892334,379200
1993-12-02,46.5,46.5625,46.40625,46.53125,25.935773849487305,352000
1993-12-03,46.5,46.71875,46.5,46.71875,26.040266036987305,306000
1993-12-06,46.78125,46.9375,46.78125,46.875,26.127378463745117,99500
1993-12-07,46.875,46.90625,46.78125,46.84375,26.109949111938477,88800
1993-12-08,46.84375,46.84375,46.78125,46.84375,26.109949111938477,146700
1993-12-09,46.84375,46.90625,46.625,46.6875,26.02286148071289,416500
1993-12-10,46.71875,46.71875,46.5,46.59375,25.97060775756836,412900
1993-12-13,46.59375,46.875,46.53125,46.875,26.127378463745117,273200
1993-12-14,46.90625,46.90625,46.53125,46.53125,25.935773849487305,41900
1993-12-15,46.59375,46.625,46.46875,46.46875,25.90093231201172,82600
1993-12-16,46.65625,46.65625,46.5625,46.625,25.988033294677734,78200
1993-12-17,46.40625,46.59375,46.375,46.5625,26.130855560302734,104700
1993-12-20,46.53125,46.65625,46.5,46.625,26.165931701660156,68800
1993-12-21,46.5625,46.5625,46.40625,46.46875,26.078243255615234,205700
1993-12-22,46.59375,46.8125,46.5,46.78125,26.25360870361328,410300
1993-12-23,46.75,46.84375,46.6875,46.75,26.236066818237305,533800
1993-12-27,46.75,47.0,46.75,47.0,26.376371383666992,447100
1993-12-28,46.96875,47.125,46.9375,47.09375,26.428977966308594,880600
1993-12-29,47.125,47.15625,47.0,47.03125,26.393924713134766,266700
1993-12-30,47.0,47.0,46.75,46.84375,26.288698196411133,219900
1993-12-31,46.9375,47.0,46.5625,46.59375,26.148391723632812,312900
1994-01-03,46.59375,46.65625,46.40625,46.46875,26.078243255615234,960900
1994-01-04,46.53125,46.65625,46.46875,46.65625,26.183467864990234,164300
1994-01-05,46.71875,46.78125,46.53125,46.75,26.236066818237305,710900
1994-01-06,46.8125,46.84375,46.6875,46.75,26.236066818237305,201000
1994-01-07,46.84375,47.0625,46.71875,47.03125,26.393924713134766,775500
1994-01-10,47.09375,47.59375,46.96875,47.59375,26.70958137512207,593700
1994-01-11,47.5625,47.5625,47.34375,47.5,26.656970977783203,295200
1994-01-12,47.53125,47.53125,47.1875,47.34375,26.569297790527344,158400
1994-01-13,47.21875,47.3125,47.15625,47.21875,26.499141693115234,244300
1994-01-14,47.375,47.5,47.375,47.40625,26.604354858398438,137200
1994-01-17,47.40625,47.46875,47.3125,47.40625,26.604354858398438,17700
1994-01-18,47.46875,47.53125,47.375,47.46875,26.639434814453125,166400
1994-01-19,47.40625,47.46875,47.25,47.34375,26.569297790527344,200800
1994-01-20,47.40625,47.5,47.375,47.46875,26.639434814453125,281100
1994-01-21,47.53125,47.53125,47.34375,47.375,26.586822509765625,85600
1994-01-24,47.34375,47.5625,47.1875,47.1875,26.481603622436523,373800
1994-01-25,47.21875,47.25,47.09375,47.1875,26.481603622436523,310400
1994-01-26,47.1875,47.34375,47.125,47.3125,26.55173110961914,145100
1994-01-27,47.40625,47.8125,47.34375,47.75,26.797277450561523,344500
1994-01-28,47.9375,48.03125,47.875,47.875,26.867429733276367,356500
1994-01-31,48.0625,48.3125,48.0,48.21875,27.060338973999023,313800
1994-02-01,48.15625,48.15625,47.90625,47.96875,26.920042037963867,303600
1994-02-02,48.125,48.28125,48.09375,48.28125,27.095413208007812,307600
1994-02-03,48.1875,48.1875,47.90625,48.0625,26.972640991210938,466100
1994-02-04,48.0625,48.125,46.96875,46.96875,26.358840942382812,1403200
1994-02-07,46.84375,47.3125,46.84375,47.1875,26.481603622436523,516400
1994-02-08,47.28125,47.28125,47.03125,47.21875,26.499141693115234,188200
1994-02-09,47.25,47.4375,47.1875,47.40625,26.604354858398438,144600
1994-02-10,47.375,47.40625,47.0,47.0,26.376371383666992,883900
1994-02-11,47.03125,47.28125,46.8125,47.15625,26.46407699584961,519400
1994-02-14,47.0625,47.375,47.0,47.21875,26.499141693115234,2742100
1994-02-15,47.3125,47.5,47.25,47.46875,26.639434814453125,374700
1994-02-16,47.53125,47.53125,47.34375,47.4375,26.62190055847168,287600
1994-02-17,47.65625,47.6875,47.03125,47.15625,26.46407699584961,342400
1994-02-18,47.1875,47.21875,46.75,46.875,26.306224822998047,313300
1994-02-22,47.0,47.34375,47.0,47.34375,26.569297790527344,154500
1994-02-23,47.40625,47.4375,47.0625,47.21875,26.499141693115234,391700
1994-02-24,47.0625,47.0625,46.5625,46.59375,26.148391723632812,770800
1994-02-25,46.65625,46.8125,46.5625,46.8125,26.271150588989258,531300
1994-02-28,46.9375,47.0625,46.8125,46.8125,26.271150588989258,333000
1994-03-01,46.8125,46.90625,46.375,46.625,26.165931701660156,423600
1994-03-02,46.03125,46.6875,45.90625,46.6875,26.200990676879883,581500
1994-03-03,46.625,46.625,46.4375,46.5625,26.130855560302734,223200
1994-03-04,46.5625,46.8125,46.40625,46.6875,26.200990676879883,595800
1994-03-07,46.84375,47.0,46.84375,46.9375,26.341291427612305,539800
1994-03-08,46.96875,46.96875,46.6875,46.75,26.236066818237305,880300
1994-03-09,46.8125,47.0,46.59375,46.96875,26.358840942382812,2500100
1994-03-10,46.9375,46.9375,46.4375,46.59375,26.148391723632812,207400
1994-03-11,46.65625,46.90625,46.40625,46.84375,26.288698196411133,576600
1994-03-14,47.03125,47.03125,46.84375,46.90625,26.32375717163086,345900
1994-03-15,47.0,47.09375,46.84375,46.875,26.306224822998047,748600
1994-03-16,46.9375,47.25,46.78125,47.25,26.516677856445312,455500
1994-03-17,47.09375,47.3125,47.09375,47.25,26.516677856445312,133000
1994-03-18,46.75,47.03125,46.71875,46.96875,26.510889053344727,365500
1994-03-21,46.8125,46.9375,46.71875,46.84375,26.44034767150879,324800
1994-03-22,46.84375,47.0625,46.75,46.96875,26.510889053344727,435700
1994-03-23,46.9375,47.0625,46.90625,46.9375,26.493236541748047,698500
1994-03-24,46.75,46.84375,46.15625,46.375,26.175745010375977,1200500
1994-03-25,46.40625,46.53125,45.9375,45.9375,25.928808212280273,100900
1994-03-28,46.0,46.0625,45.59375,46.0,25.964092254638672,1117200
1994-03-29,46.0,46.03125,45.09375,45.09375,25.452573776245117,338400
1994-03-30,45.125,45.25,44.46875,44.46875,25.09979248046875,1123900
1994-03-31,44.46875,44.6875,43.53125,44.59375,25.17034912109375,788800
1994-04-04,43.34375,44.03125,43.34375,43.90625,24.782297134399414,2627300
1994-04-05,44.34375,44.8125,44.34375,44.8125,25.293825149536133,1179000
1994-04-06,44.875,44.90625,44.5,44.8125,25.293825149536133,516500
1994-04-07,44.78125,45.125,44.53125,45.03125,25.41728973388672,666100
1994-04-08,44.9375,44.9375,44.46875,44.6875,25.2232666015625,242400
1994-04-11,44.8125,45.0625,44.703125,44.875,25.329103469848633,203300
1994-04-12,44.921875,45.0,44.71875,44.8125,25.293825149536133,1409200
1994-04-13,44.796875,44.90625,44.25,44.578125,25.161542892456055,364100
1994-04-14,44.5,44.828125,44.40625,44.59375,25.17034912109375,419900
1994-04-15,44.578125,44.78125,44.515625,44.59375,25.17034912109375,387300
1994-04-18,44.640625,44.765625,44.15625,44.296875,25.002775192260742,369100
1994-04-19,44.25,44.53125,43.984375,44.359375,25.03805923461914,472200
1994-04-20,44.40625,44.515625,44.078125,44.3125,25.011598587036133,508000
1994-04-21,44.5,44.96875,44.34375,44.90625,25.346731185913086,200300
1994-04-22,45.015625,45.046875,44.734375,44.859375,25.32027816772461,301800
1994-04-25,44.84375,45.359375,44.84375,45.328125,25.584857940673828,394600
1994-04-26,45.265625,45.34375,45.1875,45.28125,25.558408737182617,399000
1994-04-28,45.1875,45.25,44.8125,44.953125,25.373180389404297,287000
1994-04-29,44.875,45.15625,44.8125,45.09375,25.452573776245117,481900
1994-05-02,45.09375,45.71875,44.9375,45.375,25.61131477355957,275000
1994-05-03,45.390625,45.40625,45.0625,45.328125,25.584857940673828,183400
1994-05-04,45.421875,45.421875,45.078125,45.25,25.540752410888672,401900
1994-05-05,45.296875,45.375,45.1875,45.1875,25.5054874420166,659800
1994-05-06,44.96875,44.96875,44.59375,44.75,25.25853729248047,216300
1994-05-09,44.625,44.75,44.28125,44.359375,25.03805923461914,499300
1994-05-10,44.578125,44.84375,44.546875,44.703125,25.232088088989258,583400
1994-05-11,44.65625,44.71875,44.171875,44.296875,25.002775192260742,210600
1994-05-12,44.578125,44.625,44.40625,44.515625,25.126253128051758,305200
1994-05-13,44.640625,44.640625,44.296875,44.515625,25.126253128051758,321300
1994-05-16,44.609375,44.75,44.515625,44.53125,25.135082244873047,450400
1994-05-17,44.5625,45.1875,44.5,45.1875,25.5054874420166,470200
1994-05-18,45.21875,45.6875,45.015625,45.515625,25.69070053100586,824800
1994-05-19,45.421875,45.859375,45.421875,45.734375,25.814165115356445,531000
1994-05-20,45.65625,45.6875,45.5,45.5625,25.717153549194336,370400
1994-05-23,45.515625,45.53125,45.34375,45.484375,25.67306137084961,262700
1994-05-24,45.609375,45.84375,45.609375,45.671875,25.778894424438477,549600
1994-05-25,45.5,45.828125,45.34375,45.796875,25.849435806274414,738200
1994-05-26,45.78125,45.9375,45.734375,45.828125,25.86707878112793,369600
1994-05-27,45.75,45.875,45.671875,45.875,25.89354705810547,162000
1994-05-31,45.734375,45.90625,45.65625,45.8125,25.85826873779297,160000
1994-06-01,45.703125,46.015625,45.5625,46.015625,25.9729061126709,200500
1994-06-02,46.046875,46.046875,45.890625,45.96875,25.94646453857422,55100
1994-06-03,46.0,46.390625,45.859375,46.234375,26.096372604370117,550400
1994-06-06,46.328125,46.46875,46.1875,46.21875,26.08756446838379,99300
1994-06-07,46.140625,46.21875,46.03125,46.15625,26.052288055419922,120600
1994-06-08,46.265625,46.265625,45.78125,45.78125,25.840625762939453,131900
1994-06-09,45.984375,46.03125,45.890625,46.03125,25.981731414794922,80500
1994-06-10,46.078125,46.203125,46.078125,46.109375,26.02582550048828,83100
1994-06-13,46.046875,46.1875,46.03125,46.171875,26.061111450195312,109700
1994-06-14,46.3125,46.546875,46.3125,46.53125,26.263952255249023,161000
1994-06-15,46.546875,46.5625,46.3125,46.34375,26.158111572265625,142800
1994-06-16,46.34375,46.46875,46.296875,46.4375,26.21103858947754,44000
1994-06-17,46.15625,46.203125,45.8125,45.875,26.064741134643555,403800
1994-06-20,45.546875,45.625,45.4375,45.484375,25.842790603637695,137400
1994-06-21,45.453125,45.453125,44.90625,45.09375,25.620851516723633,139200
1994-06-22,45.21875,45.421875,45.171875,45.265625,25.718505859375,279900
1994-06-23,45.34375,45.40625,44.9375,45.0,25.567590713500977,922500
1994-06-24,44.78125,44.78125,44.0,44.0625,25.034929275512695,353800
1994-06-27,44.234375,44.828125,44.015625,44.828125,25.469934463500977,371200
1994-06-28,44.84375,44.84375,44.25,44.609375,25.345643997192383,5382300
1994-06-29,44.671875,45.015625,44.625,44.75,25.425537109375,311800
1994-06-30,44.828125,44.84375,44.3125,44.46875,25.265735626220703,271900
1994-07-01,44.6875,44.6875,44.375,44.5625,25.319015502929688,406900
1994-07-05,44.65625,44.859375,44.515625,44.796875,25.45217514038086,112000
1994-07-06,44.625,44.8125,44.46875,44.734375,25.416658401489258,174800
1994-07-07,44.734375,44.921875,44.6875,44.921875,25.52320098876953,66700
1994-07-08,44.640625,44.984375,44.625,44.90625,25.514305114746094,148400
1994-07-11,44.9375,45.015625,44.53125,44.75,25.425537109375,124000
1994-07-12,44.765625,44.828125,44.515625,44.8125,25.461048126220703,257300
1994-07-13,44.828125,45.03125,44.828125,44.890625,25.505430221557617,532700
1994-07-14,45.109375,45.46875,45.078125,45.375,25.780641555786133,494200
1994-07-15,45.34375,45.484375,45.328125,45.390625,25.789522171020508,49100
1994-07-18,45.390625,45.578125,45.390625,45.46875,25.833913803100586,72300
1994-07-19,45.546875,45.5625,45.375,45.375,25.780641555786133,609500
1994-07-20,45.40625,45.40625,45.0625,45.171875,25.665237426757812,185300
1994-07-21,45.171875,45.296875,45.078125,45.265625,25.718505859375,86300
1994-07-22,45.375,45.40625,45.25,45.34375,25.762889862060547,151600
1994-07-25,45.359375,45.453125,45.3125,45.40625,25.79839515686035,120900
1994-07-26,45.390625,45.421875,45.3125,45.359375,25.771757125854492,489600
1994-07-27,45.359375,45.359375,45.171875,45.359375,25.771757125854492,83200
1994-07-28,45.359375,45.578125,45.359375,45.453125,25.82501220703125,828200
1994-07-29,45.765625,46.046875,45.75,45.90625,26.082477569580078,459100
1994-08-01,45.9375,46.15625,45.890625,46.125,26.206775665283203,486300
1994-08-02,46.28125,46.375,46.03125,46.1875,26.242279052734375,505500
1994-08-03,46.171875,46.234375,46.09375,46.203125,26.25115203857422,144100
1994-08-04,46.171875,46.21875,45.921875,45.9375,26.10023307800293,231700
1994-08-05,45.703125,45.84375,45.65625,45.78125,26.011470794677734,138400
1994-08-08,45.828125,45.9375,45.78125,45.890625,26.0736026763916,328600
1994-08-09,45.71875,45.96875,45.71875,45.96875,26.11800193786621,105900
1994-08-10,46.0,46.1875,45.9375,46.140625,26.21564483642578,840300
1994-08-11,46.03125,46.234375,45.734375,45.96875,26.11800193786621,876200
1994-08-12,46.046875,46.34375,46.046875,46.328125,26.32217788696289,184100
1994-08-15,46.375,46.484375,46.3125,46.3125,26.313295364379883,325900
1994-08-16,46.34375,46.6875,46.15625,46.640625,26.499725341796875,1089500
1994-08-17,46.703125,46.734375,46.578125,46.609375,26.48198699951172,133700
1994-08-18,46.453125,46.5625,46.40625,46.453125,26.393203735351562,620000
1994-08-19,46.46875,46.515625,46.3125,46.421875,26.375442504882812,103200
1994-08-22,46.4375,46.4375,46.28125,46.375,26.348798751831055,79700
1994-08-23,46.578125,46.859375,46.515625,46.640625,26.499725341796875,268600
1994-08-24,46.6875,47.140625,46.671875,47.140625,26.783817291259766,254700
1994-08-25,47.09375,47.203125,46.890625,47.015625,26.712787628173828,147400
1994-08-26,47.125,47.78125,47.125,47.6875,27.094539642333984,339500
1994-08-29,47.8125,47.984375,47.640625,47.65625,27.07678985595703,350300
1994-08-30,47.640625,47.859375,47.578125,47.78125,27.147789001464844,36000
1994-08-31,47.703125,47.890625,47.59375,47.65625,27.07678985595703,356200
1994-09-01,47.5,47.53125,47.328125,47.5,26.988008499145508,294600
1994-09-02,47.71875,47.71875,47.21875,47.296875,26.872573852539062,99600
1994-09-06,47.265625,47.359375,47.125,47.3125,26.881467819213867,229800
1994-09-07,47.421875,47.421875,47.21875,47.265625,26.854833602905273,27900
1994-09-08,47.359375,47.5625,47.34375,47.5,26.988008499145508,284800
1994-09-09,47.03125,47.125,46.8125,47.0,26.70391845703125,488400
1994-09-12,47.0,47.0625,46.78125,46.859375,26.6240177154541,129400
1994-09-13,46.953125,47.125,46.859375,47.0,26.70391845703125,389200
1994-09-14,46.84375,47.109375,46.84375,47.046875,26.730554580688477,423500
1994-09-15,47.171875,47.640625,47.171875,47.640625,27.067899703979492,779800
1994-09-16,47.0,47.140625,46.84375,47.015625,26.87525749206543,571300
1994-09-19,47.125,47.328125,47.015625,47.0625,26.902063369750977,167300
1994-09-20,46.8125,46.859375,46.171875,46.171875,26.39295768737793,355600
1994-09-21,46.3125,46.3125,45.734375,46.171875,26.39295768737793,397500
1994-09-22,46.28125,46.28125,46.015625,46.0625,26.330434799194336,266400
1994-09-23,46.078125,46.171875,45.828125,45.90625,26.24110984802246,176600
1994-09-26,46.078125,46.171875,45.984375,46.140625,26.375089645385742,223000
1994-09-27,46.140625,46.265625,46.0,46.109375,26.357229232788086,479500
1994-09-28,46.359375,46.53125,46.328125,46.46875,26.562660217285156,324000
1994-09-29,46.46875,46.46875,46.09375,46.234375,26.428680419921875,195900
1994-09-30,46.21875,46.4375,46.171875,46.171875,26.39295768737793,5200
1994-10-03,46.203125,46.25,45.984375,46.0625,26.330434799194336,72600
1994-10-04,46.296875,46.296875,45.34375,45.375,25.937442779541016,84200
1994-10-05,45.296875,45.390625,45.0,45.390625,25.94637680053711,461900
1994-10-06,45.421875,45.453125,45.171875,45.25,25.86598014831543,345200
1994-10-07,45.25,45.578125,45.203125,45.453125,25.98208236694336,188700
1994-10-10,45.65625,46.015625,45.640625,45.9375,26.258983612060547,213600
1994-10-11,46.140625,46.75,46.140625,46.625,26.651973724365234,461400
1994-10-12,46.6875,46.75,46.578125,46.6875,26.68771743774414,162400
1994-10-13,47.21875,47.328125,46.796875,46.84375,26.777034759521484,1564500
1994-10-14,47.0,47.0625,46.6875,47.046875,26.893138885498047,72800
1994-10-17,47.0,47.0625,46.90625,46.953125,26.839521408081055,282300
1994-10-18,46.90625,46.90625,46.6875,46.84375,26.777034759521484,132100
1994-10-19,46.671875,47.234375,46.65625,47.0625,26.902063369750977,136700
1994-10-20,47.0625,47.0625,46.609375,46.75,26.72342872619629,290300
1994-10-21,46.625,46.6875,46.359375,46.5625,26.616254806518555,87800
1994-10-24,46.578125,46.765625,46.15625,46.171875,26.39295768737793,149600
1994-10-25,46.015625,46.3125,46.0,46.21875,26.41975212097168,91800
1994-10-26,46.390625,46.4375,46.171875,46.390625,26.517995834350586,201000
1994-10-27,46.5625,46.671875,46.453125,46.671875,26.678783416748047,210300
1994-10-28,46.765625,47.703125,46.765625,47.65625,27.241477966308594,192100
1994-10-31,47.546875,47.59375,47.46875,47.484375,27.143218994140625,36300
1994-11-01,47.28125,47.28125,46.9375,46.953125,26.839521408081055,435200
1994-11-02,46.8125,47.234375,46.6875,46.6875,26.68771743774414,115600
1994-11-03,46.84375,47.015625,46.78125,46.9375,26.830596923828125,87000
1994-11-04,47.15625,47.15625,46.328125,46.328125,26.482269287109375,124400
1994-11-07,46.4375,46.59375,46.3125,46.46875,26.562660217285156,115000
1994-11-08,46.625,46.984375,46.546875,46.828125,26.768083572387695,308300
1994-11-09,47.328125,47.328125,46.5,46.90625,26.8127498626709,318500
1994-11-10,46.9375,47.03125,46.546875,46.578125,26.625165939331055,172100
1994-11-11,46.515625,46.5625,46.28125,46.40625,26.526920318603516,302200
1994-11-14,46.609375,46.859375,46.609375,46.84375,26.777034759521484,181400
1994-11-15,46.796875,47.09375,46.328125,46.6875,26.68771743774414,316900
1994-11-16,46.765625,46.84375,46.609375,46.84375,26.777034759521484,106900
1994-11-17,46.875,46.875,46.34375,46.53125,26.598400115966797,104700
1994-11-18,46.546875,46.625,46.265625,46.46875,26.562660217285156,269300
1994-11-21,46.4375,46.578125,46.0,46.0,26.294713973999023,283100
1994-11-22,45.828125,46.0,45.0,45.0,25.72309112548828,483600
1994-11-23,45.03125,45.265625,44.609375,45.25,25.86598014831543,601600
1994-11-25,45.28125,45.53125,45.28125,45.46875,25.99104118347168,77300
1994-11-28,45.453125,45.6875,45.34375,45.671875,26.107160568237305,79900
1994-11-29,45.65625,45.75,45.5,45.65625,26.098215103149414,105500
1994-11-30,45.890625,45.953125,45.59375,45.59375,26.062484741210938,218800
1994-12-01,45.640625,45.640625,45.046875,45.140625,25.8034725189209,439000
1994-12-02,45.046875,45.5625,45.046875,45.5625,26.044620513916016,318500
1994-12-05,45.65625,45.8125,45.5,45.609375,26.071409225463867,139200
1994-12-06,45.4375,45.65625,45.359375,45.640625,26.089282989501953,249900
1994-12-07,45.359375,45.5,45.265625,45.3125,25.901716232299805,531900
1994-12-08,45.5,45.5625,44.75,44.875,25.651639938354492,261500
1994-12-09,44.875,45.078125,44.6875,45.046875,25.74987030029297,235900
1994-12-12,44.953125,45.34375,44.953125,45.34375,25.91958236694336,151100
1994-12-13,45.3125,45.53125,45.3125,45.515625,26.01784324645996,70900
1994-12-14,45.453125,45.953125,45.453125,45.75,26.151811599731445,203300
1994-12-15,45.8125,46.03125,45.8125,45.890625,26.23218536376953,130100
1994-12-16,45.671875,45.84375,45.625,45.75,26.36032485961914,266100
1994-12-19,45.75,45.84375,45.609375,45.8125,26.396339416503906,1120200
1994-12-20,45.859375,45.890625,45.671875,45.671875,26.315305709838867,675600
1994-12-21,45.703125,46.265625,45.703125,46.15625,26.594396591186523,544500
1994-12-22,46.15625,46.203125,45.96875,46.015625,26.513362884521484,222000
1994-12-23,45.984375,46.171875,45.984375,46.0625,26.540369033813477,125800
1994-12-27,46.21875,46.40625,46.1875,46.3125,26.68442726135254,95200
1994-12-28,46.359375,46.359375,45.96875,46.078125,26.549375534057617,358200
1994-12-29,46.25,46.25,46.0625,46.109375,26.5673770904541,220100
1994-12-30,46.203125,46.25,45.5625,45.5625,26.252273559570312,2209500
1995-01-03,45.703125,45.84375,45.6875,45.78125,26.37830924987793,324300
1995-01-04,45.984375,46.0,45.75,46.0,26.50436019897461,351800
1995-01-05,46.03125,46.109375,45.953125,46.0,26.50436019897461,89800
1995-01-06,46.09375,46.25,45.90625,46.046875,26.531373977661133,448400
1995-01-09,46.03125,46.09375,46.0,46.09375,26.55838394165039,36800
1995-01-10,46.203125,46.390625,46.140625,46.140625,26.585384368896484,229800
1995-01-11,46.296875,46.296875,45.8125,46.171875,26.60340118408203,222400
1995-01-12,46.125,46.21875,46.03125,46.1875,26.612390518188477,40300
1995-01-13,46.4375,46.734375,46.375,46.734375,26.927486419677734,170600
1995-01-16,46.71875,47.03125,46.71875,47.015625,27.089540481567383,105100
1995-01-17,46.921875,47.0625,46.859375,47.03125,27.098554611206055,89500
1995-01-18,47.0,47.078125,46.875,46.984375,27.071521759033203,84500
1995-01-19,46.828125,46.875,46.6875,46.71875,26.918493270874023,139100
1995-01-20,46.65625,46.671875,46.453125,46.546875,26.819480895996094,78700
1995-01-23,46.234375,46.6875,46.203125,46.6875,26.90049171447754,53700
1995-01-24,46.671875,46.75,46.640625,46.75,26.936491012573242,32400
1995-01-25,46.515625,47.046875,46.515625,46.875,27.008520126342773,15700
1995-01-26,46.84375,46.984375,46.75,46.921875,27.035541534423828,9800
1995-01-27,47.234375,47.234375,46.921875,47.109375,27.14356231689453,91200
1995-01-30,47.015625,47.046875,46.84375,46.90625,27.026525497436523,26600
1995-01-31,47.0,47.171875,46.921875,47.09375,27.134546279907227,127500
1995-02-01,47.15625,47.328125,47.0,47.078125,27.12556266784668,380200
1995-02-02,47.0625,47.359375,47.0625,47.359375,27.287595748901367,131700
1995-02-03,47.65625,48.109375,47.578125,48.03125,27.674739837646484,405100
1995-02-06,48.015625,48.375,47.96875,48.234375,27.791763305664062,405400
1995-02-07,48.3125,48.3125,48.140625,48.296875,27.827789306640625,702900
1995-02-08,48.234375,48.46875,48.203125,48.296875,27.827789306640625,521500
1995-02-09,48.21875,48.296875,48.125,48.296875,27.827789306640625,390700
1995-02-10,48.234375,48.359375,48.09375,48.359375,27.863800048828125,148300
1995-02-13,48.328125,48.46875,48.328125,48.375,27.87278938293457,79700
1995-02-14,48.53125,48.53125,48.25,48.4375,27.908803939819336,170200
1995-02-15,48.4375,48.765625,48.390625,48.703125,28.061838150024414,431500
1995-02-16,48.640625,48.6875,48.5,48.640625,28.025836944580078,99300
1995-02-17,48.59375,48.625,48.4375,48.453125,27.917795181274414,49100
1995-02-21,48.453125,48.53125,48.421875,48.4375,27.908803939819336,168000
1995-02-22,48.484375,48.796875,48.453125,48.796875,28.11587142944336,386400
1995-02-23,48.984375,49.15625,48.859375,48.875,28.160879135131836,402800
1995-02-24,48.9375,49.015625,48.8125,49.0,28.232900619506836,307600
1995-02-27,48.859375,49.0,48.53125,48.609375,28.00783920288086,280900
1995-02-28,48.5625,49.015625,48.5625,49.015625,28.241901397705078,493500
1995-03-01,48.96875,49.03125,48.65625,48.703125,28.061838150024414,242600
1995-03-02,48.6875,48.765625,48.546875,48.765625,28.097862243652344,488600
1995-03-03,48.609375,48.78125,48.484375,48.78125,28.106868743896484,290000
1995-03-06,48.453125,48.8125,48.390625,48.8125,28.1248722076416,85700
1995-03-07,48.640625,48.75,48.21875,48.4375,27.908803939819336,180900
1995-03-08,48.515625,48.625,48.34375,48.5625,27.980844497680664,155900
1995-03-09,48.546875,48.59375,48.421875,48.546875,27.971820831298828,63500
1995-03-10,48.59375,49.390625,48.53125,49.265625,28.385961532592773,192100
1995-03-13,49.234375,49.390625,49.171875,49.21875,28.358963012695312,261300
1995-03-14,49.359375,49.640625,49.359375,49.578125,28.56601333618164,223300
1995-03-15,49.5,49.578125,49.296875,49.484375,28.51200294494629,278500
1995-03-16,49.4375,49.8125,49.4375,49.78125,28.68305206298828,20400
1995-03-17,49.4375,49.625,49.40625,49.5625,28.71157455444336,89900
1995-03-20,49.625,49.625,49.46875,49.5625,28.71157455444336,91700
1995-03-21,49.5625,49.875,49.359375,49.4375,28.63918113708496,104400
1995-03-22,49.53125,49.53125,49.328125,49.484375,28.666330337524414,74900
1995-03-23,49.421875,49.65625,49.359375,49.515625,28.68443489074707,220500
1995-03-24,49.671875,50.21875,49.671875,50.21875,29.091732025146484,134000
1995-03-27,50.296875,50.421875,50.171875,50.421875,29.209413528442383,132100
1995-03-28,50.296875,50.421875,50.234375,50.421875,29.209413528442383,121900
1995-03-29,50.375,50.890625,50.125,50.40625,29.20037078857422,246100
1995-03-30,50.515625,50.515625,50.109375,50.3125,29.146053314208984,298400
1995-03-31,49.921875,50.171875,49.546875,50.109375,29.02838134765625,541300
1995-04-03,50.09375,50.234375,50.0625,50.234375,29.10079002380371,193300
1995-04-04,50.25,50.5625,50.25,50.5625,29.2908878326416,66900
1995-04-05,50.453125,50.609375,50.421875,50.5625,29.2908878326416,107200
1995-04-06,50.6875,50.796875,50.59375,50.75,29.399499893188477,352500
1995-04-07,50.859375,50.859375,50.46875,50.703125,29.372350692749023,361400
1995-04-10,50.625,50.796875,50.59375,50.796875,29.42665672302246,285400
1995-04-11,50.921875,50.9375,50.59375,50.625,29.327085494995117,250300
1995-04-12,50.703125,50.796875,50.609375,50.796875,29.42665672302246,150900
1995-04-13,50.890625,51.09375,50.859375,51.078125,29.589599609375,243400
1995-04-17,51.265625,51.3125,50.625,50.78125,29.417617797851562,178900
1995-04-18,50.828125,50.828125,50.484375,50.609375,29.31804084777832,329500
1995-04-19,50.609375,50.71875,50.296875,50.5625,29.2908878326416,223000
1995-04-20,50.703125,50.78125,50.4375,50.640625,29.336137771606445,207900
1995-04-21,50.65625,50.90625,50.65625,50.890625,29.480974197387695,145000
1995-04-24,50.859375,51.484375,50.859375,51.484375,29.82493019104004,169000
1995-04-25,51.40625,51.484375,51.3125,51.34375,29.74344825744629,293200
1995-04-26,51.25,51.421875,51.125,51.390625,29.77060317993164,204400
1995-04-27,51.3125,51.546875,51.28125,51.515625,29.843029022216797,502200
1995-04-28,51.5,51.671875,51.171875,51.59375,29.888288497924805,130800
1995-05-01,51.546875,51.65625,51.453125,51.453125,29.80683135986328,518700
1995-05-02,51.5,51.640625,51.390625,51.5625,29.870176315307617,228400
1995-05-03,51.734375,52.28125,51.734375,52.28125,30.286531448364258,724700
1995-05-04,52.34375,52.6875,52.125,52.25,30.268449783325195,311400
1995-05-05,52.46875,52.46875,52.078125,52.1875,30.232248306274414,314900
1995-05-08,52.140625,52.734375,52.09375,52.5625,30.449466705322266,183100
1995-05-09,52.78125,52.84375,52.4375,52.515625,30.42232894897461,180600
1995-05-10,52.65625,52.671875,52.328125,52.578125,30.45853042602539,330300
1995-05-11,52.65625,52.71875,52.484375,52.71875,30.53998374938965,351700
1995-05-12,52.515625,52.875,52.5,52.75,30.558107376098633,94600
1995-05-15,52.890625,53.0,52.78125,53.0,30.702924728393555,147200
1995-05-16,52.984375,53.15625,52.890625,53.03125,30.72102928161621,221600
1995-05-17,53.03125,53.046875,52.78125,52.828125,30.60334014892578,189200
1995-05-18,52.734375,52.765625,52.0625,52.0625,30.159818649291992,577800
1995-05-19,51.984375,52.1875,51.90625,52.09375,30.17791748046875,363900
1995-05-22,52.265625,52.75,52.234375,52.671875,30.51285743713379,216000
1995-05-23,52.765625,53.15625,52.609375,53.15625,30.79343605041504,136800
1995-05-24,53.25,53.421875,52.796875,53.125,30.77533531188965,370800
1995-05-25,52.96875,53.21875,52.71875,53.171875,30.802494049072266,379900
1995-05-26,52.96875,52.984375,52.359375,52.5625,30.449466705322266,518600
1995-05-30,52.6875,52.828125,52.375,52.546875,30.440425872802734,61500
1995-05-31,52.453125,53.640625,52.453125,53.640625,31.07403564453125,564500
1995-06-01,53.40625,53.90625,53.25,53.5,30.99259376525879,810100
1995-06-02,53.28125,53.921875,53.09375,53.546875,31.01972007751465,112900
1995-06-05,53.546875,54.046875,53.5,53.875,31.209819793701172,257200
1995-06-06,53.828125,54.015625,53.78125,53.78125,31.155508041381836,165800
1995-06-07,53.671875,53.703125,53.4375,53.5,30.99259376525879,41900
1995-06-08,53.484375,53.640625,53.375,53.375,30.920154571533203,141100
1995-06-09,53.265625,53.328125,52.75,53.0625,30.73912811279297,304900
1995-06-12,53.234375,53.578125,53.203125,53.359375,30.911115646362305,378500
1995-06-13,53.609375,53.96875,53.5625,53.9375,31.246044158935547,120000
1995-06-14,53.859375,53.953125,53.6875,53.890625,31.218847274780273,389400
1995-06-15,53.96875,54.234375,53.875,54.125,31.35464096069336,274500
1995-06-16,53.703125,53.96875,53.703125,53.96875,31.44770622253418,325100
1995-06-19,54.125,54.609375,54.09375,54.578125,31.80280876159668,134600
1995-06-20,54.421875,54.609375,54.390625,54.4375,31.72087860107422,287800
1995-06-21,54.609375,54.65625,54.40625,54.40625,31.702667236328125,158200
1995-06-22,54.640625,55.15625,54.640625,55.125,32.121482849121094,297000
1995-06-23,55.0,55.03125,54.84375,55.015625,32.0577278137207,315400
1995-06-26,54.859375,54.953125,54.359375,54.359375,31.675357818603516,132900
1995-06-27,54.34375,54.703125,54.21875,54.25,31.611621856689453,127700
1995-06-28,54.25,54.75,54.078125,54.53125,31.775495529174805,212600
1995-06-29,54.53125,54.671875,54.0625,54.4375,31.72087860107422,89200
1995-06-30,54.546875,54.734375,54.296875,54.40625,31.702667236328125,714100
1995-07-03,54.46875,54.609375,54.46875,54.609375,31.821029663085938,9500
1995-07-05,54.765625,55.0625,54.640625,54.8125,31.939388275146484,409300
1995-07-06,54.828125,55.515625,54.71875,55.515625,32.349090576171875,202500
1995-07-07,55.40625,55.78125,55.375,55.765625,32.494773864746094,481700
1995-07-10,55.8125,55.953125,55.703125,55.796875,32.512977600097656,400400
1995-07-11,55.75,55.796875,55.453125,55.53125,32.35820388793945,420500
1995-07-12,55.640625,56.3125,55.53125,56.21875,32.75880432128906,203400
1995-07-13,56.140625,56.265625,56.03125,56.09375,32.68595504760742,215600
1995-07-14,55.796875,56.09375,55.75,56.046875,32.658660888671875,543700
1995-07-17,56.125,56.421875,56.078125,56.359375,32.84075927734375,171500
1995-07-18,56.265625,56.265625,55.828125,55.875,32.558502197265625,221200
1995-07-19,55.65625,55.71875,54.203125,55.265625,32.20342254638672,486600
1995-07-20,55.328125,55.578125,55.03125,55.46875,32.32178497314453,318900
1995-07-21,55.421875,55.625,55.1875,55.40625,32.28535461425781,94000
1995-07-24,55.484375,55.875,55.484375,55.8125,32.52208709716797,108400
1995-07-25,55.875,56.3125,55.703125,56.234375,32.767913818359375,107400
1995-07-26,56.203125,56.46875,56.171875,56.1875,32.7405891418457,167800
1995-07-27,56.453125,56.703125,56.453125,56.65625,33.01374435424805,187700
1995-07-28,56.703125,56.703125,56.25,56.296875,32.80434036254883,415600
1995-07-31,56.34375,56.390625,56.03125,56.15625,32.7224006652832,342500
1995-08-01,56.234375,56.234375,55.75,56.0625,32.66777038574219,141000
1995-08-02,56.390625,56.796875,55.84375,55.9375,32.594913482666016,240400
1995-08-03,55.546875,55.953125,55.453125,55.921875,32.5858039855957,1193600
1995-08-04,56.03125,56.078125,55.921875,55.984375,32.62225341796875,240500
1995-08-07,56.109375,56.28125,56.078125,56.109375,32.6950798034668,193100
1995-08-08,56.140625,56.3125,55.9375,56.109375,32.6950798034668,951900
1995-08-09,56.296875,56.296875,56.046875,56.09375,32.68595504760742,107100
1995-08-10,56.15625,56.28125,55.734375,55.96875,32.61311721801758,280800
1995-08-11,55.921875,55.984375,55.421875,55.65625,32.43102264404297,257200
1995-08-14,55.796875,56.15625,55.671875,56.15625,32.7224006652832,254800
1995-08-15,56.140625,56.140625,55.65625,56.046875,32.658660888671875,44400
1995-08-16,56.0,56.203125,55.9375,56.203125,32.74971389770508,374900
1995-08-17,56.234375,56.234375,55.90625,56.109375,32.6950798034668,353800
1995-08-18,56.390625,56.40625,56.125,56.171875,32.73147964477539,85400
1995-08-21,56.40625,56.640625,56.0,56.015625,32.64044189453125,266700
1995-08-22,56.09375,56.21875,55.8125,56.125,32.704166412353516,220200
1995-08-23,56.171875,56.203125,55.921875,55.921875,32.5858039855957,176500
1995-08-24,55.9375,56.09375,55.75,55.984375,32.62225341796875,167400
1995-08-25,56.078125,56.390625,56.078125,56.296875,32.80434036254883,195000
1995-08-28,56.453125,56.453125,56.0,56.09375,32.68595504760742,293000
1995-08-29,56.15625,56.25,55.765625,56.234375,32.767913818359375,1133100
1995-08-30,56.28125,56.421875,56.21875,56.359375,32.84075927734375,437400
1995-08-31,56.34375,56.5,56.296875,56.40625,32.8680534362793,491900
1995-09-01,56.390625,56.75,56.34375,56.65625,33.01374435424805,629900
1995-09-05,56.828125,57.21875,56.734375,57.1875,33.32329559326172,272200
1995-09-06,57.234375,57.359375,57.21875,57.296875,33.38703918457031,214500
1995-09-07,57.359375,57.390625,57.25,57.328125,33.40526580810547,258800
1995-09-08,57.546875,57.546875,57.171875,57.546875,33.532711029052734,107300
1995-09-11,57.640625,57.8125,57.640625,57.703125,33.62376022338867,260700
1995-09-12,57.71875,57.96875,57.578125,57.96875,33.77854537963867,139500
1995-09-13,57.90625,58.3125,57.890625,58.234375,33.93331527709961,239800
1995-09-14,58.4375,58.8125,58.28125,58.765625,34.242889404296875,457600
1995-09-15,58.40625,58.578125,58.203125,58.4375,34.23344039916992,431200
1995-09-18,58.234375,58.265625,57.9375,58.21875,34.105281829833984,307500
1995-09-19,58.328125,58.53125,58.125,58.5,34.27004623413086,549600
1995-09-20,58.59375,58.78125,58.546875,58.78125,34.43479537963867,290800
1995-09-21,58.703125,58.75,58.0625,58.296875,34.151065826416016,508500
1995-09-22,57.828125,58.375,57.78125,58.3125,34.16020584106445,449900
1995-09-25,58.375,58.375,58.015625,58.21875,34.105281829833984,130000
1995-09-26,58.390625,58.53125,58.0625,58.203125,34.09613800048828,466600
1995-09-27,57.953125,58.1875,57.59375,58.15625,34.06868362426758,654400
1995-09-28,58.203125,58.59375,58.15625,58.59375,34.3249626159668,456200
1995-09-29,58.546875,58.90625,58.40625,58.484375,34.26090621948242,606600
1995-10-02,58.484375,58.625,58.046875,58.1875,34.08695983886719,293100
1995-10-03,58.1875,58.34375,57.953125,58.25,34.12359619140625,839700
1995-10-04,58.28125,58.28125,58.109375,58.1875,34.08695983886719,248800
1995-10-05,58.25,58.359375,58.09375,58.359375,34.18767166137695,268800
1995-10-06,58.390625,58.578125,58.390625,58.40625,34.215110778808594,75300
1995-10-09,58.1875,58.21875,57.8125,57.921875,33.93136978149414,358200
1995-10-10,57.328125,57.890625,57.265625,57.890625,33.91305160522461,360800
1995-10-11,58.09375,58.09375,57.875,58.078125,34.02289962768555,228100
1995-10-12,58.125,58.46875,58.125,58.4375,34.23344039916992,199800
1995-10-13,58.703125,58.859375,58.625,58.625,34.343265533447266,488100
1995-10-16,58.453125,58.5625,58.34375,58.34375,34.17851257324219,443600
1995-10-17,58.40625,58.796875,58.296875,58.734375,34.4073600769043,146000
1995-10-18,59.015625,59.09375,58.71875,58.90625,34.508033752441406,228100
1995-10-19,58.875,59.1875,58.796875,59.1875,34.672794342041016,500600
1995-10-20,59.140625,59.1875,58.828125,58.828125,34.46225357055664,748400
1995-10-23,58.546875,58.8125,58.546875,58.703125,34.38903045654297,533000
1995-10-24,58.78125,58.84375,58.625,58.765625,34.425662994384766,172200
1995-10-25,58.8125,58.890625,58.28125,58.28125,34.14189147949219,302700
1995-10-26,58.375,58.421875,57.28125,57.75,33.830692291259766,606800
1995-10-27,57.6875,58.1875,57.421875,58.1875,34.08695983886719,905800
1995-10-30,58.328125,58.59375,58.328125,58.5625,34.306644439697266,488700
1995-10-31,58.71875,58.84375,58.3125,58.3125,34.16020584106445,508200
1995-11-01,58.28125,58.78125,58.234375,58.78125,34.43479537963867,415700
1995-11-02,58.6875,59.15625,58.6875,59.15625,34.654476165771484,326000
1995-11-03,59.234375,59.25,59.0625,59.234375,34.70024490356445,615000
1995-11-06,59.21875,59.21875,59.015625,59.03125,34.58125305175781,311200
1995-11-07,59.0,59.0,58.625,58.8125,34.45310592651367,358200
1995-11-08,58.890625,59.375,58.890625,59.34375,34.76433563232422,357200
1995-11-09,59.578125,59.578125,59.28125,59.5625,34.8924674987793,503700
1995-11-10,59.234375,59.609375,59.21875,59.53125,34.87415313720703,795600
1995-11-13,59.421875,59.65625,59.3125,59.46875,34.837547302246094,818500
1995-11-14,59.359375,59.484375,59.078125,59.078125,34.60871505737305,341800
1995-11-15,59.140625,59.6875,59.109375,59.671875,34.9565315246582,584700
1995-11-16,59.671875,60.0625,59.65625,60.0,35.14875793457031,577700
1995-11-17,60.09375,60.203125,60.015625,60.1875,35.258602142333984,267000
1995-11-20,60.28125,60.296875,59.859375,59.875,35.075538635253906,448800
1995-11-21,59.9375,60.359375,59.921875,60.359375,35.35929489135742,119200
1995-11-22,60.3125,60.375,60.171875,60.171875,35.249446868896484,351600
1995-11-24,60.234375,60.328125,60.1875,60.328125,35.34097671508789,62400
1995-11-27,60.453125,60.640625,60.34375,60.34375,35.350135803222656,273000
1995-11-28,60.296875,60.984375,60.15625,60.984375,35.72541046142578,479000
1995-11-29,61.09375,61.09375,60.84375,61.046875,35.76205062866211,549200
1995-11-30,61.046875,61.203125,60.84375,60.90625,35.679656982421875,286200
1995-12-01,60.984375,61.078125,60.84375,60.984375,35.72541046142578,465200
1995-12-04,61.125,61.734375,61.046875,61.734375,36.164772033691406,631700
1995-12-05,61.671875,62.203125,61.625,62.140625,36.40275573730469,567700
1995-12-06,62.296875,62.53125,62.0,62.28125,36.48515319824219,272800
1995-12-07,62.203125,62.28125,61.90625,61.953125,36.29290008544922,289700
1995-12-08,62.21875,62.234375,61.765625,62.15625,36.41191864013672,296900
1995-12-11,62.28125,62.546875,62.15625,62.421875,36.5675163269043,186500
1995-12-12,62.140625,62.359375,62.140625,62.234375,36.45768356323242,299400
1995-12-13,62.3125,62.703125,62.3125,62.625,36.6865348815918,390700
1995-12-14,62.6875,62.796875,62.015625,62.171875,36.42107009887695,395000
1995-12-15,61.875,61.875,61.59375,61.8125,36.43439483642578,416700
1995-12-18,61.265625,61.265625,60.609375,60.625,35.734466552734375,862300
1995-12-19,60.65625,61.34375,60.578125,61.265625,36.1120491027832,1022600
1995-12-20,61.453125,61.515625,60.671875,60.671875,35.76207733154297,1349800
1995-12-21,61.03125,61.171875,60.75,60.984375,35.94627380371094,857600
1995-12-22,61.3125,61.375,61.140625,61.203125,36.07521057128906,332800
1995-12-26,61.453125,61.53125,61.328125,61.5,36.25022506713867,432200
1995-12-27,61.65625,61.65625,61.359375,61.46875,36.23180389404297,151800
1995-12-28,61.34375,61.65625,61.25,61.40625,36.19496154785156,256200
1995-12-29,61.46875,61.53125,61.25,61.484375,36.240989685058594,339200
1996-01-02,61.40625,62.140625,61.34375,62.140625,36.62781524658203,514400
1996-01-03,62.34375,62.5,62.0,62.3125,36.729129791259766,610300
1996-01-04,62.390625,62.625,61.21875,61.71875,36.379150390625,1129700
1996-01-05,61.3125,61.75,61.171875,61.59375,36.305484771728516,302400
1996-01-08,61.8125,61.90625,61.734375,61.828125,36.44363021850586,179900
1996-01-09,62.015625,62.0625,60.625,60.765625,35.817359924316406,415500
1996-01-10,60.6875,60.8125,59.640625,59.96875,35.34762191772461,787700
1996-01-11,60.0625,60.328125,59.78125,60.328125,35.55946350097656,513200
1996-01-12,60.484375,60.5,59.671875,60.234375,35.504215240478516,390400
1996-01-15,60.25,60.453125,59.859375,60.109375,35.43052673339844,154200
1996-01-16,60.40625,60.890625,59.890625,60.84375,35.86338806152344,454600
1996-01-17,60.703125,61.125,60.453125,60.65625,35.752872467041016,407600
1996-01-18,60.890625,60.90625,60.375,60.859375,35.872615814208984,425600
1996-01-19,60.859375,61.421875,60.796875,61.265625,36.1120491027832,169800
1996-01-22,61.21875,61.421875,61.109375,61.28125,36.12127685546875,288200
1996-01-23,61.25,61.421875,61.125,61.421875,36.20416259765625,362200
1996-01-24,61.515625,62.046875,61.484375,61.921875,36.498870849609375,1506500
1996-01-25,61.96875,62.0,61.625,61.703125,36.36993408203125,298400
1996-01-26,61.65625,62.265625,61.578125,62.234375,36.68307876586914,726300
1996-01-29,62.1875,62.484375,62.140625,62.484375,36.830440521240234,254800
1996-01-30,62.609375,63.140625,62.53125,63.015625,37.143585205078125,272100
1996-01-31,63.0,63.6875,62.96875,63.671875,37.5303840637207,498000
1996-02-01,63.609375,63.90625,63.5625,63.90625,37.668540954589844,373900
1996-02-02,63.875,64.015625,63.5,63.640625,37.511959075927734,496200
1996-02-05,63.53125,64.25,63.4375,64.15625,37.81591033935547,295300
1996-02-06,64.1875,64.828125,64.09375,64.765625,38.17509841918945,301600
1996-02-07,64.75,65.140625,64.6875,65.140625,38.396141052246094,585100
1996-02-08,65.046875,65.90625,64.921875,65.84375,38.81057357788086,1526600
1996-02-09,65.8125,66.375,65.515625,65.828125,38.80135726928711,804600
1996-02-12,65.953125,66.625,65.890625,66.328125,39.09608459472656,626500
1996-02-13,66.046875,66.6875,66.0,66.1875,39.013187408447266,1045900
1996-02-14,66.140625,66.359375,65.578125,65.609375,38.67241287231445,431400
1996-02-15,65.46875,65.90625,65.125,65.203125,38.43296432495117,889500
1996-02-16,65.078125,65.234375,64.734375,64.9375,38.276371002197266,606100
1996-02-20,64.4375,64.625,63.875,64.296875,37.89878845214844,492300
1996-02-21,64.421875,65.140625,64.421875,65.09375,38.36850357055664,434000
1996-02-22,65.453125,66.328125,65.40625,66.125,38.976341247558594,721400
1996-02-23,66.5,66.609375,65.328125,65.9375,38.865821838378906,1430400
1996-02-26,65.75,65.890625,64.96875,65.0,38.31324768066406,1408400
1996-02-27,65.15625,65.171875,64.5,64.796875,38.19350051879883,601000
1996-02-28,65.3125,65.734375,64.5,64.5,38.01852798461914,865900
1996-02-29,64.125,64.953125,63.875,63.875,37.65011978149414,914300
1996-03-01,64.640625,64.890625,63.609375,64.890625,38.24877166748047,1452600
1996-03-04,65.03125,65.65625,64.8125,65.265625,38.46979522705078,652600
1996-03-05,65.109375,65.875,65.078125,65.875,38.8289794921875,402000
1996-03-06,65.78125,65.96875,65.296875,65.296875,38.48823165893555,624700
1996-03-07,65.421875,65.65625,65.234375,65.625,38.681636810302734,534200
1996-03-08,64.1875,64.875,62.0,63.5,37.42908477783203,2289900
1996-03-11,63.25,64.328125,63.0625,64.234375,37.86191940307617,1511400
1996-03-12,63.8125,64.046875,62.90625,63.734375,37.567230224609375,1385300
1996-03-13,64.15625,64.4375,63.796875,64.171875,37.82510757446289,1019300
1996-03-14,64.265625,64.8125,64.234375,64.453125,37.99089813232422,725600
1996-03-15,64.0625,64.328125,63.75,64.125,37.96535110473633,869200
1996-03-18,64.71875,65.359375,64.578125,65.359375,38.6961784362793,917600
1996-03-19,65.9375,65.9375,65.0,65.21875,38.612911224365234,858300
1996-03-20,65.53125,65.53125,64.640625,65.140625,38.566650390625,744300
1996-03-21,65.21875,65.25,64.765625,64.984375,38.47416305541992,650800
1996-03-22,65.015625,65.328125,64.9375,65.15625,38.575897216796875,344500
1996-03-25,65.75,65.8125,64.859375,65.03125,38.50189971923828,802400
1996-03-26,64.921875,65.515625,64.859375,65.34375,38.68691635131836,969400
1996-03-27,65.4375,65.484375,64.6875,64.75,38.33538818359375,809600
1996-03-28,64.515625,65.03125,64.5,65.0,38.4833984375,1001300
1996-03-29,65.1875,65.1875,64.375,64.6875,38.298377990722656,457700
1996-04-01,65.0,65.453125,64.796875,65.4375,38.742431640625,773400
1996-04-02,65.515625,65.5625,65.296875,65.5625,38.81642532348633,638800
1996-04-03,65.328125,65.609375,65.171875,65.5625,38.81642532348633,288000
1996-04-04,65.5625,65.71875,65.5,65.515625,38.788658142089844,934900
1996-04-08,63.875,64.390625,63.59375,64.390625,38.12261199951172,2217200
1996-04-09,64.640625,64.640625,64.015625,64.140625,37.97457504272461,1180900
1996-04-10,64.03125,64.3125,62.75,63.0,37.2993049621582,939500
1996-04-11,63.15625,63.46875,62.125,62.921875,37.2530403137207,1276000
1996-04-12,63.359375,63.8125,63.171875,63.71875,37.724849700927734,411300
1996-04-15,64.046875,64.328125,63.84375,64.25,38.039363861083984,484200
1996-04-16,64.375,64.65625,64.234375,64.4375,38.15037155151367,429700
1996-04-17,64.375,64.5625,63.84375,64.28125,38.057865142822266,525300
1996-04-18,64.4375,64.578125,64.09375,64.375,38.113365173339844,818600
1996-04-19,64.6875,64.859375,64.421875,64.53125,38.20587158203125,885100
1996-04-22,65.125,65.28125,64.59375,65.03125,38.50189971923828,828900
1996-04-23,64.921875,65.28125,64.78125,65.234375,38.622161865234375,225400
1996-04-24,65.5625,65.5625,64.859375,65.0,38.4833984375,699000
1996-04-25,65.140625,65.5625,64.75,65.296875,38.659156799316406,475500
1996-04-26,65.46875,65.8125,65.234375,65.4375,38.742431640625,563300
1996-04-29,65.15625,65.5625,65.15625,65.4375,38.742431640625,219900
1996-04-30,65.4375,65.5625,65.125,65.390625,38.714664459228516,184400
1996-05-01,65.375,65.796875,65.28125,65.53125,38.79793167114258,561900
1996-05-02,65.015625,65.375,64.09375,64.40625,38.13187789916992,1299600
1996-05-03,64.78125,64.984375,63.75,64.3125,38.07637405395508,1329300
1996-05-06,64.5625,64.5625,63.6875,64.25,38.039363861083984,647500
1996-05-07,64.25,64.25,63.765625,63.984375,37.882102966308594,582100
1996-05-08,63.671875,64.78125,63.078125,64.78125,38.3538818359375,1694700
1996-05-09,64.5625,65.0625,64.5,64.734375,38.326141357421875,593400
1996-05-10,65.375,65.59375,65.0625,65.375,38.705406188964844,925100
1996-05-13,65.53125,66.640625,65.46875,66.359375,39.28821563720703,867500
1996-05-14,66.625,66.9375,66.5625,66.765625,39.52873611450195,632300
1996-05-15,66.78125,67.3125,66.640625,66.6875,39.482486724853516,466100
1996-05-16,66.3125,66.9375,66.28125,66.828125,39.56574630737305,514400
1996-05-17,67.0,67.296875,67.0,67.1875,39.77851867675781,427700
1996-05-20,67.65625,67.75,66.984375,67.640625,40.04679870605469,788500
1996-05-21,67.75,67.875,67.5,67.546875,39.99129867553711,352700
1996-05-22,67.625,68.1875,67.390625,68.1875,40.37057113647461,1218100
1996-05-23,68.28125,68.4375,67.53125,67.90625,40.20408248901367,967900
1996-05-24,67.96875,68.328125,67.9375,68.171875,40.3613166809082,659100
1996-05-28,68.375,68.375,67.3125,67.484375,39.954288482666016,456400
1996-05-29,67.625,67.6875,66.8125,67.03125,39.686012268066406,649600
1996-05-30,66.9375,67.71875,66.75,67.375,39.8895149230957,895800
1996-05-31,67.359375,67.640625,66.875,66.875,39.5935173034668,923500
1996-06-03,66.890625,67.109375,66.703125,67.0625,39.70450210571289,503100
1996-06-04,67.375,67.59375,67.25,67.53125,39.98204803466797,627100
1996-06-05,67.5625,68.203125,67.421875,68.125,40.333560943603516,428000
1996-06-06,68.5,68.5,67.5,67.625,40.03752899169922,523300
1996-06-07,66.1875,67.640625,66.1875,67.625,40.03752899169922,1422800
1996-06-10,67.53125,67.734375,67.296875,67.40625,39.908016204833984,548800
1996-06-11,67.65625,68.03125,67.34375,67.34375,39.871028900146484,688700
1996-06-12,67.5625,67.734375,67.109375,67.21875,39.79701232910156,1120600
1996-06-13,67.375,67.46875,66.828125,67.21875,39.79701232910156,1502000
1996-06-14,67.25,67.25,66.71875,66.9375,39.6305046081543,1468200
1996-06-17,66.96875,67.21875,66.71875,66.890625,39.60274887084961,1101000
1996-06-18,66.84375,67.03125,66.328125,66.34375,39.27899169921875,718000
1996-06-19,66.65625,67.0,66.421875,66.640625,39.454734802246094,552100
1996-06-20,66.703125,66.921875,66.1875,66.59375,39.42698669433594,1234400
1996-06-21,66.5625,66.8125,66.375,66.8125,39.7661018371582,573300
1996-06-24,66.96875,67.21875,66.84375,66.9375,39.84050369262695,416500
1996-06-25,67.125,67.171875,66.78125,66.859375,39.79400634765625,454400
1996-06-26,66.78125,66.921875,66.390625,66.40625,39.5242919921875,838200
1996-06-27,66.40625,67.046875,66.15625,66.875,39.80329132080078,1090500
1996-06-28,67.15625,67.5,66.96875,67.109375,39.94278335571289,1060800
1996-07-01,67.28125,67.703125,67.1875,67.6875,40.28689193725586,471300
1996-07-02,67.625,67.640625,67.328125,67.4375,40.13808822631836,389400
1996-07-03,67.40625,67.5,67.0625,67.296875,40.05439758300781,308300
1996-07-05,66.125,66.4375,65.375,65.578125,39.03141403198242,842900
1996-07-08,65.625,65.984375,65.125,65.3125,38.87331008911133,942000
1996-07-09,65.609375,65.8125,65.375,65.578125,39.03141403198242,716300
1996-07-10,65.5625,65.84375,64.921875,65.84375,39.189510345458984,1132300
1996-07-11,65.5625,65.6875,63.875,64.515625,38.399017333984375,1587400
1996-07-12,64.625,64.90625,64.078125,64.5625,38.42691421508789,1312000
1996-07-15,64.71875,64.71875,62.65625,62.65625,37.292335510253906,1951300
1996-07-16,62.84375,63.5,60.375,62.8125,37.38532257080078,4141000
1996-07-17,63.75,64.0,63.0,63.5625,37.83171081542969,1340500
1996-07-18,63.75,64.546875,63.328125,64.4375,38.35253143310547,1432500
1996-07-19,64.28125,64.375,63.625,63.96875,38.07350540161133,1216000
1996-07-22,63.53125,63.75,63.015625,63.5,37.794525146484375,519800
1996-07-23,63.59375,63.9375,62.578125,62.6875,37.310951232910156,1479800
1996-07-24,61.9375,63.1875,61.625,62.8125,37.38532257080078,2463400
1996-07-25,63.4375,63.5625,63.125,63.375,37.72016143798828,1989800
1996-07-26,63.5625,63.8125,63.390625,63.71875,37.924720764160156,642300
1996-07-29,63.625,63.71875,62.9375,63.015625,37.506221771240234,1297900
1996-07-30,63.4375,63.6875,62.9375,63.625,37.868927001953125,1868200
1996-07-31,63.671875,64.265625,63.515625,64.09375,38.14792251586914,767100
1996-08-01,64.15625,65.390625,64.0625,65.15625,38.780311584472656,1168600
1996-08-02,66.0,66.59375,65.75,66.5625,39.61729049682617,1098500
1996-08-05,66.578125,66.59375,65.96875,66.171875,39.38481140136719,710200
1996-08-06,66.15625,66.515625,65.796875,66.375,39.50568771362305,640000
1996-08-07,66.625,66.75,66.125,66.546875,39.60799026489258,917800
1996-08-08,66.5625,66.5625,66.1875,66.4375,39.54289245605469,925100
1996-08-09,66.671875,66.765625,66.0625,66.21875,39.41269302368164,648800
1996-08-12,66.25,66.859375,66.0,66.703125,39.700992584228516,764200
1996-08-13,66.578125,66.625,66.0,66.171875,39.38481140136719,805200
1996-08-14,66.1875,66.46875,66.0,66.40625,39.5242919921875,533800
1996-08-15,66.234375,66.625,66.203125,66.28125,39.44990158081055,632600
1996-08-16,66.46875,66.875,66.46875,66.84375,39.784706115722656,475100
1996-08-19,66.859375,66.921875,66.625,66.875,39.80329132080078,436400
1996-08-20,66.890625,66.90625,66.671875,66.828125,39.77539825439453,645700
1996-08-21,66.65625,66.8125,66.375,66.59375,39.635887145996094,266400
1996-08-22,66.75,67.34375,66.71875,67.21875,40.00790023803711,584800
1996-08-23,67.09375,67.203125,66.640625,66.859375,39.79400634765625,757100
1996-08-26,66.703125,66.78125,66.421875,66.53125,39.59868621826172,784700
1996-08-27,66.71875,66.84375,66.5,66.78125,39.74749755859375,389400
1996-08-28,66.9375,67.0,66.65625,66.671875,39.682403564453125,227600
1996-08-29,66.59375,66.59375,65.625,66.015625,39.29180145263672,680200
1996-08-30,66.0,66.015625,65.125,65.328125,38.882606506347656,1500900
1996-09-03,64.46875,65.84375,64.375,65.75,39.13372039794922,1782000
1996-09-04,65.75,66.75,65.484375,65.8125,39.1709098815918,930200
1996-09-05,65.5,65.765625,65.015625,65.015625,38.69661331176758,616600
1996-09-06,65.25,66.171875,65.140625,65.9375,39.245296478271484,804900
1996-09-09,66.1875,66.734375,66.078125,66.71875,39.710296630859375,719200
1996-09-10,66.625,66.90625,66.375,66.6875,39.69169616699219,669900
1996-09-11,66.5625,67.125,66.40625,67.0625,39.91489028930664,713500
1996-09-12,67.25,67.734375,67.15625,67.53125,40.19389343261719,713300
1996-09-13,68.3125,68.625,68.125,68.5625,40.80768966674805,2008800
1996-09-16,68.65625,69.15625,68.5625,68.8125,40.95648956298828,1220200
1996-09-17,68.875,68.984375,68.234375,68.65625,40.86347198486328,604700
1996-09-18,68.5625,68.75,68.21875,68.484375,40.76118850708008,225500
1996-09-19,68.375,68.796875,68.28125,68.75,40.919273376464844,410000
1996-09-20,68.59375,68.78125,68.375,68.640625,41.064430236816406,948400
1996-09-23,68.46875,68.75,68.15625,68.625,41.0550651550293,466800
1996-09-24,68.5625,69.25,68.3125,68.609375,41.04570770263672,1269800
1996-09-25,68.9375,68.9375,68.5,68.65625,41.073768615722656,1353300
1996-09-26,68.75,69.1875,68.390625,68.625,41.0550651550293,773200
1996-09-27,68.71875,68.71875,68.375,68.6875,41.09247589111328,407600
1996-09-30,68.78125,69.0625,68.578125,68.625,41.0550651550293,578200
1996-10-01,68.703125,69.046875,68.4375,69.0,41.27941131591797,561400
1996-10-02,69.25,69.59375,69.15625,69.46875,41.55984115600586,609000
1996-10-03,69.5,69.53125,69.203125,69.40625,41.5224723815918,342200
1996-10-04,69.6875,70.34375,69.5,70.34375,42.08331298828125,754100
1996-10-07,70.3125,70.625,70.25,70.421875,42.13005447387695,235100
1996-10-08,70.453125,70.6875,70.015625,70.140625,41.96179962158203,386200
1996-10-09,70.25,70.375,69.515625,69.59375,41.63463592529297,528800
1996-10-10,69.59375,69.859375,69.375,69.453125,41.55050277709961,1562200
1996-10-11,69.71875,70.3125,69.71875,70.3125,42.064613342285156,331300
1996-10-14,70.3125,70.6875,70.296875,70.40625,42.12071228027344,201600
1996-10-15,71.125,71.125,69.953125,70.3125,42.064613342285156,776900
1996-10-16,70.5,70.65625,69.9375,70.65625,42.2702751159668,590100
1996-10-17,70.875,71.03125,70.546875,70.84375,42.38243103027344,792500
1996-10-18,70.875,71.3125,70.71875,71.21875,42.60679244995117,695800
1996-10-21,71.28125,71.625,70.9375,71.125,42.55070495605469,879200
1996-10-22,71.0625,71.078125,70.59375,70.625,42.251583099365234,848900
1996-10-23,70.46875,70.890625,70.1875,70.859375,42.39181137084961,735900
1996-10-24,70.859375,70.984375,70.21875,70.25,42.027259826660156,379300
1996-10-25,70.234375,70.5625,70.125,70.3125,42.064613342285156,568300
1996-10-28,70.375,70.734375,69.8125,69.84375,41.78422164916992,975400
1996-10-29,70.0625,70.578125,69.703125,70.40625,42.12071228027344,815900
1996-10-30,70.625,70.625,70.09375,70.171875,41.9804801940918,495400
1996-10-31,70.265625,70.875,70.1875,70.84375,42.38243103027344,726300
1996-11-01,70.984375,71.15625,70.265625,70.59375,42.232887268066406,821300
1996-11-04,70.6875,71.0625,70.53125,71.0625,42.51331329345703,1608400
1996-11-05,71.296875,71.796875,71.28125,71.46875,42.7563591003418,764000
1996-11-06,71.59375,72.875,71.53125,72.84375,43.57892990112305,1665000
1996-11-07,72.625,73.296875,72.53125,73.015625,43.68174743652344,1446300
1996-11-08,73.03125,73.4375,72.75,73.421875,43.92483139038086,1355700
1996-11-11,73.25,73.515625,73.21875,73.34375,43.87807846069336,655900
1996-11-12,73.546875,73.59375,73.015625,73.125,43.747215270996094,719900
1996-11-13,73.203125,73.5625,73.015625,73.453125,43.943511962890625,481900
1996-11-14,73.1875,73.9375,73.15625,73.9375,44.233280181884766,558800
1996-11-15,74.125,74.5,73.71875,74.03125,44.28937911987305,2250900
1996-11-18,74.171875,74.25,73.734375,74.046875,44.2987174987793,1518200
1996-11-19,74.140625,74.59375,74.03125,74.578125,44.61655807495117,1029300
1996-11-20,74.5625,75.015625,74.3125,74.703125,44.691341400146484,730000
1996-11-21,74.796875,74.84375,74.375,74.59375,44.62589645385742,653000
1996-11-22,74.703125,75.25,74.703125,75.171875,44.971736907958984,965100
1996-11-25,75.25,76.15625,75.078125,76.125,45.5419807434082,2058800
1996-11-26,76.28125,76.6875,75.46875,75.875,45.39241027832031,2861800
1996-11-27,76.0625,76.1875,75.640625,75.734375,45.308284759521484,872000
1996-11-29,76.0,76.21875,75.859375,76.015625,45.47652053833008,1073400
1996-12-02,75.921875,76.125,75.390625,76.046875,45.4952278137207,1350600
1996-12-03,76.0625,76.578125,74.75,74.75,44.7193603515625,1777800
1996-12-04,74.875,75.0625,74.09375,74.953125,44.84088134765625,2365100
1996-12-05,74.84375,75.140625,74.53125,74.75,44.7193603515625,1697700
1996-12-06,73.25,74.75,72.65625,74.3125,44.4576301574707,3401800
1996-12-09,74.6875,75.421875,74.578125,75.40625,45.112003326416016,1864600
1996-12-10,75.5625,75.671875,74.96875,75.046875,44.896976470947266,1331600
1996-12-11,73.625,74.625,73.3125,74.359375,44.485694885253906,1847900
1996-12-12,74.78125,74.875,72.9375,73.125,43.747215270996094,2540200
1996-12-13,73.0625,73.578125,72.40625,73.3125,43.859397888183594,1678300
1996-12-16,73.5,73.6875,72.0625,72.375,43.29851531982422,1831100
1996-12-17,72.15625,73.28125,71.875,72.953125,43.644386291503906,2023200
1996-12-18,73.375,73.765625,73.265625,73.53125,43.990257263183594,1666800
1996-12-19,74.1875,75.125,73.890625,75.046875,44.896976470947266,2269300
1996-12-20,75.125,75.71875,74.75,74.84375,44.99549102783203,1543200
1996-12-23,75.09375,75.203125,74.328125,74.65625,44.88275909423828,1263700
1996-12-24,74.84375,75.203125,74.796875,75.203125,45.211544036865234,633000
1996-12-26,75.4375,75.828125,75.375,75.78125,45.55910873413086,1384300
1996-12-27,75.78125,76.03125,75.5,75.875,45.6154899597168,410400
1996-12-30,76.125,76.125,75.15625,75.21875,45.220951080322266,694100
1996-12-31,75.28125,75.375,73.84375,73.84375,44.39431381225586,1378100
1997-01-02,74.375,74.375,72.75,74.03125,44.50704574584961,2031900
1997-01-03,74.375,75.125,74.078125,75.09375,45.145790100097656,2123200
1997-01-06,75.09375,75.4375,74.3125,74.4375,44.75127410888672,1374100
1997-01-07,74.4375,75.46875,74.125,75.34375,45.29607009887695,939000
1997-01-08,75.75,75.78125,74.6875,74.6875,44.90156936645508,1802200
1997-01-09,75.0625,75.875,74.9375,75.3125,45.27730178833008,1415700
1997-01-10,74.25,76.25,74.25,76.125,45.7657585144043,2369500
1997-01-13,76.5,76.5,75.640625,76.015625,45.70000457763672,1364600
1997-01-14,76.6875,77.390625,76.5,76.96875,46.27303695678711,2111200
1997-01-15,76.71875,77.203125,76.375,76.78125,46.160308837890625,1583900
1997-01-16,77.03125,77.296875,76.5,77.09375,46.34819030761719,1308400
1997-01-17,77.203125,77.75,77.109375,77.5625,46.62998580932617,1604000
1997-01-20,77.75,78.09375,77.46875,77.65625,46.68633270263672,1889900
1997-01-21,77.375,78.546875,77.109375,78.28125,47.06208038330078,2785800
1997-01-22,78.3125,78.84375,77.875,78.84375,47.400272369384766,1201600
1997-01-23,79.0625,79.6875,76.90625,77.75,46.74270248413086,2601100
1997-01-24,77.875,77.90625,76.75,76.75,46.14152908325195,2176000
1997-01-27,76.875,77.234375,76.375,76.53125,46.010009765625,2108500
1997-01-28,77.625,77.84375,76.0,76.75,46.14152908325195,4376000
1997-01-29,76.875,77.5,76.59375,77.5,46.5924072265625,1122700
1997-01-30,77.875,78.53125,77.40625,78.5,47.19359588623047,2126300
1997-01-31,78.9375,79.40625,78.375,78.40625,47.137245178222656,3208100
1997-02-03,78.71875,78.890625,78.359375,78.640625,47.278160095214844,755000
1997-02-04,78.75,79.203125,78.4375,79.125,47.56935501098633,654100
1997-02-05,79.234375,79.46875,77.125,77.640625,46.67697525024414,2255400
1997-02-06,77.78125,78.203125,77.40625,78.15625,46.98694610595703,2483100
1997-02-07,78.8125,79.25,77.78125,79.21875,47.62569808959961,2321000
1997-02-10,79.25,79.53125,78.421875,78.46875,47.17481994628906,1670000
1997-02-11,78.78125,79.375,78.125,79.375,47.719635009765625,1664300
1997-02-12,79.375,80.640625,79.265625,80.5,48.395973205566406,2675400
1997-02-13,80.8125,81.5625,80.6875,81.375,48.922061920166016,1104800
1997-02-14,81.1875,81.46875,80.90625,81.1875,48.8093147277832,1112900
1997-02-18,81.34375,81.9375,80.75,81.875,49.222652435302734,833100
1997-02-19,81.65625,82.0,81.15625,81.328125,48.89384460449219,648100
1997-02-20,81.03125,81.359375,80.15625,80.34375,48.30204391479492,1193900
1997-02-21,80.40625,80.765625,80.140625,80.375,48.320865631103516,1844400
1997-02-24,79.96875,81.375,79.96875,81.328125,48.89384460449219,787300
1997-02-25,81.40625,81.53125,80.875,81.390625,48.93143081665039,1653900
1997-02-26,81.3125,81.4375,79.625,80.59375,48.45236587524414,1597800
1997-02-27,80.8125,80.8125,79.375,79.390625,47.72904586791992,1813100
1997-02-28,79.25,79.875,79.0625,79.15625,47.58814239501953,2961200
1997-03-03,78.75,79.75,78.6875,79.6875,47.90752410888672,1210400
1997-03-04,79.90625,80.125,79.09375,79.25,47.64451599121094,1478700
1997-03-05,79.71875,80.59375,79.453125,80.59375,48.45236587524414,1254800
1997-03-06,80.625,80.90625,79.875,80.125,48.1705207824707,1528500
1997-03-07,80.4375,81.15625,80.25,80.84375,48.602664947509766,1859300
1997-03-10,80.9375,81.6875,80.546875,81.6875,49.10989761352539,1074900
1997-03-11,81.75,81.796875,81.25,81.25,48.84687042236328,624600
1997-03-12,81.3125,81.34375,80.296875,80.53125,48.414764404296875,1055600
1997-03-13,80.25,80.46875,79.0625,79.28125,47.66327667236328,2514100
1997-03-14,79.640625,80.03125,79.25,79.6875,47.90752410888672,1642700
1997-03-17,79.25,80.03125,78.4375,79.90625,48.039031982421875,3013500
1997-03-18,80.0,80.109375,78.71875,79.046875,47.52241516113281,1352500
1997-03-19,78.84375,79.5,78.0625,78.78125,47.36267852783203,1510000
1997-03-20,78.75,79.0,77.875,78.375,47.11845016479492,1808200
1997-03-21,78.6875,78.75,78.34375,78.4375,47.33663558959961,2810600
1997-03-24,78.5,79.578125,78.09375,79.53125,47.9966926574707,2145600
1997-03-25,79.34375,79.96875,78.53125,78.75,47.525211334228516,2125800
1997-03-26,79.0625,79.65625,78.6875,79.09375,47.7326774597168,1335300
1997-03-27,79.375,79.375,76.15625,77.0,46.469112396240234,2898500
1997-03-31,76.90625,77.125,75.25,75.375,45.4883918762207,4270700
1997-04-01,75.25,76.1875,75.046875,75.859375,45.780738830566406,3210900
1997-04-02,75.625,75.9375,74.4375,74.5,44.960350036621094,2672700
1997-04-03,74.4375,75.125,74.1875,74.90625,45.205509185791016,2284200
1997-04-04,74.5,75.859375,74.15625,75.84375,45.771324157714844,3706700
1997-04-07,76.1875,76.625,76.140625,76.140625,45.95045471191406,2596200
1997-04-08,76.125,76.78125,75.84375,76.6875,46.28050994873047,1822700
1997-04-09,77.0,77.046875,75.84375,76.0625,45.90335464477539,2453200
1997-04-10,76.09375,76.546875,75.6875,75.78125,45.733585357666016,1996500
1997-04-11,75.0625,75.3125,73.375,73.375,44.28143310546875,4221600
1997-04-14,73.734375,74.453125,73.3125,74.359375,44.87549591064453,3988500
1997-04-15,75.25,75.640625,74.5,75.625,45.63930130004883,2760400
1997-04-16,75.375,76.609375,75.25,76.5,46.16735076904297,2273300
1997-04-17,76.5,77.0,76.0,76.1875,45.97876739501953,1386000
1997-04-18,76.8125,76.984375,76.25,76.5625,46.2050666809082,1702100
1997-04-21,76.75,76.90625,75.46875,76.0625,45.90335464477539,2809400
1997-04-22,76.109375,77.734375,76.0,77.734375,46.91227722167969,3215000
1997-04-23,77.65625,78.03125,77.1875,77.8125,46.95945739746094,2047700
1997-04-24,78.046875,78.28125,76.875,77.421875,46.72370910644531,2689900
1997-04-25,77.0625,77.203125,76.421875,76.53125,46.18621826171875,1606200
1997-04-28,76.5,77.8125,76.375,77.28125,46.63880920410156,1666500
1997-04-29,78.59375,79.78125,78.296875,79.71875,48.10984420776367,3197400
1997-04-30,79.25,80.6875,79.21875,80.09375,48.336143493652344,3372200
1997-05-01,80.21875,80.53125,79.3125,80.0,48.27960205078125,2149500
1997-05-02,80.28125,81.671875,80.0625,81.4375,49.14710998535156,1448300
1997-05-05,81.65625,83.5625,81.296875,83.375,50.31635665893555,3636200
1997-05-06,82.96875,83.46875,82.5,83.3125,50.278656005859375,1721100
1997-05-07,83.0,83.0,81.40625,81.5,49.184814453125,2327200
1997-05-08,81.3125,83.21875,81.1875,82.0625,49.5242805480957,2923700
1997-05-09,82.96875,83.125,81.65625,82.625,49.863765716552734,2558200
1997-05-12,82.9375,84.25,82.875,84.0,50.69357681274414,2357900
1997-05-13,83.9375,84.09375,83.015625,83.65625,50.48611068725586,1195100
1997-05-14,84.234375,84.5,83.4375,83.8125,50.58039474487305,2772000
1997-05-15,83.8125,84.59375,83.515625,84.375,50.919921875,884100
1997-05-16,84.125,84.3125,83.0,83.21875,50.22209930419922,1934200
1997-05-19,83.3125,83.90625,83.0625,83.46875,50.372947692871094,1375800
1997-05-20,83.28125,84.6875,82.75,84.46875,50.9764404296875,1756400
1997-05-21,84.6875,84.984375,83.65625,84.28125,50.863311767578125,1208000
1997-05-22,84.375,84.46875,83.5625,84.0,50.69357681274414,907600
1997-05-23,84.375,85.21875,84.15625,84.78125,51.1650390625,644400
1997-05-27,84.375,85.53125,84.265625,85.125,51.37250518798828,1531000
1997-05-28,85.125,85.453125,84.515625,85.109375,51.363075256347656,716700
1997-05-29,85.09375,85.25,84.5,84.609375,51.061309814453125,1282700
1997-05-30,83.21875,85.5625,83.125,85.15625,51.391319274902344,2143300
1997-06-02,85.34375,85.5,84.71875,84.78125,51.1650390625,1479100
1997-06-03,84.40625,85.4375,84.34375,84.5,50.99531173706055,1562100
1997-06-04,84.53125,84.75,84.078125,84.40625,50.93872833251953,1063100
1997-06-05,84.59375,85.3125,84.421875,84.71875,51.12731170654297,1180800
1997-06-06,84.59375,86.4375,84.59375,86.375,52.126853942871094,1511100
1997-06-09,86.4375,86.875,86.34375,86.8125,52.39087677001953,1823400
1997-06-10,86.84375,87.40625,86.5,87.078125,52.551212310791016,1217500
1997-06-11,87.0,87.40625,86.828125,87.28125,52.67377471923828,1673800
1997-06-12,87.875,89.0,87.5625,88.96875,53.69218444824219,4273300
1997-06-13,89.0625,90.0,88.90625,89.71875,54.14480209350586,2132900
1997-06-16,89.75,90.0,89.46875,89.75,54.16366195678711,800400
1997-06-17,89.4375,90.234375,88.9375,89.625,54.088260650634766,2048100
1997-06-18,89.125,89.625,88.96875,89.3125,53.89961624145508,1971900
1997-06-19,89.609375,90.5,89.375,90.234375,54.45597457885742,2029900
1997-06-20,89.9375,90.34375,89.5,89.578125,54.27043914794922,1396900
1997-06-23,89.40625,89.90625,87.34375,87.40625,52.9546012878418,3991500
1997-06-24,88.25,89.875,88.0,89.625,54.29886245727539,4895100
1997-06-25,89.484375,90.25,87.9375,89.0,53.92019271850586,4708900
1997-06-26,88.84375,89.625,87.6875,88.5625,53.655128479003906,2569900
1997-06-27,88.96875,89.71875,88.6875,88.90625,53.86337661743164,2617900
1997-06-30,88.90625,89.46875,87.875,88.3125,53.5036506652832,2384900
1997-07-01,88.5,89.5625,88.390625,89.34375,54.128448486328125,1749000
1997-07-02,89.5625,90.8125,89.21875,90.8125,55.018287658691406,1961800
1997-07-03,91.875,92.15625,91.46875,92.0625,55.77555847167969,2539100
1997-07-07,92.375,92.5,90.90625,91.125,55.20758819580078,1158600
1997-07-08,91.25,92.1875,91.1875,92.078125,55.78506088256836,3396500
1997-07-09,92.3125,92.375,90.03125,91.0625,55.16975021362305,5390300
1997-07-10,91.125,91.84375,90.484375,91.46875,55.41582489013672,2072200
1997-07-11,91.59375,92.1875,91.375,91.78125,55.60519790649414,2258900
1997-07-14,91.890625,92.3125,91.21875,92.0625,55.77555847167969,3186400
1997-07-15,92.3125,92.765625,91.46875,92.53125,56.05958938598633,2983100
1997-07-16,93.125,94.09375,92.890625,93.75,56.797935485839844,2621300
1997-07-17,93.625,93.8125,92.78125,93.28125,56.51393127441406,1794800
1997-07-18,93.015625,93.21875,91.0625,91.296875,55.31172180175781,3961900
1997-07-21,91.28125,91.59375,90.6875,91.3125,55.32121658325195,3810300
1997-07-22,91.6875,93.796875,91.625,93.734375,56.788475036621094,4243400
1997-07-23,93.9375,94.484375,93.53125,93.65625,56.74114227294922,3204300
1997-07-24,93.9375,94.265625,92.6875,94.09375,57.006195068359375,4152700
1997-07-25,94.5625,94.8125,93.625,94.03125,56.968345642089844,2364800
1997-07-28,94.25,94.5625,93.5,93.96875,56.930477142333984,2794700
1997-07-29,93.625,94.46875,93.421875,94.28125,57.119789123535156,2737100
1997-07-30,94.5,95.625,94.40625,95.40625,57.801387786865234,4839800
1997-07-31,95.40625,96.03125,95.03125,95.3125,57.744590759277344,2138700
1997-08-01,95.5,95.71875,93.8125,94.9375,57.51737594604492,7077700
1997-08-04,94.78125,95.546875,94.40625,95.1875,57.668819427490234,2339500
1997-08-05,95.09375,95.6875,94.90625,95.25,57.70671081542969,1466700
1997-08-06,95.4375,96.53125,95.0625,96.03125,58.18002700805664,2478200
1997-08-07,96.5,96.625,95.125,95.3125,57.744590759277344,3641900
1997-08-08,94.3125,94.75,92.40625,93.375,56.57073974609375,7113100
1997-08-11,93.75,94.28125,92.625,94.0625,56.98726272583008,6355900
1997-08-12,94.21875,94.546875,92.46875,92.5625,56.078487396240234,6132500
1997-08-13,93.6875,93.84375,91.46875,92.28125,55.90809631347656,6982300
1997-08-14,93.09375,93.3125,91.71875,92.625,56.1163444519043,3462700
1997-08-15,92.125,92.125,89.625,89.78125,54.39349365234375,4907100
1997-08-18,90.375,91.78125,89.34375,91.78125,55.60519790649414,5638900
1997-08-19,92.21875,92.90625,91.53125,92.84375,56.24892044067383,3802800
1997-08-20,92.9375,94.3125,92.609375,94.25,57.10085678100586,3564600
1997-08-21,94.125,94.25,92.09375,92.59375,56.09741973876953,5392600
1997-08-22,91.0,92.734375,90.5625,92.5625,56.078487396240234,8087800
1997-08-25,92.78125,93.40625,91.84375,92.21875,55.8702507019043,3888000
1997-08-26,92.0,92.5625,90.703125,90.859375,55.04666519165039,4290000
1997-08-27,91.0,91.96875,90.40625,91.40625,55.377994537353516,5484300
1997-08-28,91.1875,91.9375,90.0,90.015625,54.53547286987305,4287900
1997-08-29,90.125,91.109375,89.71875,90.375,54.753204345703125,2652300
1997-09-02,90.6875,93.359375,90.59375,93.3125,56.532875061035156,7294000
1997-09-03,93.296875,94.0,92.75,92.8125,56.22994613647461,2812500
1997-09-04,93.0625,93.71875,92.75,93.40625,56.58966827392578,2473700
1997-09-05,93.96875,94.4375,92.59375,93.140625,56.42875671386719,3663300
1997-09-08,93.71875,94.0,93.3125,93.546875,56.67489242553711,803500
1997-09-09,93.21875,94.28125,92.90625,93.59375,56.70331573486328,1885200
1997-09-10,93.125,93.5,91.65625,91.65625,55.52944564819336,3623700
1997-09-11,91.78125,91.90625,90.25,91.1875,55.24545669555664,7055900
1997-09-12,92.0,92.96875,90.9375,92.65625,56.13528823852539,6708000
1997-09-15,92.65625,93.3125,92.1875,92.5,56.040672302246094,2060500
1997-09-16,93.3125,95.28125,93.03125,94.8125,57.44166946411133,6979000
1997-09-17,95.375,95.5,94.5,94.8125,57.44166946411133,2220000
1997-09-18,95.0,96.375,94.96875,95.21875,57.68776321411133,5045400
1997-09-19,94.65625,95.359375,94.40625,95.03125,57.78538513183594,1566400
1997-09-22,95.5,96.203125,95.21875,95.5625,58.10838317871094,3259000
1997-09-23,95.5625,95.703125,94.75,95.125,57.842376708984375,1872800
1997-09-24,95.375,96.109375,94.28125,94.34375,57.36732864379883,2793100
1997-09-25,94.25,94.75,93.625,93.6875,56.968284606933594,6327800
1997-09-26,94.4375,94.8125,94.1875,94.46875,57.44331741333008,3995800
1997-09-29,94.5,95.5625,94.15625,95.375,57.99441146850586,2065000
1997-09-30,95.0,95.6875,94.375,94.375,57.38629150390625,4137600
1997-10-01,95.25,95.8125,94.78125,95.625,58.146400451660156,3567500
1997-10-02,95.53125,96.1875,95.3125,96.15625,58.46944046020508,2577500
1997-10-03,97.46875,97.75,95.34375,96.640625,58.76397705078125,6499900
1997-10-06,97.3125,97.609375,96.90625,97.28125,59.15353012084961,2272100
1997-10-07,97.53125,98.5,97.203125,98.1875,59.70457458496094,1832800
1997-10-08,98.359375,98.375,96.734375,97.5,59.286556243896484,4439400
1997-10-09,96.78125,97.609375,96.21875,97.15625,59.077510833740234,3607600
1997-10-10,96.3125,96.984375,96.25,96.875,58.906524658203125,2858100
1997-10-13,97.34375,97.546875,96.71875,96.96875,58.96348190307617,1760300
1997-10-14,97.46875,97.5,96.1875,97.0,58.98247528076172,2235700
1997-10-15,96.3125,97.0625,96.28125,96.78125,58.8494987487793,2601700
1997-10-16,97.3125,97.5,95.0,95.25,57.91836929321289,9488100
1997-10-17,95.015625,95.375,93.0,94.28125,57.329341888427734,8151300
1997-10-20,94.84375,95.75,94.15625,95.625,58.146400451660156,3636400
1997-10-21,96.21875,97.5,96.03125,97.484375,59.27702331542969,5225400
1997-10-22,97.34375,97.390625,96.53125,96.84375,58.88747024536133,4485200
1997-10-23,94.9375,95.75,94.28125,94.9375,57.728363037109375,8054100
1997-10-24,96.15625,96.15625,93.671875,94.0,57.15830612182617,6778700
1997-10-27,93.015625,93.9375,86.84375,87.1875,53.01585006713867,10840700
1997-10-28,84.375,92.875,84.375,92.21875,56.07518005371094,19548000
1997-10-29,92.5,93.75,91.28125,91.96875,55.92316436767578,10134400
1997-10-30,90.625,92.5625,89.75,89.9375,54.68802261352539,9772900
1997-10-31,91.8125,92.5,90.4375,92.0625,55.98012924194336,7072700
1997-11-03,93.1875,94.375,92.875,94.0,57.15830612182617,5548500
1997-11-04,93.875,94.4375,93.28125,94.0,57.15830612182617,3455700
1997-11-05,94.1875,95.28125,93.84375,94.3125,57.34831619262695,4774900
1997-11-06,94.03125,94.34375,93.5,93.953125,57.129791259765625,3679800
1997-11-07,92.375,93.25,91.4375,92.9375,56.512237548828125,10606800
1997-11-10,93.625,93.84375,92.0,92.375,56.1701545715332,4347900
1997-11-11,92.6875,93.0625,92.03125,92.40625,56.189186096191406,3212400
1997-11-12,91.625,92.71875,90.375,90.5,55.03007888793945,6775300
1997-11-13,91.46875,92.15625,90.09375,91.8125,55.828163146972656,8589600
1997-11-14,92.3125,93.390625,91.609375,93.0625,56.588233947753906,5827900
1997-11-17,94.375,95.3125,94.03125,94.78125,57.63334655761719,5149900
1997-11-18,94.8125,95.09375,93.890625,94.1875,57.2723274230957,3433600
1997-11-19,93.6875,95.0625,92.75,94.65625,57.55736541748047,4387900
1997-11-20,95.3125,96.53125,95.28125,96.09375,58.431461334228516,4822700
1997-11-21,96.625,96.8125,95.65625,96.75,58.83047866821289,5436500
1997-11-24,96.0,96.34375,94.625,95.0,57.76638412475586,4337200
1997-11-25,95.625,95.8125,94.65625,95.25,57.91836929321289,4525000
1997-11-26,95.875,95.984375,95.3125,95.53125,58.08941650390625,2681100
1997-11-28,95.75,96.25,95.59375,95.625,58.146400451660156,1564700
1997-12-01,96.21875,98.09375,96.03125,98.09375,59.64755630493164,4850900
1997-12-02,97.6875,97.984375,97.25,97.5,59.286556243896484,1974900
1997-12-03,97.625,98.53125,96.875,97.78125,59.457542419433594,3302500
1997-12-04,98.5,98.71875,97.375,97.6875,59.40054702758789,2872500
1997-12-05,97.375,99.0,97.125,98.9375,60.16064453125,3458800
1997-12-08,98.96875,99.0,98.25,98.65625,59.989620208740234,2289200
1997-12-09,98.21875,98.59375,97.625,98.0625,59.62859344482422,1703000
1997-12-10,97.5625,97.84375,96.46875,97.21875,59.115509033203125,3558400
1997-12-11,96.3125,96.59375,95.3125,95.5625,58.10838317871094,5072800
1997-12-12,96.4375,96.5,94.90625,95.75,58.222415924072266,4478400
1997-12-15,96.25,97.109375,95.875,96.71875,58.81149673461914,4674700
1997-12-16,97.21875,97.8125,96.875,97.3125,59.17251205444336,2885800
1997-12-17,97.84375,97.875,96.703125,96.8125,58.86848831176758,2236300
1997-12-18,96.9375,96.9375,95.21875,95.875,58.29841232299805,4658300
1997-12-19,94.53125,95.875,92.375,94.78125,57.8626823425293,8556000
1997-12-22,95.4375,95.90625,94.5625,95.390625,58.23469543457031,5136800
1997-12-23,95.4375,95.625,93.53125,93.6875,57.194976806640625,4436500
1997-12-24,94.4375,94.4375,93.25,93.40625,57.02326202392578,2019200
1997-12-26,94.125,94.125,93.40625,93.78125,57.25216293334961,941800
1997-12-29,94.59375,95.71875,94.4375,95.625,58.37778091430664,2080000
1997-12-30,95.9375,97.25,95.84375,97.125,59.29349136352539,3616000
1997-12-31,96.875,97.625,96.6875,97.0625,59.2553825378418,4359500
1998-01-02,97.3125,97.65625,96.53125,97.5625,59.56059646606445,2360900
1998-01-05,97.84375,98.4375,96.78125,97.78125,59.69413757324219,4191800
1998-01-06,97.25,97.28125,96.1875,96.21875,58.740299224853516,3154900
1998-01-07,96.09375,96.71875,95.21875,96.46875,58.892879486083984,4424200
1998-01-08,96.3125,96.3125,95.375,95.625,58.37778091430664,3831000
1998-01-09,95.25,95.5,91.90625,92.3125,56.355560302734375,10258800
1998-01-12,91.125,94.1875,90.90625,94.0,57.3857536315918,12097900
1998-01-13,94.625,95.375,94.21875,95.3125,58.18701171875,5224900
1998-01-14,95.6875,95.96875,94.71875,95.75,58.454097747802734,3770400
1998-01-15,95.5,95.75,94.8125,94.953125,57.967594146728516,2875400
1998-01-16,96.25,96.6875,95.65625,96.3125,58.7974967956543,4374800
1998-01-20,96.6875,98.015625,96.5,97.875,59.751373291015625,5091700
1998-01-21,97.21875,97.6875,96.15625,96.9375,59.1790657043457,4699400
1998-01-22,96.15625,96.875,95.875,96.078125,58.65441131591797,4543400
1998-01-23,96.5,96.78125,95.0,95.9375,58.568580627441406,6350300
1998-01-26,96.375,96.734375,95.40625,95.875,58.5303955078125,4362900
1998-01-27,95.8125,97.5,95.65625,96.84375,59.12179946899414,7044200
1998-01-28,97.40625,98.109375,97.1875,97.71875,59.65604019165039,4268600
1998-01-29,97.84375,99.5625,97.5625,98.25,59.980316162109375,8007700
1998-01-30,98.78125,98.96875,98.0,98.3125,60.01848602294922,3649100
1998-02-02,99.90625,100.5,99.75,99.9375,61.010501861572266,5756300
1998-02-03,100.0,100.8125,99.71875,100.6875,61.46834945678711,2759600
1998-02-04,100.28125,101.15625,99.9375,100.5625,61.392059326171875,3374000
1998-02-05,101.3125,101.59375,100.03125,100.5,61.35393142700195,5076200
1998-02-06,101.0,101.625,100.6875,101.625,62.04072570800781,5701200
1998-02-09,101.71875,101.75,100.71875,101.28125,61.830848693847656,2322200
1998-02-10,101.4375,102.46875,101.1875,102.25,62.422271728515625,3660400
1998-02-11,102.09375,102.34375,101.703125,102.15625,62.365013122558594,4073200
1998-02-12,101.71875,102.9375,100.875,102.59375,62.63212966918945,5024700
1998-02-13,102.1875,102.515625,101.875,102.0,62.26963806152344,2101300
1998-02-17,102.8125,103.09375,102.15625,102.5,62.574867248535156,3055500
1998-02-18,102.3125,103.484375,102.28125,103.4375,63.147212982177734,3007400
1998-02-19,103.25,103.40625,102.75,102.890625,62.81338882446289,3387800
1998-02-20,103.15625,103.71875,102.375,103.65625,63.28078079223633,3707000
1998-02-23,104.25,104.25,103.34375,104.0625,63.528770446777344,3227800
1998-02-24,103.90625,104.09375,102.9375,103.25,63.032737731933594,3386800
1998-02-25,103.75,104.875,103.625,104.53125,63.814918518066406,3481800
1998-02-26,104.4375,105.21875,104.1875,105.125,64.17742156982422,3187600
1998-02-27,104.96875,105.53125,104.53125,105.125,64.17742156982422,3442900
1998-03-02,105.25,105.75,104.625,104.90625,64.04387664794922,4252300
1998-03-03,104.53125,105.625,104.53125,105.5,64.40632629394531,3349200
1998-03-04,105.09375,105.40625,104.4375,104.8125,63.986610412597656,4404100
1998-03-05,103.5,104.4375,103.15625,103.84375,63.39522171020508,7268000
1998-03-06,104.5625,105.9375,104.4375,105.9375,64.67341613769531,6896300
1998-03-09,105.53125,106.21875,105.25,105.5625,64.44449615478516,3362800
1998-03-10,106.21875,106.84375,105.9375,106.5625,65.05497741699219,5481900
1998-03-11,106.96875,107.3125,106.78125,107.0625,65.3602523803711,3439600
1998-03-12,107.09375,107.59375,106.5,107.5,65.62733459472656,3191300
1998-03-13,107.84375,108.0,106.875,107.09375,65.37931823730469,2879400
1998-03-16,107.84375,108.375,107.53125,108.25,66.08519744873047,3223600
1998-03-17,108.3125,108.5625,107.65625,108.5625,66.2759780883789,4581900
1998-03-18,108.25,108.96875,108.03125,108.96875,66.52396392822266,1944100
1998-03-19,108.96875,109.375,108.65625,109.25,66.69564819335938,2554800
1998-03-20,109.5625,110.1875,108.875,109.875,67.26991271972656,3123300
1998-03-23,109.71875,110.3125,109.40625,109.625,67.11690521240234,4453100
1998-03-24,110.0625,110.8125,109.9375,110.5625,67.69084167480469,3333600
1998-03-25,111.40625,111.53125,109.1875,110.15625,67.44215393066406,4597600
1998-03-26,109.875,110.75,109.625,110.09375,67.40386199951172,3333500
1998-03-27,110.75,110.78125,109.0,109.625,67.11690521240234,2611300
1998-03-30,109.625,110.09375,108.96875,109.5625,67.07862854003906,3108700
1998-03-31,110.15625,111.1875,109.75,109.9375,67.3082275390625,5926500
1998-04-01,110.3125,111.078125,109.40625,110.828125,67.85350799560547,2929000
1998-04-02,110.9375,112.25,110.75,112.03125,68.59012603759766,3920900
1998-04-03,112.34375,112.8125,111.84375,112.59375,68.93448638916016,3787600
1998-04-06,113.25,113.375,111.6875,111.6875,68.379638671875,4550500
1998-04-07,111.75,111.9375,110.15625,110.9375,67.92044830322266,5583700
1998-04-08,111.21875,111.28125,109.75,110.3125,67.53781127929688,4854800
1998-04-09,110.5625,111.28125,110.53125,111.1875,68.0735092163086,4481200
1998-04-13,111.375,111.375,110.0,110.875,67.88218688964844,4350200
1998-04-14,111.125,111.8125,110.90625,111.8125,68.45618438720703,3279100
1998-04-15,111.96875,112.125,111.15625,112.125,68.6474838256836,3867200
1998-04-16,111.3125,111.5,110.5,110.8125,67.84394073486328,7177900
1998-04-17,110.71875,112.4375,110.4375,112.28125,68.7431869506836,5688800
1998-04-20,112.0,112.5625,111.875,112.25,68.72402954101562,3688300
1998-04-21,112.4375,113.15625,111.90625,112.78125,69.04926300048828,4573200
1998-04-22,112.875,113.4375,112.8125,113.09375,69.2406005859375,2386100
1998-04-23,112.625,113.0,111.75,112.0,68.57096862792969,5062000
1998-04-24,111.75,112.46875,110.34375,110.8125,67.84394073486328,11039700
1998-04-27,109.375,109.6875,107.625,108.71875,66.56205749511719,14510200
1998-04-28,109.78125,109.8125,108.125,108.5625,66.46639251708984,6511400
1998-04-29,109.03125,109.96875,108.4375,109.3125,66.925537109375,7703100
1998-04-30,110.5625,111.921875,110.40625,111.34375,68.16920471191406,8684500
1998-05-01,111.75,112.59375,111.3125,112.59375,68.93448638916016,4008800
1998-05-04,112.71875,113.3125,112.15625,112.3125,68.76226806640625,4537200
1998-05-05,112.0,112.15625,111.125,111.53125,68.28397369384766,5146400
1998-05-06,112.125,112.125,110.1875,110.21875,67.48039245605469,5526100
1998-05-07,110.5,110.5625,109.34375,109.34375,66.94468688964844,6940400
1998-05-08,110.0,111.375,110.0,111.125,68.03526306152344,7951000
1998-05-11,111.5625,112.21875,110.375,110.75,67.80567932128906,6336300
1998-05-12,110.8125,111.96875,110.34375,111.9375,68.53268432617188,6045200
1998-05-13,112.0625,112.5625,111.59375,112.21875,68.70490264892578,4441500
1998-05-14,111.53125,112.6875,111.34375,111.65625,68.36048889160156,4187500
1998-05-15,112.0,112.21875,110.8125,111.03125,67.97787475585938,6716100
1998-05-18,110.71875,111.59375,109.828125,110.59375,67.71001434326172,4847200
1998-05-19,111.0,111.6875,110.78125,111.34375,68.16920471191406,5918700
1998-05-20,112.09375,112.5,110.875,112.40625,68.81968688964844,5716600
1998-05-21,112.375,112.78125,111.3125,111.6875,68.379638671875,6301500
1998-05-22,111.75,112.0625,110.9375,111.25,68.11177825927734,4862200
1998-05-26,112.09375,112.09375,109.1875,109.46875,67.0212631225586,6899300
1998-05-27,108.53125,109.90625,107.578125,109.625,67.11690521240234,10202600
1998-05-28,109.875,110.375,109.0625,110.125,67.42301177978516,4907600
1998-05-29,110.625,110.8125,109.03125,109.03125,66.75337982177734,4772600
1998-06-01,108.96875,110.21875,108.5625,109.53125,67.05948638916016,6092200
1998-06-02,110.0,110.34375,109.15625,109.625,67.11690521240234,6701100
1998-06-03,109.875,110.1875,107.875,107.875,66.04549407958984,6445100
1998-06-04,108.25,110.0625,108.0625,109.875,67.26991271972656,6566300
1998-06-05,110.375,112.0,109.875,112.0,68.57096862792969,8463200
1998-06-08,111.9375,112.46875,111.65625,111.875,68.49442291259766,4159900
1998-06-09,111.71875,112.421875,111.40625,112.21875,68.70490264892578,2725300
1998-06-10,111.625,113.0625,111.25,111.5,68.26485443115234,6186900
1998-06-11,111.4375,111.875,109.375,109.40625,66.98298645019531,8056600
1998-06-12,109.875,110.4375,108.25,110.4375,67.61433410644531,9779000
1998-06-15,108.8125,109.90625,107.5,107.53125,65.83503723144531,10234200
1998-06-16,108.40625,109.21875,107.75,109.1875,66.84903717041016,7471500
1998-06-17,110.15625,111.78125,109.9375,111.46875,68.2457046508789,12057700
1998-06-18,111.1875,111.4375,110.75,110.96875,67.93959045410156,3844600
1998-06-19,111.0625,111.234375,109.625,110.0625,67.59917449951172,3549100
1998-06-22,110.25,111.0625,110.0625,110.59375,67.9254379272461,5438300
1998-06-23,111.09375,112.0625,111.0,111.90625,68.73159790039062,5004600
1998-06-24,112.15625,113.6875,111.609375,113.40625,69.65284729003906,8291900
1998-06-25,113.90625,114.4375,112.8125,113.21875,69.53768920898438,5854800
1998-06-26,113.3125,113.84375,113.125,113.6875,69.82559967041016,4833100
1998-06-29,114.25,114.6875,113.796875,114.09375,70.07511901855469,5953400
1998-06-30,113.90625,114.1875,113.0625,113.3125,69.59527587890625,4284800
1998-07-01,114.0625,114.9375,113.625,114.625,70.40142822265625,3489500
1998-07-02,114.71875,114.875,114.25,114.84375,70.53578186035156,3503900
1998-07-06,114.78125,116.0,114.5625,116.0,71.24591064453125,3144400
1998-07-07,115.984375,116.125,115.28125,115.78125,71.11156463623047,4920700
1998-07-08,115.875,116.9375,115.75,116.625,71.62977600097656,6875000
1998-07-09,116.28125,116.71875,115.625,115.84375,71.14995574951172,6942500
1998-07-10,116.03125,116.9375,115.0625,116.46875,71.5338363647461,7849700
1998-07-13,116.5625,116.84375,116.0625,116.5,71.55302429199219,6555100
1998-07-14,116.9375,118.15625,116.9375,117.8125,72.35913848876953,6983600
1998-07-15,118.0625,118.28125,117.53125,117.59375,72.22474670410156,4977500
1998-07-16,117.6875,118.59375,117.0625,118.40625,72.72380828857422,6315600
1998-07-17,118.625,119.0,118.3125,118.5625,72.81974792480469,3539500
1998-07-20,118.75,119.234375,117.9375,118.5625,72.81974792480469,2338400
1998-07-21,119.0,119.0,116.28125,116.5,71.55302429199219,5518600
1998-07-22,116.34375,116.984375,115.53125,116.5,71.55302429199219,10417300
1998-07-23,116.3125,116.59375,113.90625,114.1875,70.13272094726562,15110900
1998-07-24,114.96875,115.09375,112.875,114.09375,70.07511901855469,11540500
1998-07-27,113.625,115.0,112.84375,114.90625,70.57414245605469,9600000
1998-07-28,114.4375,114.65625,111.875,112.96875,69.38416290283203,13693000
1998-07-29,113.71875,114.125,112.25,112.53125,69.1154556274414,7462400
1998-07-30,113.625,114.59375,113.40625,114.21875,70.15191650390625,6821600
1998-07-31,114.34375,114.5,111.3125,111.78125,68.6548080444336,7680500
1998-08-03,111.78125,112.421875,111.03125,111.3125,68.36689758300781,10486500
1998-08-04,112.21875,112.21875,107.0,107.0,65.71819305419922,15091600
1998-08-05,107.9375,108.875,105.59375,108.46875,66.62031555175781,21718400
1998-08-06,108.125,109.5,107.5625,108.9375,66.9082260131836,13084400
1998-08-07,109.6875,110.59375,108.46875,109.125,67.02336120605469,12083800
1998-08-10,108.75,109.65625,108.1875,108.5,66.63949584960938,6273000
1998-08-11,106.78125,107.4375,105.5,106.875,65.64144134521484,14287100
1998-08-12,107.75,108.875,107.5,108.6875,66.75466918945312,11158400
1998-08-13,108.8125,109.65625,107.375,107.375,65.94855499267578,9073900
1998-08-14,108.34375,108.71875,105.78125,106.125,65.18080139160156,8628500
1998-08-17,106.0,108.9375,105.5,108.375,66.56272888183594,11290000
1998-08-18,109.0,110.59375,108.78125,110.375,67.79112243652344,7603900
1998-08-19,111.09375,111.09375,109.625,110.09375,67.61837005615234,6258600
1998-08-20,109.6875,110.40625,109.15625,109.4375,67.21529388427734,7402800
1998-08-21,108.1875,108.71875,105.5,108.5625,66.67792510986328,16685400
1998-08-24,109.25,109.9375,108.3125,109.25,67.10013580322266,7201700
1998-08-25,110.375,111.25,108.640625,109.5,67.25370788574219,9688300
1998-08-26,108.28125,109.625,107.75,108.875,66.86980438232422,9339700
1998-08-27,107.0,107.5625,103.46875,103.75,63.722110748291016,24887800
1998-08-28,104.96875,105.71875,102.15625,103.375,63.491783142089844,23735900
1998-08-31,103.75,104.015625,95.0,96.0,58.96212387084961,22563100
1998-09-01,96.0625,100.5625,93.625,100.0625,61.45726013183594,24748500
1998-09-02,99.8125,101.75,98.78125,99.34375,61.01586151123047,13843200
1998-09-03,97.625,99.375,96.75,98.5625,60.53598403930664,17311300
1998-09-04,99.4375,99.8125,95.75,97.75,60.03700256347656,17783800
1998-09-08,100.875,103.0,99.8125,103.0,63.26150894165039,14746500
1998-09-09,102.75,103.125,100.4375,100.5,61.725975036621094,12109700
1998-09-10,98.4375,99.34375,96.8125,98.5,60.49763107299805,19889300
1998-09-11,98.1875,101.6875,97.0,101.6875,62.45535659790039,20379800
1998-09-14,102.875,104.453125,102.09375,103.4375,63.53016662597656,10686800
1998-09-15,102.875,104.3125,102.28125,104.0625,63.91401672363281,8337900
1998-09-16,104.75,105.25,103.15625,105.0,64.4898452758789,11024900
1998-09-17,102.25,103.03125,101.78125,102.0,62.64727020263672,12945200
1998-09-18,102.375,102.40625,101.09375,102.09375,62.92633819580078,7019200
1998-09-21,99.625,103.40625,98.9375,102.03125,62.887821197509766,8834600
1998-09-22,103.5,103.65625,102.15625,102.875,63.40785217285156,7270100
1998-09-23,103.875,107.0,103.78125,107.0,65.95036315917969,13688500
1998-09-24,106.3125,106.8125,103.25,104.375,64.33241271972656,11129500
1998-09-25,103.125,105.421875,102.625,104.25,64.25537109375,10247400
1998-09-28,105.3125,106.3125,104.25,105.1875,64.83319091796875,8847800
1998-09-29,105.375,105.9375,103.375,104.9375,64.67909240722656,10618100
1998-09-30,103.5,104.3125,101.375,101.75,62.71445083618164,7908400
1998-10-01,100.03125,101.546875,98.09375,98.8125,60.9039192199707,13335600
1998-10-02,98.875,100.875,97.21875,100.71875,62.07883834838867,14351800
1998-10-05,99.59375,99.96875,96.34375,98.6875,60.82688522338867,12807200
1998-10-06,100.75,101.28125,97.53125,98.59375,60.76911544799805,12621000
1998-10-07,98.625,100.03125,95.75,97.125,59.863792419433594,14348500
1998-10-08,94.5625,96.75,92.21875,96.59375,59.536338806152344,20625000
1998-10-09,97.0,98.78125,94.0625,98.53125,60.730594635009766,12708500
1998-10-12,100.625,101.4375,99.6875,99.96875,61.616580963134766,9508500
1998-10-13,99.5625,100.40625,98.75,99.625,61.40467071533203,6256800
1998-10-14,98.9375,101.8125,98.84375,100.5625,61.98253631591797,8176900
1998-10-15,100.125,107.25,99.9375,105.96875,65.31471252441406,20541100
1998-10-16,106.125,106.75,105.0,106.0,65.33399200439453,16573900
1998-10-19,105.6875,106.8125,105.5,106.375,65.56513977050781,7915900
1998-10-20,107.5625,108.796875,106.09375,107.0,65.95036315917969,14611600
1998-10-21,106.875,107.625,105.875,106.625,65.71920013427734,9178400
1998-10-22,106.78125,108.46875,106.15625,108.21875,66.70155334472656,8277500
1998-10-23,107.96875,108.0,106.78125,106.84375,65.85400390625,6237200
1998-10-26,107.71875,108.46875,106.78125,107.625,66.3355712890625,5838600
1998-10-27,108.4375,108.96875,106.28125,107.0,65.95036315917969,10089700
1998-10-28,106.5625,107.53125,106.03125,106.8125,65.83475494384766,5650600
1998-10-29,107.09375,109.4375,106.625,109.40625,67.43346405029297,9625600
1998-10-30,110.125,110.90625,109.5,110.0,67.79939270019531,9872800
1998-11-02,110.8125,111.875,110.1875,111.875,68.95506286621094,6501400
1998-11-03,111.59375,111.8125,110.75,111.0625,68.45429229736328,6866000
1998-11-04,112.46875,113.09375,111.09375,112.25,69.18624877929688,8233600
1998-11-05,111.53125,113.9375,111.125,113.78125,70.13003540039062,6841500
1998-11-06,113.46875,114.5625,113.3125,114.125,70.34188079833984,5224800
1998-11-09,113.9375,114.25,112.5,113.3125,69.8410873413086,6188700
1998-11-10,113.0,113.9375,112.25,113.0,69.64850616455078,14015200
1998-11-11,113.8125,114.0,111.890625,112.25,69.18624877929688,10922400
1998-11-12,112.3125,113.125,111.6875,112.125,69.10917663574219,5457400
1998-11-13,112.21875,113.21875,112.125,113.21875,69.78329467773438,5524600
1998-11-16,114.21875,114.359375,112.890625,114.0625,70.30337524414062,6023700
1998-11-17,113.65625,115.625,113.0,114.0625,70.30337524414062,9058900
1998-11-18,114.3125,115.0,113.5,114.75,70.72709655761719,4567700
1998-11-19,115.28125,115.90625,114.625,115.75,71.34346771240234,5249300
1998-11-20,116.359375,116.75,115.84375,116.625,71.88282012939453,5562000
1998-11-23,117.46875,119.625,117.15625,119.375,73.57780456542969,7151300
1998-11-24,119.0,119.65625,118.453125,118.625,73.11551666259766,5323700
1998-11-25,118.9375,119.1875,118.21875,118.625,73.11551666259766,4393500
1998-11-27,119.46875,119.71875,119.015625,119.5,73.65482330322266,4557900
1998-11-30,119.015625,119.375,116.125,116.125,71.57463073730469,8705400
1998-12-01,116.125,118.03125,115.21875,117.625,72.49919891357422,8950600
1998-12-02,117.21875,117.90625,116.0,117.28125,72.28724670410156,7495500
1998-12-03,117.25,118.3125,115.09375,115.34375,71.09304809570312,12145300
1998-12-04,116.625,118.5,116.5,118.375,72.96138763427734,10339500
1998-12-07,118.0625,119.46875,118.0,118.9375,73.30811309814453,4290000
1998-12-08,118.53125,119.75,117.5,118.40625,72.9806900024414,10102600
1998-12-09,118.6875,118.96875,117.875,118.625,73.11551666259766,5327900
1998-12-10,118.84375,118.84375,116.71875,116.890625,72.04647827148438,5966600
1998-12-11,116.4375,117.34375,115.5625,117.125,72.19098663330078,8198200
1998-12-14,116.15625,116.40625,113.75,113.75,70.11076354980469,9521400
1998-12-15,114.6875,116.75,114.53125,116.6875,71.92130279541016,9631500
1998-12-16,117.125,117.125,115.75,116.53125,71.82500457763672,7260000
1998-12-17,117.21875,118.59375,117.03125,118.390625,72.9710464477539,6914700
1998-12-18,118.3125,119.125,117.875,118.5,73.28109741210938,4802400
1998-12-21,119.25,121.34375,119.0,120.15625,74.30535888671875,8580700
1998-12-22,120.40625,121.21875,119.1875,120.6875,74.63386535644531,5461100
1998-12-23,121.1875,123.21875,120.8125,123.21875,76.19918060302734,7791000
1998-12-24,123.15625,123.25,122.5,122.6875,75.87067413330078,1507100
1998-12-28,123.25,123.3125,122.0,122.375,75.67741394042969,4203600
1998-12-29,122.71875,124.484375,122.125,124.3125,76.87559509277344,3935800
1998-12-30,123.9375,124.75,123.03125,123.3125,76.25717163085938,6810700
1998-12-31,123.3125,123.9375,122.46875,123.3125,76.25717163085938,6790500
1999-01-04,123.375,125.21875,121.71875,123.03125,76.08328247070312,9450400
1999-01-05,122.9375,124.875,122.9375,124.4375,76.95287322998047,8031000
1999-01-06,125.8125,127.75,125.75,127.4375,78.80811309814453,7737700
1999-01-07,126.375,127.21875,125.78125,126.8125,78.42159271240234,5504900
1999-01-08,128.1875,128.5,125.96875,127.75,79.00135803222656,6224400
1999-01-11,127.6875,127.6875,125.21875,126.53125,78.24768829345703,7578300
1999-01-12,126.21875,126.21875,123.75,124.25,76.83692932128906,7768800
1999-01-13,120.40625,125.125,120.375,123.375,76.29582214355469,10810600
1999-01-14,123.625,123.90625,120.90625,121.21875,74.96240234375,11400700
1999-01-15,122.375,124.78125,122.0625,124.375,76.91425323486328,7817700
1999-01-19,125.296875,125.625,123.5,125.1875,77.41670227050781,6535100
1999-01-20,126.09375,127.9375,125.03125,126.1875,78.03511047363281,6534400
1999-01-21,125.578125,125.84375,122.59375,122.84375,75.96728515625,6937500
1999-01-22,122.125,123.84375,121.78125,122.5625,75.79341125488281,7522300
1999-01-25,123.28125,124.0,121.90625,123.8125,76.56636047363281,5700300
1999-01-26,124.125,126.0625,123.625,126.0625,77.95783996582031,6047000
1999-01-27,126.375,126.625,124.15625,124.59375,77.04951477050781,7399400
1999-01-28,125.25,126.96875,125.1875,126.6875,78.34432983398438,5961700
1999-01-29,127.34375,128.296875,125.40625,127.65625,78.94340515136719,6456800
1999-02-01,128.6875,128.6875,126.90625,126.90625,78.47958374023438,9426800
1999-02-02,127.078125,127.21875,124.765625,126.125,77.9964599609375,9194500
1999-02-03,125.6875,127.9375,125.65625,127.40625,78.78878021240234,10290700
1999-02-04,127.375,127.5,124.78125,125.5,77.60997009277344,7761100
1999-02-05,125.65625,125.65625,123.21875,124.0625,76.72098541259766,7516100
1999-02-08,125.09375,125.09375,123.34375,124.3125,76.87559509277344,8528400
1999-02-09,124.375,124.5,121.515625,121.53125,75.15562438964844,8985700
1999-02-10,122.125,123.0,121.328125,122.3125,75.63878631591797,6936700
1999-02-11,123.0625,126.09375,122.5,125.125,77.37802124023438,9181800
1999-02-12,124.8125,125.5,122.625,123.625,76.450439453125,10676600
1999-02-16,124.75,125.625,122.875,122.875,75.98663330078125,6915500
1999-02-17,123.1875,125.359375,122.25,122.75,75.90931701660156,7858100
1999-02-18,123.1875,124.375,122.21875,123.71875,76.50840759277344,9048900
1999-02-19,124.0,125.75,123.375,124.25,76.83692932128906,5312200
1999-02-22,124.4375,127.71875,124.28125,127.5625,78.88540649414062,10695800
1999-02-23,127.59375,128.5,126.59375,127.5,78.84676361083984,7770700
1999-02-24,127.84375,128.84375,125.0,125.25,77.45531463623047,7271000
1999-02-25,124.53125,125.28125,122.6875,124.0625,76.72098541259766,11633000
1999-02-26,124.75,124.84375,122.8125,123.5625,76.41178131103516,9621300
1999-03-01,123.65625,124.3125,122.375,123.90625,76.62432861328125,7607200
1999-03-02,124.5,125.3125,122.3125,122.8125,75.94800567626953,9651500
1999-03-03,123.09375,123.5625,121.78125,123.46875,76.35379028320312,7881400
1999-03-04,124.0625,125.484375,123.265625,125.03125,77.32008361816406,8256400
1999-03-05,127.5,128.125,126.5625,127.546875,78.87576293945312,10703100
1999-03-08,128.28125,128.796875,127.25,128.375,79.38785552978516,4802200
1999-03-09,128.125,129.9375,127.75,128.0625,79.19462585449219,7893400
1999-03-10,128.46875,129.25,127.78125,129.1875,79.8902816772461,3950000
1999-03-11,129.6875,131.1875,128.875,130.625,80.77928161621094,6583700
1999-03-12,131.0,131.03125,129.21875,129.375,80.00626373291016,5286500
1999-03-15,129.9375,131.25,129.5,131.21875,81.14640808105469,5394400
1999-03-16,131.125,131.65625,130.46875,130.71875,80.83724975585938,4547500
1999-03-17,130.6875,130.9375,129.625,130.15625,80.48944854736328,4524100
1999-03-18,129.78125,132.375,129.75,132.25,81.78417205810547,3506300
1999-03-19,132.3125,132.625,129.6875,129.6875,80.39405822753906,5526700
1999-03-22,130.0625,130.59375,129.421875,129.9375,80.54902648925781,4603800
1999-03-23,129.3125,129.53125,125.703125,126.1875,78.22440338134766,9713800
1999-03-24,126.84375,127.171875,125.625,126.90625,78.66995239257812,6280900
1999-03-25,128.0625,129.5,127.75,129.5,80.27779388427734,6639600
1999-03-26,128.625,129.125,127.71875,128.5625,79.6966781616211,6159700
1999-03-29,129.15625,131.4375,129.15625,131.15625,81.30455017089844,5863900
1999-03-30,129.9375,131.21875,129.5625,130.46875,80.87833404541016,5401400
1999-03-31,131.15625,131.609375,128.3125,128.375,79.5804214477539,7413600
1999-04-01,129.6875,129.6875,128.125,129.34375,80.18092346191406,7683600
1999-04-05,130.9375,132.59375,130.25,132.40625,82.07942199707031,5791100
1999-04-06,132.1875,132.984375,131.15625,132.09375,81.88567352294922,5381300
1999-04-07,132.6875,133.375,131.375,133.15625,82.54432678222656,6248600
1999-04-08,133.1875,134.9375,132.28125,134.84375,83.59044647216797,5909100
1999-04-09,134.4375,135.5,133.59375,134.875,83.60977935791016,4365800
1999-04-12,133.46875,136.40625,133.21875,136.3125,84.50090026855469,8213200
1999-04-13,136.25,136.46875,134.5,135.4375,83.9584732055664,10071400
1999-04-14,136.0625,136.0625,132.6875,133.15625,82.54432678222656,11551700
1999-04-15,133.4375,133.5625,131.0,132.65625,82.23439025878906,11150000
1999-04-16,132.90625,132.90625,131.1875,131.53125,81.5369873046875,6476200
1999-04-19,132.6875,134.53125,128.375,129.5,80.27779388427734,12487200
1999-04-20,129.8125,131.1875,129.0,131.125,81.2851791381836,9049600
1999-04-21,131.0625,135.625,130.40625,134.875,83.60977935791016,5772200
1999-04-22,135.125,136.375,134.390625,136.15625,84.4040756225586,6897400
1999-04-23,135.875,136.75,135.0,135.8125,84.1909408569336,4593100
1999-04-26,136.5,136.8125,135.46875,136.59375,84.67524719238281,3606500
1999-04-27,137.125,137.5,135.84375,137.25,85.08206939697266,5147200
1999-04-28,136.4375,137.25,135.0,135.375,83.91976165771484,5544300
1999-04-29,135.5625,136.0625,133.8125,134.34375,83.28048706054688,9824300
1999-04-30,135.09375,135.625,131.5,133.25,82.60242462158203,10991900
1999-05-03,133.4375,135.84375,133.09375,135.6875,84.11344909667969,10709700
1999-05-04,135.125,135.8125,133.125,133.75,82.91241455078125,10509300
1999-05-05,133.9375,135.0625,131.84375,134.8125,83.57105255126953,10032300
1999-05-06,134.4375,135.125,132.375,133.984375,83.05770874023438,13507200
1999-05-07,134.5,135.125,133.4375,135.0,83.68732452392578,8680700
1999-05-10,134.84375,135.71875,133.53125,134.328125,83.2707748413086,5580100
1999-05-11,135.3125,136.875,134.71875,135.6875,84.11344909667969,7000600
1999-05-12,135.75,137.21875,131.5,136.75,84.7721176147461,13865800
1999-05-13,137.25,138.0,136.8125,137.34375,85.14018249511719,4485700
1999-05-14,134.5625,135.875,133.5,133.78125,82.93180847167969,8370100
1999-05-17,133.625,134.484375,132.375,134.1875,83.18363952636719,6268100
1999-05-18,134.53125,134.984375,132.625,133.9375,83.02865600585938,8218600
1999-05-19,134.46875,135.0,133.25,134.90625,83.6291732788086,5052400
1999-05-20,135.125,135.59375,134.0625,134.09375,83.12549591064453,4670400
1999-05-21,134.125,134.6875,132.59375,133.34375,82.66060638427734,6418200
1999-05-24,133.84375,133.84375,130.390625,131.125,81.2851791381836,7952000
1999-05-25,131.375,132.34375,128.4375,129.0,79.96785736083984,15406400
1999-05-26,129.3125,131.0,128.09375,130.4375,80.8589859008789,12575900
1999-05-27,129.84375,130.28125,128.0,128.5625,79.6966781616211,14515400
1999-05-28,129.0,130.75,128.59375,130.203125,80.71369934082031,8748000
1999-06-01,130.125,130.15625,128.375,129.75,80.43280029296875,6705300
1999-06-02,129.75,130.1875,128.015625,129.875,80.51028442382812,6981900
1999-06-03,130.6875,130.875,129.78125,130.59375,80.9558334350586,6076600
1999-06-04,131.46875,133.359375,130.9375,133.21875,82.58308410644531,9787200
1999-06-07,133.4375,134.1875,132.90625,133.5625,82.79615783691406,5299100
1999-06-08,133.375,133.796875,131.59375,132.25,81.98253631591797,4895700
1999-06-09,132.40625,133.09375,131.8125,132.125,81.90507507324219,7409700
1999-06-10,131.4375,131.46875,129.59375,130.90625,81.1495590209961,7040700
1999-06-11,131.21875,132.21875,129.09375,129.8125,80.4715347290039,12824800
1999-06-14,130.6875,130.75,129.546875,129.9375,80.54902648925781,6823500
1999-06-15,130.46875,131.65625,130.078125,130.8125,81.09142303466797,5700900
1999-06-16,132.375,133.875,132.375,133.3125,82.64116668701172,7865800
1999-06-17,132.875,135.5625,132.625,134.5625,83.41612243652344,8162800
1999-06-18,134.0625,134.6875,133.375,134.3125,83.5124740600586,2875100
1999-06-21,134.46875,135.25,133.65625,134.625,83.70677947998047,4646400
1999-06-22,134.0,135.1875,133.5,133.6875,83.12386322021484,5862400
1999-06-23,133.0,133.625,132.125,133.03125,82.71581268310547,9629200
1999-06-24,132.875,132.9375,130.65625,132.03125,82.09403228759766,9176900
1999-06-25,132.59375,133.015625,131.25,131.703125,81.89000701904297,4087000
1999-06-28,132.6875,133.625,132.5,133.3125,82.89066314697266,5028900
1999-06-29,133.0,135.1875,132.78125,134.5625,83.66793823242188,6956200
1999-06-30,134.625,137.5,133.84375,137.0,85.1834716796875,16856100
1999-07-01,137.0,138.5,136.0625,138.03125,85.82467651367188,9939500
1999-07-02,138.125,139.5,137.90625,139.40625,86.67964172363281,3772800
1999-07-06,139.25,140.75,138.59375,139.375,86.66017150878906,11221100
1999-07-07,139.0625,139.71875,138.515625,139.5625,86.77678680419922,3230700
1999-07-08,139.0625,140.625,138.75,139.671875,86.84478759765625,7101500
1999-07-09,140.0,140.59375,139.5625,140.5,87.35968780517578,2976800
1999-07-12,140.9375,140.9375,139.5,139.875,86.97111511230469,4436300
1999-07-13,139.375,139.921875,138.65625,139.375,86.66017150878906,6477600
1999-07-14,140.0,140.21875,138.75,140.15625,87.14595031738281,4382500
1999-07-15,140.78125,141.375,140.3125,141.046875,87.69975280761719,3348600
1999-07-16,141.25,142.15625,140.75,141.8125,88.17578887939453,2281500
1999-07-19,142.1875,142.25,140.5625,140.875,87.59286499023438,4287000
1999-07-20,140.125,140.40625,137.53125,137.984375,85.79553985595703,7060100
1999-07-21,138.09375,138.90625,137.3125,137.828125,85.69839477539062,4793700
1999-07-22,137.4375,138.0,135.46875,136.015625,84.57141876220703,7804100
1999-07-23,136.65625,137.0,135.125,135.75,84.40628814697266,4603000
1999-07-26,134.875,136.125,134.625,134.75,83.78449249267578,4333400
1999-07-27,136.0,137.203125,135.375,135.875,84.48399353027344,5908500
1999-07-28,136.25,137.3125,135.59375,136.3125,84.75598907470703,3955500
1999-07-29,134.9375,135.25,133.3125,134.40625,83.57077026367188,7760600
1999-07-30,134.8125,135.34375,132.5625,132.75,82.54093933105469,5994300
1999-08-02,132.75,134.75,132.5,133.0625,82.73522186279297,6065500
1999-08-03,133.71875,133.84375,131.375,132.4375,82.34663391113281,5445400
1999-08-04,132.71875,133.875,130.4375,130.625,81.21964263916016,6497900
1999-08-05,130.875,131.9375,128.84375,131.8125,81.95804595947266,10322000
1999-08-06,131.21875,132.0,129.5,130.375,81.06417083740234,7537700
1999-08-09,130.59375,131.796875,129.75,130.09375,80.88937377929688,5565900
1999-08-10,129.875,130.15625,127.0,128.65625,79.99553680419922,9793300
1999-08-11,129.6875,130.53125,128.625,130.21875,80.96705627441406,8003400
1999-08-12,130.6875,131.8125,129.90625,130.140625,80.91848754882812,7036800
1999-08-13,131.625,133.25,131.125,133.15625,82.79353332519531,5857700
1999-08-16,133.125,133.96875,132.25,133.75,83.16271209716797,3927000
1999-08-17,134.4375,134.84375,133.125,134.625,83.70677947998047,4808000
1999-08-18,134.203125,134.375,133.25,133.65625,83.10441589355469,4355500
1999-08-19,132.375,133.234375,131.6875,132.5625,82.42431640625,6448100
1999-08-20,133.0625,134.125,132.6875,133.90625,83.25989532470703,3663700
1999-08-23,134.8125,136.546875,134.65625,136.46875,84.8531494140625,5637800
1999-08-24,136.0625,137.96875,135.375,136.96875,85.1640853881836,9279500
1999-08-25,137.1875,138.78125,136.15625,138.375,86.0384292602539,6005300
1999-08-26,138.28125,138.421875,136.5,136.71875,85.00863647460938,4322300
1999-08-27,136.875,137.0625,135.0625,135.0625,83.97882080078125,6247400
1999-08-30,135.34375,135.5,132.0,132.5625,82.42431640625,4652000
1999-08-31,132.9375,133.75,130.875,132.0625,82.11344146728516,11453700
1999-09-01,132.9375,133.734375,132.3125,133.6875,83.12386322021484,6863900
1999-09-02,132.125,132.671875,130.65625,132.109375,82.14260864257812,10896300
1999-09-03,134.875,136.5,134.6875,135.96875,84.54224395751953,9160800
1999-09-07,136.0625,136.625,135.21875,135.46875,84.23137664794922,4560800
1999-09-08,134.84375,136.0625,134.03125,134.8125,83.82333374023438,6159600
1999-09-09,134.75,135.25,133.6875,134.75,83.78449249267578,6177800
1999-09-10,136.25,136.359375,134.9375,135.875,84.48399353027344,2934500
1999-09-13,135.125,135.46875,134.5,134.953125,83.91075134277344,2320500
1999-09-14,134.0625,134.5625,133.375,134.0625,83.35700988769531,3736000
1999-09-15,135.4375,135.4375,131.875,131.9375,82.0357437133789,6984500
1999-09-16,132.5,132.8125,130.3125,132.453125,82.3563232421875,15377600
1999-09-17,132.625,133.9375,132.15625,133.75,83.39695739746094,8542300
1999-09-20,133.9375,134.0,133.09375,133.5625,83.28001403808594,2803900
1999-09-21,132.25,132.46875,130.15625,130.75,81.52633666992188,9335200
1999-09-22,131.25,131.84375,129.75,130.609375,81.4386978149414,13009100
1999-09-23,131.8125,131.8125,127.625,127.875,79.73372650146484,12204100
1999-09-24,127.75,128.375,126.3125,127.75,79.65576171875,13792900
1999-09-27,128.75,129.75,128.28125,128.59375,80.1818618774414,6970300
1999-09-28,127.9375,128.8125,125.5625,128.34375,80.0259780883789,11063400
1999-09-29,128.4375,129.125,126.75,126.8125,79.07120513916016,7580300
1999-09-30,127.4375,129.4375,126.96875,128.75,80.27928161621094,7498900
1999-10-01,127.9375,128.5625,126.625,128.46875,80.10391998291016,11127100
1999-10-04,129.1875,130.875,128.75,130.75,81.52633666992188,6341600
1999-10-05,130.71875,131.96875,128.6875,130.625,81.4483871459961,11976000
1999-10-06,130.75,132.8125,130.6875,132.625,82.69542694091797,10308200
1999-10-07,132.859375,133.0,131.5,131.875,82.22782135009766,6535600
1999-10-08,131.75,133.875,131.234375,133.875,83.47484588623047,9674300
1999-10-11,133.59375,134.125,133.3125,133.65625,83.33846282958984,4282000
1999-10-12,133.125,133.3125,131.1875,131.59375,82.05244445800781,8686100
1999-10-13,130.6875,131.3125,128.1875,128.1875,79.92854309082031,10469300
1999-10-14,128.484375,129.1875,126.75,128.15625,79.9090805053711,10562200
1999-10-15,126.0,126.75,124.5,124.875,77.86315155029297,14238700
1999-10-18,124.9375,125.9375,123.4375,125.78125,78.42819213867188,9758800
1999-10-19,127.1875,128.25,125.9375,127.0,79.18814086914062,14392900
1999-10-20,127.75,129.46875,127.125,128.25,79.967529296875,9759400
1999-10-21,127.21875,129.0,126.625,129.0,80.4351577758789,9105400
1999-10-22,129.75,131.21875,129.5625,130.09375,81.11719512939453,8309600
1999-10-25,129.3125,130.46875,128.75,129.4375,80.70797729492188,8114300
1999-10-26,130.1875,130.6875,127.8125,127.8125,79.6947250366211,6256300
1999-10-27,128.375,130.3125,128.25,130.125,81.13662719726562,5433300
1999-10-28,132.4375,134.859375,132.1875,134.5625,83.90355682373047,10509700
1999-10-29,135.84375,137.6875,135.71875,137.0,85.42339324951172,10988600
1999-11-01,136.5,137.0,135.5625,135.5625,84.52709197998047,4006500
1999-11-02,135.96875,137.25,134.59375,134.59375,83.92301940917969,6516900
1999-11-03,136.0,136.375,135.125,135.5,84.48809051513672,7222300
1999-11-04,136.75,137.359375,135.765625,136.53125,85.131103515625,7907500
1999-11-05,138.625,139.109375,136.78125,137.875,85.96900939941406,7431500
1999-11-08,137.0,138.375,136.75,138.0,86.04688262939453,4649200
1999-11-09,138.5,138.6875,136.28125,136.703125,85.23828887939453,4533700
1999-11-10,136.25,138.390625,136.078125,137.71875,85.87157440185547,6405600
1999-11-11,138.1875,138.5,137.46875,138.5,86.35868835449219,4794100
1999-11-12,139.25,139.984375,137.125,139.75,87.13810729980469,11802900
1999-11-15,139.84375,140.25,139.40625,140.078125,87.34268188476562,2187500
1999-11-16,140.5625,143.0,140.09375,141.25,88.07337951660156,7544800
1999-11-17,142.25,142.9375,141.3125,141.625,88.30723571777344,9459000
1999-11-18,142.4375,143.0,141.625,142.625,88.93074798583984,4491000
1999-11-19,142.40625,142.96875,142.0,142.5,88.85282135009766,4832100
1999-11-22,142.4375,143.0,141.5,142.46875,88.83328247070312,4155400
1999-11-23,142.84375,142.84375,140.375,141.21875,88.05387115478516,5918000
1999-11-24,140.75,142.4375,140.0,141.96875,88.52156829833984,4459700
1999-11-26,142.46875,142.875,141.25,141.4375,88.19034576416016,1693900
1999-11-29,140.875,141.921875,140.4375,140.9375,87.87853240966797,7348600
1999-11-30,140.75,142.3125,139.0,139.28125,86.84583282470703,7682000
1999-12-01,139.3125,140.5,139.0,140.40625,87.54725646972656,6980200
1999-12-02,140.625,141.375,140.375,141.25,88.07337951660156,6698300
1999-12-03,143.03125,145.34375,143.03125,143.84375,89.69066619873047,10045400
1999-12-06,143.53125,143.71875,142.25,142.78125,89.02812957763672,3138900
1999-12-07,143.28125,143.3125,141.375,141.625,88.30723571777344,10714200
1999-12-08,141.34375,142.0625,140.5,140.71875,87.7421646118164,4611400
1999-12-09,141.8125,142.21875,139.375,141.40625,88.17080688476562,6474700
1999-12-10,142.28125,142.8125,140.875,141.875,88.46308135986328,5127300
1999-12-13,141.4375,142.71875,141.28125,142.125,88.61896514892578,4210800
1999-12-14,141.625,142.484375,140.625,140.75,87.76165771484375,5739000
1999-12-15,140.375,142.203125,140.03125,141.5,88.2292709350586,6879100
1999-12-16,142.1875,142.65625,141.15625,142.125,88.61896514892578,5854900
1999-12-17,143.0,143.3125,142.0625,142.6875,89.18809509277344,4775400
1999-12-20,142.5625,143.1875,141.09375,141.65625,88.54356384277344,4608700
1999-12-21,141.59375,144.0625,141.34375,143.8125,89.89127349853516,7981300
1999-12-22,143.625,144.1875,142.96875,144.1875,90.12569427490234,5377500
1999-12-23,145.015625,146.484375,145.0,146.484375,91.56138610839844,5721700
1999-12-27,146.5,146.78125,145.0625,146.28125,91.43441772460938,2691000
1999-12-28,145.875,146.5,145.484375,146.1875,91.37582397460938,4084500
1999-12-29,146.3125,146.8125,145.3125,146.8125,91.76641082763672,3001000
1999-12-30,147.125,147.5625,146.1875,146.640625,91.6590347290039,3641300
1999-12-31,146.84375,147.5,146.25,146.875,91.80552673339844,3172700
2000-01-03,148.25,148.25,143.875,145.4375,90.9070053100586,8164300
2000-01-04,143.53125,144.0625,139.640625,139.75,87.35200500488281,8089800
2000-01-05,139.9375,141.53125,137.25,140.0,87.50823974609375,12177900
2000-01-06,139.625,141.5,137.75,137.75,86.10187530517578,6227200
2000-01-07,140.3125,145.75,140.0625,145.75,91.10235595703125,8066500
2000-01-10,146.25,146.90625,145.03125,146.25,91.41488647460938,5741700
2000-01-11,145.8125,146.09375,143.5,144.5,90.32101440429688,7503700
2000-01-12,144.59375,144.59375,142.875,143.0625,89.42247009277344,6907700
2000-01-13,144.46875,145.75,143.28125,145.0,90.6335678100586,5158300
2000-01-14,146.53125,147.46875,145.96875,146.96875,91.86412811279297,7437300
2000-01-18,145.34375,146.625,145.1875,145.8125,91.14142608642578,6488500
2000-01-19,145.3125,147.0,145.0,147.0,91.8836669921875,6157900
2000-01-20,146.96875,146.96875,143.8125,144.75,90.477294921875,5800100
2000-01-21,145.5,145.5,144.0625,144.4375,90.281982421875,6244800
2000-01-24,145.65625,145.84375,139.40625,140.34375,87.7231216430664,7896900
2000-01-25,140.515625,141.9375,139.0,141.9375,88.71932220458984,9942500
2000-01-26,141.0,141.546875,140.09375,140.8125,88.01611328125,5158100
2000-01-27,141.84375,142.21875,138.125,140.25,87.66456604003906,10922700
2000-01-28,139.4375,140.0625,135.53125,135.875,84.92991638183594,11916200
2000-01-31,135.8125,139.671875,135.0,139.5625,87.23478698730469,10768700
2000-02-01,139.75,141.6875,138.53125,140.9375,88.09426879882812,8419900
2000-02-02,141.28125,142.25,140.375,141.0625,88.17237854003906,6205900
2000-02-03,140.875,143.25,140.0,143.1875,89.50061798095703,7997500
2000-02-04,143.1875,144.0,142.125,142.59375,89.12954711914062,4925400
2000-02-07,142.5625,142.78125,141.4375,142.375,88.99275970458984,5845800
2000-02-08,143.96875,144.5625,143.625,144.3125,90.20382690429688,4936400
2000-02-09,144.46875,144.46875,141.265625,141.28125,88.30909729003906,8511500
2000-02-10,141.625,142.5625,140.875,141.5625,88.48493194580078,6690600
2000-02-11,141.84375,141.9375,138.03125,138.6875,86.68787384033203,9849800
2000-02-14,139.78125,139.78125,138.3125,139.5,87.19574737548828,8528800
2000-02-15,139.25,141.21875,137.796875,141.078125,88.18208312988281,11078300
2000-02-16,140.375,140.9375,138.796875,139.0,86.88320922851562,8845400
2000-02-17,140.4375,140.4375,138.21875,138.28125,86.43394470214844,7584200
2000-02-18,138.875,138.875,134.625,135.3125,84.57832336425781,9409200
2000-02-22,135.1875,136.34375,133.53125,134.96875,84.36346435546875,16415400
2000-02-23,135.625,137.46875,134.5,136.5625,85.3596420288086,12119000
2000-02-24,136.6875,137.03125,133.09375,133.8125,83.64067840576172,17375000
2000-02-25,135.1875,136.71875,133.125,133.328125,83.33793640136719,10559900
2000-02-28,133.375,136.6875,132.71875,136.125,85.08613586425781,13397800
2000-02-29,136.0625,137.4375,135.75,137.4375,85.90655517578125,8242500
2000-03-01,137.625,139.0,137.21875,138.4375,86.5316390991211,6868000
2000-03-02,138.6875,139.125,137.34375,138.53125,86.59019470214844,7600200
2000-03-03,140.4375,141.71875,139.71875,141.125,88.2114486694336,12770300
2000-03-06,140.8125,141.34375,138.75,139.75,87.35200500488281,11967100
2000-03-07,140.0,140.15625,135.21875,137.046875,85.66239929199219,20062000
2000-03-08,136.46875,137.84375,135.03125,136.875,85.55497741699219,11808500
2000-03-09,137.25,140.875,136.125,140.875,88.05514526367188,5500900
2000-03-10,140.1875,142.0,139.53125,140.125,87.58639526367188,7924600
2000-03-13,136.6875,140.46875,135.6875,138.59375,86.62925720214844,10540500
2000-03-14,139.28125,140.09375,136.15625,136.625,85.398681640625,8263900
2000-03-15,136.875,140.4375,136.0625,139.8125,87.39105224609375,10300800
2000-03-16,141.625,146.84375,140.875,146.34375,91.47347259521484,25601400
2000-03-17,145.8125,148.0,145.4375,146.9375,92.07805633544922,10272900
2000-03-20,146.875,147.34375,144.78125,146.1875,91.60803985595703,12502300
2000-03-21,145.53125,149.75,144.5,149.1875,93.48797607421875,13612600
2000-03-22,149.5625,150.84375,148.6875,150.09375,94.0558853149414,8260000
2000-03-23,149.15625,153.46875,149.15625,152.65625,95.66171264648438,11654500
2000-03-24,152.875,155.75,151.71875,153.5625,96.22958374023438,11462900
2000-03-27,153.375,153.78125,151.8125,151.9375,95.21125793457031,8798600
2000-03-28,151.25,152.984375,150.59375,151.0625,94.66291809082031,6334400
2000-03-29,151.5625,152.484375,149.65625,151.21875,94.76084899902344,6747500
2000-03-30,150.15625,151.921875,147.125,148.6875,93.17465209960938,9491900
2000-03-31,149.625,152.3125,148.4375,150.375,94.2322006225586,9249100
2000-04-03,150.125,151.25,148.6875,151.25,94.7804183959961,8508200
2000-04-04,151.75,153.0,141.390625,150.125,94.07544708251953,19585500
2000-04-05,147.875,150.8125,147.625,149.1875,93.48797607421875,8387200
2000-04-06,150.25,151.6875,149.0,150.484375,94.30066680908203,6378500
2000-04-07,151.5625,152.125,150.5,151.4375,94.89796447753906,6023600
2000-04-10,151.75,153.109375,150.3125,150.84375,94.52587127685547,9624200
2000-04-11,150.0,151.625,148.375,150.40625,94.25167846679688,9006400
2000-04-12,150.375,151.15625,146.15625,146.28125,91.66677856445312,10779200
2000-04-13,147.46875,148.15625,143.78125,144.25,90.3939208984375,12225800
2000-04-14,142.625,142.8125,133.5,136.0,85.22406005859375,29604000
2000-04-17,135.1875,140.75,134.6875,140.75,88.20064544677734,23918200
2000-04-18,140.5625,144.46875,139.78125,144.46875,90.53099822998047,11069200
2000-04-19,144.5,145.125,142.53125,143.125,89.68891143798828,6553700
2000-04-20,143.5625,143.9375,142.375,143.8125,90.1197738647461,8537600
2000-04-24,141.5,143.3125,140.5,142.25,89.14063262939453,12893100
2000-04-25,144.625,148.15625,144.4375,148.15625,92.841796875,14102000
2000-04-26,147.96875,148.75,146.0,146.484375,91.79409790039062,7711100
2000-04-27,143.0,147.34375,143.0,146.0,91.49052429199219,15595300
2000-04-28,147.0,147.859375,145.0625,145.09375,90.9226303100586,8743400
2000-05-01,146.5625,148.484375,145.84375,147.0625,92.15638732910156,7328300
2000-05-02,145.5,147.125,144.125,144.125,90.31558227539062,9411900
2000-05-03,144.0,144.0,139.78125,140.75,88.20064544677734,12630700
2000-05-04,142.0,142.359375,140.75,141.8125,88.8664779663086,5963600
2000-05-05,141.0625,144.0,140.9375,143.53125,89.94353485107422,7862400
2000-05-08,142.75,143.375,141.84375,142.453125,89.26795196533203,5064100
2000-05-09,143.0625,143.40625,140.265625,141.3125,88.5531234741211,5620300
2000-05-10,140.5,140.96875,137.75,138.125,86.5556869506836,10293900
2000-05-11,140.125,141.5,139.125,141.28125,88.53353881835938,7091100
2000-05-12,141.8125,143.46875,141.625,142.8125,89.49308776855469,5960800
2000-05-15,142.75,145.609375,142.0,145.28125,91.04012298583984,4441300
2000-05-16,146.5625,147.71875,145.3125,146.6875,91.92135620117188,8192200
2000-05-17,145.6875,146.1875,144.46875,145.15625,90.96179962158203,5907200
2000-05-18,145.625,146.3125,143.375,143.375,89.8455810546875,4325600
2000-05-19,142.5625,143.234375,140.40625,141.125,88.43563842773438,6518400
2000-05-22,141.25,141.46875,137.0,140.0625,87.76983642578125,10839400
2000-05-23,140.4375,140.8125,137.5625,138.0,86.47733306884766,7979200
2000-05-24,138.0,140.6875,136.5,140.25,87.8873291015625,11081500
2000-05-25,140.6875,141.8125,137.71875,137.84375,86.37940216064453,8278900
2000-05-26,138.8125,139.6875,137.328125,138.0,86.47733306884766,4814000
2000-05-30,140.0,142.9375,139.46875,142.5,89.29733276367188,5362700
2000-05-31,142.5625,144.0,142.09375,142.8125,89.49308776855469,6056500
2000-06-01,143.6875,145.4375,143.0,145.3125,91.05973052978516,8961600
2000-06-02,148.9375,149.09375,147.484375,147.84375,92.64593505859375,8962200
2000-06-05,147.46875,148.21875,146.875,147.125,92.195556640625,6998100
2000-06-06,146.625,147.78125,145.90625,146.46875,91.78430938720703,4858900
2000-06-07,146.625,148.0,146.0,147.484375,92.42070770263672,4919500
2000-06-08,147.5,147.75,146.0625,146.90625,92.05844116210938,5723100
2000-06-09,147.5,147.96875,145.625,146.59375,91.86264038085938,3085300
2000-06-12,146.96875,146.96875,144.875,144.875,90.7855453491211,3678900
2000-06-13,144.8125,147.75,144.625,147.59375,92.48927307128906,6558700
2000-06-14,148.25,148.875,147.1875,147.84375,92.64593505859375,6420500
2000-06-15,148.125,148.75,146.84375,148.15625,92.841796875,5881200
2000-06-16,148.3125,148.3125,145.875,146.59375,92.07891845703125,5567900
2000-06-19,146.46875,149.15625,146.25,148.46875,93.25665283203125,5106900
2000-06-20,148.1875,148.875,147.0,147.9375,92.92298889160156,6480000
2000-06-21,146.9375,148.4375,146.890625,147.875,92.88371276855469,3115000
2000-06-22,147.5625,147.6875,145.0,145.625,91.4704360961914,7490500
2000-06-23,145.8125,146.125,143.875,144.375,90.6852035522461,4863300
2000-06-26,145.375,146.25,144.875,146.234375,91.85320281982422,5201300
2000-06-27,145.984375,146.71875,145.015625,145.15625,91.17595672607422,4159500
2000-06-28,145.625,146.984375,145.3125,145.5625,91.43118286132812,5347700
2000-06-29,144.75,145.75,143.515625,144.1875,90.5675048828125,6345700
2000-06-30,143.9375,145.59375,143.890625,145.28125,91.25450897216797,7420200
2000-07-03,145.4375,147.4375,145.1875,147.28125,92.5107192993164,1436600
2000-07-05,146.375,146.65625,144.375,144.625,90.84229278564453,2748200
2000-07-06,144.9375,146.46875,144.21875,145.75,91.54895782470703,5963200
2000-07-07,146.6875,148.78125,146.25,148.09375,93.02112579345703,3034800
2000-07-10,147.875,148.90625,147.53125,147.84375,92.86402130126953,2816100
2000-07-11,147.46875,149.125,147.15625,148.15625,93.06035614013672,5431600
2000-07-12,149.28125,150.125,148.6875,149.125,93.66886138916016,5883000
2000-07-13,149.984375,150.375,149.1875,149.78125,94.0810775756836,5356000
2000-07-14,150.4375,151.25,149.671875,151.25,95.00357055664062,5341900
2000-07-17,150.984375,151.984375,150.6875,151.0,94.84654998779297,4208300
2000-07-18,150.625,150.625,149.34375,149.765625,94.07121276855469,4262100
2000-07-19,149.46875,149.90625,148.25,148.5625,93.3155288696289,8506800
2000-07-20,149.0,150.625,148.8125,150.625,94.6109848022461,4538900
2000-07-21,149.75,149.75,147.6875,147.6875,92.76589965820312,5656900
2000-07-24,148.125,148.859375,146.5625,146.84375,92.2359619140625,5628500
2000-07-25,147.75,147.84375,146.78125,147.3125,92.53040313720703,4757100
2000-07-26,146.96875,147.15625,145.640625,145.875,91.6274185180664,12062500
2000-07-27,145.9375,146.625,144.6875,145.375,91.3133773803711,7652600
2000-07-28,145.71875,145.90625,141.515625,142.09375,89.25236511230469,6229500
2000-07-31,142.9375,144.125,142.0625,143.0,89.82157135009766,5265500
2000-08-01,143.625,144.71875,143.125,143.875,90.37123107910156,3946600
2000-08-02,143.875,145.40625,143.625,144.59375,90.82264709472656,7439800
2000-08-03,142.875,145.8125,142.625,145.59375,91.45072937011719,4607100
2000-08-04,146.3125,146.71875,145.40625,146.375,91.9415283203125,3686600
2000-08-07,146.71875,148.4375,146.375,148.125,93.04069519042969,4159800
2000-08-08,147.5,148.8125,147.5,148.6875,93.39399719238281,3658700
2000-08-09,149.140625,149.21875,147.375,147.4375,92.60887145996094,5383800
2000-08-10,147.53125,147.859375,146.28125,146.71875,92.15741729736328,4193400
2000-08-11,146.625,148.0,145.5625,147.40625,92.58922576904297,5089400
2000-08-14,147.78125,149.5625,147.0625,149.28125,93.76697540283203,2966700
2000-08-15,149.34375,149.8125,148.5625,149.15625,93.68844604492188,5564600
2000-08-16,149.3125,149.9375,147.84375,148.625,93.35481262207031,5191600
2000-08-17,148.6875,150.4375,148.34375,150.1875,94.33624267578125,5652200
2000-08-18,150.375,150.375,149.21875,149.6875,94.02216339111328,4626400
2000-08-21,150.03125,150.71875,149.40625,150.5,94.5324935913086,2380600
2000-08-22,150.5625,151.3125,150.09375,150.25,94.37548828125,3075300
2000-08-23,149.8125,151.28125,149.28125,150.84375,94.74842834472656,5483200
2000-08-24,151.15625,151.5,150.5,151.3125,95.04280090332031,4529000
2000-08-25,151.15625,151.625,150.9375,151.25,95.00357055664062,2822200
2000-08-28,151.25,152.90625,151.25,151.765625,95.32748413085938,5518700
2000-08-29,151.4375,151.875,150.90625,151.796875,95.34711456298828,3561900
2000-08-30,151.3125,151.5,150.34375,150.34375,94.43441009521484,3964800
2000-08-31,151.0625,153.09375,150.90625,152.34375,95.69061279296875,4863100
2000-09-01,153.25,153.59375,152.0,152.5,95.78876495361328,3191200
2000-09-05,151.875,152.203125,150.8125,151.28125,95.02322387695312,3470800
2000-09-06,151.1875,151.953125,149.53125,149.5625,93.94364929199219,4322200
2000-09-07,150.25,151.078125,149.828125,150.84375,94.74842834472656,4265500
2000-09-08,150.28125,150.5,149.328125,149.8125,94.10065460205078,3518200
2000-09-11,149.75,151.1875,148.6875,149.59375,93.9632339477539,3937500
2000-09-12,149.75,150.25,148.4375,148.5,93.27627563476562,4769100
2000-09-13,148.0,149.34375,147.65625,148.890625,93.52156829833984,7691600
2000-09-14,149.875,149.9375,148.15625,149.640625,93.99274444580078,3397100
2000-09-15,148.1875,148.25,146.0,146.0,91.93634033203125,4085700
2000-09-18,146.375,146.96875,144.203125,144.65625,91.0901870727539,5109300
2000-09-19,145.125,146.3125,144.703125,145.96875,91.91667175292969,6588200
2000-09-20,145.6875,146.03125,143.15625,144.890625,91.23780822753906,6508100
2000-09-21,144.46875,145.5625,142.625,142.6875,89.85049438476562,5972300
2000-09-22,142.625,145.3125,142.421875,145.28125,91.48373413085938,7791300
2000-09-25,145.9375,146.0625,143.71875,144.25,90.83436584472656,9726300
2000-09-26,144.375,145.0,142.40625,142.40625,89.67340850830078,5302400
2000-09-27,143.5625,143.96875,142.125,143.15625,90.1456527709961,7186200
2000-09-28,143.1875,146.328125,142.890625,145.0,91.30664825439453,7036400
2000-09-29,145.46875,145.96875,143.625,143.625,90.44080352783203,9333600
2000-10-02,144.28125,144.90625,143.140625,143.84375,90.57856750488281,5517800
2000-10-03,144.53125,145.75,142.28125,142.5,89.732421875,9347200
2000-10-04,142.875,144.25,141.75,143.6875,90.48014831542969,6148900
2000-10-05,143.40625,144.84375,143.3125,144.1875,90.7950210571289,4566900
2000-10-06,143.875,144.640625,139.75,141.0625,88.82720947265625,10014900
2000-10-09,141.3125,141.3125,139.375,140.0,88.15811157226562,4508000
2000-10-10,140.09375,141.25,137.6875,137.6875,86.70195007324219,6104700
2000-10-11,137.625,138.625,135.125,136.53125,85.973876953125,10346000
2000-10-12,137.28125,137.59375,132.78125,133.125,83.82897186279297,12336900
2000-10-13,132.9375,137.65625,132.875,137.5625,86.62321472167969,11778800
2000-10-16,137.40625,138.234375,136.6875,138.1875,87.01681518554688,5659000
2000-10-17,138.4375,138.5625,134.40625,134.75,84.85218811035156,7831700
2000-10-18,132.625,136.125,130.15625,134.25,84.53733825683594,10897300
2000-10-19,136.84375,139.453125,136.4375,139.3125,87.7251968383789,8767300
2000-10-20,138.375,141.1875,138.375,139.90625,88.09909057617188,7373500
2000-10-23,139.9375,141.03125,138.9375,140.53125,88.49271392822266,5290000
2000-10-24,140.96875,141.9375,139.0,139.59375,87.90232849121094,5750700
2000-10-25,138.75,139.5625,136.125,136.3125,85.83609771728516,9137600
2000-10-26,137.125,137.65625,134.03125,136.6875,86.0722427368164,9345800
2000-10-27,137.875,139.28125,136.625,139.28125,87.70553588867188,9762900
2000-10-30,138.4375,141.09375,138.15625,140.53125,88.49271392822266,10154100
2000-10-31,141.015625,143.6875,140.0625,142.953125,90.01773834228516,7752400
2000-11-01,142.25,143.25,141.21875,142.46875,89.7126693725586,6753600
2000-11-02,143.15625,143.90625,142.515625,142.703125,89.86028289794922,11395100
2000-11-03,143.46875,143.75,142.375,142.78125,89.90945434570312,5187100
2000-11-06,143.15625,144.296875,143.03125,143.78125,90.53921508789062,4042500
2000-11-07,143.140625,144.0,142.5625,143.75,90.51950073242188,5231300
2000-11-08,144.0625,144.0625,140.5625,140.5625,88.51236724853516,6123300
2000-11-09,140.0,141.21875,137.25,140.03125,88.17781829833984,10635300
2000-11-10,139.0,139.46875,136.53125,136.625,86.03291320800781,8569500
2000-11-13,135.625,136.984375,133.015625,135.5625,85.36385345458984,17285300
2000-11-14,137.46875,139.625,137.0,139.125,87.60717010498047,7668900
2000-11-15,139.0625,140.109375,137.75,139.5625,87.88262176513672,8837700
2000-11-16,138.578125,139.875,137.3125,137.375,86.50518035888672,6684100
2000-11-17,137.3125,139.0,135.75,136.640625,86.04273986816406,6551100
2000-11-20,135.75,136.375,134.3125,134.6875,84.81288146972656,5458500
2000-11-21,134.875,136.1875,133.515625,135.375,85.24580383300781,7684300
2000-11-22,134.34375,134.875,132.125,132.140625,83.20907592773438,5736900
2000-11-24,133.625,134.96875,133.625,134.84375,84.91124725341797,3411600
2000-11-27,136.46875,136.6875,135.3125,136.03125,85.6590347290039,5992000
2000-11-28,135.125,136.59375,133.640625,133.6875,84.18313598632812,5336100
2000-11-29,134.375,135.90625,133.265625,133.4375,84.02574157714844,6914100
2000-11-30,132.5,133.5,129.75,132.28125,83.29764556884766,11201600
2000-12-01,133.1875,134.0625,131.0,132.21875,83.25826263427734,7587200
2000-12-04,131.875,133.875,131.5,133.34375,83.96672058105469,6996600
2000-12-05,134.875,138.25,134.40625,137.71875,86.72164154052734,8883400
2000-12-06,137.78125,138.34375,135.03125,135.515625,85.3343276977539,12888000
2000-12-07,134.875,135.875,133.65625,133.65625,84.16349029541016,6529100
2000-12-08,137.0625,139.46875,133.875,133.96875,84.3602523803711,10276300
2000-12-11,137.375,139.5625,136.71875,138.625,87.29228973388672,6405600
2000-12-12,138.1875,138.8125,137.375,138.03125,86.91839599609375,5022900
2000-12-13,139.25,139.40625,136.03125,136.140625,85.72785949707031,6070500
2000-12-14,135.875,136.5,134.03125,134.40625,84.63577270507812,7678400
2000-12-15,133.125,133.125,130.5625,130.96875,82.72410583496094,9065300
2000-12-18,132.0625,133.46875,131.765625,132.71875,83.82943725585938,7235400
2000-12-19,132.46875,134.96875,130.015625,130.015625,82.12208557128906,9616600
2000-12-20,128.625,128.9375,126.09375,126.25,79.74358367919922,9994300
2000-12-21,126.0,128.859375,125.53125,127.125,80.29627227783203,14331500
2000-12-22,129.0,131.109375,128.84375,130.9375,82.70435333251953,10182900
2000-12-26,130.84375,132.34375,130.28125,132.34375,83.59260559082031,4665300
2000-12-27,131.75,133.734375,131.25,133.3125,84.20451354980469,4854100
2000-12-28,132.8125,133.875,132.59375,133.71875,84.4611587524414,8358700
2000-12-29,134.0625,134.28125,131.1875,131.1875,82.86231231689453,8774600
2001-01-02,132.0,132.15625,127.5625,128.8125,81.36216735839844,8737500
2001-01-03,128.3125,136.0,127.65625,135.0,85.2704086303711,19431600
2001-01-04,134.9375,135.46875,133.0,133.546875,84.3525390625,9219000
2001-01-05,133.46875,133.625,129.1875,129.1875,81.5989990234375,12911400
2001-01-08,129.875,130.1875,127.6875,130.1875,82.23067474365234,6625300
2001-01-09,131.046875,131.5,129.421875,129.84375,82.01353454589844,5702400
2001-01-10,129.0,132.125,128.8125,132.125,83.4544448852539,8746100
2001-01-11,131.09375,133.484375,131.09375,132.25,83.53340148925781,7245100
2001-01-12,132.6875,133.71875,131.28125,132.0,83.37549591064453,7244000
2001-01-16,132.0,133.1875,131.515625,132.84375,83.90843200683594,8542200
2001-01-17,134.84375,135.046875,132.640625,133.453125,84.2933120727539,7851400
2001-01-18,133.4375,135.703125,132.9375,134.78125,85.1321792602539,8107000
2001-01-19,136.1875,136.1875,133.875,134.015625,84.64861297607422,7782500
2001-01-22,134.25,135.78125,133.5625,134.90625,85.211181640625,7050900
2001-01-23,134.46875,136.65625,134.15625,135.96875,85.88227081298828,8463100
2001-01-24,136.25,137.3125,135.84375,136.375,86.13884735107422,6199900
2001-01-25,136.25,137.25,135.65625,136.03125,85.92176818847656,10818300
2001-01-26,135.15625,136.125,134.453125,135.875,85.82308197021484,7136800
2001-01-29,135.5,136.89999389648438,135.3699951171875,136.60000610351562,86.28102111816406,6705900
2001-01-30,136.3000030517578,137.9199981689453,135.7899932861328,137.8000030517578,87.03897094726562,7069100
2001-01-31,137.39999389648438,138.6999969482422,136.60000610351562,137.02000427246094,86.5462875366211,9706900
2001-02-01,137.10000610351562,137.9499969482422,136.25,137.92999267578125,87.12106323242188,8239100
2001-02-02,137.39999389648438,137.99000549316406,134.75,134.8000030517578,85.14404296875,8276600
2001-02-05,134.8000030517578,135.94000244140625,134.75,135.7899932861328,85.76937866210938,4352900
2001-02-06,135.3000030517578,136.6999969482422,135.22000122070312,135.38999938964844,85.5167236328125,7106700
2001-02-07,134.72000122070312,135.39999389648438,133.67999267578125,134.69000244140625,85.07460021972656,5748700
2001-02-08,134.8000030517578,135.39999389648438,133.10000610351562,133.1199951171875,84.08287811279297,5943300
2001-02-09,133.35000610351562,133.35000610351562,131.25999450683594,131.83999633789062,83.27440643310547,9913000
2001-02-12,131.6999969482422,133.5,131.6999969482422,133.35000610351562,84.22817993164062,5804400
2001-02-13,133.6999969482422,134.1699981689453,132.0,132.25999450683594,83.53971862792969,6587600
2001-02-14,132.64999389648438,132.64999389648438,130.66000366210938,132.05999755859375,83.41336822509766,8400100
2001-02-15,132.83999633789062,133.52000427246094,131.99000549316406,133.33999633789062,84.22183990478516,5929800
2001-02-16,131.0,131.2899932861328,129.3000030517578,130.39999389648438,82.36487579345703,6434900
2001-02-20,131.0399932861328,131.13999938964844,128.10000610351562,128.38999938964844,81.09530639648438,5760000
2001-02-21,127.9000015258789,128.83999633789062,125.5,125.62000274658203,79.34568786621094,10910800
2001-02-22,126.3499984741211,126.54000091552734,123.0199966430664,125.80999755859375,79.46568298339844,21281600
2001-02-23,125.08000183105469,125.54000091552734,121.80000305175781,124.95999908447266,78.92875671386719,20173000
2001-02-26,125.80000305175781,127.62000274658203,124.5,127.62000274658203,80.60895538330078,11503700
2001-02-27,126.80000305175781,127.83999633789062,125.51000213623047,126.44000244140625,79.86360931396484,11415000
2001-02-28,126.75,126.83999633789062,123.2699966430664,123.94999694824219,78.29084014892578,14825800
2001-03-01,124.05000305175781,124.5999984741211,121.75,124.5999984741211,78.70140838623047,14672000
2001-03-02,122.5,125.6500015258789,122.30000305175781,123.61000061035156,78.07608032226562,12564300
2001-03-05,124.1500015258789,124.77999877929688,123.80999755859375,124.73999786376953,78.7898178100586,5293200
2001-03-06,126.3499984741211,127.75,125.48999786376953,126.08000183105469,79.63623809814453,6917000
2001-03-07,126.9000015258789,127.04000091552734,125.76000213623047,126.9800033569336,80.20469665527344,6371700
2001-03-08,126.5999984741211,127.23999786376953,126.13999938964844,127.12000274658203,80.29312133789062,6055000
2001-03-09,126.0999984741211,126.0999984741211,123.11000061035156,123.36000061035156,77.91815948486328,10020300
2001-03-12,122.33999633789062,122.5,117.75,118.08000183105469,74.58317565917969,13972900
2001-03-13,119.4000015258789,120.44000244140625,117.52999877929688,120.0199966430664,75.80854034423828,12888000
2001-03-14,117.05000305175781,119.29000091552734,115.75,117.6500015258789,74.31158447265625,19883400
2001-03-15,118.44999694824219,118.86000061035156,117.36000061035156,117.68000030517578,74.33050537109375,10370300
2001-03-16,117.12999725341797,117.4000015258789,114.80999755859375,115.01000213623047,72.8396224975586,58514600
2001-03-19,115.76000213623047,117.69000244140625,114.81999969482422,117.3499984741211,74.3216323852539,10067800
2001-03-20,117.9000015258789,118.45999908447266,114.11000061035156,114.19999694824219,72.32662963867188,15083900
2001-03-21,114.18000030517578,115.26000213623047,111.9000015258789,112.26000213623047,71.09799194335938,19004600
2001-03-22,112.0199966430664,112.5999984741211,108.04000091552734,111.12000274658203,70.3759765625,28624800
2001-03-23,113.25,114.66000366210938,111.5,114.4800033569336,72.50395202636719,12861700
2001-03-26,115.69999694824219,116.2699966430664,114.7699966430664,115.94000244140625,73.42864990234375,9943800
2001-03-27,115.62000274658203,118.6500015258789,115.27999877929688,118.30999755859375,74.92964935302734,12880700
2001-03-28,116.9000015258789,116.94999694824219,114.9000015258789,115.04000091552734,72.85863494873047,10953300
2001-03-29,114.69999694824219,116.5,112.13999938964844,115.4800033569336,73.13728332519531,12060300
2001-03-30,115.55000305175781,116.69000244140625,114.5,116.69000244140625,73.90365600585938,9183600
2001-04-02,116.30000305175781,117.37999725341797,113.80000305175781,114.19999694824219,72.32662963867188,10561000
2001-04-03,113.9800033569336,114.1500015258789,110.05999755859375,110.38999938964844,69.91365051269531,12836000
2001-04-04,110.56999969482422,112.0999984741211,109.30000305175781,110.8499984741211,70.2049789428711,14884300
2001-04-05,113.30000305175781,115.48999786376953,112.5,115.05000305175781,72.86498260498047,21522800
2001-04-06,113.98999786376953,114.4000015258789,112.05999755859375,113.30000305175781,71.75662994384766,14937800
2001-04-09,114.0,114.98999786376953,112.77999877929688,114.55999755859375,72.55463409423828,9034300
2001-04-10,115.44999694824219,117.75,115.16999816894531,116.6500015258789,73.87831115722656,17873600
2001-04-11,118.77999877929688,118.98999786376953,116.13999938964844,116.7300033569336,73.92897033691406,12722300
2001-04-12,116.30000305175781,118.94000244140625,115.95999908447266,118.8499984741211,75.27164459228516,9233200
2001-04-16,118.29000091552734,118.88999938964844,116.91000366210938,117.5999984741211,74.47998809814453,7350000
2001-04-17,117.30999755859375,119.66000366210938,117.0199966430664,119.26000213623047,75.53128814697266,10924700
2001-04-18,121.05999755859375,126.0,120.69000244140625,124.0,78.53329467773438,32481600
2001-04-19,124.25,125.83999633789062,123.58000183105469,125.6500015258789,79.57831573486328,13809900
2001-04-20,124.9000015258789,125.4000015258789,123.66000366210938,124.5,78.85000610351562,7626700
2001-04-23,123.6500015258789,123.88999938964844,121.91000366210938,122.23999786376953,77.41864013671875,8451800
2001-04-24,122.5199966430664,123.6500015258789,121.0999984741211,121.58000183105469,77.0006332397461,10044700
2001-04-25,121.41999816894531,123.66999816894531,120.94999694824219,123.16999816894531,78.00765991210938,8249000
2001-04-26,123.7300033569336,125.22000122070312,123.5,123.72000122070312,78.35597229003906,10590400
2001-04-27,124.91999816894531,125.83999633789062,124.19999694824219,125.77999877929688,79.66062927246094,7938700
2001-04-30,126.44999694824219,127.2699966430664,124.66999816894531,126.66000366210938,80.21797943115234,10766900
2001-05-01,125.06999969482422,127.1500015258789,124.5999984741211,127.05000305175781,80.46498107910156,10578000
2001-05-02,127.41000366210938,127.69000244140625,126.0,126.81999969482422,80.31927490234375,9572900
2001-05-03,126.12999725341797,126.1500015258789,124.22000122070312,125.20999908447266,79.29963684082031,9926200
2001-05-04,123.6500015258789,127.3499984741211,123.44000244140625,127.33999633789062,80.64865112304688,12145300
2001-05-07,126.86000061035156,127.37999725341797,126.2300033569336,126.23999786376953,79.95198059082031,7185200
2001-05-08,126.86000061035156,127.0999984741211,125.55999755859375,126.18000030517578,79.91397857666016,6952600
2001-05-09,125.25,126.55000305175781,125.05999755859375,125.6500015258789,79.57831573486328,9507400
2001-05-10,127.26000213623047,127.5,125.7699966430664,126.0199966430664,79.81266021728516,6872400
2001-05-11,126.0,126.48999786376953,124.4000015258789,125.1500015258789,79.26164245605469,7734400
2001-05-14,124.9000015258789,125.44000244140625,124.45999908447266,125.4000015258789,79.41996002197266,7914000
2001-05-15,125.55000305175781,126.5,124.8499984741211,125.9800033569336,79.78730773925781,9782200
2001-05-16,124.83999633789062,129.1999969482422,124.62000274658203,128.9499969482422,81.66829681396484,14909000
2001-05-17,129.0,130.0800018310547,128.55999755859375,129.14999389648438,81.79498291015625,11824600
2001-05-18,129.08999633789062,129.74000549316406,128.10000610351562,129.74000549316406,82.16865539550781,6683100
2001-05-21,129.83999633789062,131.83999633789062,129.14999389648438,131.64999389648438,83.3782958984375,11531500
2001-05-22,131.8300018310547,132.08999633789062,131.07000732421875,131.47999572753906,83.27063751220703,8342700
2001-05-23,131.0500030517578,131.0500030517578,129.25,129.25,81.85835266113281,12330800
2001-05-24,129.47000122070312,130.0,128.5500030517578,129.6300048828125,82.0989761352539,7902800
2001-05-25,129.64999389648438,129.6999969482422,127.9000015258789,128.10000610351562,81.12995910644531,7425000
2001-05-29,128.22000122070312,128.35000610351562,126.9000015258789,127.08000183105469,80.48400115966797,9003900
2001-05-30,126.58999633789062,127.08999633789062,125.0,125.30000305175781,79.35665130615234,10041800
2001-05-31,125.43000030517578,126.76000213623047,125.26000213623047,125.94999694824219,79.76828002929688,9874200
2001-06-01,126.19999694824219,127.0999984741211,125.12000274658203,126.7300033569336,80.26231384277344,8848300
2001-06-04,126.80000305175781,127.43000030517578,126.08000183105469,127.33999633789062,80.64865112304688,5623500
2001-06-05,127.48999786376953,129.22999572753906,127.2699966430664,128.8000030517578,81.57331085205078,9115400
2001-06-06,128.8300018310547,128.8300018310547,127.36000061035156,127.7300033569336,80.89564514160156,12064900
2001-06-07,127.05000305175781,128.35000610351562,127.0,128.19000244140625,81.18696594238281,7355300
2001-06-08,127.69999694824219,127.87000274658203,126.13999938964844,127.0,80.43329620361328,8170600
2001-06-11,126.70999908447266,126.98999786376953,125.41000366210938,126.0999984741211,79.86329650878906,7012200
2001-06-12,124.86000061035156,126.73999786376953,124.04000091552734,125.87999725341797,79.7239761352539,9364400
2001-06-13,126.16999816894531,126.58000183105469,124.6500015258789,124.80000305175781,79.03998565673828,7629400
2001-06-14,124.18000030517578,124.30000305175781,121.75,122.0,77.2666244506836,12603000
2001-06-15,120.91000366210938,122.4000015258789,120.4000015258789,121.8499984741211,77.39112091064453,16821100
2001-06-18,121.6500015258789,122.44000244140625,120.91000366210938,121.26000213623047,77.01640319824219,11368300
2001-06-19,122.37999725341797,122.88999938964844,120.88999938964844,121.79000091552734,77.35304260253906,7732300
2001-06-20,121.19000244140625,122.86000061035156,121.0999984741211,122.43000030517578,77.7594985961914,8787200
2001-06-21,122.22000122070312,124.30999755859375,122.1500015258789,123.81999969482422,78.64236450195312,12259100
2001-06-22,123.48999786376953,123.58999633789062,122.16000366210938,122.8499984741211,78.02626037597656,12212000
2001-06-25,123.27999877929688,123.44000244140625,121.5,121.72000122070312,77.30856323242188,8406800
2001-06-26,120.9000015258789,122.38999938964844,120.56999969482422,121.55000305175781,77.20062255859375,8005800
2001-06-27,121.5999984741211,122.23999786376953,120.91000366210938,121.4800033569336,77.15614318847656,10105100
2001-06-28,122.0,123.94000244140625,121.93000030517578,122.1500015258789,77.5816650390625,10269300
2001-06-29,122.80000305175781,124.01000213623047,122.26000213623047,122.5999984741211,77.86750030517578,9824200
2001-07-02,122.80000305175781,124.31999969482422,122.62000274658203,124.12999725341797,78.83924102783203,8522200
2001-07-03,123.9800033569336,124.0999984741211,123.05000305175781,124.0999984741211,78.8201675415039,3303100
2001-07-05,123.06999969482422,123.6500015258789,121.66000366210938,121.68000030517578,77.28315734863281,5517900
2001-07-06,121.30999755859375,121.48999786376953,119.05000305175781,119.05000305175781,75.61273193359375,11665900
2001-07-09,119.48999786376953,120.54000091552734,119.19999694824219,119.69999694824219,76.02558898925781,8339300
2001-07-10,120.29000091552734,120.63999938964844,118.20999908447266,118.26000213623047,75.11099243164062,8630700
2001-07-11,118.0999984741211,118.88999938964844,117.08999633789062,118.37999725341797,75.18722534179688,15328600
2001-07-12,119.5,121.47000122070312,119.30999755859375,121.19000244140625,76.97193908691406,12002800
2001-07-13,120.83999633789062,122.31999969482422,120.62000274658203,122.23999786376953,77.63880920410156,10433800
2001-07-16,121.7699966430664,122.27999877929688,120.29000091552734,120.70999908447266,76.66706085205078,6915300
2001-07-17,120.19999694824219,121.94999694824219,119.83000183105469,121.83999633789062,77.38475799560547,7469800
2001-07-18,120.55999755859375,121.63999938964844,120.05999755859375,121.01000213623047,76.85763549804688,7709300
2001-07-19,122.18000030517578,122.9800033569336,120.76000213623047,122.06999969482422,77.5308609008789,10082900
2001-07-20,121.1500015258789,121.94000244140625,120.91999816894531,121.33999633789062,77.06724548339844,6705800
2001-07-23,121.80000305175781,121.87999725341797,118.94999694824219,118.94999694824219,75.5492172241211,8065200
2001-07-24,119.0,119.19999694824219,116.75,117.80000305175781,74.81883239746094,12269000
2001-07-25,117.91999816894531,119.4800033569336,117.45999908447266,119.0999984741211,75.64453887939453,12088500
2001-07-26,119.05999755859375,120.8499984741211,118.55999755859375,120.3499984741211,76.43842315673828,12898200
2001-07-27,120.83000183105469,121.3499984741211,119.91000366210938,120.80999755859375,76.73058319091797,8478800
2001-07-30,121.19000244140625,121.3499984741211,120.30000305175781,120.8499984741211,76.75602722167969,8547700
2001-07-31,121.0,122.68000030517578,120.80000305175781,121.3499984741211,77.07355499267578,11918100
2001-08-01,121.97000122070312,122.69999694824219,121.55000305175781,122.11000061035156,77.55628204345703,11940800
2001-08-02,123.2300033569336,123.25,121.88999938964844,122.61000061035156,77.87380981445312,11070100
2001-08-03,122.36000061035156,122.36000061035156,120.9000015258789,121.94000244140625,77.44827270507812,10816300
2001-08-06,121.3499984741211,121.51000213623047,120.0999984741211,120.30000305175781,76.40666198730469,8550100
2001-08-07,120.2699966430664,121.19999694824219,119.91000366210938,120.7699966430664,76.7051773071289,8865100
2001-08-08,120.12000274658203,121.16000366210938,118.43000030517578,118.52999877929688,75.28247833251953,15183800
2001-08-09,118.69999694824219,118.97000122070312,117.86000061035156,118.87999725341797,75.5047836303711,14118500
2001-08-10,118.80000305175781,119.83999633789062,117.33999633789062,119.29000091552734,75.76517486572266,11173300
2001-08-13,119.5999984741211,119.8499984741211,118.80999755859375,119.31999969482422,75.78423309326172,7431600
2001-08-14,120.13999938964844,120.3499984741211,118.80000305175781,119.2699966430664,75.75249481201172,13178100
2001-08-15,119.2300033569336,119.61000061035156,118.08000183105469,118.23999786376953,75.09828186035156,8520600
2001-08-16,117.80000305175781,118.75,117.0,118.6500015258789,75.3587417602539,10734700
2001-08-17,117.6500015258789,117.87000274658203,116.01000213623047,116.75,74.15196990966797,11604600
2001-08-20,116.80000305175781,117.9000015258789,116.55000305175781,117.83000183105469,74.83787536621094,10417400
2001-08-21,117.80000305175781,118.54000091552734,115.80000305175781,115.81999969482422,73.56127166748047,14480800
2001-08-22,116.75,117.43000030517578,115.77999877929688,117.0199966430664,74.32341003417969,11752300
2001-08-23,116.95999908447266,117.5199966430664,116.48999786376953,116.5999984741211,74.05669403076172,8744100
2001-08-24,117.20999908447266,119.12999725341797,116.73999786376953,119.0199966430664,75.59370422363281,11687700
2001-08-27,118.97000122070312,119.19999694824219,118.26000213623047,118.30999755859375,75.14276123046875,7425100
2001-08-28,118.27999877929688,118.48999786376953,116.58000183105469,116.58000183105469,74.04397583007812,12046600
2001-08-29,117.12999725341797,117.18000030517578,115.16999816894531,115.54000091552734,73.3834228515625,16180000
2001-08-30,114.8499984741211,115.73999786376953,112.04000091552734,113.31999969482422,71.97340393066406,17692600
2001-08-31,113.4000015258789,114.7699966430664,113.12999725341797,114.1500015258789,72.50060272216797,15985400
2001-09-04,113.8499984741211,116.16999816894531,113.37000274658203,113.41999816894531,72.03694152832031,24473400
2001-09-05,113.69999694824219,114.19000244140625,111.94999694824219,113.69999694824219,72.21481323242188,21477100
2001-09-06,112.6500015258789,113.30000305175781,110.7699966430664,110.7699966430664,70.35382843017578,21653000
2001-09-07,110.0199966430664,111.25,108.62999725341797,108.72000122070312,69.05182647705078,33133900
2001-09-10,107.69999694824219,110.3499984741211,107.69999694824219,110.05000305175781,69.89654541015625,23408700
2001-09-17,101.0,106.4000015258789,100.0,104.30000305175781,66.24455261230469,32388700
2001-09-18,104.33000183105469,105.30000305175781,103.36000061035156,104.05000305175781,66.08574676513672,22029200
2001-09-19,104.0999984741211,104.5,98.55999755859375,101.94999694824219,64.75198364257812,42771800
2001-09-20,100.4000015258789,101.80999755859375,98.55999755859375,98.70999908447266,62.69411849975586,36210900
2001-09-21,94.27999877929688,98.98999786376953,93.80000305175781,97.27999877929688,62.01770782470703,49782100
2001-09-24,99.72000122070312,101.16000366210938,99.05999755859375,100.69999694824219,64.19802856445312,25549600
2001-09-25,100.75,102.0,99.9000015258789,101.75,64.86743927001953,25466200
2001-09-26,102.3499984741211,102.4000015258789,100.43000030517578,101.38999938964844,64.6379165649414,18587500
2001-09-27,101.25,102.29000091552734,100.0,102.2699966430664,65.19893646240234,20536800
2001-09-28,102.9800033569336,109.62000274658203,102.5,104.44000244140625,66.58231353759766,21687200
2001-10-01,103.9000015258789,104.31999969482422,102.83000183105469,104.2699966430664,66.4739761352539,20457400
2001-10-02,104.0,105.58000183105469,103.6500015258789,105.58000183105469,67.30909729003906,19833100
2001-10-03,104.5999984741211,107.87999725341797,104.3499984741211,107.3499984741211,68.4375,32045800
2001-10-04,108.29000091552734,108.97000122070312,106.75,107.44000244140625,68.49491119384766,32674100
2001-10-05,107.25,107.62000274658203,105.5199966430664,107.2300033569336,68.36102294921875,29796100
2001-10-08,106.2699966430664,107.30000305175781,105.87000274658203,106.52999877929688,67.91473388671875,12970300
2001-10-09,106.61000061035156,106.75,105.5999984741211,105.95999908447266,67.55138397216797,15976300
2001-10-10,105.80000305175781,108.55000305175781,105.5199966430664,108.31999969482422,69.05592346191406,19987400
2001-10-11,108.94999694824219,110.30000305175781,108.94999694824219,110.0,70.126953125,23006300
2001-10-12,109.1500015258789,109.88999938964844,107.30000305175781,109.5,69.80815887451172,31360500
2001-10-15,108.62999725341797,109.44999694824219,108.05999755859375,109.30000305175781,69.6806640625,16873000
2001-10-16,109.80000305175781,110.61000061035156,108.94999694824219,109.98999786376953,70.1205825805664,15877100
2001-10-17,111.06999969482422,111.1500015258789,107.6500015258789,107.6500015258789,68.62873840332031,28542300
2001-10-18,107.81999969482422,108.16000366210938,106.75,107.41999816894531,68.48213958740234,16510000
2001-10-19,107.0,107.91000366210938,106.01000213623047,107.3499984741211,68.4375,21912500
2001-10-22,107.30000305175781,109.56999969482422,107.20999908447266,109.47000122070312,69.78904724121094,17540600
2001-10-23,109.95999908447266,110.27999877929688,108.37999725341797,108.91000366210938,69.43204498291016,22062500
2001-10-24,108.9800033569336,109.44999694824219,108.22000122070312,108.62000274658203,69.24716186523438,16065200
2001-10-25,107.44999694824219,110.5999984741211,106.73999786376953,110.56999969482422,70.49034118652344,27467900
2001-10-26,109.94999694824219,111.79000091552734,109.66999816894531,110.31999969482422,70.33097076416016,18623300
2001-10-29,110.16000366210938,110.55000305175781,107.44999694824219,107.44999694824219,68.50125885009766,18727500
2001-10-30,107.3499984741211,107.69999694824219,105.55999755859375,106.16000366210938,67.67887878417969,26178600
2001-10-31,106.9000015258789,107.86000061035156,105.80000305175781,105.80000305175781,67.44934844970703,28124200
2001-11-01,106.5999984741211,109.01000213623047,105.69999694824219,108.51000213623047,69.177001953125,29806800
2001-11-02,108.44000244140625,109.37999725341797,107.87000274658203,109.25,69.64878845214844,17575900
2001-11-05,110.12000274658203,111.08999633789062,109.94999694824219,110.68000030517578,70.56045532226562,15929500
2001-11-06,110.3499984741211,112.4800033569336,109.8499984741211,112.4000015258789,71.65695190429688,23245800
2001-11-07,111.7699966430664,113.12000274658203,111.63999938964844,112.25,71.56137084960938,19716000
2001-11-08,112.87000274658203,114.08000183105469,111.9000015258789,112.5999984741211,71.78447723388672,22563500
2001-11-09,112.25,112.95999908447266,111.44000244140625,112.72000122070312,71.86096954345703,15895800
2001-11-12,111.0,112.6500015258789,110.0,112.02999877929688,71.4211196899414,26068800
2001-11-13,113.44000244140625,114.55000305175781,113.18000030517578,114.55000305175781,73.02765655517578,15296200
2001-11-14,115.16999816894531,115.4000015258789,113.70999908447266,114.66000366210938,73.09774780273438,17571300
2001-11-15,114.37000274658203,115.18000030517578,113.93000030517578,114.87000274658203,73.23165893554688,19470200
2001-11-16,115.08000183105469,115.0999984741211,113.4000015258789,114.36000061035156,72.9065170288086,18134900
2001-11-19,114.91999816894531,115.8499984741211,114.44999694824219,115.7699966430664,73.8053970336914,13625400
2001-11-20,115.37000274658203,115.80000305175781,114.63999938964844,114.80000305175781,73.18699645996094,16209700
2001-11-21,114.5,114.66999816894531,113.51000213623047,114.04000091552734,72.70250701904297,11470200
2001-11-23,114.04000091552734,115.75,114.0,115.68000030517578,73.74805450439453,6717100
2001-11-26,115.75,116.33999633789062,115.06999969482422,115.93000030517578,73.90743255615234,13726000
2001-11-27,115.62000274658203,116.9000015258789,114.08999633789062,115.43000030517578,73.58868408203125,19261400
2001-11-28,114.73999786376953,115.16999816894531,113.25,113.33999633789062,72.25623321533203,20195500
2001-11-29,113.66000366210938,114.91999816894531,113.0,114.87000274658203,73.23165893554688,16354700
2001-11-30,114.4000015258789,114.91000366210938,114.0199966430664,114.05000305175781,72.70887756347656,13680300
2001-12-03,113.6500015258789,114.08000183105469,113.01000213623047,113.37000274658203,72.2753677368164,15220400
2001-12-04,113.91999816894531,115.30000305175781,113.3499984741211,115.29000091552734,73.49935913085938,17239900
2001-12-05,115.61000061035156,118.0,115.55999755859375,117.4000015258789,74.8445816040039,25204000
2001-12-06,117.33999633789062,117.94000244140625,116.93000030517578,117.33999633789062,74.80630493164062,17972900
2001-12-07,116.9000015258789,117.08999633789062,115.69999694824219,116.55999755859375,74.30904388427734,18857800
2001-12-10,115.8499984741211,116.38999938964844,114.3499984741211,114.37999725341797,72.91926574707031,13862700
2001-12-11,114.9000015258789,115.72000122070312,113.9000015258789,114.1500015258789,72.77264404296875,20833300
2001-12-12,114.55000305175781,114.77999877929688,113.11000061035156,114.27999877929688,72.85549926757812,16171500
2001-12-13,113.44999694824219,113.69999694824219,112.04000091552734,112.05999755859375,71.44020080566406,19026700
2001-12-14,112.33000183105469,113.48999786376953,112.0,113.12999725341797,72.12237548828125,16721900
2001-12-17,112.98999786376953,114.36000061035156,112.9000015258789,114.30000305175781,72.86827850341797,13925900
2001-12-18,114.62999725341797,115.1500015258789,114.33999633789062,114.9800033569336,73.3017578125,13663700
2001-12-19,114.08999633789062,115.91999816894531,114.0,115.79000091552734,73.81817626953125,20143400
2001-12-20,115.5,115.80000305175781,114.55000305175781,114.6500015258789,73.09138488769531,14867900
2001-12-21,115.02999877929688,115.06999969482422,114.19999694824219,114.94999694824219,73.53472137451172,14037700
2001-12-24,114.83000183105469,115.04000091552734,114.61000061035156,114.7300033569336,73.39396667480469,5728800
2001-12-26,114.6500015258789,116.20999908447266,114.6500015258789,115.36000061035156,73.7969741821289,10304800
2001-12-27,115.30000305175781,116.08000183105469,115.25,116.05999755859375,74.24479675292969,9407300
2001-12-28,116.29000091552734,116.75,115.91999816894531,116.0,74.20640563964844,10593800
2001-12-31,116.1500015258789,116.38999938964844,114.2300033569336,114.30000305175781,73.118896484375,14619500
2002-01-02,115.11000061035156,115.75,113.80999755859375,115.52999877929688,73.9057388305664,18651900
2002-01-03,115.6500015258789,116.94999694824219,115.54000091552734,116.83999633789062,74.74374389648438,15743000
2002-01-04,117.16999816894531,117.9800033569336,116.55000305175781,117.62000274658203,75.24275207519531,20140700
2002-01-07,117.69999694824219,117.98999786376953,116.55999755859375,116.79000091552734,74.7117691040039,13106500
2002-01-08,116.79000091552734,117.05999755859375,115.97000122070312,116.5199966430664,74.53907012939453,12683700
2002-01-09,116.68000030517578,117.77999877929688,115.33999633789062,115.56999969482422,73.93135070800781,16610300
2002-01-10,115.69000244140625,116.3499984741211,115.30000305175781,116.08000183105469,74.25760650634766,12823400
2002-01-11,116.20999908447266,116.27999877929688,114.69999694824219,114.94000244140625,73.5283432006836,13708400
2002-01-14,114.6500015258789,114.83999633789062,113.95999908447266,114.22000122070312,73.06771087646484,12301100
2002-01-15,114.55000305175781,115.38999938964844,113.9000015258789,115.1500015258789,73.66264343261719,20219900
2002-01-16,114.30000305175781,114.4000015258789,112.69000244140625,112.81999969482422,72.17212677001953,17067000
2002-01-17,113.76000213623047,114.23999786376953,113.4000015258789,113.66999816894531,72.71588897705078,17283400
2002-01-18,113.0,113.8499984741211,112.66999816894531,113.1500015258789,72.38320922851562,17028000
2002-01-22,113.75,113.93000030517578,112.0199966430664,112.37000274658203,71.88424682617188,11689300
2002-01-23,112.62999725341797,113.55000305175781,112.0199966430664,113.2300033569336,72.43441772460938,12438900
2002-01-24,113.63999938964844,114.25,113.31999969482422,113.58000183105469,72.65829467773438,12142800
2002-01-25,113.12000274658203,114.18000030517578,113.04000091552734,113.55000305175781,72.63910675048828,12810700
2002-01-28,113.9000015258789,114.19000244140625,112.91999816894531,113.86000061035156,72.83745574951172,10589200
2002-01-29,113.8499984741211,114.12999725341797,110.05000305175781,110.27999877929688,70.54724884033203,27720800
2002-01-30,110.38999938964844,113.38999938964844,108.4000015258789,111.87000274658203,71.56436920166016,34711800
2002-01-31,112.1500015258789,113.30000305175781,111.62000274658203,113.18000030517578,72.40242767333984,19909200
2002-02-01,113.08999633789062,113.30000305175781,112.16999816894531,112.6500015258789,72.06338500976562,15838500
2002-02-04,112.2300033569336,112.2300033569336,109.44000244140625,109.8499984741211,70.27220916748047,24243400
2002-02-05,109.4000015258789,110.48999786376953,108.52999877929688,109.16999816894531,69.83717346191406,33614000
2002-02-06,109.6500015258789,109.73999786376953,108.05999755859375,108.69999694824219,69.53650665283203,29486000
2002-02-07,108.72000122070312,109.86000061035156,108.0,108.0199966430664,69.10153198242188,23445400
2002-02-08,108.62999725341797,110.75,108.30000305175781,110.08999633789062,70.42568969726562,19277800
2002-02-11,110.05000305175781,111.63999938964844,109.81999969482422,111.44000244140625,71.28931427001953,18792400
2002-02-12,110.95999908447266,111.70999908447266,110.02999877929688,111.08999633789062,71.06542205810547,13942500
2002-02-13,111.4800033569336,112.54000091552734,111.3499984741211,112.2699966430664,71.82032012939453,16781100
2002-02-14,112.51000213623047,112.97000122070312,111.58999633789062,112.05999755859375,71.68595123291016,20453800
2002-02-15,112.1500015258789,112.23999786376953,110.70999908447266,110.88999938964844,70.93746948242188,18366800
2002-02-19,110.1500015258789,110.29000091552734,108.61000061035156,108.76000213623047,69.57491302490234,15988100
2002-02-20,109.05000305175781,110.58999633789062,107.81999969482422,110.58999633789062,70.7455825805664,29242800
2002-02-21,109.93000030517578,110.62999725341797,108.26000213623047,108.30000305175781,69.28060150146484,26288600
2002-02-22,108.3499984741211,109.94000244140625,107.87000274658203,109.63999938964844,70.1378402709961,26572900
2002-02-25,109.73999786376953,111.80999755859375,109.69999694824219,111.44999694824219,71.29571533203125,17458700
2002-02-26,111.5999984741211,112.04000091552734,110.56999969482422,111.22000122070312,71.14860534667969,22346500
2002-02-27,111.95999908447266,112.86000061035156,110.6500015258789,111.6500015258789,71.4236831665039,28597900
2002-02-28,111.83000183105469,112.75,111.02999877929688,111.1500015258789,71.10381317138672,23755400
2002-03-01,111.72000122070312,113.8499984741211,111.51000213623047,113.73999786376953,72.76065063476562,26273600
2002-03-04,113.9000015258789,115.98999786376953,113.6500015258789,115.75,74.04644775390625,27184600
2002-03-05,115.33000183105469,116.4000015258789,114.97000122070312,115.37999725341797,73.80978393554688,22718900
2002-03-06,115.0999984741211,117.1500015258789,115.06999969482422,116.75,74.68618774414062,20143200
2002-03-07,117.36000061035156,117.5,115.56999969482422,116.5,74.52625274658203,19330800
2002-03-08,117.37999725341797,117.9000015258789,116.4800033569336,116.98999786376953,74.8396987915039,19930100
2002-03-11,116.88999938964844,117.9000015258789,116.43000030517578,117.23999786376953,74.9996566772461,15621800
2002-03-12,116.0999984741211,117.25,115.94000244140625,117.16999816894531,74.9548568725586,17153600
2002-03-13,116.62999725341797,116.75,115.63999938964844,116.04000091552734,74.23201751708984,17175300
2002-03-14,116.04000091552734,116.43000030517578,115.62999725341797,115.87999725341797,74.12963104248047,11168100
2002-03-15,115.97000122070312,116.94999694824219,115.9000015258789,116.6500015258789,74.8359603881836,21220100
2002-03-18,117.0999984741211,117.55999755859375,116.0999984741211,116.66999816894531,74.84882354736328,17548900
2002-03-19,117.30000305175781,117.73999786376953,116.81999969482422,117.44999694824219,75.3492202758789,17912000
2002-03-20,116.5,116.58000183105469,115.19000244140625,115.23999786376953,73.93138122558594,17114500
2002-03-21,115.30000305175781,115.9000015258789,114.12000274658203,115.29000091552734,73.96347045898438,25846800
2002-03-22,115.5,115.94000244140625,114.69999694824219,115.04000091552734,73.8031005859375,15235400
2002-03-25,115.08999633789062,115.36000061035156,113.30000305175781,113.61000061035156,72.88567352294922,17499600
2002-03-26,113.5199966430664,115.0199966430664,113.47000122070312,114.2699966430664,73.30911254882812,19947600
2002-03-27,114.02999877929688,115.01000213623047,113.76000213623047,114.56999969482422,73.50157165527344,19020300
2002-03-28,114.97000122070312,115.7699966430664,114.5,114.5199966430664,73.46947479248047,17532900
2002-04-01,114.2300033569336,115.0999984741211,113.5,114.56999969482422,73.50157165527344,17711000
2002-04-02,113.9800033569336,114.94999694824219,113.7699966430664,113.94000244140625,73.09735870361328,15669500
2002-04-03,114.01000213623047,114.20999908447266,112.16000366210938,113.13999938964844,72.58418273925781,25658500
2002-04-04,112.5999984741211,113.4000015258789,112.2300033569336,112.66999816894531,72.2826156616211,23549000
2002-04-05,113.19000244140625,113.62999725341797,112.18000030517578,112.69000244140625,72.29549407958984,19404900
2002-04-08,111.31999969482422,113.02999877929688,111.2300033569336,112.93000030517578,72.44947052001953,16470100
2002-04-09,113.18000030517578,113.18000030517578,111.93000030517578,112.13999938964844,71.94258117675781,15122700
2002-04-10,112.0999984741211,113.54000091552734,112.08999633789062,113.41000366210938,72.75736999511719,17199300
2002-04-11,112.88999938964844,113.05000305175781,110.5,110.58999633789062,70.9482421875,25453700
2002-04-12,111.0199966430664,111.6500015258789,110.04000091552734,111.41999816894531,71.4807357788086,14950600
2002-04-15,111.62000274658203,111.86000061035156,110.19999694824219,110.56999969482422,70.93539428710938,17394900
2002-04-16,111.69999694824219,113.31999969482422,111.66999816894531,113.19999694824219,72.62265014648438,15040900
2002-04-17,113.38999938964844,113.66999816894531,112.5999984741211,112.95999908447266,72.4687271118164,12920100
2002-04-18,112.9000015258789,113.45999908447266,111.1500015258789,112.47000122070312,72.1543197631836,25204800
2002-04-19,113.19999694824219,113.23999786376953,112.55999755859375,112.87999725341797,72.41735076904297,10499200
2002-04-22,112.37999725341797,112.43000030517578,110.83999633789062,111.0,71.21127319335938,13922900
2002-04-23,111.08999633789062,111.4800033569336,110.16999816894531,110.5199966430664,70.90333557128906,16967000
2002-04-24,110.55999755859375,111.80999755859375,109.4000015258789,109.41000366210938,70.19119262695312,18902700
2002-04-25,109.20999908447266,109.73999786376953,108.72000122070312,109.47000122070312,70.22969818115234,25451500
2002-04-26,109.79000091552734,110.01000213623047,107.29000091552734,107.38999938964844,68.8952865600586,19769800
2002-04-29,107.93000030517578,108.26000213623047,106.62999725341797,106.86000061035156,68.55524444580078,17724400
2002-04-30,107.0199966430664,108.63999938964844,106.63999938964844,107.86000061035156,69.19680786132812,19473500
2002-05-01,107.97000122070312,109.25,106.80000305175781,109.18000030517578,70.0436782836914,24575600
2002-05-02,109.0999984741211,109.91000366210938,107.77999877929688,108.76000213623047,69.77422332763672,15666800
2002-05-03,108.5999984741211,108.76000213623047,107.19999694824219,107.58000183105469,69.01717376708984,18185500
2002-05-06,107.63999938964844,107.98999786376953,105.30999755859375,105.47000122070312,67.66349029541016,23630400
2002-05-07,106.0999984741211,106.31999969482422,104.9000015258789,105.0999984741211,67.4261474609375,21910000
2002-05-08,107.05000305175781,109.36000061035156,106.79000091552734,109.01000213623047,69.93457794189453,27917400
2002-05-09,108.6500015258789,109.0999984741211,107.58000183105469,107.75,69.126220703125,18085600
2002-05-10,107.97000122070312,108.05000305175781,105.5999984741211,105.72000122070312,67.82389831542969,18958900
2002-05-13,106.22000122070312,107.94999694824219,105.79000091552734,107.87000274658203,69.2032241821289,14677700
2002-05-14,109.62000274658203,110.37000274658203,109.0,110.22000122070312,70.71086120605469,34201200
2002-05-15,109.5,110.91000366210938,109.29000091552734,109.79000091552734,70.43499755859375,29535300
2002-05-16,109.69999694824219,110.4800033569336,109.33000183105469,110.36000061035156,70.80066680908203,28092000
2002-05-17,110.66000366210938,111.25,110.0999984741211,110.9000015258789,71.1470947265625,27823700
2002-05-20,110.63999938964844,110.69000244140625,109.48999786376953,109.69999694824219,70.37721252441406,13833800
2002-05-21,110.11000061035156,110.4800033569336,108.31999969482422,108.69999694824219,69.73568725585938,16877200
2002-05-22,108.22000122070312,109.12000274658203,108.0,108.94000244140625,69.88967895507812,15844200
2002-05-23,109.26000213623047,110.36000061035156,108.4800033569336,110.0999984741211,70.63388061523438,13879800
2002-05-24,109.9800033569336,110.19999694824219,108.61000061035156,108.69000244140625,69.72930908203125,11877000
2002-05-28,109.05000305175781,109.12999725341797,107.44999694824219,108.0999984741211,69.35076141357422,24236900
2002-05-29,107.62000274658203,108.0199966430664,107.12999725341797,107.30000305175781,68.83756256103516,14773300
2002-05-30,106.55000305175781,107.51000213623047,105.9000015258789,107.0,68.64511108398438,18217900
2002-05-31,107.4000015258789,108.55999755859375,106.8499984741211,107.22000122070312,68.78619384765625,19826300
2002-06-03,107.08999633789062,107.5999984741211,104.12999725341797,104.37000274658203,66.95781707763672,26056300
2002-06-04,104.1500015258789,105.19999694824219,103.55000305175781,104.62999725341797,67.12464141845703,25856200
2002-06-05,104.94999694824219,105.66999816894531,104.3499984741211,105.61000061035156,67.75335693359375,19695900
2002-06-06,105.54000091552734,105.5999984741211,103.1500015258789,103.45999908447266,66.3740005493164,22998500
2002-06-07,101.77999877929688,103.91999816894531,101.72000122070312,103.33999633789062,66.29701232910156,24011600
2002-06-10,103.23999786376953,104.45999908447266,103.0199966430664,103.73999786376953,66.55367279052734,18759900
2002-06-11,104.12999725341797,104.54000091552734,101.7300033569336,101.95999908447266,65.41171264648438,19990700
2002-06-12,101.70999908447266,102.80999755859375,100.77999877929688,102.58000183105469,65.80948638916016,31266000
2002-06-13,102.12999725341797,103.0,101.33999633789062,101.55000305175781,65.14868927001953,21043900
2002-06-14,100.30999755859375,101.55999755859375,98.5,101.4000015258789,65.0524673461914,39267500
2002-06-17,101.91999816894531,104.33999633789062,101.8499984741211,104.12000274658203,66.79743957519531,17647200
2002-06-18,103.73999786376953,105.02999877929688,103.62999725341797,104.97000122070312,67.34274291992188,21628500
2002-06-19,103.5,104.43000030517578,102.23999786376953,102.5199966430664,65.77098083496094,21540700
2002-06-20,102.26000213623047,103.05000305175781,100.95999908447266,101.20999908447266,64.93057250976562,25691000
2002-06-21,100.47000122070312,100.93000030517578,98.68000030517578,99.27999877929688,63.91529083251953,31190700
2002-06-24,98.61000061035156,100.69000244140625,97.25,99.80000305175781,64.2500991821289,37169700
2002-06-25,100.30000305175781,100.88999938964844,97.54000091552734,97.55999755859375,62.807979583740234,33355000
2002-06-26,95.19999694824219,98.1500015258789,95.19000244140625,97.72000122070312,62.910987854003906,37913600
2002-06-27,98.5,99.48999786376953,96.56999969482422,99.43000030517578,64.0118408203125,31616400
2002-06-28,99.23999786376953,100.5,98.87999725341797,98.95999908447266,63.709266662597656,28184200
2002-07-01,99.18000030517578,99.80000305175781,96.88999938964844,97.02999877929688,62.466793060302734,20270200
2002-07-02,96.86000061035156,97.19999694824219,94.7699966430664,94.97000122070312,61.14057540893555,34213900
2002-07-03,94.62000274658203,95.83999633789062,93.72000122070312,95.51000213623047,61.48823165893555,30565800
2002-07-05,96.77999877929688,99.52999877929688,96.66000366210938,99.30999755859375,63.934654235839844,19013500
2002-07-08,98.9800033569336,99.69999694824219,97.55999755859375,98.06999969482422,63.13632583618164,19118600
2002-07-09,97.7300033569336,98.33999633789062,95.01000213623047,95.5999984741211,61.54615020751953,28620400
2002-07-10,96.0,96.06999969482422,92.04000091552734,92.12000274658203,59.30580139160156,50522500
2002-07-11,91.76000213623047,93.3499984741211,90.31999969482422,92.87000274658203,59.78860855102539,59476500
2002-07-12,93.33000183105469,93.88999938964844,91.5199966430664,91.8499984741211,59.13195037841797,39018600
2002-07-15,91.63999938964844,92.4000015258789,87.88999938964844,92.33999633789062,59.44741439819336,77317200
2002-07-16,91.12000274658203,92.37999725341797,89.87000274658203,90.55999755859375,58.30146408081055,53282400
2002-07-17,92.45999908447266,93.30000305175781,89.75,90.73999786376953,58.4173469543457,48880600
2002-07-18,90.69999694824219,91.0999984741211,87.75,87.80000305175781,56.524620056152344,32656700
2002-07-19,86.76000213623047,87.55000305175781,84.30000305175781,84.70999908447266,54.535316467285156,77572600
2002-07-22,84.0999984741211,85.91000366210938,81.44999694824219,82.19999694824219,52.919403076171875,78134000
2002-07-23,82.55000305175781,83.23999786376953,79.75,79.94999694824219,51.47087097167969,74484100
2002-07-24,78.12999725341797,85.12000274658203,77.68000030517578,84.72000122070312,54.541751861572266,107022800
2002-07-25,84.2699966430664,85.8499984741211,81.5999984741211,84.0,54.07819747924805,87176600
2002-07-26,84.6500015258789,85.93000030517578,83.80000305175781,85.5999984741211,55.108253479003906,41206800
2002-07-29,87.5,90.33999633789062,87.30000305175781,89.7699966430664,57.79288101196289,53492900
2002-07-30,89.31999969482422,91.4000015258789,88.72000122070312,90.94000244140625,58.54608917236328,47532200
2002-07-31,90.48999786376953,91.55000305175781,89.25,91.16000366210938,58.68776321411133,44669900
2002-08-01,90.87999725341797,91.3499984741211,88.33000183105469,88.77999877929688,57.155517578125,66571900
2002-08-02,88.5,88.91000366210938,85.62000274658203,86.79000091552734,55.8743896484375,51772900
2002-08-05,86.48999786376953,86.93000030517578,83.55000305175781,83.7699966430664,53.93016052246094,47191300
2002-08-06,85.2300033569336,87.9000015258789,85.11000061035156,86.58999633789062,55.74562454223633,64730000
2002-08-07,87.87000274658203,88.5,85.7699966430664,88.0999984741211,56.717735290527344,43289400
2002-08-08,88.41999816894531,91.0999984741211,87.80000305175781,90.94999694824219,58.552574157714844,48339800
2002-08-09,90.0999984741211,91.94000244140625,89.3499984741211,91.29000091552734,58.77142333984375,41879200
2002-08-12,89.98999786376953,91.2699966430664,89.55000305175781,90.62000274658203,58.34009552001953,25841700
2002-08-13,90.1500015258789,91.66000366210938,88.6500015258789,88.97000122070312,57.277801513671875,49690500
2002-08-14,89.0199966430664,92.62999725341797,88.0199966430664,92.22000122070312,59.370155334472656,57423600
2002-08-15,92.83999633789062,93.98999786376953,92.19999694824219,93.5,60.194183349609375,45551500
2002-08-16,92.81999969482422,94.08000183105469,92.0,93.22000122070312,60.013946533203125,36517300
2002-08-19,93.45999908447266,95.75,93.0999984741211,95.4000015258789,61.41740036010742,33669900
2002-08-20,94.81999969482422,95.4000015258789,93.62000274658203,94.38999938964844,60.76716613769531,30508300
2002-08-21,95.05999755859375,95.77999877929688,93.56999969482422,95.75,61.642704010009766,39628900
2002-08-22,95.48999786376953,97.1500015258789,95.06999969482422,96.68000030517578,62.241455078125,38399800
2002-08-23,96.01000213623047,96.1500015258789,94.1500015258789,94.5999984741211,60.90238571166992,33716400
2002-08-26,94.91000366210938,95.63999938964844,93.5,95.26000213623047,61.327247619628906,33830100
2002-08-27,95.69999694824219,96.25,93.5,94.16000366210938,60.6191520690918,35335700
2002-08-28,93.27999877929688,93.48999786376953,91.80000305175781,92.0999984741211,59.29290008544922,38970600
2002-08-29,91.2699966430664,93.05000305175781,90.80999755859375,92.13999938964844,59.31866455078125,42965700
2002-08-30,91.68000030517578,93.38999938964844,91.4000015258789,91.77999877929688,59.08690643310547,30366700
2002-09-03,90.7300033569336,91.0,88.1500015258789,88.27999877929688,56.8336067199707,76586400
2002-09-04,88.61000061035156,90.25,88.05999755859375,89.54000091552734,57.64481735229492,51099500
2002-09-05,88.48999786376953,89.43000030517578,87.5,88.77999877929688,57.155517578125,67250900
2002-09-06,89.75,90.56999969482422,89.33999633789062,90.0,57.940982818603516,38622200
2002-09-09,89.0999984741211,91.3499984741211,88.80000305175781,90.66000366210938,58.36582946777344,33998400
2002-09-10,91.13999938964844,91.77999877929688,90.55999755859375,91.69999694824219,59.03536605834961,41416600
2002-09-11,92.47000122070312,93.33000183105469,91.0999984741211,91.12999725341797,58.668426513671875,27711200
2002-09-12,90.75,90.83999633789062,88.98999786376953,89.44999694824219,57.58688735961914,43601700
2002-09-13,88.69000244140625,89.9000015258789,88.25,89.66999816894531,57.72849655151367,41131000
2002-09-16,89.30999755859375,89.88999938964844,88.45999908447266,89.88999938964844,57.870140075683594,28167600
2002-09-17,90.88999938964844,91.19000244140625,87.75,87.83000183105469,56.5439453125,47609700
2002-09-18,87.01000213623047,88.5,86.27999877929688,86.94999694824219,55.97738265991211,54719400
2002-09-19,85.98999786376953,86.80000305175781,84.69999694824219,84.69999694824219,54.52886199951172,48510500
2002-09-20,84.91999816894531,85.19999694824219,84.05000305175781,84.3499984741211,54.54698944091797,46325600
2002-09-23,83.6500015258789,84.05999755859375,82.69000244140625,83.66000366210938,54.10076904296875,46893800
2002-09-24,82.44000244140625,83.6500015258789,81.8499984741211,82.30999755859375,53.22777557373047,69507000
2002-09-25,83.37000274658203,84.7699966430664,82.04000091552734,84.3499984741211,54.54698944091797,59294400
2002-09-26,85.0199966430664,85.97000122070312,84.44999694824219,85.7300033569336,55.43940353393555,53638000
2002-09-27,85.0,85.62999725341797,82.75,82.75,53.51228713989258,64648300
2002-09-30,82.0,82.80000305175781,80.9000015258789,81.79000091552734,52.89149475097656,73096400
2002-10-01,82.43000030517578,85.7699966430664,81.47000122070312,85.72000122070312,55.43293380737305,67198100
2002-10-02,84.69000244140625,85.52999877929688,82.5999984741211,83.1500015258789,53.770938873291016,56749100
2002-10-03,83.13999938964844,84.5999984741211,81.94999694824219,82.30999755859375,53.22777557373047,55547000
2002-10-04,82.80000305175781,82.91999816894531,79.58000183105469,80.80000305175781,52.25129318237305,68483700
2002-10-07,80.05999755859375,81.19999694824219,78.55000305175781,79.12999725341797,51.17134475708008,53188000
2002-10-08,79.80999755859375,81.30999755859375,78.19999694824219,80.37000274658203,51.973201751708984,79531000
2002-10-09,79.08999633789062,79.69999694824219,77.77999877929688,78.0999984741211,50.505245208740234,79956400
2002-10-10,77.94000244140625,81.06999969482422,77.06999969482422,80.62999725341797,52.14134979248047,76749000
2002-10-11,82.0999984741211,84.7300033569336,81.81999969482422,84.16000366210938,54.424110412597656,82308300
2002-10-14,83.19999694824219,84.8499984741211,83.04000091552734,84.62999725341797,54.72806167602539,40631900
2002-10-15,86.98999786376953,88.72000122070312,86.8499984741211,88.69999694824219,57.359962463378906,82320300
2002-10-16,87.41000366210938,87.80000305175781,85.91999816894531,86.55000305175781,55.969661712646484,62977800
2002-10-17,88.87000274658203,89.30000305175781,87.8499984741211,88.2699966430664,57.081966400146484,68534100
2002-10-18,87.6500015258789,89.11000061035156,86.93000030517578,88.63999938964844,57.321205139160156,47448700
2002-10-21,88.12000274658203,90.5,87.56999969482422,90.16999816894531,58.31062698364258,45859100
2002-10-22,89.05000305175781,90.01000213623047,88.5199966430664,89.5199966430664,57.89030838012695,40966800
2002-10-23,88.7699966430664,90.2699966430664,87.68000030517578,90.19999694824219,58.33000564575195,54905800
2002-10-24,90.75,90.9000015258789,88.0999984741211,88.36000061035156,57.140140533447266,54987400
2002-10-25,88.20999908447266,90.38999938964844,87.94000244140625,90.19999694824219,58.33000564575195,43672100
2002-10-28,91.1500015258789,91.29000091552734,88.8499984741211,89.61000061035156,57.948490142822266,39416100
2002-10-29,89.08000183105469,89.48999786376953,87.0,88.56999969482422,57.27592849731445,59508200
2002-10-30,88.68000030517578,89.95999908447266,88.2300033569336,89.43000030517578,57.832096099853516,41688600
2002-10-31,89.66000366210938,90.30000305175781,88.19000244140625,88.5199966430664,57.24360275268555,41620600
2002-11-01,88.3499984741211,90.81999969482422,88.05000305175781,90.2699966430664,58.375267028808594,51878900
2002-11-04,91.80000305175781,92.94000244140625,90.9000015258789,91.12999725341797,58.93142318725586,49080600
2002-11-05,90.83999633789062,92.06999969482422,90.83999633789062,91.8499984741211,59.397029876708984,37270800
2002-11-06,92.4800033569336,93.06999969482422,90.79000091552734,93.04000091552734,60.16659927368164,65013100
2002-11-07,92.0199966430664,92.22000122070312,90.22000122070312,90.76000213623047,58.69214630126953,51572000
2002-11-08,90.52999877929688,91.56999969482422,89.5199966430664,89.6500015258789,57.97434997558594,37905400
2002-11-11,89.51000213623047,89.55999755859375,87.80000305175781,88.26000213623047,57.075477600097656,33505100
2002-11-12,88.66000366210938,89.93000030517578,88.37000274658203,88.95999908447266,57.52815628051758,37724500
2002-11-13,88.31999969482422,89.73999786376953,87.44999694824219,89.05000305175781,57.586334228515625,63891500
2002-11-14,90.06999969482422,91.0,89.75,90.7300033569336,58.67275619506836,31896800
2002-11-15,90.0,91.55000305175781,89.94999694824219,91.4000015258789,59.10601806640625,39152100
2002-11-18,92.1500015258789,92.1500015258789,90.3499984741211,90.4800033569336,58.5110969543457,28934800
2002-11-19,90.0199966430664,91.0999984741211,89.76000213623047,90.36000061035156,58.43350601196289,32806600
2002-11-20,89.9800033569336,92.41999816894531,89.94999694824219,92.37000274658203,59.733299255371094,36688400
2002-11-21,92.5999984741211,94.19000244140625,92.43000030517578,94.08999633789062,60.8455810546875,55128200
2002-11-22,93.4800033569336,94.2699966430664,93.2699966430664,93.41999816894531,60.41230010986328,32513800
2002-11-25,93.43000030517578,94.26000213623047,92.7699966430664,93.4800033569336,60.45112609863281,33846400
2002-11-26,93.06999969482422,93.44999694824219,91.62000274658203,91.69999694824219,59.300010681152344,42284700
2002-11-27,92.5199966430664,94.6500015258789,92.43000030517578,94.27999877929688,60.968467712402344,37764000
2002-11-29,94.80000305175781,94.94999694824219,93.7699966430664,93.9800033569336,60.774444580078125,19385700
2002-12-02,95.47000122070312,96.05000305175781,93.22000122070312,94.12999725341797,60.8714714050293,49911900
2002-12-03,93.25,93.4000015258789,92.3499984741211,92.87000274658203,60.05663299560547,34407700
2002-12-04,91.7699966430664,93.13999938964844,91.43000030517578,92.44999694824219,59.785057067871094,64040800
2002-12-05,92.7300033569336,92.80000305175781,91.0999984741211,91.43000030517578,59.12544631958008,36724900
2002-12-06,90.12000274658203,92.16999816894531,89.9800033569336,92.02999877929688,59.513431549072266,49824100
2002-12-09,91.06999969482422,91.45999908447266,89.4800033569336,89.5,57.87734603881836,36789600
2002-12-10,90.0199966430664,91.0999984741211,89.76000213623047,90.69999694824219,58.653358459472656,33319900
2002-12-11,90.41999816894531,91.62000274658203,90.16000366210938,90.77999877929688,58.7050895690918,39201000
2002-12-12,91.19999694824219,91.48999786376953,90.19999694824219,90.7699966430664,58.698631286621094,34465600
2002-12-13,89.91000366210938,90.4800033569336,89.2699966430664,89.33999633789062,57.773860931396484,36862200
2002-12-16,89.81999969482422,91.79000091552734,89.66000366210938,91.6500015258789,59.26769256591797,37098400
2002-12-17,91.37000274658203,91.73999786376953,90.73999786376953,90.8499984741211,58.75033187866211,32353900
2002-12-18,90.31999969482422,90.4000015258789,89.33000183105469,89.80000305175781,58.07138442993164,35612600
2002-12-19,89.3499984741211,90.69999694824219,88.5999984741211,89.16000366210938,57.657466888427734,39264200
2002-12-20,89.19999694824219,90.0199966430664,89.0999984741211,89.98999786376953,58.48018264770508,31176900
2002-12-23,89.58999633789062,90.47000122070312,89.30999755859375,90.0199966430664,58.499691009521484,22599300
2002-12-24,89.58999633789062,89.86000061035156,89.25,89.3499984741211,58.06428527832031,10937000
2002-12-26,89.69999694824219,90.61000061035156,88.83999633789062,89.38999938964844,58.09026336669922,17485600
2002-12-27,88.95999908447266,89.29000091552734,87.37999725341797,87.37999725341797,56.78406524658203,22205700
2002-12-30,87.79000091552734,88.47000122070312,87.22000122070312,88.11000061035156,57.25846481323242,29968000
2002-12-31,87.98999786376953,88.43000030517578,87.11000061035156,88.2300033569336,57.33646774291992,34036600
2003-01-02,88.8499984741211,91.30000305175781,88.54000091552734,91.06999969482422,59.18202590942383,44516300
2003-01-03,90.91000366210938,91.37999725341797,90.5,91.3499984741211,59.36397171020508,32222600
2003-01-06,91.23999786376953,93.48999786376953,91.16999816894531,92.95999908447266,60.410255432128906,40984500
2003-01-07,92.9000015258789,93.37000274658203,92.19999694824219,92.7300033569336,60.26080322265625,38640400
2003-01-08,92.19999694824219,92.4000015258789,91.05000305175781,91.38999938964844,59.389991760253906,38702200
2003-01-09,91.81999969482422,93.18000030517578,91.41000366210938,92.80999755859375,60.312774658203125,34804900
2003-01-10,91.94999694824219,93.63999938964844,91.80000305175781,93.05999755859375,60.475242614746094,37768900
2003-01-13,93.54000091552734,93.86000061035156,92.44000244140625,93.02999877929688,60.455726623535156,31649900
2003-01-14,92.69000244140625,93.83000183105469,92.41000366210938,93.33000183105469,60.65068435668945,30733000
2003-01-15,93.54000091552734,93.56999969482422,91.91000366210938,92.4000015258789,60.04634475708008,33511800
2003-01-16,92.5,92.93000030517578,91.44999694824219,92.0199966430664,59.79935836791992,44812100
2003-01-17,90.98999786376953,92.30000305175781,90.1500015258789,90.66000366210938,58.915592193603516,35618300
2003-01-21,90.87000274658203,90.91999816894531,88.94999694824219,89.25,57.999324798583984,36826200
2003-01-22,88.7699966430664,89.80000305175781,88.0,88.16999816894531,57.29743576049805,42286500
2003-01-23,88.75,89.37999725341797,87.94999694824219,88.70999908447266,57.648406982421875,55919800
2003-01-24,88.58999633789062,88.68000030517578,86.16999816894531,86.37999725341797,56.13422393798828,68633900
2003-01-27,85.7300033569336,86.80000305175781,84.5,85.19999694824219,55.367408752441406,57884400
2003-01-28,85.62999725341797,86.4000015258789,85.12999725341797,85.83000183105469,55.77680206298828,46929100
2003-01-29,85.41999816894531,87.18000030517578,84.7699966430664,86.4800033569336,56.19923782348633,53712200
2003-01-30,86.79000091552734,86.87999725341797,84.4000015258789,84.43000030517578,54.867008209228516,49845900
2003-01-31,84.1500015258789,86.20999908447266,84.1500015258789,86.05999755859375,55.926273345947266,55317000
2003-02-03,86.13999938964844,86.80999755859375,85.91999816894531,86.2300033569336,56.0367546081543,39696000
2003-02-04,85.30999755859375,85.75,84.30000305175781,85.37999725341797,55.4843864440918,43633400
2003-02-05,85.75,86.54000091552734,84.4800033569336,84.8499984741211,55.13993453979492,55270600
2003-02-06,84.37000274658203,84.88999938964844,83.6500015258789,84.44999694824219,54.8800048828125,53638000
2003-02-07,84.91000366210938,84.98999786376953,82.97000122070312,83.41999816894531,54.21066665649414,43165000
2003-02-10,83.45999908447266,84.12999725341797,82.6500015258789,84.01000213623047,54.594093322753906,45455900
2003-02-11,84.37000274658203,84.87999725341797,82.83000183105469,83.43000030517578,54.21714782714844,46861000
2003-02-12,83.16000366210938,83.62000274658203,82.08999633789062,82.0999984741211,53.35285949707031,35873600
2003-02-13,82.1500015258789,82.66000366210938,81.0,82.3499984741211,53.51532745361328,57934100
2003-02-14,82.37000274658203,84.19999694824219,81.81999969482422,84.1500015258789,54.68507385253906,59580900
2003-02-18,84.52999877929688,85.80000305175781,84.38999938964844,85.62999725341797,55.64684295654297,39492700
2003-02-19,85.31999969482422,85.47000122070312,84.27999877929688,85.18000030517578,55.35440444946289,31432000
2003-02-20,85.20999908447266,85.41999816894531,84.05000305175781,84.33000183105469,54.80202865600586,29280100
2003-02-21,84.37999725341797,85.73999786376953,83.45999908447266,85.18000030517578,55.35440444946289,60955800
2003-02-24,84.93000030517578,85.0,83.58999633789062,83.80000305175781,54.45760726928711,30628600
2003-02-25,82.94999694824219,84.48999786376953,82.22000122070312,84.47000122070312,54.893028259277344,56770600
2003-02-26,84.0199966430664,84.52999877929688,83.08000183105469,83.23999786376953,54.093685150146484,37787200
2003-02-27,83.69999694824219,84.75,83.16000366210938,84.33999633789062,54.80853271484375,51126000
2003-02-28,84.47000122070312,85.2300033569336,84.16000366210938,84.9000015258789,55.172454833984375,43666800
2003-03-03,85.26000213623047,85.77999877929688,83.72000122070312,84.08999633789062,54.64607620239258,42923100
2003-03-04,83.94999694824219,84.01000213623047,82.6500015258789,82.75,53.77526092529297,31440500
2003-03-05,82.61000061035156,83.54000091552734,82.36000061035156,83.44999694824219,54.23015594482422,43974700
2003-03-06,82.87000274658203,83.5199966430664,82.47000122070312,82.75,53.77526092529297,41217700
2003-03-07,81.61000061035156,83.98999786376953,81.43000030517578,83.31999969482422,54.14567565917969,63538000
2003-03-10,82.5999984741211,82.86000061035156,81.0999984741211,81.31999969482422,52.846012115478516,41014100
2003-03-11,81.4800033569336,82.0,80.4800033569336,80.5199966430664,52.32609176635742,48102700
2003-03-12,80.37999725341797,81.0999984741211,79.37999725341797,81.05999755859375,52.67704391479492,62459800
2003-03-13,82.18000030517578,83.91000366210938,81.52999877929688,83.86000061035156,54.49658203125,72117800
2003-03-14,84.19999694824219,84.7699966430664,83.3499984741211,84.12999725341797,54.67203903198242,63951800
2003-03-17,83.45999908447266,86.94999694824219,83.22000122070312,86.77999877929688,56.39414596557617,88217500
2003-03-18,87.1500015258789,87.3499984741211,86.27999877929688,87.29000091552734,56.72557067871094,50792300
2003-03-19,87.27999877929688,88.16000366210938,86.68000030517578,87.95999908447266,57.16099548339844,49630800
2003-03-20,87.33000183105469,88.58999633789062,86.3499984741211,88.1500015258789,57.28445053100586,67321600
2003-03-21,88.80000305175781,89.87999725341797,87.93000030517578,89.66999816894531,58.507198333740234,71165300
2003-03-24,88.0199966430664,88.13999938964844,86.3499984741211,86.69000244140625,56.56283187866211,65398900
2003-03-25,86.73999786376953,88.26000213623047,86.44000244140625,87.5199966430664,57.104373931884766,61040100
2003-03-26,87.55999755859375,87.8499984741211,86.80000305175781,87.08000183105469,56.817283630371094,45740800
2003-03-27,86.4000015258789,87.66000366210938,85.98999786376953,87.1500015258789,56.86299133300781,53120200
2003-03-28,86.47000122070312,87.27999877929688,86.25,86.70999908447266,56.57589340209961,32583000
2003-03-31,85.3499984741211,86.58999633789062,84.4000015258789,84.73999786376953,55.29051208496094,61119500
2003-04-01,85.25,86.38999938964844,84.91000366210938,86.04000091552734,56.138736724853516,53574000
2003-04-02,87.54000091552734,88.7699966430664,87.5,88.12000274658203,57.495872497558594,50431200
2003-04-03,88.87000274658203,88.98999786376953,87.6500015258789,87.69999694824219,57.221832275390625,48755500
2003-04-04,88.43000030517578,88.58999633789062,87.62000274658203,88.22000122070312,57.56111526489258,36250100
2003-04-07,90.33999633789062,90.8499984741211,87.97000122070312,88.05000305175781,57.450218200683594,69776200
2003-04-08,88.30000305175781,88.6500015258789,87.70999908447266,88.19000244140625,57.54154968261719,39712700
2003-04-09,88.36000061035156,89.0999984741211,86.7699966430664,87.02999877929688,56.7846565246582,55647300
2003-04-10,87.08999633789062,87.62999725341797,85.70999908447266,87.51000213623047,57.097862243652344,41812400
2003-04-11,88.16000366210938,88.69999694824219,86.86000061035156,87.1500015258789,56.86299133300781,47730100
2003-04-14,87.47000122070312,89.0,87.0,88.94999694824219,58.03744888305664,36711700
2003-04-15,88.83999633789062,89.77999877929688,88.41999816894531,89.77999877929688,58.578941345214844,49709800
2003-04-16,89.91000366210938,90.05999755859375,88.02999877929688,88.25,57.58068084716797,51788000
2003-04-17,88.30000305175781,89.72000122070312,88.19000244140625,89.55999755859375,58.43544006347656,37403100
2003-04-21,89.86000061035156,90.16000366210938,89.05999755859375,89.6500015258789,58.49412536621094,32052700
2003-04-22,89.0999984741211,91.55999755859375,88.88999938964844,91.33999633789062,59.59683609008789,59763600
2003-04-23,91.62000274658203,92.3499984741211,91.23999786376953,92.18000030517578,60.144920349121094,44227100
2003-04-24,91.52999877929688,92.08000183105469,90.95999908447266,91.36000061035156,59.6098747253418,49692400
2003-04-25,91.30000305175781,91.47000122070312,90.0199966430664,90.2300033569336,58.87261199951172,43917200
2003-04-28,90.44000244140625,92.19000244140625,90.30000305175781,91.79000091552734,59.89042663574219,46432900
2003-04-29,92.13999938964844,92.80000305175781,91.4000015258789,92.11000061035156,60.09919738769531,52017100
2003-04-30,91.91000366210938,92.56999969482422,91.41000366210938,91.91000366210938,59.96875762939453,48709100
2003-05-01,91.91999816894531,92.7300033569336,90.5,91.9000015258789,59.962196350097656,50240400
2003-05-02,91.55999755859375,93.47000122070312,91.48999786376953,93.20999908447266,60.816959381103516,50201500
2003-05-05,93.47000122070312,93.77999877929688,92.5,93.02999877929688,60.69948196411133,35437800
2003-05-06,93.04000091552734,94.37999725341797,93.0,93.91000366210938,61.273658752441406,44401000
2003-05-07,93.41999816894531,94.13999938964844,92.97000122070312,93.38999938964844,60.93435287475586,41413100
2003-05-08,92.5199966430664,93.33000183105469,92.27999877929688,92.44999694824219,60.32103729248047,40570700
2003-05-09,92.83000183105469,93.80000305175781,92.61000061035156,93.7300033569336,61.15621566772461,33608100
2003-05-12,93.5,95.12000274658203,93.27999877929688,94.87999725341797,61.90655517578125,35662300
2003-05-13,94.52999877929688,95.18000030517578,94.26000213623047,94.70999908447266,61.79568099975586,39253600
2003-05-14,95.08999633789062,95.23999786376953,93.91000366210938,94.51000213623047,61.665164947509766,32195100
2003-05-15,94.88999938964844,95.33000183105469,94.25,95.11000061035156,62.05666732788086,43879200
2003-05-16,94.88999938964844,95.44999694824219,94.26000213623047,94.87000274658203,61.900062561035156,38905000
2003-05-19,94.1500015258789,94.41999816894531,92.33000183105469,92.6500015258789,60.451560974121094,41606000
2003-05-20,92.81999969482422,93.02999877929688,91.58999633789062,92.45999908447266,60.327606201171875,55404600
2003-05-21,92.11000061035156,92.87999725341797,91.91000366210938,92.6500015258789,60.451560974121094,49333800
2003-05-22,92.94999694824219,94.05000305175781,92.68000030517578,93.56999969482422,61.0518684387207,38421800
2003-05-23,93.52999877929688,93.9800033569336,93.13999938964844,93.76000213623047,61.17580795288086,26155900
2003-05-27,93.30000305175781,95.83999633789062,93.06999969482422,95.4000015258789,62.24587631225586,43719200
2003-05-28,95.8499984741211,96.47000122070312,95.43000030517578,95.66999816894531,62.422054290771484,37727100
2003-05-29,95.87999725341797,96.81999969482422,95.08000183105469,95.41999816894531,62.25889205932617,50844200
2003-05-30,95.9000015258789,97.08999633789062,95.55999755859375,96.94999694824219,63.25721740722656,52529500
2003-06-02,97.52999877929688,98.44999694824219,96.66999816894531,97.3499984741211,63.518218994140625,50305500
2003-06-03,97.1500015258789,97.83999633789062,96.8499984741211,97.75,63.77915573120117,38254500
2003-06-04,97.66000366210938,99.3499984741211,97.56999969482422,99.16000366210938,64.69914245605469,49360700
2003-06-05,98.58000183105469,99.6500015258789,98.2699966430664,99.6500015258789,65.01887512207031,46262400
2003-06-06,100.4000015258789,101.4000015258789,99.12999725341797,99.26000213623047,64.76441192626953,60356800
2003-06-09,98.7699966430664,99.0999984741211,97.7699966430664,98.25,64.10540771484375,37808500
2003-06-10,98.45999908447266,99.26000213623047,98.19000244140625,99.25,64.75787353515625,29965900
2003-06-11,99.16000366210938,100.38999938964844,98.70999908447266,100.30000305175781,65.44298553466797,37610200
2003-06-12,100.75,100.9000015258789,99.62000274658203,100.61000061035156,65.64524841308594,36442000
2003-06-13,100.61000061035156,100.75,98.94999694824219,99.55999755859375,64.96015167236328,48628300
2003-06-16,99.95999908447266,101.69999694824219,99.80000305175781,101.66000366210938,66.33032989501953,36326300
2003-06-17,102.06999969482422,102.18000030517578,101.2300033569336,101.66000366210938,66.33032989501953,36801800
2003-06-18,101.29000091552734,102.13999938964844,101.0,101.56999969482422,66.27162170410156,35521000
2003-06-19,101.63999938964844,101.7300033569336,99.83999633789062,100.0199966430664,65.2602767944336,43551700
2003-06-20,100.38999938964844,100.5,99.41999816894531,99.44000244140625,65.11621856689453,41545000
2003-06-23,99.44999694824219,99.66000366210938,97.91999816894531,98.41999816894531,64.44832611083984,34237500
2003-06-24,98.22000122070312,99.08999633789062,98.0199966430664,98.5199966430664,64.51376342773438,36213600
2003-06-25,98.52999877929688,99.44000244140625,97.52999877929688,97.52999877929688,63.86549377441406,47743400
2003-06-26,97.77999877929688,98.9800033569336,96.95999908447266,98.80000305175781,64.6971435546875,33477300
2003-06-27,98.75,99.19000244140625,97.58000183105469,97.66000366210938,63.95065689086914,54208800
2003-06-30,98.22000122070312,98.66999816894531,97.47000122070312,97.62999725341797,63.93097686767578,33349000
2003-07-01,97.25,98.8499984741211,96.43000030517578,98.52999877929688,64.52034759521484,51322800
2003-07-02,98.7699966430664,99.79000091552734,98.56999969482422,99.7699966430664,65.33230590820312,34662100
2003-07-03,99.06999969482422,99.8499984741211,97.9000015258789,98.73999786376953,64.6578140258789,30792800
2003-07-07,99.6500015258789,100.9000015258789,99.6500015258789,100.69999694824219,65.94131469726562,31391100
2003-07-08,100.5,101.29000091552734,100.16999816894531,101.1500015258789,66.23599243164062,30952500
2003-07-09,100.91999816894531,101.4000015258789,100.02999877929688,100.58000183105469,65.86273193359375,36528500
2003-07-10,99.83999633789062,100.04000091552734,98.62999725341797,99.30000305175781,65.0245361328125,49777700
2003-07-11,99.38999938964844,100.44999694824219,99.38999938964844,100.23999786376953,65.64007568359375,39976300
2003-07-14,101.19999694824219,101.9000015258789,100.44999694824219,100.7300033569336,65.96096801757812,42114900
2003-07-15,101.37999725341797,101.45999908447266,99.94999694824219,100.51000213623047,65.81687927246094,42573600
2003-07-16,100.80999755859375,100.87000274658203,99.2300033569336,99.91999816894531,65.4305419921875,39894200
2003-07-17,99.1500015258789,99.87999725341797,98.16000366210938,98.5,64.50064849853516,52253500
2003-07-18,99.0199966430664,99.80000305175781,98.45999908447266,99.51000213623047,65.16210174560547,35698100
2003-07-21,99.44999694824219,99.48999786376953,97.8499984741211,98.27999877929688,64.35661315917969,34786000
2003-07-22,98.69000244140625,99.41000366210938,97.91999816894531,99.16999816894531,64.93939971923828,49968300
2003-07-23,99.20999908447266,99.44999694824219,98.27999877929688,99.23999786376953,64.98529052734375,37275400
2003-07-24,99.98999786376953,100.33999633789062,98.37000274658203,98.48999786376953,64.49412536621094,40896200
2003-07-25,98.66000366210938,100.29000091552734,98.04000091552734,100.2300033569336,65.6335220336914,43241100
2003-07-28,100.37000274658203,100.9800033569336,99.66999816894531,99.86000061035156,65.3912353515625,34382800
2003-07-29,100.13999938964844,100.26000213623047,98.68000030517578,99.4000015258789,65.09004974365234,53472100
2003-07-30,99.5999984741211,99.75,98.93000030517578,99.16000366210938,64.93286895751953,28363300
2003-07-31,99.9800033569336,100.91000366210938,99.16999816894531,99.38999938964844,65.0834732055664,54937200
2003-08-01,99.19000244140625,99.52999877929688,98.23999786376953,98.51000213623047,64.50724029541016,49321000
2003-08-04,98.30999755859375,99.0,97.0,98.51000213623047,64.50724029541016,55214100
2003-08-05,98.41000366210938,98.76000213623047,96.33999633789062,96.41999816894531,63.138648986816406,61415600
2003-08-06,96.69000244140625,98.05999755859375,96.41999816894531,96.9800033569336,63.50532913208008,50096900
2003-08-07,97.16999816894531,98.06999969482422,96.76000213623047,98.0,64.17328643798828,43427400
2003-08-08,98.31999969482422,98.55000305175781,97.76000213623047,98.27999877929688,64.35661315917969,27357300
2003-08-11,98.26000213623047,99.04000091552734,97.83999633789062,98.6500015258789,64.59891510009766,34631400
2003-08-12,98.70999908447266,99.58999633789062,98.41999816894531,99.55000305175781,65.18828582763672,43285600
2003-08-13,99.81999969482422,99.8499984741211,98.52999877929688,99.04000091552734,64.85430145263672,36152000
2003-08-14,99.0999984741211,99.75,98.44999694824219,99.30999755859375,65.03109741210938,35525100
2003-08-15,99.36000061035156,99.79000091552734,99.12000274658203,99.62000274658203,65.2341079711914,12567000
2003-08-18,99.93000030517578,100.5999984741211,99.73999786376953,100.4800033569336,65.79725646972656,22873800
2003-08-19,100.69000244140625,100.94000244140625,100.0,100.86000061035156,66.0461196899414,37437700
2003-08-20,100.29000091552734,100.88999938964844,100.16000366210938,100.44999694824219,65.7776107788086,21295300
2003-08-21,101.05000305175781,101.5199966430664,100.4000015258789,100.7699966430664,65.98715209960938,46494200
2003-08-22,101.75,101.81999969482422,99.7300033569336,99.7699966430664,65.33230590820312,52040300
2003-08-25,99.70999908447266,100.83000183105469,99.27999877929688,99.93000030517578,65.43708801269531,23473000
2003-08-26,99.5,100.38999938964844,98.83000183105469,100.11000061035156,65.55493927001953,45065800
2003-08-27,100.05000305175781,100.36000061035156,99.56999969482422,100.13999938964844,65.57457733154297,18919500
2003-08-28,100.4000015258789,101.0,99.66000366210938,100.76000213623047,65.9806137084961,27402400
2003-08-29,100.61000061035156,101.4800033569336,100.4800033569336,101.44000244140625,66.42589569091797,28706600
2003-09-02,101.63999938964844,102.87999725341797,101.05000305175781,102.80000305175781,67.31645965576172,49419100
2003-09-03,103.02999877929688,103.69999694824219,102.77999877929688,103.36000061035156,67.68314361572266,44912400
2003-09-04,103.0999984741211,103.55000305175781,102.76000213623047,103.41000366210938,67.71591186523438,28381000
2003-09-05,102.94000244140625,103.55000305175781,102.4000015258789,102.83000183105469,67.33609771728516,31637300
2003-09-08,103.04000091552734,103.87999725341797,102.93000030517578,103.68000030517578,67.89268493652344,32632800
2003-09-09,103.37000274658203,103.45999908447266,102.68000030517578,103.0,67.44740295410156,35053200
2003-09-10,102.52999877929688,102.80000305175781,101.55000305175781,101.95999908447266,66.7663803100586,45904900
2003-09-11,102.0999984741211,102.76000213623047,101.83999633789062,102.26000213623047,66.96283721923828,38396300
2003-09-12,101.91000366210938,102.63999938964844,101.3499984741211,102.44999694824219,67.08724975585938,42524800
2003-09-15,102.5199966430664,102.62999725341797,101.94999694824219,102.08999633789062,66.85153198242188,21312800
2003-09-16,102.2300033569336,103.63999938964844,102.16999816894531,103.58000183105469,67.82720184326172,37892600
2003-09-17,103.4800033569336,103.79000091552734,103.05000305175781,103.37999725341797,67.69625091552734,31885800
2003-09-18,103.4000015258789,104.69999694824219,103.16999816894531,104.5999984741211,68.49512481689453,30243600
2003-09-19,104.2699966430664,104.5999984741211,103.4000015258789,103.66999816894531,68.14678955078125,34331600
2003-09-22,102.8499984741211,102.95999908447266,102.02999877929688,102.55000305175781,67.41055297851562,36677400
2003-09-23,102.58999633789062,103.29000091552734,102.36000061035156,102.94000244140625,67.6668701171875,32489200
2003-09-24,103.12000274658203,103.22000122070312,101.06999969482422,101.11000061035156,66.46399688720703,41694700
2003-09-25,101.41000366210938,101.87999725341797,100.19999694824219,100.27999877929688,65.91832733154297,52673100
2003-09-26,100.44000244140625,100.66000366210938,99.8499984741211,99.94999694824219,65.70145416259766,42914700
2003-09-29,100.30000305175781,100.98999786376953,99.79000091552734,100.93000030517578,66.34563446044922,36771600
2003-09-30,100.4800033569336,100.76000213623047,99.25,99.94999694824219,65.70145416259766,70764500
2003-10-01,100.23999786376953,102.18000030517578,100.19999694824219,102.08000183105469,67.1015853881836,65797600
2003-10-02,101.93000030517578,102.55999755859375,101.62999725341797,102.44999694824219,67.34476470947266,44591500
2003-10-03,103.66999816894531,104.27999877929688,103.08000183105469,103.38999938964844,67.96270751953125,48806900
2003-10-06,103.4800033569336,103.98999786376953,103.19999694824219,103.86000061035156,68.27162170410156,20226500
2003-10-07,103.26000213623047,104.30999755859375,102.91000366210938,104.26000213623047,68.53458404541016,42602900
2003-10-08,104.33000183105469,104.38999938964844,103.41000366210938,104.0,68.36366271972656,30920800
2003-10-09,104.87999725341797,105.22000122070312,103.83000183105469,104.27999877929688,68.5477294921875,40066500
2003-10-10,104.2699966430664,104.5999984741211,103.91000366210938,104.56999969482422,68.73835754394531,22682800
2003-10-13,104.70999908447266,105.29000091552734,104.51000213623047,104.9000015258789,68.95531463623047,23825600
2003-10-14,104.80000305175781,105.43000030517578,104.36000061035156,105.2699966430664,69.1985092163086,38484400
2003-10-15,105.86000061035156,105.88999938964844,104.63999938964844,104.98999786376953,69.01443481445312,39021700
2003-10-16,104.68000030517578,105.7300033569336,104.6500015258789,105.41000366210938,69.29055786132812,32772200
2003-10-17,105.47000122070312,105.62999725341797,103.9800033569336,104.26000213623047,68.53458404541016,32790300
2003-10-20,104.44999694824219,105.04000091552734,103.94000244140625,105.04000091552734,69.04730224609375,27657000
2003-10-21,104.81999969482422,105.27999877929688,104.31999969482422,104.86000061035156,68.92901611328125,26729100
2003-10-22,104.02999877929688,104.19000244140625,103.19000244140625,103.54000091552734,68.0613021850586,33914500
2003-10-23,102.88999938964844,103.94999694824219,102.83999633789062,103.3499984741211,67.9364242553711,45830500
2003-10-24,102.83000183105469,103.58000183105469,102.18000030517578,103.58000183105469,68.0876235961914,51723600
2003-10-27,103.73999786376953,104.18000030517578,103.2699966430664,103.62999725341797,68.12042999267578,32460200
2003-10-28,103.9800033569336,105.1500015258789,103.81999969482422,105.04000091552734,69.04730224609375,34956200
2003-10-29,104.7699966430664,105.43000030517578,103.87000274658203,105.18000030517578,69.13933563232422,30955400
2003-10-30,105.79000091552734,105.97000122070312,104.80000305175781,105.4000015258789,69.28396606445312,39123100
2003-10-31,105.4000015258789,105.73999786376953,105.22000122070312,105.30000305175781,69.2182388305664,25761600
2003-11-03,105.75,106.61000061035156,105.70999908447266,105.98999786376953,69.67180633544922,37589300
2003-11-04,105.98999786376953,106.2699966430664,105.58000183105469,105.76000213623047,69.52059936523438,31421600
2003-11-05,105.48999786376953,105.97000122070312,104.9000015258789,105.83999633789062,69.57316589355469,33558800
2003-11-06,105.5999984741211,106.44000244140625,105.0999984741211,106.4000015258789,69.94127655029297,28392300
2003-11-07,106.63999938964844,106.72000122070312,105.56999969482422,105.61000061035156,69.42198944091797,31723200
2003-11-10,105.73999786376953,105.83999633789062,105.01000213623047,105.18000030517578,69.13933563232422,25530800
2003-11-11,105.08999633789062,105.33000183105469,104.80000305175781,105.1500015258789,69.11963653564453,26558600
2003-11-12,105.2300033569336,106.47000122070312,105.16000366210938,106.33000183105469,69.8952865600586,28000000
2003-11-13,106.01000213623047,106.54000091552734,105.77999877929688,106.36000061035156,69.91498565673828,29714800
2003-11-14,106.4000015258789,106.94999694824219,105.29000091552734,105.45999908447266,69.32341003417969,49158500
2003-11-17,104.91000366210938,105.13999938964844,104.04000091552734,104.93000030517578,68.97502136230469,44382100
2003-11-18,105.23999786376953,105.44999694824219,103.69999694824219,103.83999633789062,68.25848388671875,41155000
2003-11-19,104.02999877929688,105.01000213623047,103.91999816894531,104.72000122070312,68.83695220947266,29827000
2003-11-20,104.0,105.23999786376953,103.75,103.77999877929688,68.21905517578125,53578700
2003-11-21,104.23999786376953,104.33000183105469,103.62000274658203,104.20999908447266,68.50172424316406,30016000
2003-11-24,104.69000244140625,105.77999877929688,104.68000030517578,105.58999633789062,69.40884399414062,28906400
2003-11-25,105.7300033569336,106.41999816894531,105.44999694824219,105.98999786376953,69.67180633544922,37580000
2003-11-26,106.41999816894531,106.44999694824219,105.38999938964844,106.37000274658203,69.92160034179688,33053600
2003-11-28,106.27999877929688,106.66000366210938,106.19999694824219,106.44999694824219,69.97415161132812,10507500
2003-12-01,106.8499984741211,107.68000030517578,106.80000305175781,107.5999984741211,70.73014068603516,38699000
2003-12-02,107.37999725341797,107.7699966430664,107.06999969482422,107.33000183105469,70.5526123046875,35352000
2003-12-03,107.6500015258789,108.08000183105469,107.06999969482422,107.16000366210938,70.4408950805664,39078600
2003-12-04,107.16999816894531,107.72000122070312,106.94000244140625,107.5999984741211,70.73014068603516,36089500
2003-12-05,107.12000274658203,107.80000305175781,106.62000274658203,106.8499984741211,70.23709106445312,28824400
2003-12-08,106.73999786376953,107.63999938964844,106.68000030517578,107.56999969482422,70.71039581298828,32482900
2003-12-09,107.9000015258789,107.93000030517578,106.54000091552734,106.73999786376953,70.16480255126953,43596100
2003-12-10,106.7699966430664,106.9800033569336,105.95999908447266,106.7300033569336,70.15819549560547,36915400
2003-12-11,106.68000030517578,108.0999984741211,106.66999816894531,107.93000030517578,70.9470443725586,45304000
2003-12-12,107.97000122070312,108.19999694824219,107.38999938964844,108.13999938964844,71.08509826660156,34142200
2003-12-15,109.16999816894531,109.2300033569336,107.4800033569336,107.5999984741211,70.73014068603516,38693400
2003-12-16,107.68000030517578,108.5,107.5199966430664,108.16000366210938,71.09820556640625,32894200
2003-12-17,108.05999755859375,108.5,107.80000305175781,108.5,71.32172393798828,23198800
2003-12-18,108.55000305175781,109.7300033569336,108.38999938964844,109.72000122070312,72.12367248535156,29353100
2003-12-19,109.30000305175781,109.37000274658203,108.58000183105469,108.9000015258789,71.92288208007812,41465100
2003-12-22,108.79000091552734,109.66000366210938,108.77999877929688,109.66000366210938,72.42481994628906,27611300
2003-12-23,109.4800033569336,109.94999694824219,109.37999725341797,109.7300033569336,72.47108459472656,24741200
2003-12-24,109.5199966430664,109.87999725341797,109.43000030517578,109.62000274658203,72.39842224121094,8055800
2003-12-26,109.70999908447266,110.08000183105469,109.62999725341797,109.69999694824219,72.45127868652344,8308400
2003-12-29,110.0999984741211,111.2699966430664,109.77999877929688,111.16000366210938,73.41551208496094,22483700
2003-12-30,111.08999633789062,111.2699966430664,110.8499984741211,111.18000030517578,73.42872619628906,19559500
2003-12-31,111.22000122070312,111.5199966430664,110.83999633789062,111.27999877929688,73.49474334716797,31501800
2004-01-02,111.73999786376953,112.19000244140625,110.7300033569336,111.2300033569336,73.46178436279297,38072300
2004-01-05,111.69000244140625,112.5199966430664,111.58999633789062,112.44000244140625,74.2608871459961,27959800
2004-01-06,112.16000366210938,112.7300033569336,112.0,112.55000305175781,74.33354187011719,20472800
2004-01-07,112.38999938964844,113.05999755859375,111.88999938964844,112.93000030517578,74.58450317382812,30170400
2004-01-08,113.25,113.41000366210938,112.7699966430664,113.37999725341797,74.8817138671875,36438400
2004-01-09,112.83000183105469,113.5,112.2699966430664,112.38999938964844,74.2278823852539,54084300
2004-01-12,112.55000305175781,113.25,112.36000061035156,113.22000122070312,74.77604675292969,31564100
2004-01-13,113.08999633789062,113.2300033569336,111.76000213623047,112.55999755859375,74.34017181396484,54239700
2004-01-14,112.76000213623047,113.66000366210938,112.66999816894531,113.5,74.96097564697266,30112800
2004-01-15,113.56999969482422,114.05999755859375,112.58000183105469,113.77999877929688,75.14590454101562,38408700
2004-01-16,114.04000091552734,114.30999755859375,113.62999725341797,114.2300033569336,75.44310760498047,31922700
2004-01-20,114.52999877929688,114.6500015258789,113.81999969482422,114.19999694824219,75.42325592041016,29863000
2004-01-21,114.12999725341797,115.30000305175781,113.72000122070312,115.0999984741211,76.01770782470703,30725000
2004-01-22,115.13999938964844,115.37999725341797,114.58000183105469,114.80000305175781,75.81954956054688,29888500
2004-01-23,115.0,115.37000274658203,113.94999694824219,114.43000030517578,75.5751953125,44245300
2004-01-26,114.38999938964844,115.93000030517578,114.37999725341797,115.87000274658203,76.52626037597656,30460600
2004-01-27,115.75,116.5,114.6500015258789,114.68000030517578,75.74031829833984,35322800
2004-01-28,114.9800033569336,115.27999877929688,112.94000244140625,113.37000274658203,74.87509155273438,52621300
2004-01-29,113.55999755859375,113.8499984741211,112.55999755859375,113.4800033569336,74.94776916503906,60117100
2004-01-30,113.5199966430664,113.72000122070312,113.08999633789062,113.4800033569336,74.94776916503906,30984400
2004-02-02,113.69999694824219,114.68000030517578,113.12000274658203,113.97000122070312,75.27136993408203,38832400
2004-02-03,113.73999786376953,114.13999938964844,113.44000244140625,113.77999877929688,75.14590454101562,25093500
2004-02-04,113.19000244140625,113.7300033569336,112.79000091552734,112.8499984741211,74.53167724609375,39332600
2004-02-05,113.16999816894531,113.54000091552734,112.77999877929688,113.18000030517578,74.74962615966797,37226800
2004-02-06,113.41999816894531,114.69999694824219,113.19999694824219,114.44999694824219,75.58838653564453,37216000
2004-02-09,114.66999816894531,114.87000274658203,114.29000091552734,114.4800033569336,75.60820770263672,24851300
2004-02-10,114.27999877929688,115.13999938964844,114.26000213623047,114.8499984741211,75.85255432128906,27908100
2004-02-11,114.8499984741211,116.38999938964844,114.16999816894531,116.06999969482422,76.65829467773438,42965700
2004-02-12,115.97000122070312,116.2699966430664,115.58000183105469,115.6500015258789,76.38092041015625,27814700
2004-02-13,115.81999969482422,116.19999694824219,114.75,115.12999725341797,76.03750610351562,44739900
2004-02-17,115.8499984741211,116.43000030517578,115.7699966430664,116.16999816894531,76.72440338134766,23984300
2004-02-18,116.19999694824219,116.5999984741211,115.3499984741211,115.66000366210938,76.3875503540039,28618000
2004-02-19,116.33000183105469,116.38999938964844,115.05999755859375,115.2300033569336,76.1035385131836,51146200
2004-02-20,115.4800033569336,115.55999755859375,114.31999969482422,114.87999725341797,75.87238311767578,46728800
2004-02-23,115.22000122070312,115.26000213623047,114.16999816894531,114.58999633789062,75.68089294433594,36357000
2004-02-24,114.2699966430664,114.98999786376953,113.02999877929688,114.38999938964844,75.54872131347656,43953000
2004-02-25,114.45999908447266,115.05999755859375,114.31999969482422,114.87000274658203,75.86578369140625,31213600
2004-02-26,114.61000061035156,115.29000091552734,114.33999633789062,114.94000244140625,75.91200256347656,29683000
2004-02-27,115.19000244140625,115.73999786376953,114.62999725341797,115.0199966430664,75.96482849121094,39312000
2004-03-01,115.43000030517578,116.33999633789062,115.25,116.16000366210938,76.71778869628906,33130800
2004-03-02,115.94000244140625,116.97000122070312,115.2300033569336,115.4800033569336,76.26866149902344,38556400
2004-03-03,115.25,115.87000274658203,114.91999816894531,115.69000244140625,76.40733337402344,31346200
2004-03-04,115.72000122070312,116.0999984741211,115.5199966430664,115.98999786376953,76.6054916381836,21060000
2004-03-05,115.41999816894531,116.94999694824219,115.27999877929688,116.37999725341797,76.86306762695312,55905600
2004-03-08,116.33999633789062,116.62000274658203,114.91000366210938,114.95999908447266,75.92524719238281,39281600
2004-03-09,115.0999984741211,115.20999908447266,114.23999786376953,114.5,75.62140655517578,39746100
2004-03-10,114.72000122070312,114.7699966430664,112.55999755859375,112.58000183105469,74.35337829589844,67671800
2004-03-11,112.4000015258789,113.2699966430664,111.0999984741211,111.12000274658203,73.38910675048828,89134800
2004-03-12,111.7300033569336,112.70999908447266,111.58000183105469,112.58000183105469,74.35337829589844,54012200
2004-03-15,112.2699966430664,112.3499984741211,110.9000015258789,111.19999694824219,73.44194793701172,57677200
2004-03-16,111.77999877929688,112.05999755859375,110.83999633789062,111.79000091552734,73.83160400390625,59832600
2004-03-17,112.18000030517578,113.26000213623047,112.0999984741211,113.04000091552734,74.65715026855469,41607300
2004-03-18,112.69999694824219,113.2699966430664,111.93000030517578,113.06999969482422,74.67697143554688,60014300
2004-03-19,112.41000366210938,112.56999969482422,111.04000091552734,111.05999755859375,73.6065902709961,48636200
2004-03-22,110.54000091552734,110.56999969482422,109.0999984741211,109.6500015258789,72.67213439941406,62752100
2004-03-23,110.25,110.4000015258789,109.36000061035156,109.45999908447266,72.54618072509766,54080200
2004-03-24,109.58000183105469,110.13999938964844,108.8499984741211,109.55000305175781,72.6058120727539,51584300
2004-03-25,110.08000183105469,111.30000305175781,109.79000091552734,111.0,73.56684112548828,49873600
2004-03-26,110.95999908447266,111.79000091552734,110.80000305175781,111.02999877929688,73.58673095703125,37409500
2004-03-29,111.62999725341797,112.73999786376953,111.58000183105469,112.58999633789062,74.62062072753906,44113600
2004-03-30,112.30000305175781,113.06999969482422,112.22000122070312,112.97000122070312,74.87248229980469,39059900
2004-03-31,112.98999786376953,113.4000015258789,112.37999725341797,113.0999984741211,74.95867156982422,48517600
2004-04-01,113.06999969482422,113.87000274658203,113.05000305175781,113.77999877929688,75.4093017578125,45103800
2004-04-02,114.80999755859375,114.83999633789062,113.9000015258789,114.63999938964844,75.97929382324219,50987700
2004-04-05,114.45999908447266,115.37999725341797,114.44000244140625,115.2699966430664,76.3968505859375,30251800
2004-04-06,114.83000183105469,115.18000030517578,114.62000274658203,114.9000015258789,76.15161895751953,28420900
2004-04-07,114.94999694824219,114.9800033569336,114.11000061035156,114.62999725341797,75.97267150878906,45890500
2004-04-08,115.41000366210938,115.41000366210938,113.73999786376953,114.37000274658203,75.80036163330078,46929700
2004-04-12,114.58000183105469,115.08000183105469,114.56999969482422,114.81999969482422,76.09862518310547,23085200
2004-04-13,115.26000213623047,115.30000305175781,113.0199966430664,113.20999908447266,75.03155517578125,56210300
2004-04-14,112.61000061035156,113.63999938964844,112.55000305175781,113.38999938964844,75.15084075927734,62322300
2004-04-15,113.44999694824219,113.77999877929688,112.36000061035156,112.95999908447266,74.86585998535156,61602500
2004-04-16,113.37999725341797,114.05000305175781,112.9800033569336,113.83000183105469,75.44246673583984,47059200
2004-04-19,113.55000305175781,113.98999786376953,113.2699966430664,113.83000183105469,75.44246673583984,28277600
2004-04-20,114.08000183105469,114.31999969482422,111.77999877929688,111.91999816894531,74.17658233642578,53299400
2004-04-21,112.19999694824219,112.94999694824219,111.87000274658203,112.66999816894531,74.67364501953125,50177300
2004-04-22,112.4800033569336,114.66999816894531,112.44000244140625,114.25,75.72080993652344,62071500
2004-04-23,114.41999816894531,114.56999969482422,113.79000091552734,114.36000061035156,75.79373168945312,29395700
2004-04-26,114.5,114.94000244140625,113.5999984741211,114.19999694824219,75.68767547607422,35515200
2004-04-27,114.2300033569336,115.12000274658203,113.95999908447266,114.30000305175781,75.75398254394531,43485500
2004-04-28,113.88999938964844,114.01000213623047,112.5,112.81999969482422,74.7730941772461,50165800
2004-04-29,112.72000122070312,113.31999969482422,111.16000366210938,111.83000183105469,74.116943359375,69687600
2004-04-30,112.16999816894531,112.37999725341797,110.9000015258789,110.95999908447266,73.54032897949219,48681400
2004-05-03,111.37000274658203,112.29000091552734,111.3499984741211,112.1500015258789,74.32904815673828,33758000
2004-05-04,112.25,113.26000213623047,111.66000366210938,112.05999755859375,74.2693862915039,51185100
2004-05-05,112.41000366210938,112.95999908447266,112.16000366210938,112.77999877929688,74.74658203125,34405000
2004-05-06,112.0199966430664,112.58999633789062,111.0,111.80999755859375,74.10369110107422,54997000
2004-05-07,111.22000122070312,112.2300033569336,109.95999908447266,109.95999908447266,72.87759399414062,60950000
2004-05-10,109.44000244140625,109.75,108.36000061035156,108.83000183105469,72.1286392211914,75279400
2004-05-11,109.45999908447266,110.05000305175781,109.33000183105469,109.75,72.73838806152344,48300600
2004-05-12,109.56999969482422,110.54000091552734,108.05999755859375,110.44999694824219,73.20233154296875,90830500
2004-05-13,109.76000213623047,110.80999755859375,109.62999725341797,109.98999786376953,72.89743041992188,57393700
2004-05-14,109.94999694824219,110.73999786376953,109.2699966430664,110.04000091552734,72.93058013916016,54123100
2004-05-17,108.88999938964844,109.5,108.41000366210938,109.0999984741211,72.30757141113281,55020400
2004-05-18,109.48999786376953,109.94000244140625,109.33000183105469,109.6500015258789,72.67213439941406,30193100
2004-05-19,110.5,111.18000030517578,109.1500015258789,109.2699966430664,72.4202651977539,54804100
2004-05-20,109.44999694824219,109.87000274658203,109.04000091552734,109.62000274658203,72.65221405029297,38082900
2004-05-21,109.97000122070312,110.55000305175781,109.47000122070312,109.80999755859375,72.77812194824219,47480400
2004-05-24,110.52999877929688,110.76000213623047,109.68000030517578,110.2699966430664,73.08300018310547,40961500
2004-05-25,109.9000015258789,111.9800033569336,109.5999984741211,111.8499984741211,74.13019561767578,48668000
2004-05-26,111.66000366210938,112.29000091552734,111.51000213623047,112.23999786376953,74.388671875,35977000
2004-05-27,112.54000091552734,113.02999877929688,112.05999755859375,112.87000274658203,74.80622863769531,45306900
2004-05-28,112.7300033569336,112.87999725341797,112.36000061035156,112.86000061035156,74.799560546875,23367200
2004-06-01,112.45999908447266,112.86000061035156,111.87000274658203,112.70999908447266,74.7001953125,41044700
2004-06-02,113.02999877929688,113.4800033569336,112.45999908447266,113.12999725341797,74.97854614257812,39774200
2004-06-03,112.80999755859375,113.19000244140625,112.06999969482422,112.08999633789062,74.28925323486328,38688300
2004-06-04,112.9800033569336,113.58000183105469,112.70999908447266,112.9800033569336,74.87911987304688,32739500
2004-06-07,113.43000030517578,114.80999755859375,113.41999816894531,114.69999694824219,76.01908874511719,31643800
2004-06-08,114.37000274658203,114.91999816894531,114.16999816894531,114.86000061035156,76.12511444091797,32846500
2004-06-09,114.51000213623047,114.69999694824219,113.72000122070312,113.79000091552734,75.41596984863281,36737600
2004-06-10,114.04000091552734,114.3499984741211,113.93000030517578,114.3499984741211,75.78707885742188,21711000
2004-06-14,113.81999969482422,113.8499984741211,112.87000274658203,113.22000122070312,75.0381851196289,34633000
2004-06-15,113.9000015258789,114.44999694824219,113.51000213623047,114.0199966430664,75.56839752197266,37445000
2004-06-16,114.0,114.19999694824219,113.69999694824219,114.0,75.55514526367188,26633400
2004-06-17,113.8499984741211,114.06999969482422,113.33000183105469,113.83000183105469,75.44246673583984,28402400
2004-06-18,113.2699966430664,114.22000122070312,113.18000030517578,113.62999725341797,75.58482360839844,31799800
2004-06-21,113.75,114.13999938964844,113.12999725341797,113.19999694824219,75.29878997802734,25284000
2004-06-22,113.12999725341797,113.87999725341797,112.66999816894531,113.7699966430664,75.67790985107422,37334000
2004-06-23,113.61000061035156,114.83999633789062,113.41999816894531,114.75,76.32984161376953,35580000
2004-06-24,114.55999755859375,114.93000030517578,114.26000213623047,114.38999938964844,76.09033203125,35272100
2004-06-25,114.41000366210938,114.94000244140625,113.68000030517578,113.83999633789062,75.72451782226562,32837900
2004-06-28,114.5199966430664,114.61000061035156,113.41000366210938,113.44999694824219,75.46504974365234,40824500
2004-06-29,113.52999877929688,114.16999816894531,113.41999816894531,113.91999816894531,75.7777328491211,28418100
2004-06-30,114.06999969482422,114.79000091552734,113.6500015258789,114.52999877929688,76.1834487915039,52230600
2004-07-01,114.25,114.4000015258789,112.58000183105469,112.94000244140625,75.12583923339844,57734700
2004-07-02,113.16000366210938,113.29000091552734,112.5999984741211,112.87999725341797,75.08592987060547,34615100
2004-07-06,112.37000274658203,112.44999694824219,111.62999725341797,111.88999938964844,74.42740631103516,38698200
2004-07-07,111.80999755859375,112.56999969482422,111.75,112.22000122070312,74.64689636230469,29839800
2004-07-08,111.80999755859375,112.31999969482422,111.19999694824219,111.44000244140625,74.12804412841797,45291100
2004-07-09,111.72000122070312,111.94000244140625,111.37999725341797,111.7300033569336,74.32099914550781,27412900
2004-07-12,111.5199966430664,112.04000091552734,111.0,111.77999877929688,74.35421752929688,35691300
2004-07-13,111.91999816894531,112.0199966430664,111.5999984741211,111.86000061035156,74.40745544433594,26752000
2004-07-14,111.26000213623047,112.38999938964844,111.12000274658203,111.5199966430664,74.18125915527344,54089400
2004-07-15,111.73999786376953,111.91000366210938,110.69999694824219,110.80000305175781,73.70236206054688,38403500
2004-07-16,111.56999969482422,111.66999816894531,110.44000244140625,110.70999908447266,73.64251708984375,40871200
2004-07-19,110.75,110.95999908447266,109.98999786376953,110.23999786376953,73.32982635498047,39592800
2004-07-20,110.52999877929688,111.9000015258789,110.25,111.63999938964844,74.26109313964844,46679800
2004-07-21,111.81999969482422,112.05999755859375,109.44999694824219,109.58000183105469,72.89083099365234,56241100
2004-07-22,109.36000061035156,110.38999938964844,108.7699966430664,109.87999725341797,73.09039306640625,72477100
2004-07-23,109.62000274658203,109.70999908447266,108.69000244140625,108.95999908447266,72.47840881347656,49610500
2004-07-26,109.19000244140625,109.43000030517578,108.20999908447266,108.75,72.33873748779297,49679100
2004-07-27,109.05000305175781,110.11000061035156,108.97000122070312,109.7699966430664,73.01720428466797,51295100
2004-07-28,109.55000305175781,110.37000274658203,108.58999633789062,110.0999984741211,73.2367172241211,65862300
2004-07-29,110.54000091552734,110.87000274658203,110.0,110.56999969482422,73.54934692382812,52200500
2004-07-30,110.31999969482422,110.9000015258789,110.0999984741211,110.83999633789062,73.72895050048828,41581700
2004-08-02,110.19000244140625,111.36000061035156,110.05000305175781,111.06999969482422,73.8819580078125,38263100
2004-08-03,110.93000030517578,111.05999755859375,110.16000366210938,110.20999908447266,73.30986785888672,40948800
2004-08-04,109.88999938964844,110.75,109.63999938964844,110.19999694824219,73.30320739746094,40763200
2004-08-05,110.29000091552734,110.37999725341797,108.2699966430664,108.4000015258789,72.10592651367188,50772000
2004-08-06,107.62999725341797,107.95999908447266,106.62000274658203,106.8499984741211,71.07485961914062,74729000
2004-08-09,107.0199966430664,107.4800033569336,106.87000274658203,107.0,71.17464447021484,37476300
2004-08-10,107.30999755859375,108.41000366210938,107.26000213623047,108.37999725341797,72.09259033203125,55870600
2004-08-11,107.68000030517578,108.33000183105469,107.0999984741211,108.16000366210938,71.94625091552734,52933200
2004-08-12,107.68000030517578,107.94999694824219,106.62999725341797,106.9800033569336,71.1613540649414,50015900
2004-08-13,107.0999984741211,107.3499984741211,106.58999633789062,107.19000244140625,71.30103302001953,41634700
2004-08-16,107.13999938964844,108.63999938964844,107.0999984741211,108.30000305175781,72.03936767578125,45731900
2004-08-17,108.75,109.27999877929688,108.52999877929688,108.91000366210938,72.44517517089844,40701600
2004-08-18,108.5199966430664,110.16999816894531,108.48999786376953,110.02999877929688,73.19015502929688,43165400
2004-08-19,109.80999755859375,110.0199966430664,109.18000030517578,109.70999908447266,72.97728729248047,39881600
2004-08-20,109.61000061035156,110.62999725341797,109.51000213623047,110.4800033569336,73.48946380615234,44870900
2004-08-23,110.55000305175781,110.7699966430664,110.05000305175781,110.19999694824219,73.30320739746094,33745100
2004-08-24,110.63999938964844,110.7300033569336,109.8499984741211,110.3499984741211,73.40303802490234,30453100
2004-08-25,110.33000183105469,111.2699966430664,109.9000015258789,111.0999984741211,73.90191650390625,38551400
2004-08-26,110.95999908447266,111.30999755859375,110.8499984741211,111.0999984741211,73.90191650390625,26629500
2004-08-27,111.19999694824219,111.62999725341797,111.05000305175781,111.44999694824219,74.13473510742188,24902900
2004-08-30,111.22000122070312,111.33999633789062,110.44999694824219,110.52999877929688,73.52275085449219,26726500
2004-08-31,110.66000366210938,111.16000366210938,110.0999984741211,111.11000061035156,73.90855407714844,44125300
2004-09-01,110.94999694824219,111.63999938964844,110.4800033569336,111.31999969482422,74.04827117919922,52778300
2004-09-02,111.23999786376953,112.69999694824219,111.23999786376953,112.58000183105469,74.88641357421875,42736600
2004-09-03,112.33000183105469,112.81999969482422,112.01000213623047,112.12000274658203,74.58039093017578,30480500
2004-09-07,112.54000091552734,113.12999725341797,112.31999969482422,112.86000061035156,75.07259368896484,37338800
2004-09-08,112.62000274658203,113.05999755859375,112.30999755859375,112.58000183105469,74.88641357421875,32963100
2004-09-09,112.56999969482422,112.87999725341797,112.02999877929688,112.4800033569336,74.81980895996094,34314800
2004-09-10,112.5199966430664,113.2699966430664,112.08000183105469,113.05999755859375,75.20565032958984,27900600
2004-09-13,113.30999755859375,113.73999786376953,113.01000213623047,113.43000030517578,75.4517593383789,44398100
2004-09-14,113.30000305175781,113.69000244140625,113.19000244140625,113.66000366210938,75.60481262207031,28048900
2004-09-15,113.30000305175781,113.36000061035156,112.68000030517578,112.80000305175781,75.03272247314453,38295000
2004-09-16,112.8499984741211,113.37000274658203,112.80000305175781,113.13999938964844,75.25888061523438,23911700
2004-09-17,112.94999694824219,113.36000061035156,112.69000244140625,113.1500015258789,75.57884979248047,33683000
2004-09-20,112.66999816894531,112.98999786376953,112.27999877929688,112.47000122070312,75.1246109008789,37149400
2004-09-21,112.75,113.47000122070312,112.54000091552734,112.95999908447266,75.451904296875,40920800
2004-09-22,112.5,112.5199966430664,111.47000122070312,111.55000305175781,74.51010131835938,49042100
2004-09-23,111.5999984741211,111.69999694824219,110.94999694824219,110.94999694824219,74.1093521118164,44068700
2004-09-24,111.16999816894531,111.7300033569336,111.12999725341797,111.45999908447266,74.45000457763672,34981100
2004-09-27,111.0999984741211,111.19999694824219,110.58000183105469,110.75,73.97575378417969,39355100
2004-09-28,110.91000366210938,111.51000213623047,110.41000366210938,111.27999877929688,74.32976531982422,41662900
2004-09-29,111.20999908447266,111.8499984741211,111.0,111.83999633789062,74.70379638671875,33325700
2004-09-30,111.55000305175781,111.9800033569336,111.26000213623047,111.76000213623047,74.6503677368164,43536700
2004-10-01,112.26000213623047,113.6500015258789,112.20999908447266,113.6500015258789,75.912841796875,62824300
2004-10-04,114.0999984741211,114.44000244140625,113.80000305175781,113.83999633789062,76.03972625732422,33082400
2004-10-05,113.8499984741211,114.16000366210938,113.54000091552734,113.9000015258789,76.07978057861328,36910600
2004-10-06,113.7699966430664,114.68000030517578,113.68000030517578,114.68000030517578,76.60082244873047,42297800
2004-10-07,114.37999725341797,114.4000015258789,113.36000061035156,113.44999694824219,75.77922058105469,39388800
2004-10-08,113.1500015258789,113.7699966430664,112.3499984741211,112.51000213623047,75.15135955810547,51872600
2004-10-11,112.77999877929688,113.0199966430664,112.63999938964844,112.97000122070312,75.45858001708984,20229100
2004-10-12,112.19999694824219,112.83000183105469,111.94000244140625,112.52999877929688,75.16468048095703,41754700
2004-10-13,113.0,113.06999969482422,111.31999969482422,111.54000091552734,74.50341796875,54212600
2004-10-14,111.68000030517578,111.93000030517578,110.58000183105469,110.63999938964844,73.90228271484375,64082200
2004-10-15,111.0199966430664,111.73999786376953,110.56999969482422,111.26000213623047,74.31639099121094,63482200
2004-10-18,110.88999938964844,111.9000015258789,110.69999694824219,111.68000030517578,74.59693908691406,43535100
2004-10-19,112.0199966430664,112.2300033569336,110.58999633789062,110.73999786376953,73.96906280517578,55851900
2004-10-20,110.37999725341797,110.81999969482422,109.75,110.5199966430664,73.8221435546875,57118500
2004-10-21,110.79000091552734,111.31999969482422,110.20999908447266,111.23999786376953,74.30302429199219,53218300
2004-10-22,111.19000244140625,111.25,109.86000061035156,109.98999786376953,73.46808624267578,48752400
2004-10-25,109.75,110.12000274658203,109.3499984741211,109.86000061035156,73.3812484741211,43990900
2004-10-26,110.12999725341797,111.5999984741211,109.87999725341797,111.54000091552734,74.50341796875,54337400
2004-10-27,111.37999725341797,113.0999984741211,111.12000274658203,112.87999725341797,75.39848327636719,73896000
2004-10-28,112.77999877929688,113.55999755859375,112.48999786376953,113.22000122070312,75.62559509277344,54413300
2004-10-29,113.12000274658203,113.63999938964844,112.9000015258789,113.19999694824219,75.61223602294922,48820200
2004-11-01,113.55999755859375,113.83999633789062,113.19999694824219,113.51000213623047,75.81928253173828,36720900
2004-11-02,113.66999816894531,114.56999969482422,113.22000122070312,113.55000305175781,75.84602355957031,56210000
2004-11-03,115.02999877929688,115.36000061035156,114.23999786376953,114.9800033569336,76.80120086669922,76960200
2004-11-04,114.77999877929688,116.66999816894531,114.68000030517578,116.55000305175781,77.8498764038086,55350300
2004-11-05,117.05000305175781,117.63999938964844,116.48999786376953,117.27999877929688,78.33744812011719,63287200
2004-11-08,116.9800033569336,117.2300033569336,116.72000122070312,117.11000061035156,78.22390747070312,33863800
2004-11-09,117.08000183105469,117.5,116.76000213623047,116.87999725341797,78.0703125,44658100
2004-11-10,117.05999755859375,117.55000305175781,116.76000213623047,116.97000122070312,78.13041687011719,45265400
2004-11-11,117.18000030517578,118.12000274658203,117.0999984741211,117.86000061035156,78.7248764038086,37863200
2004-11-12,117.97000122070312,119.0,117.68000030517578,118.79000091552734,79.3460922241211,55583700
2004-11-15,118.5,118.7699966430664,118.2300033569336,118.7300033569336,79.54102325439453,35297900
2004-11-16,118.36000061035156,118.41000366210938,117.7300033569336,117.87999725341797,78.9715805053711,40028700
2004-11-17,118.37000274658203,119.13999938964844,118.06999969482422,118.58000183105469,79.44053649902344,54494000
2004-11-18,118.52999877929688,118.80000305175781,118.2300033569336,118.73999786376953,79.5477066040039,31854300
2004-11-19,118.69999694824219,118.72000122070312,117.13999938964844,117.41999816894531,78.66343688964844,54276500
2004-11-22,117.16999816894531,118.12000274658203,117.02999877929688,117.9800033569336,79.0385513305664,37560200
2004-11-23,117.93000030517578,118.26000213623047,117.37000274658203,118.16000366210938,79.15918731689453,41968800
2004-11-24,118.2699966430664,118.58999633789062,118.05000305175781,118.44000244140625,79.34674835205078,29724800
2004-11-26,118.51000213623047,118.9800033569336,118.30000305175781,118.3499984741211,79.28643035888672,15487700
2004-11-29,118.79000091552734,119.01000213623047,117.4800033569336,117.80999755859375,78.9246826171875,61460800
2004-11-30,118.0,118.23999786376953,117.63999938964844,117.88999938964844,78.97827911376953,53685200
2004-12-01,118.16000366210938,119.5,118.0999984741211,119.2300033569336,79.8759765625,49898300
2004-12-02,119.0999984741211,119.87000274658203,119.01000213623047,119.33000183105469,79.94298553466797,60163500
2004-12-03,119.30999755859375,120.13999938964844,119.08999633789062,119.25,79.88937377929688,49067900
2004-12-06,119.20999908447266,119.63999938964844,118.83999633789062,119.20999908447266,79.86260986328125,33030500
2004-12-07,119.48999786376953,119.62000274658203,118.04000091552734,118.0999984741211,79.11898040771484,52047200
2004-12-08,118.20999908447266,118.81999969482422,118.01000213623047,118.79000091552734,79.58121490478516,43895100
2004-12-09,118.13999938964844,119.45999908447266,117.7300033569336,119.20999908447266,79.86260986328125,60922800
2004-12-10,118.91999816894531,119.55999755859375,118.8499984741211,119.33000183105469,79.94298553466797,47828600
2004-12-13,119.76000213623047,120.4000015258789,119.3499984741211,120.37000274658203,80.63973236083984,38541000
2004-12-14,120.18000030517578,120.95999908447266,120.18000030517578,120.79000091552734,80.92108154296875,41500700
2004-12-15,120.69999694824219,121.11000061035156,120.30999755859375,120.87999725341797,80.98139190673828,46699200
2004-12-16,120.72000122070312,121.23999786376953,120.04000091552734,120.80999755859375,80.93447875976562,51641800
2004-12-17,119.45999908447266,119.97000122070312,119.16000366210938,119.44000244140625,80.3946762084961,70761900
2004-12-20,119.75,120.29000091552734,119.16999816894531,119.47000122070312,80.41486358642578,47187400
2004-12-21,119.5999984741211,120.4800033569336,119.45999908447266,120.38999938964844,81.03411102294922,33094200
2004-12-22,120.37999725341797,121.08000183105469,120.30000305175781,120.68000030517578,81.2293472290039,31500700
2004-12-23,120.87000274658203,121.27999877929688,120.66000366210938,120.7699966430664,81.28990173339844,25646100
2004-12-27,121.19999694824219,121.36000061035156,120.38999938964844,120.5199966430664,81.12162017822266,29944100
2004-12-28,120.63999938964844,121.33000183105469,120.5999984741211,121.18000030517578,81.56586456298828,23422900
2004-12-29,121.08000183105469,121.4000015258789,120.94999694824219,121.36000061035156,81.6870346069336,22650600
2004-12-30,121.4000015258789,121.56999969482422,121.04000091552734,121.12999725341797,81.5322036743164,21076900
2004-12-31,121.30000305175781,121.66000366210938,120.80000305175781,120.87000274658203,81.3572006225586,28648800
2005-01-03,121.55999755859375,121.76000213623047,119.9000015258789,120.30000305175781,80.97352600097656,55748000
2005-01-04,120.45999908447266,120.54000091552734,118.44000244140625,118.83000183105469,79.98407745361328,69167600
2005-01-05,118.73999786376953,119.25,118.0,118.01000213623047,79.4321517944336,65667300
2005-01-06,118.44000244140625,119.1500015258789,118.26000213623047,118.61000061035156,79.8359603881836,47814700
2005-01-07,118.97000122070312,119.2300033569336,118.12999725341797,118.44000244140625,79.72157287597656,55847700
2005-01-10,118.33999633789062,119.45999908447266,118.33999633789062,119.0,80.09848022460938,56563300
2005-01-11,118.63999938964844,118.73999786376953,117.98999786376953,118.18000030517578,79.54655456542969,63099700
2005-01-12,118.4000015258789,118.83999633789062,117.5199966430664,118.56999969482422,79.80902862548828,72720500
2005-01-13,118.63999938964844,118.7300033569336,117.5,117.62000274658203,79.1696548461914,55537500
2005-01-14,117.97000122070312,118.52999877929688,117.76000213623047,118.23999786376953,79.58696746826172,42032500
2005-01-18,118.05000305175781,119.62000274658203,117.94999694824219,119.47000122070312,80.41486358642578,57391700
2005-01-19,119.43000030517578,119.5199966430664,118.20999908447266,118.22000122070312,79.573486328125,54378900
2005-01-20,117.88999938964844,118.19999694824219,117.29000091552734,117.5,79.0888671875,72049300
2005-01-21,117.79000091552734,118.0,116.6500015258789,116.77999877929688,78.60420989990234,63160400
2005-01-24,117.08999633789062,117.33999633789062,116.37000274658203,116.55000305175781,78.44941711425781,58441900
2005-01-25,116.91000366210938,117.47000122070312,116.72000122070312,116.87999725341797,78.67152404785156,68245000
2005-01-26,117.31999969482422,117.5999984741211,117.04000091552734,117.2300033569336,78.90709686279297,57195100
2005-01-27,117.19000244140625,117.75,116.9800033569336,117.43000030517578,79.0417251586914,55878800
2005-01-28,117.48999786376953,117.55000305175781,116.61000061035156,117.43000030517578,79.0417251586914,60738900
2005-01-31,117.94999694824219,118.25,117.70999908447266,118.16000366210938,79.5331039428711,52532700
2005-02-01,118.25,119.08000183105469,118.0999984741211,118.91000366210938,80.03794860839844,49841200
2005-02-02,119.05999755859375,119.58999633789062,118.9000015258789,119.2699966430664,80.2802505493164,52468900
2005-02-03,119.05999755859375,119.16000366210938,118.56999969482422,118.95999908447266,80.07162475585938,48837100
2005-02-04,119.0,120.43000030517578,118.9800033569336,120.2300033569336,80.92643737792969,50024600
2005-02-07,120.25,120.5199966430664,119.95999908447266,120.06999969482422,80.81871032714844,45412000
2005-02-08,120.16999816894531,120.6500015258789,120.06999969482422,120.20999908447266,80.91291809082031,39263500
2005-02-09,120.41999816894531,120.48999786376953,119.25,119.30999755859375,80.30718231201172,55279400
2005-02-10,119.66000366210938,120.0199966430664,119.26000213623047,119.73999786376953,80.59657287597656,45858600
2005-02-11,119.69999694824219,121.04000091552734,119.45999908447266,120.7699966430664,81.28990173339844,53133000
2005-02-14,120.69000244140625,120.86000061035156,120.4800033569336,120.68000030517578,81.2293472290039,32432100
2005-02-15,120.80000305175781,121.43000030517578,120.68000030517578,121.12999725341797,81.5322036743164,43852700
2005-02-16,120.93000030517578,121.45999908447266,120.66999816894531,121.20999908447266,81.58605194091797,55523000
2005-02-17,121.2300033569336,121.33000183105469,120.22000122070312,120.2300033569336,80.92643737792969,58124000
2005-02-18,120.23999786376953,120.4800033569336,119.9000015258789,120.38999938964844,81.03411102294922,47723300
2005-02-22,119.9000015258789,120.47000122070312,118.58000183105469,118.5999984741211,79.82923889160156,80697600
2005-02-23,118.93000030517578,119.56999969482422,118.62000274658203,119.44999694824219,80.40137481689453,68292600
2005-02-24,119.23999786376953,120.31999969482422,118.9800033569336,120.23999786376953,80.93311309814453,68563600
2005-02-25,120.2699966430664,121.66999816894531,120.18000030517578,121.43000030517578,81.73408508300781,60899900
2005-02-28,121.1500015258789,121.30000305175781,120.04000091552734,120.62999725341797,81.19561767578125,69381300
2005-03-01,120.81999969482422,121.5199966430664,120.77999877929688,121.2300033569336,81.59950256347656,47294400
2005-03-02,120.76000213623047,121.93000030517578,120.6500015258789,121.16999816894531,81.55913543701172,64226500
2005-03-03,121.66000366210938,121.9000015258789,120.69999694824219,121.22000122070312,81.59274291992188,61230800
2005-03-04,122.05000305175781,122.83000183105469,121.79000091552734,122.7300033569336,82.60914611816406,56168500
2005-03-07,122.66000366210938,123.25,122.4000015258789,122.79000091552734,82.6495361328125,43442400
2005-03-08,122.66999816894531,123.0,122.11000061035156,122.33000183105469,82.3399429321289,44362000
2005-03-09,121.97000122070312,122.29000091552734,120.95999908447266,120.97000122070312,81.42451477050781,73263600
2005-03-10,121.19999694824219,121.5,120.4000015258789,121.23999786376953,81.60623168945312,65149000
2005-03-11,121.30999755859375,121.72000122070312,120.16000366210938,120.38999938964844,81.03411102294922,57976500
2005-03-14,120.61000061035156,121.16000366210938,120.27999877929688,121.13999938964844,81.53890228271484,36336400
2005-03-15,121.41999816894531,121.45999908447266,120.08000183105469,120.13999938964844,80.8658676147461,62438500
2005-03-16,119.69999694824219,120.16000366210938,118.9000015258789,119.12000274658203,80.17927551269531,74874200
2005-03-17,119.30999755859375,119.73999786376953,118.9800033569336,119.36000061035156,80.3408432006836,62584200
2005-03-18,119.11000061035156,119.52999877929688,118.1500015258789,118.54000091552734,80.10228729248047,60232000
2005-03-21,118.70999908447266,118.77999877929688,117.76000213623047,118.0999984741211,79.80494689941406,61244300
2005-03-22,118.37000274658203,118.93000030517578,116.9000015258789,116.9000015258789,78.99408721923828,92472400
2005-03-23,116.94999694824219,117.72000122070312,116.75,117.0,79.0616455078125,70817300
2005-03-24,117.45999908447266,117.98999786376953,117.05999755859375,117.13999938964844,79.15623474121094,51932500
2005-03-28,117.41999816894531,117.94000244140625,117.30999755859375,117.30999755859375,79.27113342285156,46765500
2005-03-29,117.13999938964844,117.9000015258789,116.25,116.52999877929688,78.74401092529297,71160300
2005-03-30,116.77999877929688,118.19999694824219,116.7699966430664,118.18000030517578,79.8590087890625,62002100
2005-03-31,118.19000244140625,118.45999908447266,117.87000274658203,117.95999908447266,79.71035766601562,64575400
2005-04-01,118.62999725341797,118.98999786376953,116.91000366210938,117.43000030517578,79.35223388671875,95255300
2005-04-04,117.36000061035156,117.86000061035156,116.73999786376953,117.62999725341797,79.48734283447266,71581200
2005-04-05,117.77999877929688,118.37999725341797,117.66999816894531,118.19000244140625,79.86577606201172,46853900
2005-04-06,118.44999694824219,118.94999694824219,118.18000030517578,118.5999984741211,80.1428451538086,53268200
2005-04-07,118.41000366210938,119.26000213623047,118.31999969482422,119.23999786376953,80.57530975341797,46734600
2005-04-08,119.16999816894531,119.20999908447266,118.0,118.0,79.73737335205078,63772900
2005-04-11,118.29000091552734,118.41999816894531,117.83000183105469,118.08999633789062,79.7981948852539,44945000
2005-04-12,117.88999938964844,119.05999755859375,117.06999969482422,118.69999694824219,80.21038055419922,86144800
2005-04-13,118.55999755859375,118.80000305175781,117.12999725341797,117.30000305175781,79.26434326171875,65949000
2005-04-14,117.4000015258789,117.5,115.7699966430664,115.7699966430664,78.23047637939453,96119800
2005-04-15,115.73999786376953,116.19999694824219,114.0999984741211,114.1500015258789,77.13577270507812,128677300
2005-04-18,114.12000274658203,114.95999908447266,113.95999908447266,114.5,77.37226104736328,100035200
2005-04-19,115.0999984741211,115.52999877929688,114.83000183105469,115.41000366210938,77.98722839355469,64930100
2005-04-20,115.37999725341797,115.62999725341797,113.55000305175781,113.80000305175781,76.89927673339844,107735900
2005-04-21,114.79000091552734,116.20999908447266,114.37999725341797,116.01000213623047,78.39263916015625,86952200
2005-04-22,115.73999786376953,116.5,114.2699966430664,115.56999969482422,78.09534454345703,88845800
2005-04-25,115.86000061035156,116.5,115.72000122070312,116.33000183105469,78.60887145996094,52284100
2005-04-26,115.95999908447266,116.7699966430664,115.1500015258789,115.19999694824219,77.84530639648438,72626000
2005-04-27,114.86000061035156,116.06999969482422,114.44000244140625,115.6500015258789,78.14936065673828,84131900
2005-04-28,115.2699966430664,115.68000030517578,114.19999694824219,114.19999694824219,77.16959381103516,72481500
2005-04-29,115.06999969482422,115.87000274658203,113.97000122070312,115.75,78.21694946289062,103993800
2005-05-02,116.06999969482422,116.41000366210938,115.5199966430664,116.4000015258789,78.65616607666016,56026400
2005-05-03,116.06999969482422,116.8499984741211,115.69000244140625,116.5999984741211,78.79136657714844,86000300
2005-05-04,116.6500015258789,117.75,116.27999877929688,117.5,79.3995132446289,81055700
2005-05-05,117.66999816894531,118.0,116.73999786376953,117.45999908447266,79.37248992919922,96906700
2005-05-06,117.93000030517578,117.98999786376953,117.05999755859375,117.08999633789062,79.12248229980469,67415400
2005-05-09,117.20999908447266,118.08000183105469,117.05000305175781,117.81999969482422,79.61573791503906,43750500
2005-05-10,117.36000061035156,117.5,116.38999938964844,116.5999984741211,78.79136657714844,74613500
2005-05-11,116.93000030517578,117.4000015258789,115.8499984741211,117.23999786376953,79.22379302978516,91647400
2005-05-12,117.31999969482422,117.58999633789062,115.94999694824219,115.94999694824219,78.35210418701172,95086800
2005-05-13,116.30000305175781,116.62000274658203,114.80000305175781,115.72000122070312,78.19668579101562,85267000
2005-05-16,115.69999694824219,116.83999633789062,115.66000366210938,116.80000305175781,78.92649841308594,49207000
2005-05-17,116.41000366210938,117.69999694824219,116.16000366210938,117.58000183105469,79.45358276367188,61071800
2005-05-18,118.08999633789062,119.08000183105469,118.01000213623047,118.79000091552734,80.2712173461914,77944900
2005-05-19,119.0199966430664,119.41000366210938,118.69999694824219,119.29000091552734,80.60905456542969,61768100
2005-05-20,119.33999633789062,119.38999938964844,118.73999786376953,119.12000274658203,80.49420928955078,46345500
2005-05-23,119.20999908447266,120.04000091552734,119.19000244140625,119.77999877929688,80.94019317626953,51047900
2005-05-24,119.44000244140625,119.83000183105469,119.19999694824219,119.5,80.7509765625,50654100
2005-05-25,119.3499984741211,119.87000274658203,118.83000183105469,119.41000366210938,80.69020080566406,47608800
2005-05-26,119.79000091552734,120.20999908447266,119.62000274658203,120.05000305175781,81.12265014648438,43256200
2005-05-27,120.05999755859375,120.25,119.80000305175781,120.25,81.25780487060547,24596100
2005-05-31,120.08000183105469,120.16999816894531,119.4000015258789,119.4800033569336,80.73746490478516,43377200
2005-06-01,119.5199966430664,120.91999816894531,119.44999694824219,120.5,81.42675018310547,69611000
2005-06-02,120.2300033569336,120.83999633789062,120.0999984741211,120.76000213623047,81.6024169921875,39704500
2005-06-03,120.55000305175781,120.88999938964844,119.7300033569336,120.1500015258789,81.19024658203125,60999400
2005-06-06,119.94999694824219,120.19999694824219,119.55000305175781,120.04000091552734,81.11590576171875,36046400
2005-06-07,120.38999938964844,121.25,120.01000213623047,120.12999725341797,81.17670440673828,66501300
2005-06-08,120.43000030517578,120.58999633789062,119.66999816894531,119.91000366210938,81.0280532836914,46881200
2005-06-09,119.73999786376953,120.58000183105469,119.44000244140625,120.4800033569336,81.41316986083984,56653300
2005-06-10,120.55999755859375,120.6500015258789,119.5999984741211,120.19999694824219,81.2240219116211,36465300
2005-06-13,119.94000244140625,121.08000183105469,119.80999755859375,120.58000183105469,81.48078918457031,49383200
2005-06-14,120.44999694824219,121.19999694824219,120.37999725341797,120.86000061035156,81.66998291015625,33857100
2005-06-15,121.16000366210938,121.23999786376953,120.2300033569336,121.08999633789062,81.8254165649414,53195600
2005-06-16,121.05999755859375,121.63999938964844,120.91999816894531,121.4000015258789,82.03491973876953,46564500
2005-06-17,121.54000091552734,121.9000015258789,121.22000122070312,121.36000061035156,82.33885192871094,51529400
2005-06-20,121.08000183105469,121.83999633789062,120.94000244140625,121.4000015258789,82.36595916748047,41019400
2005-06-21,121.5,121.6500015258789,121.02999877929688,121.47000122070312,82.41343688964844,39879800
2005-06-22,121.68000030517578,121.94000244140625,121.06999969482422,121.56999969482422,82.48133850097656,46310100
2005-06-23,121.31999969482422,121.5999984741211,119.83000183105469,119.86000061035156,81.32115936279297,62185600
2005-06-24,119.87999725341797,120.01000213623047,118.83999633789062,118.9800033569336,80.72412872314453,58572500
2005-06-27,118.97000122070312,119.41000366210938,118.75,119.1500015258789,80.83942413330078,48183800
2005-06-28,119.4000015258789,120.23999786376953,119.37000274658203,120.1500015258789,81.51793670654297,41174200
2005-06-29,120.37000274658203,120.4000015258789,119.76000213623047,119.83000183105469,81.30081939697266,42316500
2005-06-30,120.22000122070312,120.31999969482422,118.94999694824219,119.18000030517578,80.85981750488281,62288800
2005-07-01,119.44999694824219,119.80000305175781,119.20999908447266,119.52999877929688,81.09728240966797,49737500
2005-07-05,119.25,120.6500015258789,119.19000244140625,120.48999786376953,81.74857330322266,51549000
2005-07-06,120.38999938964844,120.6500015258789,119.41000366210938,119.4800033569336,81.06332397460938,52363600
2005-07-07,118.29000091552734,119.94999694824219,118.26000213623047,119.94999694824219,81.38219451904297,103268800
2005-07-08,119.97000122070312,121.31999969482422,119.72000122070312,121.31999969482422,82.31173706054688,64491200
2005-07-11,121.33000183105469,122.0999984741211,121.30999755859375,121.94000244140625,82.73236846923828,49688300
2005-07-12,121.98999786376953,122.62999725341797,121.63999938964844,122.26000213623047,82.949462890625,51871100
2005-07-13,122.2699966430664,122.5199966430664,121.98999786376953,122.43000030517578,83.0648193359375,41182300
2005-07-14,122.9800033569336,123.44000244140625,122.48999786376953,122.91000366210938,83.3905029296875,63638800
2005-07-15,122.79000091552734,123.04000091552734,122.36000061035156,122.83999633789062,83.34297180175781,56075900
2005-07-18,122.5,122.62999725341797,122.05000305175781,122.3499984741211,83.01053619384766,56598400
2005-07-19,122.70999908447266,123.11000061035156,122.41000366210938,123.0199966430664,83.46510314941406,59165700
2005-07-20,122.58999633789062,123.7300033569336,122.30000305175781,123.44000244140625,83.75010681152344,69477000
2005-07-21,123.55000305175781,123.61000061035156,122.47000122070312,122.72000122070312,83.26154327392578,101110900
2005-07-22,122.87999725341797,123.55999755859375,122.62999725341797,123.54000091552734,83.81791687011719,52607100
2005-07-25,123.41000366210938,123.94999694824219,122.8499984741211,123.19000244140625,83.58045959472656,57301600
2005-07-26,123.2300033569336,123.52999877929688,122.94999694824219,123.33999633789062,83.68219757080078,42758800
2005-07-27,123.5,123.88999938964844,123.05000305175781,123.79000091552734,83.98755645751953,43181600
2005-07-28,123.95999908447266,124.63999938964844,123.63999938964844,124.56999969482422,84.5167465209961,47880700
2005-07-29,124.41000366210938,124.62999725341797,123.5,123.73999786376953,83.95362854003906,62358100
2005-08-01,123.83000183105469,124.04000091552734,123.44999694824219,123.6500015258789,83.89254760742188,40418200
2005-08-02,123.87000274658203,124.5999984741211,123.73999786376953,124.38999938964844,84.39459991455078,45147400
2005-08-03,124.25,124.73999786376953,124.12000274658203,124.72000122070312,84.61848449707031,36837200
2005-08-04,124.2300033569336,124.30999755859375,123.56999969482422,123.72000122070312,83.9400405883789,50855600
2005-08-05,123.44999694824219,123.9800033569336,122.66999816894531,122.87999725341797,83.37010192871094,53595500
2005-08-08,123.1500015258789,123.41000366210938,122.37999725341797,122.6500015258789,83.2140884399414,47616000
2005-08-09,123.05999755859375,123.58999633789062,122.87000274658203,123.38999938964844,83.71613311767578,47170000
2005-08-10,123.81999969482422,124.5,122.81999969482422,123.33000183105469,83.67543029785156,72863700
2005-08-11,123.2699966430664,124.02999877929688,123.01000213623047,123.81999969482422,84.00788879394531,58570200
2005-08-12,123.56999969482422,123.69000244140625,122.75,123.05999755859375,83.49225616455078,54776900
2005-08-15,123.22000122070312,123.87000274658203,122.83000183105469,123.81999969482422,84.00788879394531,36208500
2005-08-16,123.44000244140625,123.5199966430664,122.08999633789062,122.20999908447266,82.91556549072266,71942100
2005-08-17,122.19000244140625,122.87000274658203,122.02999877929688,122.19999694824219,82.90876007080078,62275100
2005-08-18,122.05000305175781,122.55999755859375,121.83999633789062,122.19000244140625,82.90199279785156,53388600
2005-08-19,122.62999725341797,122.81999969482422,122.19999694824219,122.47000122070312,83.09193420410156,39842100
2005-08-22,122.58000183105469,123.2300033569336,121.87999725341797,122.47000122070312,83.09193420410156,69912000
2005-08-23,122.5,122.61000061035156,121.1500015258789,122.23999786376953,82.93592071533203,55168600
2005-08-24,121.94000244140625,122.7300033569336,121.08999633789062,121.1500015258789,82.1963882446289,79104600
2005-08-25,121.3499984741211,121.66999816894531,121.20999908447266,121.58999633789062,82.494873046875,35631100
2005-08-26,121.4800033569336,121.48999786376953,120.68000030517578,120.76000213623047,81.9317855834961,61956800
2005-08-29,120.41000366210938,121.77999877929688,120.37999725341797,121.69000244140625,82.56275939941406,56179200
2005-08-30,121.25,121.30000305175781,120.38999938964844,121.05000305175781,82.12854766845703,74160200
2005-08-31,121.19000244140625,122.66000366210938,120.73999786376953,122.58000183105469,83.1666030883789,102945200
2005-09-01,122.5199966430664,123.1500015258789,121.13999938964844,122.48999786376953,83.10551452636719,74578700
2005-09-02,122.8499984741211,122.87999725341797,122.04000091552734,122.2699966430664,82.95626831054688,47653400
2005-09-06,122.66000366210938,123.80000305175781,122.6500015258789,123.69999694824219,83.92644500732422,57251300
2005-09-07,123.62999725341797,124.12999725341797,123.45999908447266,123.91000366210938,84.06893157958984,41749700
2005-09-08,123.66000366210938,124.0,123.30999755859375,123.5,83.7907943725586,39068700
2005-09-09,123.83000183105469,124.73999786376953,123.80000305175781,124.5999984741211,84.5370864868164,43093900
2005-09-12,124.44999694824219,124.66999816894531,124.2699966430664,124.3499984741211,84.36746215820312,33017600
2005-09-13,124.12999725341797,124.41999816894531,123.5199966430664,123.66000366210938,83.89933013916016,58427500
2005-09-14,123.73999786376953,123.91999816894531,123.0199966430664,123.20999908447266,83.59403991699219,57694600
2005-09-15,123.58999633789062,123.6500015258789,122.9000015258789,123.1500015258789,83.55330657958984,73156900
2005-09-16,123.30000305175781,123.73999786376953,122.87000274658203,123.5,84.14745330810547,75424100
2005-09-19,123.47000122070312,123.55000305175781,122.63999938964844,123.08999633789062,83.86811828613281,53355300
2005-09-20,123.19999694824219,123.61000061035156,121.87000274658203,122.05000305175781,83.15950775146484,84480300
2005-09-21,121.79000091552734,121.87000274658203,120.77999877929688,120.91000366210938,82.38275146484375,94469100
2005-09-22,120.94999694824219,121.66000366210938,120.44000244140625,121.33999633789062,82.67572784423828,84597200
2005-09-23,121.23999786376953,121.88999938964844,120.9000015258789,121.44000244140625,82.74385070800781,59368100
2005-09-26,122.0199966430664,122.23999786376953,121.08000183105469,121.58000183105469,82.83924865722656,70415400
2005-09-27,121.5199966430664,121.98999786376953,121.0199966430664,121.55000305175781,82.81880950927734,66150800
2005-09-28,121.93000030517578,122.12000274658203,121.19999694824219,121.66999816894531,82.90060424804688,58620500
2005-09-29,121.55000305175781,122.86000061035156,121.08000183105469,122.66000366210938,83.57511901855469,66607700
2005-09-30,122.62000274658203,123.04000091552734,121.73999786376953,123.04000091552734,83.83402252197266,47824200
2005-10-03,122.95999908447266,123.33999633789062,122.44999694824219,122.5999984741211,83.53423309326172,50994800
2005-10-04,122.79000091552734,123.02999877929688,121.16000366210938,121.22000122070312,82.59394836425781,60776300
2005-10-05,121.25,121.30999755859375,119.56999969482422,119.62999725341797,81.5105972290039,106052100
2005-10-06,119.77999877929688,120.26000213623047,118.16999816894531,119.19999694824219,81.21761322021484,140941800
2005-10-07,119.69999694824219,120.05000305175781,119.12999725341797,119.61000061035156,81.49698638916016,75661400
2005-10-10,119.68000030517578,119.70999908447266,118.30000305175781,118.5999984741211,80.80879211425781,52677000
2005-10-11,118.98999786376953,119.38999938964844,118.31999969482422,118.43000030517578,80.69298553466797,75629800
2005-10-12,118.38999938964844,119.12999725341797,117.41000366210938,117.5,80.05933380126953,100510400
2005-10-13,117.45999908447266,118.08000183105469,116.87999725341797,117.43000030517578,80.01164245605469,99052900
2005-10-14,118.12000274658203,118.80999755859375,117.55999755859375,118.66999816894531,80.85649871826172,88651000
2005-10-17,118.80000305175781,119.2699966430664,118.44999694824219,119.11000061035156,81.15630340576172,68109300
2005-10-18,118.94000244140625,118.95999908447266,117.80000305175781,117.81999969482422,80.27733612060547,74996900
2005-10-19,117.5,119.80000305175781,117.12000274658203,119.77999877929688,81.61280822753906,116563800
2005-10-20,119.48999786376953,119.80999755859375,117.30000305175781,117.66999816894531,80.1751480102539,131966700
2005-10-21,118.29000091552734,118.77999877929688,117.51000213623047,118.12999725341797,80.48857879638672,96579500
2005-10-24,118.44000244140625,120.08999633789062,118.41000366210938,119.95999908447266,81.7354507446289,71308400
2005-10-25,119.72000122070312,120.23999786376953,118.94000244140625,119.72000122070312,81.57192993164062,76594500
2005-10-26,119.51000213623047,120.54000091552734,119.19000244140625,119.37000274658203,81.33345031738281,80855800
2005-10-27,119.19999694824219,119.37000274658203,117.93000030517578,118.0999984741211,80.46812438964844,66623100
2005-10-28,118.43000030517578,119.94999694824219,118.0999984741211,119.80000305175781,81.62644958496094,72322000
2005-10-31,120.29000091552734,121.30000305175781,120.12999725341797,120.12999725341797,81.85128784179688,77698900
2005-11-01,120.58000183105469,120.9000015258789,120.22000122070312,120.48999786376953,82.09654998779297,66365100
2005-11-02,120.16999816894531,121.75,120.12999725341797,121.75,82.95509338378906,74012300
2005-11-03,122.1500015258789,122.66000366210938,121.75,122.2699966430664,83.30937957763672,84897600
2005-11-04,122.4000015258789,122.45999908447266,121.55000305175781,122.11000061035156,83.20039367675781,59156000
2005-11-07,122.37000274658203,122.62000274658203,121.8499984741211,122.2300033569336,83.28211975097656,46765400
2005-11-08,121.93000030517578,122.41999816894531,121.79000091552734,122.2300033569336,83.28211975097656,42152800
2005-11-09,122.08000183105469,122.94999694824219,121.86000061035156,122.38999938964844,83.39112091064453,57666800
2005-11-10,122.33999633789062,123.5199966430664,121.75,123.33999633789062,84.03846740722656,79048100
2005-11-11,123.3499984741211,123.83999633789062,122.43000030517578,123.76000213623047,84.32461547851562,34867000
2005-11-14,123.79000091552734,124.0199966430664,123.37999725341797,123.69000244140625,84.27694702148438,45092200
2005-11-15,123.55000305175781,124.08999633789062,122.86000061035156,123.23999786376953,83.97029876708984,69592500
2005-11-16,123.37000274658203,123.55000305175781,122.9800033569336,123.48999786376953,84.14064025878906,51133000
2005-11-17,123.68000030517578,124.6500015258789,123.13999938964844,124.63999938964844,84.92420196533203,55717500
2005-11-18,125.05999755859375,125.27999877929688,124.33000183105469,125.12999725341797,85.25808715820312,72437200
2005-11-21,125.1500015258789,125.91000366210938,124.9800033569336,125.76000213623047,85.68730926513672,50021200
2005-11-22,125.55999755859375,126.5199966430664,125.41999816894531,126.30000305175781,86.0552749633789,66438800
2005-11-23,126.25,127.41000366210938,126.20999908447266,127.02999877929688,86.55260467529297,50854700
2005-11-25,126.9800033569336,127.22000122070312,126.80999755859375,127.12999725341797,86.62077331542969,15270000
2005-11-28,127.25,127.2699966430664,126.04000091552734,126.2300033569336,86.00757598876953,54498500
2005-11-29,126.6500015258789,126.9800033569336,126.08999633789062,126.08999633789062,85.91217041015625,51738900
2005-11-30,126.16000366210938,126.5199966430664,125.29000091552734,125.41000366210938,85.44879150390625,56007200
2005-12-01,126.0199966430664,127.02999877929688,125.9800033569336,126.69000244140625,86.32097625732422,65468200
2005-12-02,126.7699966430664,127.08000183105469,126.5,126.8499984741211,86.42998504638672,46699400
2005-12-05,126.69999694824219,126.7300033569336,126.18000030517578,126.58000183105469,86.24604034423828,59273400
2005-12-06,127.05000305175781,127.73999786376953,126.62999725341797,126.81999969482422,86.40953826904297,57935200
2005-12-07,126.7699966430664,126.87000274658203,125.68000030517578,126.08000183105469,85.90535736083984,66816500
2005-12-08,126.22000122070312,126.81999969482422,125.4800033569336,126.0,85.85083770751953,62608600
2005-12-09,126.16000366210938,126.77999877929688,125.81999969482422,126.33000183105469,86.07567596435547,50744500
2005-12-12,126.70999908447266,126.86000061035156,125.95999908447266,126.44999694824219,86.157470703125,48389900
2005-12-13,126.41999816894531,127.69999694824219,126.29000091552734,127.30999755859375,86.74341583251953,88630900
2005-12-14,127.19000244140625,128.08999633789062,127.13999938964844,127.80999755859375,87.0840835571289,64375000
2005-12-15,127.83999633789062,128.0,127.18000030517578,127.44000244140625,86.83200073242188,55900300
2005-12-16,127.27999877929688,127.36000061035156,126.36000061035156,126.36000061035156,86.5525131225586,46238300
2005-12-19,126.7300033569336,126.87000274658203,125.69000244140625,125.70999908447266,86.10728454589844,48733000
2005-12-20,125.86000061035156,126.58999633789062,125.4800033569336,125.83000183105469,86.18952178955078,46603200
2005-12-21,126.22000122070312,126.76000213623047,125.80000305175781,126.02999877929688,86.32650756835938,51806900
2005-12-22,126.30999755859375,126.69000244140625,126.08000183105469,126.69000244140625,86.77854919433594,32247900
2005-12-23,126.77999877929688,126.86000061035156,126.41999816894531,126.76000213623047,86.82648468017578,27977300
2005-12-27,126.95999908447266,127.05000305175781,125.37999725341797,125.47000122070312,85.94290924072266,44499500
2005-12-28,125.73999786376953,125.98999786376953,125.5,125.75,86.13468933105469,30764300
2005-12-29,125.72000122070312,125.95999908447266,125.05999755859375,125.19000244140625,85.75111389160156,32788900
2005-12-30,124.80000305175781,125.05999755859375,124.36000061035156,124.51000213623047,85.2852783203125,44645600
2006-01-03,125.19000244140625,127.0,124.38999938964844,126.69999694824219,86.78541564941406,73256700
2006-01-04,126.86000061035156,127.48999786376953,126.69999694824219,127.30000305175781,87.19639587402344,51899600
2006-01-05,127.1500015258789,127.58999633789062,126.87999725341797,127.37999725341797,87.251220703125,47307500
2006-01-06,128.02000427246094,128.5800018310547,127.36000061035156,128.44000244140625,87.9772720336914,62885900
2006-01-09,128.4199981689453,129.05999755859375,128.3800048828125,128.77000427246094,88.20330047607422,43527400
2006-01-10,128.38999938964844,128.97999572753906,128.25999450683594,128.89999389648438,88.29235076904297,44960800
2006-01-11,129.02000427246094,129.44000244140625,128.72999572753906,129.30999755859375,88.57321166992188,49598900
2006-01-12,129.0800018310547,129.27999877929688,128.44000244140625,128.8000030517578,88.22381591796875,40509200
2006-01-13,128.57000732421875,128.89999389648438,128.1999969482422,128.67999267578125,88.14164733886719,44856700
2006-01-17,128.1999969482422,128.4199981689453,127.80999755859375,128.3300018310547,87.90190124511719,52066600
2006-01-18,127.58000183105469,128.89999389648438,127.16000366210938,127.81999969482422,87.55257415771484,75067600
2006-01-19,128.1300048828125,128.77000427246094,127.80999755859375,128.30999755859375,87.8882064819336,81530400
2006-01-20,128.27999877929688,128.30999755859375,125.97000122070312,125.97000122070312,86.28540802001953,114957800
2006-01-23,126.20999908447266,126.81999969482422,126.12999725341797,126.41999816894531,86.59364318847656,67017400
2006-01-24,126.62999725341797,127.1500015258789,126.41999816894531,126.55000305175781,86.68267059326172,53008800
2006-01-25,127.04000091552734,127.18000030517578,125.83999633789062,126.66000366210938,86.75798797607422,87747700
2006-01-26,127.25,127.66999816894531,126.76000213623047,127.36000061035156,87.23748016357422,71294000
2006-01-27,127.66000366210938,128.66000366210938,127.44999694824219,128.5399932861328,88.04576110839844,65771200
2006-01-30,128.44000244140625,128.80999755859375,128.35000610351562,128.44000244140625,87.9772720336914,33709600
2006-01-31,128.32000732421875,128.5399932861328,127.48999786376953,127.5,87.3333969116211,72937000
2006-02-01,127.81999969482422,128.42999267578125,127.72000122070312,128.38999938964844,87.94298553466797,63561000
2006-02-02,128.10000610351562,128.13999938964844,126.80000305175781,126.9000015258789,86.92240905761719,83626900
2006-02-03,126.58000183105469,128.38999938964844,126.13999938964844,126.2699966430664,86.49087524414062,86040400
2006-02-06,126.44000244140625,126.80000305175781,126.16999816894531,126.5999984741211,86.7169418334961,45511900
2006-02-07,126.37999725341797,126.66000366210938,125.4000015258789,125.4800033569336,85.94978332519531,71208100
2006-02-08,125.8499984741211,128.10000610351562,125.5999984741211,126.62000274658203,86.73059844970703,59422200
2006-02-09,126.91999816894531,127.5999984741211,126.37000274658203,126.41000366210938,86.5867919921875,62023300
2006-02-10,126.43000030517578,127.12999725341797,125.44999694824219,126.63999938964844,86.74430084228516,64508700
2006-02-13,126.5999984741211,126.79000091552734,125.94999694824219,126.41000366210938,86.5867919921875,52308700
2006-02-14,126.45999908447266,128.02999877929688,126.20999908447266,127.75,87.50460052490234,90964400
2006-02-15,127.68000030517578,128.32000732421875,127.23999786376953,128.1999969482422,87.81285858154297,85471300
2006-02-16,128.33999633789062,129.2100067138672,128.17999267578125,129.16000366210938,88.4704360961914,61017900
2006-02-17,129.0500030517578,129.16000366210938,128.5800018310547,128.80999755859375,88.23069763183594,40342600
2006-02-21,129.11000061035156,129.39999389648438,128.2899932861328,128.49000549316406,88.01151275634766,46456300
2006-02-22,128.77000427246094,129.64999389648438,128.64999389648438,129.27000427246094,88.54576873779297,42326700
2006-02-23,129.27000427246094,129.63999938964844,128.27999877929688,129.0800018310547,88.41565704345703,43423200
2006-02-24,129.11000061035156,129.47999572753906,128.75999450683594,129.41000366210938,88.64168548583984,36777400
2006-02-27,129.39999389648438,130.0399932861328,129.27999877929688,129.4600067138672,88.67593383789062,35858600
2006-02-28,129.1999969482422,129.91000366210938,128.1300048828125,128.22999572753906,87.83343505859375,74394800
2006-03-01,128.60000610351562,129.49000549316406,128.5,129.3699951171875,88.6142807006836,48641600
2006-03-02,128.89999389648438,129.4199981689453,128.61000061035156,129.36000061035156,88.60742950439453,60642300
2006-03-03,128.6699981689453,130.07000732421875,128.64999389648438,128.75999450683594,88.1964111328125,73402500
2006-03-06,129.13999938964844,129.17999267578125,127.8499984741211,128.1699981689453,87.7923355102539,57478400
2006-03-07,127.86000061035156,128.05999755859375,127.4000015258789,127.97000122070312,87.65532684326172,61780800
2006-03-08,127.69999694824219,128.44000244140625,127.18000030517578,128.24000549316406,87.84025573730469,66692400
2006-03-09,128.27999877929688,128.67999267578125,127.37999725341797,127.37999725341797,87.251220703125,56313600
2006-03-10,127.70999908447266,128.83999633789062,127.44000244140625,128.58999633789062,88.0799789428711,60490800
2006-03-13,128.83999633789062,129.16000366210938,128.52999877929688,128.8300018310547,88.24440002441406,45479100
2006-03-14,128.7100067138672,130.22999572753906,128.61000061035156,130.17999267578125,89.16911315917969,69877300
2006-03-15,130.14999389648438,130.86000061035156,129.85000610351562,130.75999450683594,89.56640625,53398900
2006-03-16,131.00999450683594,131.47000122070312,130.83999633789062,131.02999877929688,89.75130462646484,65526400
2006-03-17,130.67999267578125,130.89999389648438,130.3800048828125,130.6199951171875,89.8262710571289,47286800
2006-03-20,130.63999938964844,130.89999389648438,130.2100067138672,130.41000366210938,89.68187713623047,45538500
2006-03-21,130.3699951171875,130.99000549316406,129.4499969482422,129.58999633789062,89.11793518066406,87102700
2006-03-22,129.50999450683594,130.50999450683594,129.4499969482422,130.3800048828125,89.66124725341797,51605700
2006-03-23,130.25999450683594,130.38999938964844,129.66000366210938,130.11000061035156,89.47557067871094,46704200
2006-03-24,129.99000549316406,130.57000732421875,129.74000549316406,130.2100067138672,89.5443115234375,43209200
2006-03-27,130.02999877929688,130.27999877929688,129.74000549316406,130.02000427246094,89.41365051269531,32523000
2006-03-28,129.92999267578125,130.52999877929688,129.0500030517578,129.22000122070312,88.863525390625,82079900
2006-03-29,129.41000366210938,130.5,129.2899932861328,130.02999877929688,89.42053985595703,61505700
2006-03-30,130.11000061035156,130.97999572753906,129.5500030517578,129.8000030517578,89.26240539550781,70571700
2006-03-31,130.02000427246094,130.24000549316406,129.3699951171875,129.8300018310547,89.28299713134766,62925600
2006-04-03,130.07000732421875,130.8699951171875,129.49000549316406,129.72999572753906,89.21422576904297,61624700
2006-04-04,129.72999572753906,130.72999572753906,129.36000061035156,130.55999755859375,89.78500366210938,54809300
2006-04-05,130.61000061035156,131.27999877929688,130.3800048828125,131.00999450683594,90.09449768066406,50607200
2006-04-06,130.85000610351562,131.2100067138672,130.19000244140625,130.8699951171875,89.9981918334961,57906200
2006-04-07,131.05999755859375,131.39999389648438,129.35000610351562,129.5399932861328,89.08355712890625,80180900
2006-04-10,129.74000549316406,130.0800018310547,129.25999450683594,129.74000549316406,89.22110748291016,41496500
2006-04-11,129.85000610351562,130.05999755859375,128.25,128.63999938964844,88.46466064453125,72799400
2006-04-12,128.77000427246094,129.1300048828125,128.61000061035156,128.8800048828125,88.62970733642578,43033700
2006-04-13,128.58999633789062,129.25,128.30999755859375,128.7100067138672,88.51278686523438,51051800
2006-04-17,128.8300018310547,129.30999755859375,128.02000427246094,128.66000366210938,88.4784164428711,64167700
2006-04-18,128.92999267578125,130.94000244140625,128.92999267578125,130.6999969482422,89.88127899169922,92531800
2006-04-19,130.75,131.07000732421875,130.24000549316406,130.9499969482422,90.0532455444336,87269000
2006-04-20,131.0,131.86000061035156,130.60000610351562,131.1300048828125,90.17703247070312,86005500
2006-04-21,131.69000244140625,131.7899932861328,130.6199951171875,131.14999389648438,90.19075012207031,72342600
2006-04-24,130.88999938964844,131.07000732421875,130.3800048828125,130.91000366210938,90.02572631835938,52546400
2006-04-25,131.0399932861328,131.1199951171875,129.9199981689453,130.3699951171875,89.6543960571289,84359800
2006-04-26,130.5,131.13999938964844,130.3000030517578,130.39999389648438,89.67498779296875,67262400
2006-04-27,129.89999389648438,131.6300048828125,129.58999633789062,131.02999877929688,90.10821533203125,124478600
2006-04-28,130.7899932861328,131.75,130.7100067138672,131.47000122070312,90.41082000732422,55854400
2006-05-01,131.47000122070312,131.8000030517578,130.32000732421875,130.39999389648438,89.67498779296875,64990300
2006-05-02,131.00999450683594,131.4600067138672,130.74000549316406,131.3800048828125,90.34891510009766,49063500
2006-05-03,131.14999389648438,131.32000732421875,130.4499969482422,130.88999938964844,90.0119400024414,60821300
2006-05-04,131.0800018310547,131.6199951171875,130.97000122070312,131.36000061035156,90.33518981933594,42921400
2006-05-05,132.0500030517578,132.8000030517578,131.85000610351562,132.52000427246094,91.13291931152344,62588200
2006-05-08,132.50999450683594,132.77000427246094,132.36000061035156,132.36000061035156,91.02288818359375,30016700
2006-05-09,132.4199981689453,132.77000427246094,132.30999755859375,132.6199951171875,91.20164489746094,29864000
2006-05-10,132.41000366210938,132.75,131.88999938964844,132.5500030517578,91.1535415649414,64378200
2006-05-11,132.50999450683594,132.5500030517578,130.52000427246094,130.9499969482422,90.0532455444336,80626900
2006-05-12,130.36000061035156,130.72000122070312,129.19000244140625,129.24000549316406,88.87730407714844,91726500
2006-05-15,128.7899932861328,129.74000549316406,128.61000061035156,129.5,89.05608367919922,84029300
2006-05-16,129.75999450683594,130.0,129.00999450683594,129.30999755859375,88.9253921508789,62137600
2006-05-17,128.6699981689453,129.10000610351562,126.7699966430664,126.8499984741211,87.23368072509766,144789500
2006-05-18,127.3499984741211,127.75,126.11000061035156,126.20999908447266,86.79358673095703,87906300
2006-05-19,126.87000274658203,127.48999786376953,125.80000305175781,127.0999984741211,87.40559387207031,124309400
2006-05-22,126.27999877929688,127.16999816894531,125.5,126.12999725341797,86.73854064941406,110852800
2006-05-23,127.18000030517578,127.62999725341797,125.16999816894531,125.16999816894531,86.07835388183594,92006500
2006-05-24,125.68000030517578,126.88999938964844,124.76000213623047,126.16999816894531,86.76606750488281,168405000
2006-05-25,126.91999816894531,127.7300033569336,126.43000030517578,127.7300033569336,87.8388442993164,78977900
2006-05-26,128.00999450683594,128.3800048828125,127.51000213623047,128.3800048828125,88.28584289550781,62989700
2006-05-30,127.97000122070312,128.0,126.05000305175781,126.0999984741211,86.71788787841797,72419900
2006-05-31,126.62000274658203,127.51000213623047,126.19999694824219,127.51000213623047,87.68758392333984,86926200
2006-06-01,127.37999725341797,128.94000244140625,127.2699966430664,128.72999572753906,88.52653503417969,73721700
2006-06-02,129.25,129.42999267578125,128.32000732421875,129.0,88.71220397949219,91702600
2006-06-05,128.85000610351562,128.86000061035156,126.7699966430664,127.12000274658203,87.41934204101562,86105100
2006-06-06,127.20999908447266,127.37999725341797,125.76000213623047,126.80999755859375,87.20616912841797,130498600
2006-06-07,126.91000366210938,127.6500015258789,125.79000091552734,125.86000061035156,86.55288696289062,108599400
2006-06-08,125.58000183105469,126.5,123.87000274658203,125.75,86.47722625732422,204957200
2006-06-09,126.36000061035156,126.95999908447266,125.29000091552734,125.3499984741211,86.20214080810547,94972200
2006-06-12,125.87999725341797,125.93000030517578,123.81999969482422,123.98999786376953,85.26688385009766,95815900
2006-06-13,123.73999786376953,124.83999633789062,122.55000305175781,122.55000305175781,84.276611328125,185688800
2006-06-14,122.83999633789062,123.62999725341797,122.33999633789062,123.5,84.92988586425781,163566400
2006-06-15,123.94999694824219,126.36000061035156,123.86000061035156,126.12000274658203,86.73168182373047,134057000
2006-06-16,125.29000091552734,125.55999755859375,124.45999908447266,124.6500015258789,86.09967041015625,94253500
2006-06-19,125.4000015258789,125.4800033569336,123.55000305175781,123.66999816894531,85.4227294921875,95804400
2006-06-20,124.01000213623047,124.80999755859375,123.72000122070312,124.08999633789062,85.71282958984375,65494700
2006-06-21,124.0,125.69999694824219,123.95999908447266,125.01000213623047,86.34830474853516,75008200
2006-06-22,124.94999694824219,125.05999755859375,124.04000091552734,124.45999908447266,85.96844482421875,74566100
2006-06-23,124.33000183105469,125.30000305175781,124.02999877929688,124.44000244140625,85.9545669555664,54107000
2006-06-26,124.54000091552734,125.05999755859375,124.25,124.98999786376953,86.33451080322266,37899600
2006-06-27,125.01000213623047,125.29000091552734,123.7699966430664,123.91000366210938,85.58850860595703,69780200
2006-06-28,124.19000244140625,124.7699966430664,123.6500015258789,124.75,86.16873168945312,62368100
2006-06-29,125.19999694824219,127.3499984741211,125.16999816894531,127.2699966430664,87.90936279296875,110634800
2006-06-30,127.54000091552734,127.66000366210938,126.95999908447266,127.27999877929688,87.91631317138672,54227800
2006-07-03,127.43000030517578,128.00999450683594,127.30999755859375,127.80000305175781,88.27544403076172,23914000
2006-07-05,127.29000091552734,127.44999694824219,126.5199966430664,127.06999969482422,87.7712631225586,69653400
2006-07-06,127.19999694824219,127.8499984741211,127.08000183105469,127.44000244140625,88.02677154541016,50100300
2006-07-07,127.19000244140625,127.55999755859375,126.29000091552734,126.61000061035156,87.4534683227539,81626500
2006-07-10,126.94000244140625,127.43000030517578,126.41000366210938,126.8499984741211,87.61927032470703,60964100
2006-07-11,126.61000061035156,127.41000366210938,125.94000244140625,127.41000366210938,88.00606536865234,73640800
2006-07-12,127.1500015258789,127.4000015258789,125.72000122070312,126.05000305175781,87.06669616699219,82561300
2006-07-13,125.44999694824219,125.68000030517578,124.0,124.0,85.65068817138672,102405700
2006-07-14,124.12999725341797,124.26000213623047,122.83000183105469,123.5199966430664,85.31913757324219,103242500
2006-07-17,123.5199966430664,124.0999984741211,123.1500015258789,123.33999633789062,85.19477844238281,81159000
2006-07-18,123.70999908447266,124.05000305175781,122.38999938964844,123.97000122070312,85.62995147705078,122771000
2006-07-19,124.18000030517578,126.26000213623047,123.72000122070312,125.69000244140625,86.81800079345703,133565300
2006-07-20,126.12000274658203,126.30000305175781,124.66000366210938,124.83000183105469,86.22399139404297,112259800
2006-07-21,125.1500015258789,125.19000244140625,123.81999969482422,123.94999694824219,85.61613464355469,101560000
2006-07-24,124.44000244140625,126.31999969482422,124.44000244140625,126.20999908447266,87.17720794677734,92884000
2006-07-25,125.9800033569336,127.30000305175781,125.72000122070312,126.66000366210938,87.48804473876953,95480700
2006-07-26,126.58999633789062,127.44999694824219,126.18000030517578,126.83000183105469,87.6054458618164,84525800
2006-07-27,127.37999725341797,127.69000244140625,126.19999694824219,126.70999908447266,87.52253723144531,87257100
2006-07-28,127.04000091552734,128.13999938964844,126.86000061035156,127.9800033569336,88.39981842041016,82137000
2006-07-31,127.66000366210938,127.95999908447266,127.44999694824219,127.8499984741211,88.30996704101562,49593100
2006-08-01,127.33999633789062,127.37999725341797,126.5999984741211,127.22000122070312,87.87483215332031,65225600
2006-08-02,127.58000183105469,128.4600067138672,127.55000305175781,128.0800018310547,88.4688720703125,64770900
2006-08-03,127.33999633789062,128.5500030517578,127.1500015258789,128.4199981689453,88.70368194580078,63693800
2006-08-04,129.0800018310547,129.42999267578125,127.4800033569336,128.1999969482422,88.55175018310547,96294200
2006-08-07,127.9000015258789,128.0800018310547,127.4000015258789,127.9000015258789,88.34452819824219,45377300
2006-08-08,128.08999633789062,128.4600067138672,126.94999694824219,127.41000366210938,88.00606536865234,90901300
2006-08-09,128.17999267578125,128.60000610351562,126.61000061035156,126.9800033569336,87.70907592773438,78910600
2006-08-10,126.58000183105469,127.5,126.27999877929688,127.37000274658203,87.97846221923828,69322300
2006-08-11,127.16999816894531,127.19999694824219,126.38999938964844,127.01000213623047,87.72976684570312,47482200
2006-08-14,127.62999725341797,128.16000366210938,126.91999816894531,127.11000061035156,87.79884338378906,57839000
2006-08-15,128.25,128.8699951171875,127.9000015258789,128.6300048828125,88.84874725341797,68143000
2006-08-16,129.32000732421875,129.88999938964844,129.0399932861328,129.6999969482422,89.58784484863281,71737600
2006-08-17,129.5800018310547,130.3699951171875,129.49000549316406,130.02999877929688,89.81578063964844,70992800
2006-08-18,130.19000244140625,130.69000244140625,129.58999633789062,130.69000244140625,90.27169799804688,58288400
2006-08-21,130.17999267578125,130.27999877929688,129.8000030517578,130.1300048828125,89.88487243652344,42133600
2006-08-22,129.99000549316406,130.52000427246094,129.67999267578125,130.1199951171875,89.8779296875,60839900
2006-08-23,130.17999267578125,130.44000244140625,129.19000244140625,129.75999450683594,89.6292724609375,66592100
2006-08-24,129.99000549316406,130.10000610351562,129.39999389648438,129.64999389648438,89.5533218383789,57983000
2006-08-25,129.63999938964844,130.25,129.5500030517578,129.80999755859375,89.66382598876953,41756000
2006-08-28,129.64999389648438,130.82000732421875,129.63999938964844,130.42999267578125,90.0920639038086,52681500
2006-08-29,130.49000549316406,130.8300018310547,129.80999755859375,130.5800018310547,90.1956787109375,61817800
2006-08-30,130.8699951171875,131.0399932861328,130.5500030517578,130.66000366210938,90.25096130371094,50052200
2006-08-31,130.85000610351562,130.99000549316406,130.5800018310547,130.63999938964844,90.23711395263672,37510300
2006-09-01,131.13999938964844,131.5800018310547,130.83999633789062,131.4199981689453,90.7759017944336,48794500
2006-09-05,131.50999450683594,131.85000610351562,131.1999969482422,131.6699981689453,90.9485855102539,52348300
2006-09-06,131.11000061035156,131.16000366210938,130.3300018310547,130.50999450683594,90.1473617553711,53795600
2006-09-07,130.05999755859375,130.57000732421875,129.35000610351562,129.91000366210938,89.7328872680664,86269400
2006-09-08,130.0800018310547,130.4600067138672,129.8300018310547,130.27999877929688,89.98844909667969,45096300
2006-09-11,129.86000061035156,130.69000244140625,129.47999572753906,130.41000366210938,90.07829284667969,68496600
2006-09-12,130.55999755859375,131.83999633789062,130.3699951171875,131.69000244140625,90.96237182617188,69875600
2006-09-13,131.63999938964844,132.4499969482422,131.52000427246094,132.22000122070312,91.32847595214844,62898400
2006-09-14,131.9600067138672,132.24000549316406,131.75,132.22999572753906,91.33536529541016,57805400
2006-09-15,132.30999755859375,132.38999938964844,131.67999267578125,131.9600067138672,91.54975891113281,76703100
2006-09-18,131.7899932861328,132.38999938964844,131.64999389648438,132.13999938964844,91.67467498779297,64154100
2006-09-19,132.1199951171875,132.1300048828125,131.07000732421875,131.80999755859375,91.4457015991211,92089100
2006-09-20,132.25,132.77000427246094,132.05999755859375,132.50999450683594,91.93134307861328,75204100
2006-09-21,132.61000061035156,132.75,131.4199981689453,131.8699951171875,91.48731994628906,88932500
2006-09-22,131.6699981689453,131.67999267578125,131.0,131.47000122070312,91.20983123779297,65966800
2006-09-25,131.72999572753906,132.85000610351562,131.0500030517578,132.47999572753906,91.91053771972656,92299100
2006-09-26,132.5,133.60000610351562,132.39999389648438,133.5800018310547,92.67366790771484,73962700
2006-09-27,133.49000549316406,133.97000122070312,133.27000427246094,133.74000549316406,92.78465270996094,82432200
2006-09-28,133.74000549316406,133.99000549316406,133.27999877929688,133.69000244140625,92.74995422363281,58597500
2006-09-29,133.8000030517578,133.94000244140625,133.47999572753906,133.5800018310547,92.67366790771484,47966600
2006-10-02,133.5399932861328,133.8300018310547,132.9499969482422,133.0800018310547,92.32681274414062,51687400
2006-10-03,132.88999938964844,133.8699951171875,132.64999389648438,133.36000061035156,92.5210189819336,73108100
2006-10-04,133.22999572753906,135.0,133.0800018310547,134.9199981689453,93.60331726074219,80890500
2006-10-05,134.9199981689453,135.41000366210938,134.75,135.17999267578125,93.78372192382812,60505900
2006-10-06,134.9499969482422,135.10000610351562,134.39999389648438,135.00999450683594,93.66576385498047,64983600
2006-10-09,134.85000610351562,135.3000030517578,134.63999938964844,135.08999633789062,93.72123718261719,41176800
2006-10-10,135.10000610351562,135.4499969482422,134.83999633789062,135.27000427246094,93.84614562988281,56403700
2006-10-11,134.83999633789062,135.42999267578125,134.3000030517578,135.11000061035156,93.73515319824219,104071800
2006-10-12,135.4499969482422,136.38999938964844,135.39999389648438,136.27999877929688,94.54684448242188,59158600
2006-10-13,136.16000366210938,136.7100067138672,136.0399932861328,136.6300048828125,94.78968048095703,53944000
2006-10-16,136.52000427246094,137.0500030517578,136.4199981689453,136.83999633789062,94.93541717529297,42273000
2006-10-17,136.47000122070312,136.6999969482422,135.6699981689453,136.41000366210938,94.63705444335938,90500600
2006-10-18,137.0399932861328,137.3699951171875,136.10000610351562,136.58999633789062,94.76193237304688,86848600
2006-10-19,136.38999938964844,136.8800048828125,136.22999572753906,136.80999755859375,94.91456604003906,64063200
2006-10-20,136.83999633789062,136.9499969482422,136.3300018310547,136.83999633789062,94.93541717529297,48094500
2006-10-23,136.55999755859375,137.8000030517578,136.38999938964844,137.47000122070312,95.37248229980469,66219900
2006-10-24,137.27999877929688,137.92999267578125,137.22000122070312,137.8800048828125,95.65689849853516,53234900
2006-10-25,137.74000549316406,138.41000366210938,137.50999450683594,138.35000610351562,95.98297119140625,78105400
2006-10-26,138.66000366210938,139.0,137.97999572753906,138.77999877929688,96.28125,66843700
2006-10-27,138.61000061035156,138.75,137.6300048828125,137.91000366210938,95.67771911621094,80238000
2006-10-30,137.66000366210938,138.1999969482422,137.39999389648438,137.80999755859375,95.60829162597656,49717800
2006-10-31,138.07000732421875,138.25999450683594,137.25,137.7899932861328,95.59442901611328,71274100
2006-11-01,138.22000122070312,138.30999755859375,136.72000122070312,136.86000061035156,94.94925689697266,83005600
2006-11-02,136.50999450683594,137.00999450683594,136.36000061035156,136.77999877929688,94.89372253417969,60693100
2006-11-03,137.27000427246094,137.38999938964844,135.6199951171875,136.5399932861328,94.72723388671875,71346400
2006-11-06,136.9600067138672,138.27999877929688,136.9499969482422,138.0800018310547,95.7956314086914,63303300
2006-11-07,138.1999969482422,138.97999572753906,138.0,138.61000061035156,96.16332244873047,63318900
2006-11-08,138.0,139.0500030517578,136.86000061035156,138.91000366210938,96.3714599609375,87517800
2006-11-09,139.00999450683594,139.13999938964844,137.89999389648438,138.17999267578125,95.86500549316406,95916300
2006-11-10,138.13999938964844,138.33999633789062,137.72000122070312,138.24000549316406,95.90664672851562,48991500
2006-11-13,138.17999267578125,139.0399932861328,138.07000732421875,138.5800018310547,96.14253997802734,59398200
2006-11-14,138.97000122070312,139.74000549316406,138.1199951171875,139.6199951171875,96.86404418945312,96704000
2006-11-15,139.57000732421875,140.4499969482422,139.52999877929688,140.02000427246094,97.14154815673828,76509600
2006-11-16,140.44000244140625,140.67999267578125,139.49000549316406,140.3800048828125,97.3913345336914,76728800
2006-11-17,139.92999267578125,140.42999267578125,139.72999572753906,140.4199981689453,97.41910552978516,56353800
2006-11-20,140.3000030517578,140.74000549316406,139.94000244140625,140.5,97.47453308105469,69174200
2006-11-21,140.49000549316406,140.6699981689453,140.2899932861328,140.63999938964844,97.5716781616211,51367900
2006-11-22,140.75,141.16000366210938,140.5,140.9199981689453,97.76589965820312,45505300
2006-11-24,140.24000549316406,140.83999633789062,140.1999969482422,140.35000610351562,97.37049865722656,30998000
2006-11-27,140.27999877929688,140.35000610351562,138.3800048828125,138.4199981689453,96.03153991699219,84545100
2006-11-28,138.24000549316406,139.16000366210938,138.11000061035156,139.02000427246094,96.44779968261719,106652900
2006-11-29,139.47000122070312,140.52999877929688,139.0800018310547,140.47000122070312,97.45368957519531,90034900
2006-11-30,140.44000244140625,141.0500030517578,139.75999450683594,140.52999877929688,97.49533081054688,83994300
2006-12-01,140.52999877929688,140.66000366210938,138.97000122070312,140.22000122070312,97.28031158447266,126080000
2006-12-04,140.25,141.5500030517578,140.22999572753906,141.2899932861328,98.02264404296875,87813200
2006-12-05,141.55999755859375,141.9600067138672,141.25999450683594,141.89999389648438,98.44580841064453,73374400
2006-12-06,141.8699951171875,142.07000732421875,141.5,141.77999877929688,98.36255645751953,53253200
2006-12-07,142.02999877929688,142.3000030517578,141.11000061035156,141.16000366210938,97.93243408203125,62857400
2006-12-08,141.1300048828125,141.89999389648438,140.77999877929688,141.4199981689453,98.11283111572266,79625500
2006-12-11,141.4199981689453,142.08999633789062,141.33999633789062,141.8300018310547,98.3972396850586,39779400
2006-12-12,141.69000244140625,141.8699951171875,140.88999938964844,141.72000122070312,98.32093048095703,77451600
2006-12-13,142.22999572753906,142.33999633789062,141.55999755859375,141.8699951171875,98.4250259399414,55520200
2006-12-14,141.86000061035156,143.24000549316406,141.83999633789062,143.1199951171875,99.29225158691406,64755200
2006-12-15,142.63999938964844,142.88999938964844,142.24000549316406,142.33999633789062,99.30126190185547,70857400
2006-12-18,142.5399932861328,142.8800048828125,141.75,141.9499969482422,99.02924346923828,48954600
2006-12-19,141.5500030517578,142.55999755859375,141.19000244140625,142.22000122070312,99.21763610839844,65023600
2006-12-20,142.27999877929688,142.66000366210938,142.00999450683594,142.13999938964844,99.16178131103516,41469600
2006-12-21,142.27000427246094,142.42999267578125,141.32000732421875,141.6199951171875,98.79896545410156,48698400
2006-12-22,141.63999938964844,141.64999389648438,140.6699981689453,140.75,98.19209289550781,62069100
2006-12-26,140.80999755859375,141.61000061035156,140.77999877929688,141.5800018310547,98.77108764648438,32696900
2006-12-27,141.8699951171875,142.60000610351562,141.8300018310547,142.50999450683594,99.4199447631836,39727100
2006-12-28,142.41000366210938,142.6999969482422,141.99000549316406,142.2100067138672,99.21062469482422,37288800
2006-12-29,142.05999755859375,142.5399932861328,141.42999267578125,141.6199951171875,98.79896545410156,45461200
2007-01-03,142.25,142.86000061035156,140.57000732421875,141.3699951171875,98.62459564208984,94807600
2007-01-04,141.22999572753906,142.0500030517578,140.61000061035156,141.6699981689453,98.83387756347656,69620600
2007-01-05,141.3300018310547,141.39999389648438,140.3800048828125,140.5399932861328,98.0455551147461,76645300
2007-01-08,140.82000732421875,141.41000366210938,140.25,141.19000244140625,98.49903869628906,71655000
2007-01-09,141.30999755859375,141.60000610351562,140.39999389648438,141.07000732421875,98.41532135009766,75680100
2007-01-10,140.5800018310547,141.57000732421875,140.3000030517578,141.5399932861328,98.74317932128906,72428000
2007-01-11,141.5800018310547,142.6199951171875,141.5,142.16000366210938,99.17573547363281,54476800
2007-01-12,142.14999389648438,143.24000549316406,142.11000061035156,143.24000549316406,99.9291763305664,55370600
2007-01-16,143.07000732421875,143.44000244140625,142.72999572753906,142.9600067138672,99.73382568359375,44871300
2007-01-17,142.85000610351562,143.4600067138672,142.72999572753906,143.02000427246094,99.77568817138672,50241400
2007-01-18,143.1699981689453,143.25999450683594,142.30999755859375,142.5399932861328,99.44078063964844,68177300
2007-01-19,142.5399932861328,143.10000610351562,142.4600067138672,142.82000732421875,99.63617706298828,56973000
2007-01-22,143.07000732421875,143.10000610351562,141.92999267578125,142.3800048828125,99.32921600341797,60253600
2007-01-23,142.25999450683594,143.0800018310547,142.05999755859375,142.8000030517578,99.62220764160156,54064400
2007-01-24,142.97000122070312,143.97999572753906,142.91000366210938,143.9499969482422,100.42447662353516,55834700
2007-01-25,143.86000061035156,143.9199981689453,142.00999450683594,142.25999450683594,99.2454605102539,73583800
2007-01-26,142.57000732421875,142.64999389648438,141.5800018310547,142.1300048828125,99.1547622680664,67255600
2007-01-29,142.19000244140625,142.8000030517578,141.74000549316406,142.0500030517578,99.09900665283203,66114600
2007-01-30,142.35000610351562,142.86000061035156,142.05999755859375,142.7899932861328,99.61524200439453,70407600
2007-01-31,142.6300048828125,144.1300048828125,142.39999389648438,143.75,100.28499603271484,91868600
2007-02-01,144.14999389648438,144.66000366210938,143.91000366210938,144.61000061035156,100.8849105834961,69312400
2007-02-02,144.72999572753906,144.9499969482422,144.3800048828125,144.80999755859375,101.02446746826172,49607000
2007-02-05,144.6999969482422,144.94000244140625,144.33999633789062,144.85000610351562,101.05232238769531,45705300
2007-02-06,144.97000122070312,145.02999877929688,144.3300018310547,144.88999938964844,101.08026885986328,57081300
2007-02-07,145.1199951171875,145.36000061035156,144.57000732421875,145.2100067138672,101.30351257324219,55669700
2007-02-08,144.77999877929688,145.1199951171875,144.27000427246094,145.02000427246094,101.17095184326172,70641000
2007-02-09,145.05999755859375,145.3300018310547,143.38999938964844,143.94000244140625,100.41754150390625,79084400
2007-02-12,143.94000244140625,144.0399932861328,143.19000244140625,143.4499969482422,100.07568359375,65657000
2007-02-13,143.77000427246094,144.89999389648438,143.75999450683594,144.66000366210938,100.91981506347656,64081800
2007-02-14,144.8000030517578,145.89999389648438,144.77999877929688,145.61000061035156,101.58258056640625,66039400
2007-02-15,145.6699981689453,145.9499969482422,145.42999267578125,145.8000030517578,101.7150650024414,38715200
2007-02-16,145.44000244140625,145.75999450683594,145.22999572753906,145.72999572753906,101.66629028320312,39841800
2007-02-20,145.55999755859375,146.1999969482422,145.0,146.0399932861328,101.88253021240234,56911800
2007-02-21,145.61000061035156,146.07000732421875,145.35000610351562,145.97999572753906,101.84071350097656,63971600
2007-02-22,146.0500030517578,146.4199981689453,145.1699981689453,145.8699951171875,101.76396179199219,79067400
2007-02-23,145.74000549316406,145.7899932861328,145.02999877929688,145.3000030517578,101.36630249023438,71966200
2007-02-26,145.8300018310547,145.9499969482422,144.75,145.1699981689453,101.27557373046875,69192800
2007-02-27,143.8800048828125,144.1999969482422,139.0,139.5,97.31999969482422,274466500
2007-02-28,140.38999938964844,141.97999572753906,139.8000030517578,140.92999267578125,98.317626953125,177536300
2007-03-01,139.33999633789062,141.25,138.0500030517578,140.50999450683594,98.02462768554688,212828600
2007-03-02,140.0500030517578,140.66000366210938,138.66000366210938,138.6699981689453,96.7409896850586,162574000
2007-03-05,137.92999267578125,139.5800018310547,137.3300018310547,137.35000610351562,95.82012176513672,143750400
2007-03-06,138.77999877929688,140.1199951171875,137.72000122070312,139.6999969482422,97.4595718383789,143333300
2007-03-07,139.58999633789062,140.4600067138672,139.39999389648438,139.55999755859375,97.36185455322266,115144900
2007-03-08,140.5399932861328,141.16000366210938,140.07000732421875,140.74000549316406,98.18511199951172,117891600
2007-03-09,141.30999755859375,141.4199981689453,140.0800018310547,140.77999877929688,98.21298217773438,107765100
2007-03-12,140.4199981689453,141.33999633789062,140.16000366210938,140.99000549316406,98.3594970703125,80366900
2007-03-13,140.17999267578125,140.77000427246094,138.0399932861328,138.25,96.447998046875,190605200
2007-03-14,138.42999267578125,139.36000061035156,136.75,139.27999877929688,97.16654205322266,231853800
2007-03-15,138.97000122070312,139.99000549316406,138.8000030517578,139.47000122070312,97.29910278320312,132435900
2007-03-16,139.30999755859375,139.6300048828125,138.1199951171875,138.52999877929688,97.026611328125,121531600
2007-03-19,139.25999450683594,140.3300018310547,139.14999389648438,140.1999969482422,98.19629669189453,96161200
2007-03-20,140.0800018310547,141.0500030517578,139.9600067138672,140.97000122070312,98.73564910888672,82147400
2007-03-21,141.10000610351562,143.64999389648438,140.82000732421875,143.2899932861328,100.36048889160156,152368700
2007-03-22,143.47999572753906,143.67999267578125,142.7899932861328,143.17999267578125,100.2834701538086,118942200
2007-03-23,143.27999877929688,143.80999755859375,143.14999389648438,143.38999938964844,100.43060302734375,74416800
2007-03-26,143.5,143.64999389648438,142.08999633789062,143.1999969482422,100.2975082397461,113787500
2007-03-27,143.1199951171875,143.16000366210938,142.38999938964844,142.86000061035156,100.05934143066406,99864600
2007-03-28,142.13999938964844,142.47000122070312,141.25999450683594,141.82000732421875,99.3309555053711,152907900
2007-03-29,142.5399932861328,142.61000061035156,141.19000244140625,141.97000122070312,99.43599700927734,139432700
2007-03-30,142.24000549316406,142.83999633789062,140.55999755859375,142.0,99.45700073242188,128194100
2007-04-02,142.16000366210938,142.4600067138672,141.47999572753906,142.16000366210938,99.569091796875,79416400
2007-04-03,142.97000122070312,143.97999572753906,142.91000366210938,143.69000244140625,100.64071655273438,82417800
2007-04-04,143.69000244140625,143.9499969482422,143.16000366210938,143.85000610351562,100.75276184082031,63995200
2007-04-05,143.6699981689453,144.44000244140625,143.61000061035156,144.24000549316406,101.0259017944336,46822800
2007-04-09,144.64999389648438,144.8000030517578,144.14999389648438,144.44000244140625,101.16603088378906,50967400
2007-04-10,144.3300018310547,144.85000610351562,144.27000427246094,144.61000061035156,101.28508758544922,56620000
2007-04-11,144.82000732421875,144.86000061035156,143.5399932861328,144.02000427246094,100.87178802490234,106365700
2007-04-12,143.74000549316406,144.9199981689453,143.33999633789062,144.66000366210938,101.32010650634766,115534400
2007-04-13,144.89999389648438,145.32000732421875,144.36000061035156,145.32000732421875,101.7823486328125,84287000
2007-04-16,145.8300018310547,146.86000061035156,145.82000732421875,146.6999969482422,102.7489013671875,83064600
2007-04-17,146.97000122070312,147.39999389648438,146.64999389648438,147.08999633789062,103.02210998535156,108424100
2007-04-18,146.60000610351562,147.6999969482422,146.57000732421875,147.27000427246094,103.14816284179688,88345300
2007-04-19,146.5500030517578,147.39999389648438,146.36000061035156,147.22999572753906,103.1201400756836,102947700
2007-04-20,148.22000122070312,148.6199951171875,147.0399932861328,148.6199951171875,104.09368133544922,124114100
2007-04-23,148.3699951171875,148.72999572753906,147.97000122070312,148.05999755859375,103.70143127441406,77270800
2007-04-24,148.22999572753906,148.39999389648438,147.32000732421875,148.1199951171875,103.74347686767578,114471000
2007-04-25,148.72999572753906,149.66000366210938,148.02000427246094,149.47999572753906,104.69602966308594,108418800
2007-04-26,149.49000549316406,149.8000030517578,149.10000610351562,149.64999389648438,104.81511688232422,88741600
2007-04-27,149.08999633789062,149.74000549316406,148.83999633789062,149.52999877929688,104.73106384277344,108191100
2007-04-30,149.63999938964844,149.74000549316406,148.2100067138672,148.2899932861328,103.86257934570312,100874100
2007-05-01,148.4199981689453,149.47000122070312,147.6699981689453,148.6699981689453,104.12872314453125,134342700
2007-05-02,148.89999389648438,149.9499969482422,148.75,149.5399932861328,104.7380599975586,87129800
2007-05-03,149.97000122070312,150.39999389648438,149.72999572753906,150.35000610351562,105.30542755126953,86569700
2007-05-04,150.75,151.1199951171875,150.22000122070312,150.9199981689453,105.70459747314453,96409000
2007-05-07,150.8800048828125,151.1999969482422,150.80999755859375,150.9499969482422,105.7255859375,63461400
2007-05-08,150.5800018310547,150.9199981689453,150.1300048828125,150.75,105.58553314208984,80584000
2007-05-09,150.63999938964844,152.82000732421875,150.3699951171875,151.16000366210938,105.87267303466797,102070100
2007-05-10,150.72999572753906,151.02000427246094,149.27000427246094,149.5800018310547,104.76605987548828,153617800
2007-05-11,149.75,150.92999267578125,149.72000122070312,150.86000061035156,105.66259002685547,113408900
2007-05-14,150.86000061035156,151.3000030517578,149.7899932861328,150.52999877929688,105.43148803710938,108027500
2007-05-15,150.6999969482422,151.66000366210938,150.19000244140625,150.57000732421875,105.45947265625,180673300
2007-05-16,150.8000030517578,151.6300048828125,150.3800048828125,151.60000610351562,106.1808853149414,114166500
2007-05-17,151.3800048828125,151.9600067138672,151.11000061035156,151.3000030517578,105.97074890136719,101132800
2007-05-18,152.00999450683594,152.6199951171875,151.80999755859375,152.6199951171875,106.89527130126953,99182000
2007-05-21,152.5800018310547,153.22999572753906,152.5,152.5399932861328,106.83922576904297,174664600
2007-05-22,152.6999969482422,153.16000366210938,152.3800048828125,152.4199981689453,106.75524139404297,82148800
2007-05-23,152.9499969482422,153.5,152.36000061035156,152.44000244140625,106.76924133300781,133786600
2007-05-24,152.52999877929688,153.2100067138672,150.74000549316406,151.05999755859375,105.80261993408203,187593000
2007-05-25,151.5,152.02000427246094,151.17999267578125,151.69000244140625,106.24392700195312,83309200
2007-05-29,151.94000244140625,152.5,151.4499969482422,152.24000549316406,106.62910461425781,82020000
2007-05-30,151.4600067138672,153.5399932861328,151.33999633789062,153.47999572753906,107.49764251708984,129013600
2007-05-31,153.6699981689453,153.88999938964844,153.1199951171875,153.32000732421875,107.38558197021484,114866700
2007-06-01,153.8800048828125,154.39999389648438,153.50999450683594,154.0800018310547,107.91786193847656,107771700
2007-06-04,153.5399932861328,154.38999938964844,153.47999572753906,154.10000610351562,107.93195343017578,78008800
2007-06-05,153.74000549316406,153.89999389648438,152.86000061035156,153.49000549316406,107.50462341308594,126917900
2007-06-06,152.86000061035156,152.9499969482422,151.75,151.83999633789062,106.34898376464844,164096800
2007-06-07,151.55999755859375,152.5,149.05999755859375,149.10000610351562,104.42987823486328,232414600
2007-06-08,149.5800018310547,151.19000244140625,149.08999633789062,151.0399932861328,105.78864288330078,175886000
2007-06-11,150.92999267578125,151.9499969482422,150.6999969482422,151.3000030517578,105.97074890136719,102015600
2007-06-12,150.6699981689453,151.5399932861328,149.5500030517578,149.64999389648438,104.81511688232422,233898000
2007-06-13,150.5,152.07000732421875,149.72000122070312,151.88999938964844,106.38400268554688,193208200
2007-06-14,152.05999755859375,153.1199951171875,152.02999877929688,152.86000061035156,107.0633773803711,146396500
2007-06-15,153.13999938964844,153.66000366210938,152.92999267578125,153.07000732421875,107.67256164550781,154030800
2007-06-18,153.3800048828125,153.38999938964844,152.66000366210938,152.88999938964844,107.54594421386719,88537500
2007-06-19,152.5500030517578,153.3800048828125,152.36000061035156,153.27000427246094,107.813232421875,110851700
2007-06-20,153.5800018310547,153.5800018310547,150.9600067138672,151.13999938964844,106.31493377685547,177119700
2007-06-21,151.0800018310547,152.11000061035156,150.25,151.97999572753906,106.90580749511719,205262000
2007-06-22,151.52000427246094,151.77000427246094,149.85000610351562,150.5500030517578,105.89990997314453,204964700
2007-06-25,150.24000549316406,151.25,149.02000427246094,149.8300018310547,105.39349365234375,232014400
2007-06-26,150.2100067138672,150.4600067138672,148.27999877929688,148.2899932861328,104.31024169921875,198445700
2007-06-27,148.1300048828125,150.57000732421875,148.05999755859375,150.39999389648438,105.79444122314453,213638000
2007-06-28,150.3800048828125,151.41000366210938,149.6699981689453,150.3800048828125,105.7803955078125,157705000
2007-06-29,150.89999389648438,151.64999389648438,149.14999389648438,150.42999267578125,105.81549835205078,199701800
2007-07-02,150.8699951171875,151.9199981689453,150.77000427246094,151.7899932861328,106.77214050292969,103357000
2007-07-03,152.17999267578125,152.5,151.99000549316406,152.33999633789062,107.1590576171875,54048400
2007-07-05,152.39999389648438,152.55999755859375,151.6300048828125,152.17999267578125,107.04647827148438,89279000
2007-07-06,152.3800048828125,153.1699981689453,151.92999267578125,152.97999572753906,107.60924530029297,81109000
2007-07-09,153.16000366210938,153.36000061035156,152.6199951171875,153.10000610351562,107.69361114501953,72348100
2007-07-10,152.2899932861328,152.61000061035156,150.77000427246094,150.9199981689453,106.16020202636719,180362600
2007-07-11,150.75,152.0500030517578,150.52000427246094,151.99000549316406,106.91288757324219,175607600
2007-07-12,152.3699951171875,154.75,152.33999633789062,154.38999938964844,108.60103607177734,133882500
2007-07-13,154.57000732421875,155.4600067138672,154.38999938964844,154.85000610351562,108.92462158203125,111794300
2007-07-16,154.99000549316406,155.52999877929688,154.5800018310547,154.8300018310547,108.91058349609375,98378700
2007-07-17,154.92999267578125,155.47999572753906,154.67999267578125,154.75,108.85431671142578,126201300
2007-07-18,154.22999572753906,154.8000030517578,153.3000030517578,154.47000122070312,108.65733337402344,237887400
2007-07-19,155.1999969482422,155.52999877929688,154.75,155.07000732421875,109.0794677734375,145212700
2007-07-20,154.88999938964844,154.99000549316406,152.8300018310547,153.5,107.97503662109375,245502500
2007-07-23,154.17999267578125,154.72000122070312,153.3000030517578,153.97000122070312,108.30561828613281,121183900
2007-07-24,153.1199951171875,154.27999877929688,150.75999450683594,151.3000030517578,106.42748260498047,256732400
2007-07-25,152.02000427246094,152.38999938964844,150.25,151.61000061035156,106.64556121826172,265214500
2007-07-26,150.19000244140625,150.8000030517578,146.38999938964844,148.02000427246094,104.12028503417969,467592500
2007-07-27,148.2100067138672,148.8699951171875,145.0500030517578,145.11000061035156,102.07328033447266,422987600
2007-07-30,145.92999267578125,147.80999755859375,145.2899932861328,147.3800048828125,103.67008209228516,283017500
2007-07-31,148.3300018310547,149.4600067138672,145.0399932861328,145.72000122070312,102.50236511230469,316976700
2007-08-01,145.17999267578125,147.00999450683594,143.9499969482422,146.42999267578125,103.00183868408203,467670000
2007-08-02,146.75999450683594,147.75999450683594,145.25999450683594,147.60000610351562,103.82483673095703,294758400
2007-08-03,147.27999877929688,147.5800018310547,143.1999969482422,143.8000030517578,101.15184020996094,359398200
2007-08-06,144.2100067138672,146.8300018310547,142.52999877929688,146.2100067138672,102.84709167480469,324980000
2007-08-07,145.94000244140625,149.0,145.22999572753906,147.77000427246094,103.94440460205078,232568700
2007-08-08,148.41000366210938,150.58999633789062,147.33999633789062,149.8300018310547,105.39349365234375,274930600
2007-08-09,147.42999267578125,148.9499969482422,145.2899932861328,145.38999938964844,102.27027893066406,357622100
2007-08-10,144.38999938964844,146.5,143.1199951171875,144.7100067138672,101.79194641113281,411018400
2007-08-13,146.5,146.88999938964844,145.02000427246094,145.22999572753906,102.15773010253906,181917200
2007-08-14,145.6999969482422,146.05999755859375,142.72000122070312,143.00999450683594,100.59614562988281,264134500
2007-08-15,142.72000122070312,144.4600067138672,140.6199951171875,141.0399932861328,99.21036529541016,323834000
2007-08-16,139.7899932861328,142.94000244140625,137.0,142.10000610351562,99.9560317993164,546743700
2007-08-17,145.5,145.80999755859375,141.38999938964844,144.7100067138672,101.79194641113281,388218100
2007-08-20,145.1699981689453,145.47000122070312,143.2899932861328,144.63999938964844,101.74272155761719,187320400
2007-08-21,144.60000610351562,145.97000122070312,144.13999938964844,144.92999267578125,101.94670867919922,157066400
2007-08-22,146.00999450683594,146.8000030517578,145.3300018310547,146.64999389648438,103.15658569335938,173156700
2007-08-23,147.33999633789062,147.64999389648438,145.61000061035156,146.52000427246094,103.06512451171875,203915300
2007-08-24,146.47999572753906,148.3300018310547,146.27999877929688,148.3300018310547,104.33832550048828,128901900
2007-08-27,147.85000610351562,148.3300018310547,146.72999572753906,146.9499969482422,103.36761474609375,113024300
2007-08-28,146.16000366210938,146.25,143.4600067138672,143.72000122070312,101.09555053710938,219790700
2007-08-29,144.3699951171875,146.74000549316406,143.9600067138672,146.5399932861328,103.07920837402344,207654200
2007-08-30,145.4499969482422,147.19000244140625,145.30999755859375,146.14999389648438,102.80487823486328,191817300
2007-08-31,147.64999389648438,148.5,146.8300018310547,147.58999633789062,103.81779479980469,185477500
2007-09-04,147.4499969482422,149.97999572753906,147.39999389648438,149.0800018310547,104.86587524414062,120062000
2007-09-05,148.1999969482422,148.36000061035156,147.0,147.7899932861328,103.95845031738281,166261800
2007-09-06,147.9499969482422,148.61000061035156,147.1199951171875,148.1300048828125,104.19768524169922,127878400
2007-09-07,146.47999572753906,146.88999938964844,145.25999450683594,146.07000732421875,102.74859619140625,235447600
2007-09-10,146.52000427246094,146.72000122070312,144.3300018310547,145.7899932861328,102.5516357421875,192305900
2007-09-11,146.24000549316406,147.6999969482422,146.1300048828125,147.49000549316406,103.74750518798828,162081900
2007-09-12,147.2899932861328,148.44000244140625,146.97999572753906,147.8699951171875,104.01475524902344,149554600
2007-09-13,148.5500030517578,149.4499969482422,148.1999969482422,148.91000366210938,104.746337890625,154079000
2007-09-14,147.9600067138672,149.08999633789062,147.74000549316406,148.89999389648438,104.73925018310547,121911000
2007-09-17,148.30999755859375,148.64999389648438,147.6300048828125,148.10000610351562,104.17652130126953,109870800
2007-09-18,148.8300018310547,152.5,148.1300048828125,152.4600067138672,107.24347686767578,263759500
2007-09-19,153.41000366210938,154.38999938964844,152.7100067138672,153.36000061035156,107.87653350830078,193779900
2007-09-20,153.33999633789062,153.42999267578125,152.11000061035156,152.27999877929688,107.11687469482422,175186800
2007-09-21,152.7100067138672,153.1199951171875,151.74000549316406,151.97000122070312,107.40589904785156,141457500
2007-09-24,152.4199981689453,152.82000732421875,151.36000061035156,151.69000244140625,107.20802307128906,139450200
2007-09-25,150.80999755859375,151.66000366210938,150.47000122070312,151.38999938964844,106.99602508544922,142289900
2007-09-26,152.25,152.77000427246094,151.38999938964844,152.19000244140625,107.56136322021484,135547000
2007-09-27,152.91000366210938,153.10000610351562,152.19000244140625,153.08999633789062,108.19744873046875,102713300
2007-09-28,152.85000610351562,153.19000244140625,151.97999572753906,152.5800018310547,107.8370590209961,133372100
2007-10-01,152.60000610351562,154.75,152.5,154.3000030517578,109.0527114868164,148162300
2007-10-02,154.61000061035156,154.64999389648438,153.80999755859375,154.08999633789062,108.90426635742188,112978800
2007-10-03,153.80999755859375,154.41000366210938,153.00999450683594,153.77999877929688,108.68511199951172,119055900
2007-10-04,154.11000061035156,154.25999450683594,153.58999633789062,154.02000427246094,108.85470581054688,76864400
2007-10-05,155.02999877929688,156.10000610351562,154.6300048828125,155.85000610351562,110.14812469482422,134579700
2007-10-08,155.38999938964844,155.49000549316406,154.77000427246094,155.02000427246094,109.56149291992188,71280400
2007-10-09,155.60000610351562,156.5,155.02999877929688,156.47999572753906,110.59339904785156,94054300
2007-10-10,156.0399932861328,156.44000244140625,155.41000366210938,156.22000122070312,110.40966033935547,101711100
2007-10-11,156.92999267578125,157.52000427246094,154.5399932861328,155.47000122070312,109.8795394897461,233529100
2007-10-12,155.4600067138672,156.35000610351562,155.27000427246094,156.3300018310547,110.48738861083984,124546700
2007-10-15,156.27000427246094,156.36000061035156,153.94000244140625,155.00999450683594,109.55438232421875,161151900
2007-10-16,154.41000366210938,154.52000427246094,153.47000122070312,153.77999877929688,108.68511199951172,166525700
2007-10-17,154.97999572753906,155.08999633789062,152.47000122070312,154.25,109.01731872558594,216687300
2007-10-18,153.4499969482422,154.19000244140625,153.0800018310547,153.69000244140625,108.62153625488281,148367500
2007-10-19,153.08999633789062,156.47999572753906,149.66000366210938,149.6699981689453,105.7803726196289,297169900
2007-10-22,148.86000061035156,150.75999450683594,148.66000366210938,150.5399932861328,106.39527130126953,261989800
2007-10-23,151.4600067138672,151.9499969482422,150.25,151.75999450683594,107.25748443603516,180085100
2007-10-24,151.2100067138672,151.74000549316406,148.83999633789062,151.47999572753906,107.05962371826172,326694200
2007-10-25,151.64999389648438,152.2899932861328,149.8800048828125,151.83999633789062,107.3140869140625,237374500
2007-10-26,153.05999755859375,153.6199951171875,151.89999389648438,153.6199951171875,108.5720443725586,176484000
2007-10-29,153.92999267578125,154.44000244140625,153.5500030517578,154.1300048828125,108.93252563476562,106841000
2007-10-30,153.4499969482422,153.75,152.8699951171875,153.05999755859375,108.17625427246094,132981600
2007-10-31,153.97999572753906,155.27000427246094,152.83999633789062,154.64999389648438,109.29998779296875,220954400
2007-11-01,153.2899932861328,153.41000366210938,150.58999633789062,151.02999877929688,106.7415542602539,333040800
2007-11-02,151.52999877929688,152.0,149.2100067138672,151.1999969482422,106.86168670654297,331228200
2007-11-05,149.63999938964844,151.16000366210938,148.97000122070312,150.0500030517578,106.04893493652344,226841000
2007-11-06,150.86000061035156,152.11000061035156,149.89999389648438,152.07000732421875,107.47661590576172,177800500
2007-11-07,150.44000244140625,151.1300048828125,147.5500030517578,147.91000366210938,104.53650665283203,306639700
2007-11-08,147.99000549316406,148.39999389648438,145.07000732421875,147.16000366210938,104.00636291503906,374509900
2007-11-09,145.69000244140625,147.5399932861328,144.88999938964844,145.13999938964844,102.57878112792969,277745100
2007-11-12,145.2100067138672,146.61000061035156,143.6999969482422,143.6999969482422,101.56103515625,243087800
2007-11-13,145.3699951171875,148.30999755859375,145.22000122070312,148.0800018310547,104.65660858154297,191117400
2007-11-14,149.22000122070312,149.39999389648438,146.77999877929688,147.6699981689453,104.36688232421875,230558800
2007-11-15,146.57000732421875,147.49000549316406,144.52000427246094,145.5399932861328,102.86145782470703,263111100
2007-11-16,146.30999755859375,146.47000122070312,144.57000732421875,145.7899932861328,103.03813171386719,308770600
2007-11-19,145.27999877929688,145.36000061035156,143.19000244140625,143.75999450683594,101.60346221923828,267746000
2007-11-20,144.02000427246094,145.52999877929688,142.11000061035156,144.63999938964844,102.22540283203125,414767500
2007-11-21,143.0800018310547,143.91000366210938,141.6699981689453,141.67999267578125,100.13337707519531,259012400
2007-11-23,143.07000732421875,144.33999633789062,142.6999969482422,144.1300048828125,101.86494445800781,77688400
2007-11-26,144.42999267578125,144.8800048828125,140.66000366210938,140.9499969482422,99.61740112304688,214232000
2007-11-27,141.74000549316406,143.22999572753906,140.9499969482422,142.57000732421875,100.76242065429688,293897900
2007-11-28,144.19000244140625,147.47000122070312,144.13999938964844,147.1300048828125,103.98522186279297,258596900
2007-11-29,146.6199951171875,147.72000122070312,146.10000610351562,147.17999267578125,104.02061462402344,199409900
2007-11-30,149.0399932861328,149.8699951171875,147.3300018310547,148.66000366210938,105.06655883789062,222908000
2007-12-03,148.19000244140625,148.4499969482422,147.2899932861328,147.67999267578125,104.37394714355469,146430400
2007-12-04,146.66000366210938,147.5399932861328,146.30999755859375,146.36000061035156,103.44097900390625,136533900
2007-12-05,147.92999267578125,149.1999969482422,147.8300018310547,148.80999755859375,105.17256164550781,171130000
2007-12-06,148.6300048828125,151.2100067138672,148.57000732421875,150.94000244140625,106.67792510986328,154457400
2007-12-07,151.4199981689453,151.5,150.5500030517578,150.91000366210938,106.65673065185547,148980100
2007-12-10,151.27999877929688,152.25,150.86000061035156,152.0800018310547,107.48368072509766,123914300
2007-12-11,152.13999938964844,152.88999938964844,147.8300018310547,147.91000366210938,104.53650665283203,250346400
2007-12-12,151.05999755859375,151.77000427246094,147.1999969482422,149.3699951171875,105.5683364868164,322435600
2007-12-13,148.32000732421875,149.38999938964844,147.3000030517578,149.05999755859375,105.34925842285156,237551300
2007-12-14,147.92999267578125,149.10000610351562,147.10000610351562,147.1699981689453,104.01350402832031,159152900
2007-12-17,146.61000061035156,146.8699951171875,144.86000061035156,145.07000732421875,102.52930450439453,177269400
2007-12-18,146.10000610351562,146.47999572753906,143.9600067138672,145.8800048828125,103.10174560546875,245569300
2007-12-19,145.94000244140625,146.88999938964844,144.94000244140625,145.8800048828125,103.10174560546875,198917200
2007-12-20,146.83999633789062,146.86000061035156,145.17999267578125,146.8000030517578,103.75199890136719,214813800
2007-12-21,147.3699951171875,148.4199981689453,147.08999633789062,148.1300048828125,105.24762725830078,146084400
2007-12-24,148.82000732421875,149.47999572753906,148.47999572753906,149.22999572753906,106.02912902832031,45601400
2007-12-26,148.64999389648438,149.67999267578125,148.5,149.5500030517578,106.25650024414062,67093100
2007-12-27,149.02000427246094,149.02999877929688,147.32000732421875,147.6699981689453,104.9207763671875,122981700
2007-12-28,148.5399932861328,148.61000061035156,146.89999389648438,147.3000030517578,104.6578598022461,116398100
2007-12-31,147.10000610351562,147.61000061035156,146.05999755859375,146.2100067138672,103.88338470458984,108126800
2008-01-02,146.52999877929688,146.99000549316406,143.8800048828125,144.92999267578125,102.97396850585938,204935600
2008-01-03,144.91000366210938,145.49000549316406,144.07000732421875,144.86000061035156,102.92425537109375,125133300
2008-01-04,143.33999633789062,143.44000244140625,140.91000366210938,141.30999755859375,100.40190887451172,232330900
2008-01-07,141.80999755859375,142.22999572753906,140.10000610351562,141.19000244140625,100.31663513183594,234991000
2008-01-08,142.0800018310547,142.89999389648438,138.44000244140625,138.91000366210938,98.69667053222656,326365700
2008-01-09,139.08999633789062,140.7899932861328,137.6999969482422,140.3699951171875,99.7340316772461,301824900
2008-01-10,139.67999267578125,142.8000030517578,139.3699951171875,141.2899932861328,100.38773345947266,335701200
2008-01-11,140.77999877929688,141.89999389648438,139.0,140.14999389648438,99.57770538330078,267076600
2008-01-14,141.16000366210938,141.86000061035156,140.39999389648438,141.27999877929688,100.38064575195312,170365500
2008-01-15,139.7899932861328,141.49000549316406,137.89999389648438,138.1699981689453,98.1709213256836,239940100
2008-01-16,137.36000061035156,139.1199951171875,136.27999877929688,136.97999572753906,97.32540130615234,378802600
2008-01-17,137.80999755859375,137.8800048828125,132.92999267578125,133.42999267578125,94.80314636230469,397892600
2008-01-18,134.74000549316406,135.02000427246094,131.10000610351562,132.05999755859375,93.82974243164062,348561500
2008-01-22,127.20999908447266,132.42999267578125,126.0,130.72000122070312,92.87767791748047,435923700
2008-01-23,127.08999633789062,134.19000244140625,126.83999633789062,133.86000061035156,95.10862731933594,511913000
2008-01-24,134.47999572753906,135.4600067138672,133.30999755859375,134.99000549316406,95.91151428222656,259949300
2008-01-25,136.50999450683594,136.75999450683594,132.60000610351562,133.0399932861328,94.5260009765625,269603900
2008-01-28,133.25999450683594,135.52000427246094,132.05999755859375,135.24000549316406,96.08914947509766,217934600
2008-01-29,136.10000610351562,136.4499969482422,134.8800048828125,135.91000366210938,96.565185546875,168968300
2008-01-30,135.5800018310547,138.5399932861328,134.60000610351562,134.91000366210938,95.85469055175781,334939200
2008-01-31,133.39999389648438,138.5399932861328,133.1999969482422,137.3699951171875,97.6025390625,343680800
2008-02-01,137.94000244140625,139.61000061035156,137.52000427246094,139.5800018310547,99.17273712158203,206843600
2008-02-04,139.2100067138672,139.3000030517578,137.63999938964844,137.82000732421875,97.92227935791016,124694300
2008-02-05,135.94000244140625,136.25,133.6699981689453,134.1300048828125,95.30045318603516,286882500
2008-02-06,134.5800018310547,135.25,132.41000366210938,133.0500030517578,94.53314971923828,250792900
2008-02-07,131.8000030517578,134.7899932861328,131.72999572753906,133.92999267578125,95.15834045410156,297368100
2008-02-08,133.08999633789062,134.22000122070312,132.10000610351562,133.07000732421875,94.54736328125,221643500
2008-02-11,133.10000610351562,134.22999572753906,132.0399932861328,133.75,95.03050231933594,188576300
2008-02-12,134.91000366210938,136.30999755859375,133.97999572753906,134.99000549316406,95.91151428222656,256654400
2008-02-13,136.00999450683594,137.05999755859375,135.13999938964844,136.3699951171875,96.89200592041016,181967800
2008-02-14,136.9499969482422,137.0,134.7899932861328,135.1699981689453,96.03944396972656,215207200
2008-02-15,134.5,135.22000122070312,133.91000366210938,135.13999938964844,96.01809692382812,154110300
2008-02-19,136.72000122070312,136.88999938964844,134.61000061035156,135.52000427246094,96.28807830810547,145190000
2008-02-20,133.99000549316406,136.5500030517578,133.75999450683594,135.9199981689453,96.57229614257812,220085700
2008-02-21,136.66000366210938,137.00999450683594,134.07000732421875,134.7899932861328,95.76943969726562,201051200
2008-02-22,134.97000122070312,135.85000610351562,132.86000061035156,135.6199951171875,96.35916137695312,205491000
2008-02-25,135.5399932861328,137.64999389648438,134.77999877929688,137.3300018310547,97.57411193847656,190107000
2008-02-26,136.75,138.9499969482422,136.5,138.36000061035156,98.30592346191406,212420700
2008-02-27,137.55999755859375,139.13999938964844,137.41000366210938,138.22000122070312,98.20646667480469,168395800
2008-02-28,137.24000549316406,137.9600067138672,136.5500030517578,136.8699951171875,97.24728393554688,170831100
2008-02-29,135.60000610351562,135.67999267578125,132.77999877929688,133.82000732421875,95.08024597167969,252715200
2008-03-03,133.13999938964844,133.80999755859375,132.24000549316406,133.5,94.85285186767578,189483500
2008-03-04,132.22999572753906,133.39999389648438,130.99000549316406,132.99000549316406,94.4905014038086,282513100
2008-03-05,133.4199981689453,134.77000427246094,132.33999633789062,133.8300018310547,95.08733367919922,270681400
2008-03-06,132.97999572753906,133.22000122070312,130.5500030517578,131.05999755859375,93.11923217773438,247911700
2008-03-07,129.77000427246094,131.74000549316406,128.5800018310547,129.7100067138672,92.1600341796875,326434600
2008-03-10,129.83999633789062,129.92999267578125,127.58999633789062,128.0,90.94512176513672,235683600
2008-03-11,130.72000122070312,132.72000122070312,128.9499969482422,132.60000610351562,94.21339416503906,341440600
2008-03-12,132.74000549316406,133.77000427246094,131.16000366210938,131.36000061035156,93.33235168457031,229161100
2008-03-13,129.61000061035156,132.63999938964844,128.60000610351562,131.64999389648438,93.53842163085938,351504200
2008-03-14,132.77000427246094,132.80999755859375,127.77999877929688,129.61000061035156,92.08895874023438,484687800
2008-03-17,126.56999969482422,129.25999450683594,126.06999969482422,128.3000030517578,91.15823364257812,405311100
2008-03-18,130.6199951171875,133.69000244140625,129.97999572753906,133.6300048828125,94.9452133178711,334416600
2008-03-19,134.13999938964844,134.64999389648438,130.0399932861328,130.32000732421875,92.59346008300781,345971600
2008-03-20,130.0500030517578,132.91000366210938,129.25999450683594,132.0800018310547,94.30853271484375,245320700
2008-03-24,133.30999755859375,135.80999755859375,133.24000549316406,134.72000122070312,96.19353485107422,208977300
2008-03-25,134.86000061035156,135.5500030517578,133.77000427246094,134.85000610351562,96.28636932373047,192947200
2008-03-26,134.4600067138672,135.08999633789062,133.11000061035156,133.1999969482422,95.10823822021484,196934300
2008-03-27,134.1999969482422,134.44000244140625,132.36000061035156,132.77999877929688,94.80834197998047,225153200
2008-03-28,132.99000549316406,133.36000061035156,131.05999755859375,131.50999450683594,93.90154266357422,180896100
2008-03-31,131.2899932861328,132.72999572753906,131.08999633789062,131.97000122070312,94.2300033569336,166692100
2008-04-01,133.61000061035156,136.83999633789062,133.50999450683594,136.61000061035156,97.54305267333984,254547300
2008-04-02,137.0500030517578,137.6699981689453,135.97999572753906,136.6999969482422,97.60736083984375,210910800
2008-04-03,135.9600067138672,137.44000244140625,135.7100067138672,137.0399932861328,97.85009002685547,175884800
2008-04-04,137.1199951171875,137.9600067138672,136.1199951171875,136.88999938964844,97.74299621582031,204446800
2008-04-07,137.8699951171875,138.57000732421875,136.74000549316406,136.9600067138672,97.79297637939453,154245500
2008-04-08,136.19000244140625,136.9199981689453,135.9499969482422,136.82000732421875,97.6929931640625,148937300
2008-04-09,136.61000061035156,136.8000030517578,134.88999938964844,135.8300018310547,96.98613739013672,195610600
2008-04-10,135.4199981689453,136.6699981689453,134.89999389648438,136.02000427246094,97.12181854248047,192967800
2008-04-11,134.49000549316406,135.1199951171875,133.00999450683594,133.3800048828125,95.23674774169922,222973300
2008-04-14,133.19000244140625,133.5399932861328,132.5500030517578,132.92999267578125,94.91546630859375,160522000
2008-04-15,133.5800018310547,133.69000244140625,132.3300018310547,133.24000549316406,95.1368179321289,172389200
2008-04-16,134.5399932861328,136.91000366210938,134.52000427246094,136.85000610351562,97.71443939208984,189268900
2008-04-17,136.02000427246094,137.25,135.66000366210938,137.0500030517578,97.85725402832031,179665700
2008-04-18,138.94000244140625,139.55999755859375,138.25999450683594,138.47999572753906,98.87832641601562,218530600
2008-04-21,138.22999572753906,138.97999572753906,137.85000610351562,138.5500030517578,98.92826080322266,118587400
2008-04-22,138.19000244140625,138.30999755859375,136.89999389648438,137.94000244140625,98.49272918701172,162166000
2008-04-23,138.08999633789062,138.77999877929688,137.1199951171875,137.72000122070312,98.33566284179688,193309000
2008-04-24,138.0800018310547,139.74000549316406,137.0399932861328,138.32000732421875,98.76402282714844,229381300
2008-04-25,139.39999389648438,139.88999938964844,137.91000366210938,139.60000610351562,99.67800903320312,190788100
2008-04-28,139.8800048828125,140.25,139.3800048828125,139.6300048828125,99.69941711425781,105610200
2008-04-29,139.38999938964844,139.72999572753906,138.61000061035156,139.0800018310547,99.3067398071289,125514100
2008-04-30,139.2899932861328,140.58999633789062,138.25999450683594,138.25999450683594,98.7212142944336,208395900
2008-05-01,138.3800048828125,141.1199951171875,138.27000427246094,141.1199951171875,100.76335144042969,187279500
2008-05-02,142.33999633789062,142.3699951171875,140.55999755859375,141.50999450683594,101.0417709350586,181585500
2008-05-05,141.0500030517578,141.61000061035156,140.41000366210938,140.8300018310547,100.55626678466797,118504500
2008-05-06,140.02000427246094,142.1999969482422,139.69000244140625,142.0500030517578,101.42735290527344,179339800
2008-05-07,141.88999938964844,142.0399932861328,139.1300048828125,139.52000427246094,99.62090301513672,199267300
2008-05-08,139.74000549316406,140.32000732421875,138.97999572753906,139.16000366210938,99.36387634277344,178321200
2008-05-09,138.60000610351562,139.38999938964844,138.4499969482422,138.89999389648438,99.17819213867188,152588200
2008-05-12,139.25,140.55999755859375,138.72999572753906,140.4600067138672,100.2920913696289,147865900
2008-05-13,140.8000030517578,140.88999938964844,139.72999572753906,140.47999572753906,100.30635070800781,159132200
2008-05-14,141.07000732421875,142.1999969482422,140.4600067138672,140.77000427246094,100.51341247558594,181910800
2008-05-15,141.0399932861328,142.6300048828125,140.8300018310547,142.52999877929688,101.77007293701172,166927000
2008-05-16,142.86000061035156,142.8699951171875,141.61000061035156,142.66000366210938,101.86292266845703,204236800
2008-05-19,142.80999755859375,144.3000030517578,142.3000030517578,143.0500030517578,102.14140319824219,165664400
2008-05-20,142.27000427246094,142.33999633789062,141.0,141.88999938964844,101.31315612792969,178552100
2008-05-21,141.80999755859375,142.1199951171875,139.0,139.49000549316406,99.59949493408203,252724800
2008-05-22,139.42999267578125,140.1699981689453,139.0,139.50999450683594,99.61370849609375,170820400
2008-05-23,139.0500030517578,139.66000366210938,137.52000427246094,137.63999938964844,98.27854919433594,181376400
2008-05-27,137.8000030517578,139.0,137.52999877929688,138.66000366210938,99.00686645507812,168322900
2008-05-28,139.1699981689453,140.0,138.0,139.3000030517578,99.4637680053711,181288100
2008-05-29,139.1300048828125,140.92999267578125,139.0800018310547,140.0,99.96363830566406,173927200
2008-05-30,140.47000122070312,140.74000549316406,139.94000244140625,140.35000610351562,100.21353912353516,117362000
2008-06-02,139.8300018310547,139.86000061035156,138.0,138.89999389648438,99.17819213867188,181069900
2008-06-03,139.3000030517578,139.6199951171875,137.22999572753906,138.08999633789062,98.59983825683594,271965700
2008-06-04,137.6999969482422,139.16000366210938,137.4600067138672,138.02000427246094,98.54987335205078,246637700
2008-06-05,138.5800018310547,140.88999938964844,138.32000732421875,140.77999877929688,100.52053833007812,237867100
2008-06-06,139.5500030517578,139.8000030517578,136.22000122070312,136.2899932861328,97.3145751953125,384276300
2008-06-09,136.86000061035156,137.5,135.41000366210938,136.6199951171875,97.55020904541016,228263900
2008-06-10,135.6699981689453,137.10000610351562,135.35000610351562,135.94000244140625,97.064697265625,260234900
2008-06-11,135.97000122070312,136.25999450683594,133.92999267578125,133.94000244140625,95.63663482666016,283890100
2008-06-12,134.60000610351562,135.8699951171875,133.52000427246094,134.4499969482422,96.00074768066406,252791800
2008-06-13,135.1699981689453,136.52000427246094,134.4199981689453,136.14999389648438,97.21463012695312,244726900
2008-06-16,135.5500030517578,136.92999267578125,135.4600067138672,136.22999572753906,97.27175903320312,185832500
2008-06-17,137.07000732421875,137.1199951171875,135.3699951171875,135.57000732421875,96.80052185058594,191707700
2008-06-18,134.69000244140625,135.52000427246094,133.7100067138672,134.25,95.85797882080078,265893000
2008-06-19,134.14999389648438,135.24000549316406,133.5,134.4199981689453,95.9793472290039,304204900
2008-06-20,132.83999633789062,133.08999633789062,131.22000122070312,131.5800018310547,94.42144012451172,289275700
2008-06-23,132.08999633789062,132.22999572753906,131.32000732421875,131.4499969482422,94.32817077636719,165096400
2008-06-24,131.0500030517578,132.44000244140625,130.19000244140625,131.19000244140625,94.1415786743164,267300600
2008-06-25,131.72000122070312,133.39999389648438,131.24000549316406,131.80999755859375,94.58649444580078,287853900
2008-06-26,130.57000732421875,131.4199981689453,128.0800018310547,128.22999572753906,92.01748657226562,297775000
2008-06-27,128.27999877929688,128.86000061035156,127.04000091552734,127.52999877929688,91.51516723632812,303423400
2008-06-30,127.88999938964844,128.91000366210938,127.30000305175781,127.9800033569336,91.83810424804688,258842600
2008-07-01,126.5199966430664,128.47000122070312,125.93000030517578,128.3800048828125,92.12515258789062,388622000
2008-07-02,128.7899932861328,129.16000366210938,125.94999694824219,126.18000030517578,90.54641723632812,288064600
2008-07-03,127.11000061035156,127.11000061035156,124.98999786376953,126.30999755859375,90.63972473144531,239352500
2008-07-07,126.79000091552734,127.33999633789062,123.91999816894531,125.0199966430664,89.71399688720703,372427300
2008-07-08,124.98999786376953,127.38999938964844,124.19999694824219,127.23999786376953,91.30707550048828,375973700
2008-07-09,127.5,127.73999786376953,124.38999938964844,124.79000091552734,89.54895782470703,336729400
2008-07-10,124.43000030517578,125.79000091552734,123.58000183105469,125.30000305175781,89.9149398803711,436475700
2008-07-11,123.97000122070312,125.9000015258789,122.48999786376953,123.83999633789062,88.86721801757812,481124600
2008-07-14,125.26000213623047,125.5,122.4000015258789,122.72000122070312,88.06351470947266,322720800
2008-07-15,121.80000305175781,123.48999786376953,120.0199966430664,120.98999786376953,86.82209014892578,502502500
2008-07-16,121.44999694824219,124.56999969482422,121.0999984741211,123.95999908447266,88.953369140625,371642900
2008-07-17,125.13999938964844,126.26000213623047,124.08999633789062,125.19999694824219,89.84317779541016,375490600
2008-07-18,126.16999816894531,126.41999816894531,125.1500015258789,125.9800033569336,90.40288543701172,267030100
2008-07-21,126.51000213623047,126.80000305175781,125.19000244140625,126.05000305175781,90.45311737060547,222863000
2008-07-22,125.1500015258789,127.80000305175781,124.8499984741211,127.4800033569336,91.47930145263672,296904200
2008-07-23,127.88999938964844,129.14999389648438,127.55000305175781,128.1699981689453,91.9744644165039,311698400
2008-07-24,128.33999633789062,128.41000366210938,125.16000366210938,125.51000213623047,90.06561279296875,248634500
2008-07-25,125.88999938964844,126.48999786376953,125.16999816894531,125.4800033569336,90.04412078857422,219131000
2008-07-28,125.51000213623047,126.05999755859375,123.41999816894531,123.63999938964844,88.72374725341797,205201300
2008-07-29,123.9800033569336,126.37999725341797,123.63999938964844,126.27999877929688,90.61820983886719,261505600
2008-07-30,127.11000061035156,128.60000610351562,126.27999877929688,128.52999877929688,92.23277282714844,354710000
2008-07-31,127.4000015258789,128.57000732421875,126.62999725341797,126.83000183105469,91.01287841796875,277402100
2008-08-01,127.12000274658203,127.27999877929688,125.45999908447266,126.16000366210938,90.53205871582031,248690900
2008-08-04,126.04000091552734,126.13999938964844,124.76000213623047,124.98999786376953,89.69244384765625,188239600
2008-08-05,126.0199966430664,128.55999755859375,124.97000122070312,128.36000061035156,92.11080932617188,251577600
2008-08-06,128.02000427246094,129.3000030517578,127.4800033569336,128.92999267578125,92.5197982788086,209555400
2008-08-07,127.95999908447266,128.44000244140625,126.54000091552734,127.01000213623047,91.14201354980469,246312500
2008-08-08,126.58000183105469,129.92999267578125,126.37999725341797,129.3699951171875,92.83554077148438,260811700
2008-08-11,129.47000122070312,131.50999450683594,129.22999572753906,130.7100067138672,93.79713439941406,249425800
2008-08-12,130.27999877929688,130.6999969482422,128.72999572753906,129.35000610351562,92.82120513916016,213200800
2008-08-13,128.7899932861328,129.64999389648438,127.66999816894531,128.57000732421875,92.26148223876953,256393200
2008-08-14,127.83999633789062,130.27999877929688,127.75,129.5399932861328,92.95753479003906,239555300
2008-08-15,129.92999267578125,130.5,129.3000030517578,130.1699981689453,93.40966033935547,181000800
2008-08-18,130.42999267578125,130.47999572753906,127.66000366210938,128.38999938964844,92.13229370117188,172275100
2008-08-19,127.41999816894531,127.69000244140625,126.52999877929688,126.98999786376953,91.12763977050781,194673700
2008-08-20,127.38999938964844,127.94999694824219,126.33999633789062,127.58000183105469,91.55107116699219,225498200
2008-08-21,126.75,128.44000244140625,126.5999984741211,127.80000305175781,91.70891571044922,180609800
2008-08-22,128.6699981689453,129.64999389648438,127.80000305175781,129.64999389648438,93.0364761352539,167715300
2008-08-25,128.8000030517578,129.64999389648438,126.75,127.0199966430664,91.1491928100586,171936900
2008-08-26,127.0199966430664,127.87000274658203,126.58000183105469,127.38999938964844,91.41473388671875,159117200
2008-08-27,127.55000305175781,128.8300018310547,127.30000305175781,128.6300048828125,92.30451965332031,171032800
2008-08-28,129.27999877929688,130.33999633789062,129.11000061035156,130.19000244140625,93.42400360107422,167537100
2008-08-29,129.72999572753906,130.13999938964844,128.50999450683594,128.7899932861328,92.41938018798828,189195800
2008-09-02,130.02999877929688,130.7100067138672,127.5199966430664,127.98999786376953,91.84526824951172,252364900
2008-09-03,127.87999725341797,128.5,126.93000030517578,127.87999725341797,91.7663345336914,251947000
2008-09-04,126.97000122070312,127.2300033569336,123.95999908447266,124.02999877929688,89.00360107421875,340042500
2008-09-05,123.29000091552734,124.94999694824219,122.0,124.41999816894531,89.28346252441406,289503400
2008-09-08,128.0399932861328,128.24000549316406,124.41999816894531,126.98999786376953,91.12763977050781,364075300
2008-09-09,127.0999984741211,127.36000061035156,122.80000305175781,123.22000122070312,88.42235565185547,377326800
2008-09-10,123.88999938964844,124.9000015258789,122.55000305175781,123.72000122070312,88.78114318847656,298916600
2008-09-11,122.12000274658203,125.73999786376953,121.5999984741211,125.51000213623047,90.06561279296875,375369400
2008-09-12,124.29000091552734,126.20999908447266,123.83000183105469,126.08999633789062,90.48185729980469,297851200
2008-09-15,121.62999725341797,125.6500015258789,119.88999938964844,120.08999633789062,86.17623138427734,483607000
2008-09-16,117.19999694824219,122.31999969482422,117.0,122.0999984741211,87.6186294555664,581744300
2008-09-17,119.63999938964844,121.8499984741211,116.0,116.61000061035156,83.67901611328125,624095600
2008-09-18,118.05000305175781,121.79000091552734,113.80000305175781,120.06999969482422,86.16194152832031,776114700
2008-09-19,126.69999694824219,128.0,123.33000183105469,124.12000274658203,89.5837173461914,501087800
2008-09-22,124.44999694824219,124.75,120.36000061035156,121.30999755859375,87.55560302734375,249966500
2008-09-23,120.8499984741211,122.0199966430664,118.27999877929688,118.55000305175781,85.56353759765625,327470400
2008-09-24,119.3499984741211,120.0,117.79000091552734,118.93000030517578,85.83785247802734,311818400
2008-09-25,119.4000015258789,121.91000366210938,118.44000244140625,120.79000091552734,87.18029022216797,328253000
2008-09-26,118.83000183105469,121.5,118.51000213623047,120.8499984741211,87.22355651855469,285917400
2008-09-29,119.13999938964844,119.33999633789062,110.97000122070312,111.37999725341797,80.38860321044922,459562300
2008-09-30,113.51000213623047,116.80000305175781,110.52999877929688,115.98999786376953,83.71588897705078,328154400
2008-10-01,115.2699966430664,116.69000244140625,113.94999694824219,116.05999755859375,83.76640319824219,332783000
2008-10-02,114.94999694824219,115.11000061035156,111.05999755859375,111.8499984741211,80.72784423828125,365337800
2008-10-03,112.86000061035156,115.44999694824219,109.68000030517578,110.33999633789062,79.63800048828125,461798000
2008-10-06,107.1500015258789,107.62000274658203,100.63999938964844,104.72000122070312,75.58174896240234,610637500
2008-10-07,106.83999633789062,107.33000183105469,99.6500015258789,100.02999877929688,72.19673919677734,540012100
2008-10-08,97.5199966430664,102.18000030517578,96.80999755859375,97.51000213623047,70.37794494628906,725414800
2008-10-09,99.66000366210938,100.62000274658203,90.25,90.69999694824219,65.46282958984375,534485200
2008-10-10,86.76000213623047,93.94000244140625,83.58000183105469,88.5,63.87495803833008,871026300
2008-10-13,93.87000274658203,101.3499984741211,89.94999694824219,101.3499984741211,73.14944458007812,455584000
2008-10-14,104.69999694824219,105.52999877929688,97.11000061035156,99.8499984741211,72.06681060791016,546268300
2008-10-15,97.45999908447266,97.80000305175781,89.70999908447266,90.0199966430664,64.97203063964844,484627500
2008-10-16,91.29000091552734,94.7699966430664,86.54000091552734,93.7699966430664,67.6786117553711,708811200
2008-10-17,91.98999786376953,98.58999633789062,91.6500015258789,93.20999908447266,67.27442169189453,476649000
2008-10-20,95.3499984741211,99.0999984741211,94.08999633789062,98.80999755859375,71.31620025634766,321294200
2008-10-21,96.97000122070312,98.63999938964844,95.22000122070312,95.86000061035156,69.18704223632812,356502000
2008-10-22,93.19999694824219,95.86000061035156,87.52999877929688,90.63999938964844,65.41948699951172,516168000
2008-10-23,90.29000091552734,92.44999694824219,85.80999755859375,91.69000244140625,66.17730712890625,634666400
2008-10-24,84.05999755859375,89.91999816894531,84.0,87.04000091552734,62.82120895385742,545812600
2008-10-27,85.97000122070312,89.51000213623047,83.69999694824219,83.94999694824219,60.59099197387695,397288600
2008-10-28,87.33999633789062,94.23999786376953,84.52999877929688,93.76000213623047,67.6713638305664,639939500
2008-10-29,93.7699966430664,97.16999816894531,92.0999984741211,93.08000183105469,67.18058013916016,531270100
2008-10-30,95.77999877929688,96.54000091552734,92.9000015258789,96.30000305175781,69.50460052490234,414582100
2008-10-31,95.08000183105469,98.56999969482422,94.4800033569336,96.83000183105469,69.88713836669922,411394000
2008-11-03,96.77999877929688,97.69000244140625,95.94999694824219,97.11000061035156,70.08921813964844,205419400
2008-11-04,99.05999755859375,100.86000061035156,96.70999908447266,100.41000366210938,72.47105407714844,346793400
2008-11-05,99.19999694824219,100.70999908447266,95.0,96.19000244140625,69.42520141601562,387844100
2008-11-06,94.45999908447266,95.44000244140625,90.05999755859375,90.86000061035156,65.57826232910156,477721900
2008-11-07,91.6500015258789,94.0,90.5,93.86000061035156,67.74354553222656,380391000
2008-11-10,95.20999908447266,95.52999877929688,90.91999816894531,92.62999725341797,66.85580444335938,301773000
2008-11-11,90.76000213623047,92.13999938964844,88.6500015258789,89.7699966430664,64.79154968261719,418498200
2008-11-12,88.2300033569336,88.94999694824219,85.12000274658203,85.81999969482422,61.9406623840332,454330600
2008-11-13,86.12999725341797,91.7300033569336,82.08999633789062,91.16999816894531,65.8020248413086,753141900
2008-11-14,89.41000366210938,92.05999755859375,86.5199966430664,86.62000274658203,62.51807403564453,540352300
2008-11-17,86.37999725341797,88.55999755859375,85.16000366210938,85.47000122070312,61.68806076049805,415254900
2008-11-18,85.1500015258789,87.22000122070312,82.91000366210938,87.08000183105469,62.85005569458008,523811800
2008-11-19,85.91000366210938,86.87000274658203,80.91999816894531,81.5,58.82268524169922,558327600
2008-11-20,80.12999725341797,82.51000213623047,75.05000305175781,75.44999694824219,54.45610809326172,814180400
2008-11-21,77.45999908447266,80.9000015258789,74.33999633789062,79.5199966430664,57.39363098144531,718536500
2008-11-24,81.91999816894531,86.98999786376953,80.36000061035156,85.02999877929688,61.3704833984375,523305300
2008-11-25,87.30000305175781,87.51000213623047,83.81999969482422,85.66000366210938,61.82518768310547,454112400
2008-11-26,84.30000305175781,89.19000244140625,84.23999786376953,88.97000122070312,64.21417999267578,370134200
2008-11-28,88.62999725341797,90.12999725341797,88.4800033569336,90.08999633789062,65.02249908447266,118308100
2008-12-01,87.51000213623047,87.55000305175781,81.86000061035156,82.11000061035156,59.26297378540039,369927100
2008-12-02,83.47000122070312,85.48999786376953,82.04000091552734,85.2699966430664,61.5436897277832,469508400
2008-12-03,83.4000015258789,87.83000183105469,83.13999938964844,87.31999969482422,63.0233039855957,519863500
2008-12-04,86.05999755859375,88.05000305175781,83.73999786376953,85.30000305175781,61.56534957885742,444173800
2008-12-05,83.6500015258789,88.41999816894531,82.23999786376953,87.93000030517578,63.463558197021484,471905300
2008-12-08,90.33999633789062,92.37999725341797,88.08000183105469,91.0,65.67935943603516,412859300
2008-12-09,90.37000274658203,92.12999725341797,88.9800033569336,89.5,64.59672546386719,370790000
2008-12-10,90.31999969482422,91.36000061035156,89.0,90.11000061035156,65.0369644165039,396187400
2008-12-11,89.54000091552734,91.0,87.37000274658203,87.94000244140625,63.47074890136719,365061000
2008-12-12,85.55000305175781,89.06999969482422,85.19999694824219,88.98999786376953,64.22860717773438,415060400
2008-12-15,89.0199966430664,89.1500015258789,86.29000091552734,87.75,63.33363723754883,256694200
2008-12-16,91.87999725341797,92.0199966430664,88.18000030517578,91.87999725341797,66.3144760131836,377699500
2008-12-17,90.83999633789062,92.43000030517578,90.05999755859375,90.98999786376953,65.67212677001953,281819800
2008-12-18,91.4000015258789,91.66999816894531,88.20999908447266,89.29000091552734,64.44512939453125,374673300
2008-12-19,89.0999984741211,90.62000274658203,88.08999633789062,88.19000244140625,64.16792297363281,301451300
2008-12-22,88.58000183105469,88.66999816894531,85.48999786376953,87.05999755859375,63.34571075439453,243759500
2008-12-23,87.52999877929688,87.93000030517578,85.80000305175781,86.16000366210938,62.69087600708008,221625200
2008-12-24,86.44999694824219,86.87000274658203,86.0,86.66000366210938,63.05470275878906,62061600
2008-12-26,87.23999786376953,87.30000305175781,86.5,87.16000366210938,63.418495178222656,74767700
2008-12-29,87.23999786376953,87.33000183105469,85.5999984741211,86.91000366210938,63.23657989501953,127795900
2008-12-30,87.51000213623047,89.05000305175781,86.87999725341797,88.97000122070312,64.73546600341797,168256300
2008-12-31,89.08000183105469,90.97000122070312,88.87000274658203,90.23999786376953,65.65953826904297,193987200
2009-01-02,90.44000244140625,93.44000244140625,89.8499984741211,92.95999908447266,67.63861083984375,227566300
2009-01-05,92.62999725341797,93.66000366210938,91.88999938964844,92.8499984741211,67.55857849121094,240349700
2009-01-06,93.63999938964844,94.44999694824219,92.68000030517578,93.47000122070312,68.00969696044922,328260900
2009-01-07,92.0,92.26000213623047,90.19999694824219,90.66999816894531,65.97240447998047,280899200
2009-01-08,90.16000366210938,91.08999633789062,89.66999816894531,91.04000091552734,66.24160766601562,263834400
2009-01-09,91.16000366210938,91.31999969482422,85.36000061035156,89.08999633789062,64.82275390625,330953600
2009-01-12,88.83999633789062,88.91000366210938,86.41000366210938,86.94999694824219,63.26567077636719,277858500
2009-01-13,86.7300033569336,87.87999725341797,86.19999694824219,87.11000061035156,63.38205337524414,356432300
2009-01-14,85.54000091552734,85.75,83.16000366210938,84.37000274658203,61.38844299316406,435491600
2009-01-15,84.12000274658203,85.25,81.72000122070312,84.4000015258789,61.4102783203125,532647300
2009-01-16,85.86000061035156,85.98999786376953,83.05000305175781,85.05999755859375,61.890499114990234,399237200
2009-01-20,84.2300033569336,85.05999755859375,80.05000305175781,80.56999969482422,58.62352752685547,419855200
2009-01-21,81.94000244140625,84.23999786376953,80.47000122070312,84.05000305175781,61.15562438964844,364360700
2009-01-22,82.41999816894531,84.04000091552734,81.16999816894531,82.75,60.20973587036133,427940300
2009-01-23,80.9000015258789,83.98999786376953,80.56999969482422,83.11000061035156,60.471683502197266,386800600
2009-01-26,83.58999633789062,85.36000061035156,82.80999755859375,83.68000030517578,60.88639450073242,317978800
2009-01-27,84.12999725341797,85.1500015258789,83.30000305175781,84.52999877929688,61.5048713684082,273789700
2009-01-28,86.4000015258789,87.94999694824219,86.06999969482422,87.38999938964844,63.585811614990234,330007000
2009-01-29,86.11000061035156,87.48999786376953,84.47000122070312,84.55000305175781,61.51942825317383,294392500
2009-01-30,84.9800033569336,85.4000015258789,82.20999908447266,82.83000183105469,60.26795196533203,383383600
2009-02-02,81.56999969482422,83.18000030517578,81.30999755859375,82.58000183105469,60.086036682128906,288233300
2009-02-03,83.0999984741211,84.36000061035156,82.22000122070312,83.73999786376953,60.9300422668457,278385800
2009-02-04,84.30000305175781,85.37000274658203,83.04000091552734,83.33000183105469,60.631744384765625,322989300
2009-02-05,82.69999694824219,85.29000091552734,77.7300033569336,84.56999969482422,61.5339469909668,417679400
2009-02-06,84.86000061035156,87.33999633789062,84.68000030517578,86.9800033569336,63.2874870300293,366101700
2009-02-09,86.95999908447266,87.73999786376953,86.31999969482422,87.0999984741211,63.37483596801758,240075200
2009-02-10,86.2699966430664,87.02999877929688,82.44999694824219,83.11000061035156,60.471683502197266,536212800
2009-02-11,83.44999694824219,84.05000305175781,82.4000015258789,83.5999984741211,60.82817840576172,324442500
2009-02-12,82.16999816894531,83.81999969482422,81.05000305175781,83.66000366210938,60.871849060058594,469302200
2009-02-13,83.55000305175781,84.23999786376953,82.73999786376953,82.76000213623047,60.21699142456055,293998400
2009-02-17,80.16000366210938,82.95999908447266,79.16999816894531,79.22000122070312,57.64125061035156,478910100
2009-02-18,79.79000091552734,79.94000244140625,78.27999877929688,79.02999877929688,57.50302505493164,362964800
2009-02-19,79.83999633789062,80.1500015258789,78.0199966430664,78.18000030517578,56.88453674316406,316867500
2009-02-20,76.7300033569336,78.33999633789062,75.7699966430664,77.41999816894531,56.33158874511719,477176600
2009-02-23,78.2699966430664,78.2699966430664,74.58999633789062,74.6500015258789,54.31608200073242,379641400
2009-02-24,75.29000091552734,77.94999694824219,74.69999694824219,77.4800033569336,56.375221252441406,426260900
2009-02-25,77.13999938964844,78.41999816894531,75.62999725341797,76.87000274658203,55.93137741088867,461985800
2009-02-26,77.81999969482422,79.66999816894531,75.52999877929688,75.62000274658203,55.02185821533203,363353900
2009-02-27,74.01000213623047,75.69000244140625,73.80999755859375,73.93000030517578,53.79221725463867,470510900
2009-03-02,72.5199966430664,73.91999816894531,70.37000274658203,70.5999984741211,51.369258880615234,426452600
2009-03-03,71.61000061035156,71.69999694824219,69.63999938964844,70.06999969482422,50.98361587524414,443761000
2009-03-04,71.2300033569336,72.87000274658203,70.06999969482422,71.7300033569336,52.19147872924805,462753100
2009-03-05,70.0999984741211,71.7300033569336,68.16999816894531,68.80000305175781,50.0595703125,485549400
2009-03-06,69.4000015258789,70.44999694824219,67.0999984741211,68.91999816894531,50.14688491821289,490470000
2009-03-09,67.94999694824219,70.0,67.7300033569336,68.11000061035156,49.557518005371094,379905300
2009-03-10,69.51000213623047,72.37000274658203,69.37000274658203,72.16999816894531,52.5115852355957,406227900
2009-03-11,73.0,73.75,71.83000183105469,72.63999938964844,52.85360336303711,356648300
2009-03-12,72.62000274658203,75.75,71.97000122070312,75.5,54.934532165527344,409702700
2009-03-13,76.01000213623047,76.9800033569336,74.7300033569336,76.08999633789062,55.36384582519531,337474700
2009-03-16,76.95999908447266,77.97000122070312,75.80999755859375,75.86000061035156,55.19650650024414,360644900
2009-03-17,76.06999969482422,78.36000061035156,75.44999694824219,78.18000030517578,56.88453674316406,356814300
2009-03-18,77.80999755859375,80.9000015258789,77.06999969482422,79.93000030517578,58.157859802246094,473273200
2009-03-19,80.93000030517578,81.0,78.69000244140625,78.94000244140625,57.43752670288086,428520400
2009-03-20,78.76000213623047,78.91000366210938,76.52999877929688,76.70999908447266,56.214439392089844,371078200
2009-03-23,78.73999786376953,82.29000091552734,78.30999755859375,82.22000122070312,60.252296447753906,419933300
2009-03-24,81.23999786376953,82.36000061035156,80.51000213623047,80.5999984741211,59.06511688232422,330271000
2009-03-25,81.2300033569336,82.69999694824219,79.05999755859375,81.44999694824219,59.68801498413086,441775100
2009-03-26,82.25,83.30000305175781,81.31999969482422,83.11000061035156,60.9045295715332,422025200
2009-03-27,82.05000305175781,82.52999877929688,81.30999755859375,81.61000061035156,59.80524444580078,322332300
2009-03-30,79.80000305175781,79.87000274658203,77.95999908447266,78.79000091552734,57.73868942260742,324108500
2009-03-31,79.55999755859375,81.08000183105469,79.05000305175781,79.5199966430664,58.273658752441406,364238300
2009-04-01,78.52999877929688,81.41999816894531,78.33000183105469,81.05999755859375,59.4022102355957,377018300
2009-04-02,83.08000183105469,84.61000061035156,81.12999725341797,83.43000030517578,61.13898468017578,476230700
2009-04-03,83.48999786376953,84.27999877929688,82.66999816894531,84.26000213623047,61.747230529785156,284646300
2009-04-06,83.33999633789062,84.27999877929688,82.29000091552734,83.5999984741211,61.263553619384766,264866600
2009-04-07,82.25,82.6500015258789,81.51000213623047,81.6500015258789,59.83458709716797,258947800
2009-04-08,82.05999755859375,82.94000244140625,81.54000091552734,82.52999877929688,60.47944259643555,230402800
2009-04-09,84.66999816894531,85.81999969482422,84.33000183105469,85.80999755859375,62.883087158203125,269653500
2009-04-13,84.91999816894531,86.54000091552734,84.58000183105469,85.83000183105469,62.89775466918945,224847500
2009-04-14,85.02999877929688,85.76000213623047,84.08000183105469,84.3499984741211,61.81320571899414,276598800
2009-04-15,83.83999633789062,85.41999816894531,83.61000061035156,85.25,62.47270584106445,250726100
2009-04-16,85.93000030517578,87.1500015258789,84.7699966430664,86.5,63.38873291015625,335202900
2009-04-17,86.83000183105469,87.6500015258789,86.13999938964844,87.08000183105469,63.81380844116211,262649000
2009-04-20,85.54000091552734,87.05000305175781,83.33999633789062,83.43000030517578,61.13898468017578,293690100
2009-04-21,82.81999969482422,85.12999725341797,82.75,85.05999755859375,62.33348083496094,114090900
2009-04-22,84.29000091552734,86.33999633789062,84.06999969482422,84.54000091552734,61.95241928100586,340395200
2009-04-23,84.70999908447266,85.41999816894531,83.62999725341797,85.37000274658203,62.5606689453125,324903700
2009-04-24,86.02999877929688,87.30999755859375,85.69000244140625,86.66000366210938,63.5059928894043,287703000
2009-04-27,85.68000030517578,87.01000213623047,85.54000091552734,85.83999633789062,62.90508270263672,289581600
2009-04-28,84.97000122070312,86.58999633789062,84.76000213623047,85.56999969482422,62.70722961425781,247926300
2009-04-29,86.5199966430664,88.36000061035156,86.30000305175781,87.38999938964844,64.04093933105469,311505700
2009-04-30,88.55000305175781,89.0199966430664,86.91999816894531,87.41999816894531,64.06293487548828,301419800
2009-05-01,87.44000244140625,88.20999908447266,86.72000122070312,87.88999938964844,64.40738677978516,236110300
2009-05-04,88.55000305175781,90.94000244140625,88.37999725341797,90.87999725341797,66.59847259521484,287120000
2009-05-05,90.56999969482422,90.93000030517578,89.83999633789062,90.56999969482422,66.37129211425781,243036300
2009-05-06,91.68000030517578,92.19999694824219,90.61000061035156,92.13999938964844,67.52182006835938,291941000
2009-05-07,93.01000213623047,93.1500015258789,90.27999877929688,90.86000061035156,66.58385467529297,317728000
2009-05-08,92.02999877929688,93.22000122070312,91.44000244140625,92.9800033569336,68.13742065429688,299081700
2009-05-11,91.69999694824219,92.11000061035156,91.04000091552734,91.23999786376953,66.86231231689453,247923600
2009-05-12,91.62999725341797,91.83000183105469,89.8499984741211,90.97000122070312,66.66444396972656,282431300
2009-05-13,89.73999786376953,90.01000213623047,88.5,88.68000030517578,64.98625183105469,269619100
2009-05-14,88.72000122070312,90.12000274658203,88.5,89.44000244140625,65.5432357788086,260098700
2009-05-15,89.37000274658203,90.0,88.1500015258789,88.70999908447266,65.0082778930664,271502700
2009-05-18,89.55000305175781,91.33999633789062,88.56999969482422,91.2300033569336,66.85496520996094,241447400
2009-05-19,91.18000030517578,91.97000122070312,90.80999755859375,91.12000274658203,66.77436065673828,206102200
2009-05-20,91.94999694824219,92.80000305175781,90.41000366210938,90.51000213623047,66.32734680175781,285722200
2009-05-21,89.45999908447266,89.80000305175781,88.26000213623047,89.20999908447266,65.37470245361328,258988400
2009-05-22,89.45999908447266,90.0,88.68000030517578,89.0199966430664,65.23543548583984,166811900
2009-05-26,88.36000061035156,91.55999755859375,88.31999969482422,91.30000305175781,66.90631103515625,236318500
2009-05-27,91.44000244140625,91.75,89.52999877929688,89.66999816894531,65.71177673339844,246015800
2009-05-28,90.45999908447266,91.33999633789062,89.0999984741211,90.91999816894531,66.6277847290039,289095000
2009-05-29,91.41999816894531,93.69999694824219,90.68000030517578,92.52999877929688,67.8076400756836,258641500
2009-06-01,93.66999816894531,95.16999816894531,93.43000030517578,94.7699966430664,69.44914245605469,276246800
2009-06-02,94.4000015258789,95.37000274658203,94.2300033569336,94.8499984741211,69.50776672363281,230874500
2009-06-03,94.04000091552734,94.12999725341797,92.76000213623047,93.6500015258789,68.62837982177734,235310500
2009-06-04,94.0,94.66999816894531,93.30000305175781,94.52999877929688,69.27327728271484,210102300
2009-06-05,95.48999786376953,95.66999816894531,93.80000305175781,94.55000305175781,69.28791046142578,284257900
2009-06-08,93.83999633789062,95.0999984741211,93.04000091552734,94.16000366210938,69.00213623046875,238565100
2009-06-09,94.69000244140625,95.13999938964844,94.0199966430664,94.63999938964844,69.35387420654297,225125500
2009-06-10,95.4800033569336,95.48999786376953,93.19000244140625,94.4000015258789,69.17799377441406,296100400
2009-06-11,94.58000183105469,96.11000061035156,94.55999755859375,94.81999969482422,69.48580932617188,275414200
2009-06-12,94.4000015258789,95.13999938964844,94.0,95.08000183105469,69.67628479003906,184361800
2009-06-15,93.95999908447266,94.0199966430664,92.4000015258789,92.9000015258789,68.07879638671875,224190500
2009-06-16,93.2300033569336,93.29000091552734,91.58000183105469,91.63999938964844,67.15544891357422,227319000
2009-06-17,91.5999984741211,92.33000183105469,90.83000183105469,91.55000305175781,67.08946228027344,223445200
2009-06-18,91.69000244140625,92.66999816894531,91.25,92.22000122070312,67.58045196533203,211725100
2009-06-19,92.58000183105469,92.69999694824219,91.5199966430664,92.04000091552734,67.82955169677734,215655600
2009-06-22,91.13999938964844,91.19000244140625,89.25,89.27999877929688,65.7955551147461,251913600
2009-06-23,89.47000122070312,89.87999725341797,88.8499984741211,89.3499984741211,65.84712982177734,188309800
2009-06-24,90.16000366210938,91.08000183105469,89.5999984741211,90.12000274658203,66.41461181640625,211577700
2009-06-25,89.66999816894531,92.16999816894531,89.56999969482422,92.08000183105469,67.85903930664062,279411000
2009-06-26,91.7699966430664,92.23999786376953,91.2699966430664,91.83999633789062,67.68214416503906,167579000
2009-06-29,92.11000061035156,92.81999969482422,91.5999984741211,92.69999694824219,68.31593322753906,168481300
2009-06-30,92.72000122070312,93.05999755859375,91.2699966430664,91.94999694824219,67.76322174072266,228888200
2009-07-01,92.33999633789062,93.2300033569336,92.20999908447266,92.33000183105469,68.04327392578125,173041100
2009-07-02,91.12999725341797,92.36000061035156,89.76000213623047,89.80999755859375,66.1861343383789,212309900
2009-07-06,88.94000244140625,89.93000030517578,88.66000366210938,89.80000305175781,66.17878723144531,174499600
2009-07-07,89.70999908447266,89.81999969482422,88.0,88.05999755859375,64.89646911621094,197088900
2009-07-08,88.58999633789062,88.80000305175781,87.0,88.0,64.85224914550781,248050500
2009-07-09,88.61000061035156,88.9000015258789,87.91000366210938,88.16999816894531,64.97752380371094,163777600
2009-07-10,87.69999694824219,88.48999786376953,87.3499984741211,87.95999908447266,64.8227767944336,173520300
2009-07-13,88.30999755859375,90.16999816894531,87.58999633789062,90.0999984741211,66.39987182617188,217413500
2009-07-14,90.37999725341797,90.69000244140625,89.7300033569336,90.61000061035156,66.77568054199219,181487400
2009-07-15,91.80999755859375,93.51000213623047,90.68000030517578,93.26000213623047,68.7286376953125,220877900
2009-07-16,93.0,94.51000213623047,92.81999969482422,93.11000061035156,68.61808776855469,231174500
2009-07-17,94.05999755859375,94.31999969482422,93.54000091552734,94.12999725341797,69.36979675292969,138561700
2009-07-20,94.68000030517578,95.29000091552734,94.19000244140625,95.12999725341797,70.10675048828125,164179400
2009-07-21,95.87000274658203,95.9000015258789,94.41999816894531,95.56999969482422,70.43099975585938,217718300
2009-07-22,94.95999908447266,96.12999725341797,94.88999938964844,95.55000305175781,70.41626739501953,196068100
2009-07-23,95.61000061035156,98.08000183105469,95.52999877929688,97.66000366210938,71.97126007080078,258795500
2009-07-24,97.19999694824219,98.13999938964844,96.69000244140625,98.05999755859375,72.2660140991211,154003100
2009-07-27,97.87999725341797,98.4000015258789,97.33999633789062,98.3499984741211,72.47975158691406,159259400
2009-07-28,97.66000366210938,98.37000274658203,97.05999755859375,97.88999938964844,72.14071655273438,186685200
2009-07-29,97.44000244140625,98.08999633789062,96.9800033569336,97.6500015258789,71.96385955810547,194399300
2009-07-30,98.83000183105469,99.83000183105469,98.5999984741211,98.66999816894531,72.71554565429688,225575400
2009-07-31,98.6500015258789,99.47000122070312,98.37999725341797,98.80999755859375,72.81877136230469,207358000
2009-08-03,99.8499984741211,100.52999877929688,99.30999755859375,100.44000244140625,74.02001953125,175776900
2009-08-04,99.98999786376953,100.83999633789062,99.77999877929688,100.69999694824219,74.21158599853516,176714600
2009-08-05,100.7699966430664,100.86000061035156,99.58000183105469,100.41000366210938,73.99788665771484,184726400
2009-08-06,100.87000274658203,101.0199966430664,99.41999816894531,99.88999938964844,73.61466217041016,193203800
2009-08-07,100.94000244140625,102.02999877929688,100.38999938964844,101.19999694824219,74.580078125,220640900
2009-08-10,100.73999786376953,101.22000122070312,100.2699966430664,100.98999786376953,74.42528533935547,130898700
2009-08-11,100.54000091552734,100.61000061035156,99.45999908447266,99.7300033569336,73.49676513671875,157301000
2009-08-12,99.55999755859375,101.55999755859375,99.51000213623047,100.80000305175781,74.28530883789062,219052400
2009-08-13,101.26000213623047,101.61000061035156,100.26000213623047,101.56999969482422,74.85273742675781,176449500
2009-08-14,101.5199966430664,101.5999984741211,99.69999694824219,100.79000091552734,74.2779312133789,199616100
2009-08-17,98.8499984741211,98.94999694824219,98.11000061035156,98.30999755859375,72.45028686523438,237667500
2009-08-18,98.52999877929688,99.44000244140625,98.3499984741211,99.08999633789062,73.02509307861328,173461500
2009-08-19,98.30999755859375,100.30000305175781,98.20999908447266,99.95999908447266,73.6662368774414,192812800
2009-08-20,100.08999633789062,101.22000122070312,99.87000274658203,100.98999786376953,74.42528533935547,174131300
2009-08-21,101.81999969482422,103.12999725341797,101.62000274658203,102.97000122070312,75.88452911376953,224605000
2009-08-24,103.38999938964844,103.94999694824219,102.58999633789062,102.95999908447266,75.87712860107422,191279000
2009-08-25,103.37000274658203,104.26000213623047,102.94000244140625,103.16000366210938,76.02454376220703,215310600
2009-08-26,102.83999633789062,103.63999938964844,102.48999786376953,103.16999816894531,76.03186798095703,194620700
2009-08-27,103.11000061035156,103.72000122070312,101.94000244140625,103.4000015258789,76.20138549804688,196230100
2009-08-28,104.2300033569336,104.3499984741211,102.66999816894531,103.37999725341797,76.18663787841797,147024400
2009-08-31,102.37000274658203,102.58000183105469,101.79000091552734,102.45999908447266,75.5086441040039,176051600
2009-09-01,101.94999694824219,103.23999786376953,99.98999786376953,100.19999694824219,73.8431167602539,321276800
2009-09-02,99.77999877929688,100.44000244140625,99.56999969482422,99.81999969482422,73.56305694580078,171805000
2009-09-03,100.4000015258789,100.7699966430664,99.58999633789062,100.6500015258789,74.17475128173828,143572300
2009-09-04,100.8499984741211,102.08999633789062,100.55000305175781,102.05999755859375,75.21385955810547,142687900
2009-09-08,103.0,103.05000305175781,102.38999938964844,102.94000244140625,75.86238098144531,132909100
2009-09-09,103.12000274658203,104.08000183105469,102.80000305175781,103.7300033569336,76.44456481933594,154612500
2009-09-10,103.80000305175781,104.86000061035156,103.22000122070312,104.79000091552734,77.22575378417969,162902400
2009-09-11,104.98999786376953,105.30000305175781,104.27999877929688,104.7699966430664,77.21100616455078,152360100
2009-09-14,103.87999725341797,105.45999908447266,103.1500015258789,105.27999877929688,77.58686828613281,149593800
2009-09-15,105.44999694824219,106.11000061035156,104.76000213623047,105.72000122070312,77.9111328125,196795900
2009-09-16,106.0999984741211,107.33999633789062,105.7300033569336,107.31999969482422,79.09025573730469,206406300
2009-09-17,107.16999816894531,108.05999755859375,106.56999969482422,107.16000366210938,78.97236633300781,229170900
2009-09-18,107.1500015258789,107.16000366210938,106.36000061035156,106.72000122070312,79.022705078125,153799100
2009-09-21,105.88999938964844,107.0,105.66000366210938,106.44999694824219,78.82278442382812,151892000
2009-09-22,107.08000183105469,107.37000274658203,106.5999984741211,107.06999969482422,79.2818832397461,143126700
2009-09-23,107.31999969482422,108.02999877929688,105.98999786376953,106.18000030517578,78.62285614013672,225947400
2009-09-24,106.41000366210938,106.63999938964844,104.55000305175781,105.01000213623047,77.75650787353516,228636800
2009-09-25,104.77999877929688,105.36000061035156,104.08999633789062,104.44999694824219,77.34183502197266,204059000
2009-09-28,104.8499984741211,106.55000305175781,104.83000183105469,106.31999969482422,78.72652435302734,118285800
2009-09-29,106.51000213623047,107.0199966430664,105.77999877929688,106.0,78.48959350585938,133733900
2009-09-30,106.36000061035156,106.45999908447266,104.62000274658203,105.58999633789062,78.18595886230469,254383000
2009-10-01,103.0,105.7300033569336,102.94999694824219,102.97000122070312,76.24598693847656,281840600
2009-10-02,102.0199966430664,103.0999984741211,101.98999786376953,102.48999786376953,75.89053344726562,224748800
2009-10-05,102.9000015258789,104.31999969482422,102.5999984741211,104.0199966430664,77.02342224121094,149875000
2009-10-06,104.7699966430664,106.11000061035156,104.70999908447266,105.51000213623047,78.12675476074219,202491100
2009-10-07,105.2699966430664,105.91000366210938,105.06999969482422,105.80000305175781,78.34146881103516,159200300
2009-10-08,106.55000305175781,107.16999816894531,105.8499984741211,106.61000061035156,78.94123077392578,183305800
2009-10-09,106.63999938964844,107.26000213623047,106.36000061035156,107.26000213623047,79.42256164550781,135008300
2009-10-12,107.76000213623047,108.08999633789062,107.27999877929688,107.68000030517578,79.73355865478516,118031000
2009-10-13,107.38999938964844,107.70999908447266,106.76000213623047,107.45999908447266,79.57064056396484,157692700
2009-10-14,108.72000122070312,109.41999816894531,107.41999816894531,109.30999755859375,80.94048309326172,191421600
2009-10-15,108.77999877929688,109.70999908447266,108.7300033569336,109.70999908447266,81.23670196533203,173873600
2009-10-16,108.80000305175781,109.2699966430664,108.2300033569336,108.88999938964844,80.62950897216797,192069400
2009-10-19,109.06999969482422,110.12999725341797,108.7300033569336,109.79000091552734,81.2959213256836,159530400
2009-10-20,109.94999694824219,109.98999786376953,108.68000030517578,109.20999908447266,80.86646270751953,180921100
2009-10-21,109.04000091552734,110.30999755859375,108.1500015258789,108.2300033569336,80.14078521728516,225379300
2009-10-22,108.19000244140625,109.68000030517578,107.5,109.33000183105469,80.9553451538086,238444000
2009-10-23,109.69000244140625,109.76000213623047,107.62999725341797,108.08000183105469,80.02974700927734,240033200
2009-10-26,108.19999694824219,109.30999755859375,106.61000061035156,106.91000366210938,79.16338348388672,242028200
2009-10-27,107.02999877929688,107.38999938964844,106.16000366210938,106.41999816894531,78.800537109375,253266300
2009-10-28,106.1500015258789,106.4800033569336,104.3499984741211,104.41000366210938,77.3122329711914,248821400
2009-10-29,105.19000244140625,106.86000061035156,104.94000244140625,106.6500015258789,78.97087860107422,198110600
2009-10-30,106.30000305175781,106.62000274658203,103.44000244140625,103.55999755859375,76.68280029296875,325608100
2009-11-02,104.12999725341797,105.41000366210938,103.08000183105469,104.31999969482422,77.24554443359375,254222900
2009-11-03,103.73999786376953,104.80000305175781,103.54000091552734,104.6500015258789,77.48992919921875,228362600
2009-11-04,105.51000213623047,106.33000183105469,104.6500015258789,104.91999816894531,77.68983459472656,247996700
2009-11-05,105.66000366210938,106.87999725341797,105.44000244140625,106.8499984741211,79.11894226074219,180015300
2009-11-06,106.26000213623047,107.4000015258789,106.05000305175781,107.12999725341797,79.32627868652344,170954100
2009-11-09,107.94999694824219,109.62999725341797,107.87000274658203,109.56999969482422,81.13302612304688,159495700
2009-11-10,109.30999755859375,109.93000030517578,108.97000122070312,109.58999633789062,81.14785766601562,171899800
2009-11-11,110.30999755859375,110.81999969482422,109.62000274658203,110.1500015258789,81.56253051757812,169466200
2009-11-12,110.0,110.56999969482422,108.75,109.02999877929688,80.73318481445312,157144500
2009-11-13,109.30999755859375,110.08999633789062,108.75,109.62000274658203,81.17005920410156,150963000
2009-11-16,110.37999725341797,111.69000244140625,110.31999969482422,111.20999908447266,82.34740447998047,210922200
2009-11-17,110.91999816894531,111.38999938964844,110.5,111.33999633789062,82.44363403320312,147134100
2009-11-18,111.26000213623047,111.43000030517578,110.56999969482422,111.2699966430664,82.39181518554688,156486800
2009-11-19,110.51000213623047,111.30999755859375,109.12999725341797,109.81999969482422,81.31816864013672,208734600
2009-11-20,109.25,109.76000213623047,109.01000213623047,109.43000030517578,81.02935791015625,134196000
2009-11-23,110.72000122070312,111.73999786376953,110.5999984741211,110.81999969482422,82.05859375,148010200
2009-11-24,111.0,111.19999694824219,110.01000213623047,110.98999786376953,82.18446350097656,138420100
2009-11-25,111.16999816894531,111.5,110.81999969482422,111.37999725341797,82.47325897216797,109564800
2009-11-27,108.4000015258789,110.31999969482422,108.29000091552734,109.56999969482422,81.13302612304688,126001800
2009-11-30,109.4800033569336,110.19999694824219,108.12000274658203,109.94000244140625,81.40703582763672,160874800
2009-12-01,110.91999816894531,111.66000366210938,110.7300033569336,111.30000305175781,82.41403198242188,159613700
2009-12-02,111.27999877929688,112.01000213623047,110.91999816894531,111.25,82.37702941894531,132315100
2009-12-03,111.55000305175781,112.18000030517578,110.29000091552734,110.37999725341797,81.73281860351562,167324900
2009-12-04,111.83999633789062,112.37999725341797,110.04000091552734,111.01000213623047,82.19929504394531,274907800
2009-12-07,110.91000366210938,111.52999877929688,110.48999786376953,110.83999633789062,82.07341766357422,127973800
2009-12-08,110.04000091552734,110.7699966430664,109.2699966430664,109.61000061035156,81.16264343261719,169863700
2009-12-09,109.58000183105469,110.18000030517578,109.0199966430664,110.0199966430664,81.46623229980469,155063400
2009-12-10,110.69999694824219,111.12000274658203,110.44999694824219,110.63999938964844,81.92532348632812,138014600
2009-12-11,111.11000061035156,111.36000061035156,110.61000061035156,111.11000061035156,82.2733383178711,124854000
2009-12-14,111.87000274658203,112.0,111.12999725341797,111.87000274658203,82.83609008789062,107141500
2009-12-15,111.45999908447266,111.91999816894531,111.0,111.3499984741211,82.45105743408203,120408800
2009-12-16,111.80000305175781,112.12999725341797,111.2699966430664,111.5199966430664,82.57695770263672,155358200
2009-12-17,110.72000122070312,110.93000030517578,110.08000183105469,110.18000030517578,81.58473205566406,183390100
2009-12-18,110.19999694824219,110.30000305175781,109.27999877929688,110.20999908447266,82.04627990722656,174591200
2009-12-21,110.76000213623047,111.69999694824219,110.76000213623047,111.33000183105469,82.88007354736328,118039600
2009-12-22,111.56999969482422,111.97000122070312,111.43000030517578,111.7300033569336,83.1778564453125,91707500
2009-12-23,112.0,112.11000061035156,111.5,111.94999694824219,83.34162139892578,111783100
2009-12-24,112.19000244140625,112.5999984741211,112.0,112.4800033569336,83.7362060546875,39677500
2009-12-28,112.9000015258789,112.98999786376953,112.31999969482422,112.72000122070312,83.91484069824219,87508500
2009-12-29,113.01000213623047,113.02999877929688,112.55000305175781,112.55999755859375,83.79573059082031,80572500
2009-12-30,112.2300033569336,112.6500015258789,112.16999816894531,112.5199966430664,83.76595306396484,73138400
2009-12-31,112.7699966430664,112.80000305175781,111.38999938964844,111.44000244140625,82.96200561523438,90637900
2010-01-04,112.37000274658203,113.38999938964844,111.51000213623047,113.33000183105469,84.36900329589844,118944600
2010-01-05,113.26000213623047,113.68000030517578,112.8499984741211,113.62999725341797,84.59230041503906,111579900
2010-01-06,113.5199966430664,113.98999786376953,113.43000030517578,113.70999908447266,84.65187072753906,116074400
2010-01-07,113.5,114.33000183105469,113.18000030517578,114.19000244140625,85.00919342041016,131091100
2010-01-08,113.88999938964844,114.62000274658203,113.66000366210938,114.56999969482422,85.29210662841797,126402800
2010-01-11,115.08000183105469,115.12999725341797,114.23999786376953,114.7300033569336,85.41119384765625,106375700
2010-01-12,113.97000122070312,114.20999908447266,113.22000122070312,113.66000366210938,84.61466217041016,163333500
2010-01-13,113.94999694824219,114.94000244140625,113.37000274658203,114.62000274658203,85.3293228149414,161822000
2010-01-14,114.48999786376953,115.13999938964844,114.41999816894531,114.93000030517578,85.56011199951172,115718800
2010-01-15,114.7300033569336,114.83999633789062,113.19999694824219,113.63999938964844,84.5997543334961,212283100
2010-01-19,113.62000274658203,115.12999725341797,113.58999633789062,115.05999755859375,85.6568832397461,139172700
2010-01-20,114.27999877929688,114.44999694824219,112.9800033569336,113.88999938964844,84.78587341308594,216490200
2010-01-21,113.91999816894531,114.2699966430664,111.55999755859375,111.69999694824219,83.15550994873047,344859600
2010-01-22,111.19999694824219,111.73999786376953,109.08999633789062,109.20999908447266,81.30183410644531,345942400
2010-01-25,110.20999908447266,110.41000366210938,109.41000366210938,109.7699966430664,81.71870422363281,186937500
2010-01-26,109.33999633789062,110.47000122070312,109.04000091552734,109.30999755859375,81.37625122070312,211168800
2010-01-27,109.16999816894531,110.08000183105469,108.33000183105469,109.83000183105469,81.7634048461914,271863600
2010-01-28,110.19000244140625,110.25,107.91000366210938,108.56999969482422,80.82537078857422,316104000
2010-01-29,109.04000091552734,109.80000305175781,107.22000122070312,107.38999938964844,79.94694519042969,310677600
2010-02-01,108.1500015258789,109.06999969482422,107.5,109.05999755859375,81.19014739990234,187865000
2010-02-02,109.26000213623047,110.58999633789062,108.87999725341797,110.37999725341797,82.17283630371094,216327900
2010-02-03,109.87999725341797,110.4800033569336,109.51000213623047,109.83000183105469,81.7634048461914,172730700
2010-02-04,108.9800033569336,109.02999877929688,106.41999816894531,106.44000244140625,79.23971557617188,356715700
2010-02-05,106.55999755859375,106.87999725341797,104.58000183105469,106.66000366210938,79.40348052978516,493585800
2010-02-08,106.73999786376953,107.33000183105469,105.80999755859375,105.88999938964844,78.83023071289062,224166900
2010-02-09,107.12999725341797,108.1500015258789,106.2699966430664,107.22000122070312,79.82034301757812,337820500
2010-02-10,107.05000305175781,107.5999984741211,106.11000061035156,107.01000213623047,79.66399383544922,240511500
2010-02-11,106.87000274658203,108.25,106.25,108.12999725341797,80.49781036376953,223591600
2010-02-12,106.98999786376953,108.0999984741211,106.51000213623047,108.04000091552734,80.43082427978516,304622100
2010-02-16,108.86000061035156,109.8499984741211,107.81999969482422,109.73999786376953,81.69639587402344,159317500
2010-02-17,110.2699966430664,110.41000366210938,109.73999786376953,110.26000213623047,82.08351135253906,168845100
2010-02-18,110.08000183105469,111.13999938964844,110.04000091552734,110.91000366210938,82.56742095947266,193708600
2010-02-19,110.62000274658203,111.56999969482422,110.36000061035156,111.13999938964844,82.73860168457031,222684900
2010-02-22,111.55000305175781,111.58000183105469,110.83000183105469,111.16000366210938,82.75349426269531,132346900
2010-02-23,110.86000061035156,111.19999694824219,109.5199966430664,109.80999755859375,81.74848175048828,207497000
2010-02-24,110.13999938964844,111.0,109.86000061035156,110.81999969482422,82.50038146972656,176350700
2010-02-25,109.23999786376953,110.75,108.94000244140625,110.66999816894531,82.38871765136719,259634700
2010-02-26,110.7699966430664,111.12000274658203,110.11000061035156,110.73999786376953,82.44080352783203,173589300
2010-03-01,111.19999694824219,112.0,111.16999816894531,111.88999938964844,83.29698181152344,147709700
2010-03-02,112.37000274658203,112.73999786376953,112.0,112.19999694824219,83.5277099609375,160992400
2010-03-03,112.48999786376953,112.97000122070312,112.0199966430664,112.30000305175781,83.6021957397461,150785000
2010-03-04,112.44999694824219,112.80000305175781,112.02999877929688,112.63999938964844,83.85528564453125,135770400
2010-03-05,113.37000274658203,114.33999633789062,113.0999984741211,114.25,85.05388641357422,176118800
2010-03-08,114.26000213623047,114.5199966430664,114.06999969482422,114.2699966430664,85.06878662109375,114631200
2010-03-09,113.93000030517578,114.98999786376953,113.87000274658203,114.45999908447266,85.21022033691406,154556700
2010-03-10,114.51000213623047,115.27999877929688,114.41000366210938,114.97000122070312,85.5898666381836,186088800
2010-03-11,114.69999694824219,115.4800033569336,114.3499984741211,115.44999694824219,85.94720458984375,160791100
2010-03-12,115.94999694824219,115.97000122070312,115.13999938964844,115.45999908447266,85.95465850830078,162074800
2010-03-15,115.26000213623047,115.56999969482422,114.5999984741211,115.48999786376953,85.97698211669922,146816800
2010-03-16,115.80999755859375,116.5199966430664,115.48999786376953,116.41000366210938,86.66189575195312,168673000
2010-03-17,116.76000213623047,117.4800033569336,116.41999816894531,117.0999984741211,87.17557525634766,177468100
2010-03-18,117.11000061035156,117.2699966430664,116.56999969482422,117.04000091552734,87.13089752197266,196509100
2010-03-19,115.97000122070312,117.29000091552734,115.5199966430664,115.97000122070312,86.68989562988281,226641100
2010-03-22,115.30999755859375,116.80000305175781,115.23999786376953,116.58999633789062,87.1533203125,184477800
2010-03-23,116.76000213623047,117.51000213623047,116.37999725341797,117.41000366210938,87.76631927490234,182941600
2010-03-24,116.97000122070312,117.43000030517578,115.58000183105469,116.83999633789062,87.34017944335938,196072600
2010-03-25,117.62999725341797,118.16999816894531,116.51000213623047,116.6500015258789,87.19820404052734,223396300
2010-03-26,116.87000274658203,117.41999816894531,116.12000274658203,116.58000183105469,87.14584350585938,205808500
2010-03-29,117.16999816894531,117.52999877929688,116.69000244140625,117.31999969482422,87.69902801513672,134513500
2010-03-30,117.45999908447266,117.83000183105469,116.91000366210938,117.4000015258789,87.75880432128906,145772500
2010-03-31,116.94999694824219,117.5199966430664,116.61000061035156,117.0,87.45980072021484,161078700
2010-04-01,117.80000305175781,118.25,117.0999984741211,117.80000305175781,88.0578384399414,161215200
2010-04-05,118.25,118.83999633789062,117.91999816894531,118.76000213623047,88.77543640136719,105847600
2010-04-06,118.41999816894531,119.25,118.29000091552734,119.04000091552734,88.98473358154297,110384200
2010-04-07,118.80000305175781,119.36000061035156,117.80999755859375,118.36000061035156,88.47640228271484,184576300
2010-04-08,117.94999694824219,118.97000122070312,117.5999984741211,118.7699966430664,88.78294372558594,158704000
2010-04-09,119.0199966430664,119.5999984741211,118.80000305175781,119.55000305175781,89.36599731445312,133006500
2010-04-12,119.69999694824219,120.05000305175781,119.55999755859375,119.73999786376953,89.50800323486328,110279000
2010-04-13,119.62000274658203,120.04000091552734,119.0,119.83000183105469,89.57527160644531,125043600
2010-04-14,120.2699966430664,121.19000244140625,120.08000183105469,121.19000244140625,90.5918960571289,161609000
2010-04-15,120.98999786376953,121.56999969482422,120.94999694824219,121.29000091552734,90.66665649414062,144615300
2010-04-16,120.86000061035156,121.29000091552734,118.75,119.36000061035156,89.22398376464844,366786700
2010-04-19,119.01000213623047,119.93000030517578,118.47000122070312,119.80999755859375,89.5603256225586,217947800
2010-04-20,120.55999755859375,120.9800033569336,119.87000274658203,120.87999725341797,90.36017608642578,157708000
2010-04-21,120.94999694824219,121.2300033569336,119.98999786376953,120.66000366210938,90.19573974609375,192910100
2010-04-22,119.80999755859375,121.16999816894531,119.12000274658203,121.0199966430664,90.46484375,115360300
2010-04-23,120.94000244140625,121.86000061035156,120.62999725341797,121.80999755859375,91.05538940429688,177335500
2010-04-26,121.8499984741211,122.12000274658203,121.2300033569336,121.3499984741211,90.71149444580078,143457300
2010-04-27,120.6500015258789,121.33999633789062,118.25,118.4800033569336,88.56615447998047,355853300
2010-04-28,119.05000305175781,119.68000030517578,118.2699966430664,119.37999725341797,89.2389144897461,300674100
2010-04-29,120.0999984741211,121.11000061035156,120.06999969482422,120.86000061035156,90.34523010253906,193775000
2010-04-30,120.87999725341797,121.01000213623047,118.77999877929688,118.80999755859375,88.81280517578125,270000900
2010-05-03,119.37999725341797,120.68000030517578,119.19999694824219,120.3499984741211,89.9639892578125,182747900
2010-05-04,119.01000213623047,119.02999877929688,116.91999816894531,117.5199966430664,87.8485336303711,360353400
2010-05-05,116.55999755859375,117.80000305175781,115.97000122070312,116.81999969482422,87.32523345947266,328973200
2010-05-06,116.26000213623047,117.0,105.0,112.94000244140625,84.42485046386719,647356600
2010-05-07,112.63999938964844,113.7699966430664,109.41000366210938,111.26000213623047,83.1690444946289,637558800
2010-05-10,115.80999755859375,116.6500015258789,114.91000366210938,116.16000366210938,86.83186340332031,396159600
2010-05-11,115.06999969482422,117.36000061035156,114.91000366210938,115.83000183105469,86.585205078125,317849800
2010-05-12,116.29000091552734,117.62000274658203,116.08999633789062,117.44999694824219,87.79620361328125,235607100
2010-05-13,117.12999725341797,117.68000030517578,115.88999938964844,115.98999786376953,86.70480346679688,234452500
2010-05-14,115.12000274658203,115.33000183105469,112.87000274658203,113.88999938964844,85.13500213623047,345601400
2010-05-17,114.19999694824219,114.5199966430664,111.7699966430664,113.94999694824219,85.17986297607422,325739800
2010-05-18,114.87999725341797,115.22000122070312,112.02999877929688,112.4000015258789,84.02118682861328,360556800
2010-05-19,111.7699966430664,112.7699966430664,110.36000061035156,111.76000213623047,83.54280090332031,394742700
2010-05-20,109.37999725341797,109.88999938964844,107.47000122070312,107.54000091552734,80.38825988769531,530418300
2010-05-21,105.91000366210938,109.37999725341797,105.36000061035156,109.11000061035156,81.56189727783203,500909400
2010-05-24,108.5199966430664,109.38999938964844,107.61000061035156,107.70999908447266,80.515380859375,269823000
2010-05-25,105.11000061035156,107.87000274658203,104.37999725341797,107.81999969482422,80.5975570678711,396505200
2010-05-26,108.4800033569336,109.47000122070312,106.8499984741211,107.16999816894531,80.11167907714844,349719300
2010-05-27,109.19000244140625,110.80000305175781,108.77999877929688,110.76000213623047,82.79525756835938,300870500
2010-05-28,110.63999938964844,110.72000122070312,108.8499984741211,109.37000274658203,81.75621795654297,297933500
2010-06-01,108.3499984741211,109.94999694824219,107.37000274658203,107.52999877929688,80.38079833984375,277909400
2010-06-02,108.08000183105469,110.33999633789062,107.51000213623047,110.33000183105469,82.47386932373047,240243700
2010-06-03,110.6500015258789,111.05999755859375,109.58000183105469,110.70999908447266,82.75790405273438,226618300
2010-06-04,108.61000061035156,109.33000183105469,106.45999908447266,106.81999969482422,79.85006713867188,398475600
2010-06-07,107.19999694824219,107.61000061035156,105.41000366210938,105.48999786376953,78.8558578491211,264609100
2010-06-08,105.56999969482422,106.83000183105469,104.6500015258789,106.62000274658203,79.70057678222656,357774300
2010-06-09,107.23999786376953,108.27999877929688,105.5999984741211,106.05000305175781,79.27447509765625,268023300
2010-06-10,107.86000061035156,109.27999877929688,106.04000091552734,109.1500015258789,81.5917739868164,317890600
2010-06-11,108.19000244140625,109.75,108.12000274658203,109.68000030517578,81.98799896240234,214128200
2010-06-14,110.5199966430664,111.12000274658203,109.4000015258789,109.51000213623047,81.86090087890625,207196100
2010-06-15,110.27999877929688,112.0999984741211,110.08999633789062,112.0,83.72218322753906,238268700
2010-06-16,111.41999816894531,112.41999816894531,111.19999694824219,111.95999908447266,83.69227600097656,216374000
2010-06-17,112.27999877929688,112.33000183105469,111.05000305175781,112.13999938964844,83.82684326171875,263185800
2010-06-18,111.83000183105469,112.12999725341797,111.37000274658203,111.7300033569336,83.91778564453125,174006600
2010-06-21,113.12000274658203,113.19999694824219,110.79000091552734,111.41000366210938,83.67739868164062,213140700
2010-06-22,111.41000366210938,111.9000015258789,109.41000366210938,109.56999969482422,82.2954330444336,239355400
2010-06-23,109.63999938964844,110.02999877929688,108.4800033569336,109.2300033569336,82.04004669189453,254639900
2010-06-24,108.69000244140625,108.83000183105469,107.13999938964844,107.41999816894531,80.68061065673828,268523600
2010-06-25,107.73999786376953,108.41999816894531,106.7699966430664,107.87000274658203,81.0185775756836,238726500
2010-06-28,108.02999877929688,108.31999969482422,107.13999938964844,107.52999877929688,80.76322937011719,169218600
2010-06-29,106.0199966430664,107.51000213623047,103.55000305175781,104.20999908447266,78.26961517333984,373649500
2010-06-30,103.91999816894531,104.87999725341797,102.87999725341797,103.22000122070312,77.52608489990234,284101700
2010-07-01,103.1500015258789,103.48999786376953,101.12999725341797,102.76000213623047,77.18060302734375,382924800
2010-07-02,103.11000061035156,103.41999816894531,101.62000274658203,102.19999694824219,76.75997924804688,233385200
2010-07-06,103.63999938964844,104.37000274658203,101.87999725341797,102.87000274658203,77.2632064819336,256935300
2010-07-07,103.12999725341797,106.23999786376953,103.0199966430664,106.11000061035156,79.69670867919922,253769400
2010-07-08,107.0,107.27999877929688,105.91000366210938,107.16000366210938,80.4853515625,210842100
2010-07-09,107.12999725341797,107.97000122070312,106.93000030517578,107.95999908447266,81.08616638183594,144999900
2010-07-12,107.5999984741211,108.23999786376953,107.1500015258789,108.02999877929688,81.13876342773438,131283600
2010-07-13,109.1500015258789,110.08999633789062,108.93000030517578,109.66000366210938,82.363037109375,213025900
2010-07-14,109.30999755859375,110.08000183105469,108.86000061035156,109.6500015258789,82.35550689697266,184426800
2010-07-15,109.61000061035156,110.05999755859375,108.16999816894531,109.68000030517578,82.37806701660156,232337900
2010-07-16,109.08999633789062,109.20999908447266,106.44999694824219,106.66000366210938,80.10981750488281,282693400
2010-07-19,107.05000305175781,107.62999725341797,106.22000122070312,107.29000091552734,80.58296203613281,186709000
2010-07-20,105.87000274658203,108.55999755859375,105.81999969482422,108.4800033569336,81.47675323486328,258162400
2010-07-21,109.04000091552734,109.06999969482422,106.62999725341797,107.06999969482422,80.41771697998047,264527000
2010-07-22,108.33999633789062,109.94000244140625,108.33000183105469,109.45999908447266,82.21279907226562,274781300
2010-07-23,109.23999786376953,110.56999969482422,108.93000030517578,110.41000366210938,82.92631530761719,222020800
2010-07-26,110.5999984741211,111.66999816894531,110.29000091552734,111.55999755859375,83.79007720947266,184445700
2010-07-27,112.16999816894531,112.29000091552734,111.11000061035156,111.55000305175781,83.78253936767578,204855600
2010-07-28,111.31999969482422,111.66000366210938,110.45999908447266,110.83000183105469,83.24177551269531,163056200
2010-07-29,111.5199966430664,111.81999969482422,109.41000366210938,110.29000091552734,82.8362045288086,220149100
2010-07-30,109.16999816894531,110.86000061035156,108.9800033569336,110.2699966430664,82.8211669921875,220070600
2010-08-02,111.98999786376953,112.94000244140625,111.54000091552734,112.76000213623047,84.69135284423828,188263200
2010-08-03,112.4800033569336,112.7699966430664,111.8499984741211,112.22000122070312,84.28578186035156,146657300
2010-08-04,112.52999877929688,113.11000061035156,112.16000366210938,112.97000122070312,84.84906768798828,158171700
2010-08-05,112.25,112.91000366210938,112.08000183105469,112.8499984741211,84.75895690917969,140473800
2010-08-06,111.73999786376953,112.56999969482422,110.91999816894531,112.38999938964844,84.41346740722656,239728300
2010-08-09,112.91999816894531,113.18000030517578,112.31999969482422,112.98999786376953,84.86408996582031,120800400
2010-08-10,112.02999877929688,112.9800033569336,111.37000274658203,112.37999725341797,84.40596008300781,242916300
2010-08-11,110.6500015258789,110.69000244140625,109.12000274658203,109.30000305175781,82.0926284790039,273406900
2010-08-12,107.6500015258789,109.0199966430664,107.5999984741211,108.62999725341797,81.58942413330078,239542600
2010-08-13,108.29000091552734,108.95999908447266,108.18000030517578,108.30999755859375,81.34905242919922,158698500
2010-08-16,107.56999969482422,108.61000061035156,107.18000030517578,108.26000213623047,81.3115005493164,147895300
2010-08-17,109.19000244140625,110.38999938964844,108.87999725341797,109.58999633789062,82.3104476928711,172270300
2010-08-18,109.54000091552734,110.37999725341797,108.91000366210938,109.79000091552734,82.46065521240234,182922100
2010-08-19,109.22000122070312,109.48999786376953,107.43000030517578,107.87999725341797,81.026123046875,265847600
2010-08-20,107.55999755859375,107.94000244140625,106.75,107.52999877929688,80.76322937011719,209714200
2010-08-23,108.04000091552734,108.56999969482422,107.06999969482422,107.12000274658203,80.45526885986328,163490300
2010-08-24,105.94999694824219,106.38999938964844,104.97000122070312,105.52999877929688,79.2610855102539,280677800
2010-08-25,104.94999694824219,106.33999633789062,104.29000091552734,105.94000244140625,79.56902313232422,272234800
2010-08-26,106.44000244140625,106.58000183105469,104.87999725341797,105.2300033569336,79.03573608398438,224439500
2010-08-27,105.88999938964844,106.97000122070312,104.30999755859375,106.86000061035156,80.26000213623047,272649000
2010-08-30,106.58000183105469,106.91000366210938,105.30000305175781,105.30999755859375,79.09583282470703,167238600
2010-08-31,104.91999816894531,105.9800033569336,104.48999786376953,105.30999755859375,79.09583282470703,273933100
2010-09-01,106.7300033569336,108.61000061035156,106.66000366210938,108.45999908447266,81.46172332763672,256828100
2010-09-02,108.72000122070312,109.48999786376953,108.48999786376953,109.47000122070312,82.2203140258789,156112200
2010-09-03,110.54000091552734,110.98999786376953,109.94999694824219,110.88999938964844,83.28684997558594,212197300
2010-09-07,110.37000274658203,110.51000213623047,109.55000305175781,109.63999938964844,82.34800720214844,141973700
2010-09-08,109.86000061035156,110.8499984741211,109.80999755859375,110.41000366210938,82.92631530761719,149924400
2010-09-09,111.6500015258789,111.68000030517578,110.62000274658203,110.91999816894531,83.30937957763672,147017900
2010-09-10,111.12000274658203,111.61000061035156,110.87000274658203,111.4800033569336,83.72997283935547,127819000
2010-09-13,112.58000183105469,112.94999694824219,112.12999725341797,112.72000122070312,84.66130065917969,178503500
2010-09-14,112.5,113.29000091552734,112.08000183105469,112.6500015258789,84.60870361328125,209823600
2010-09-15,112.31999969482422,113.20999908447266,111.9800033569336,113.08000183105469,84.93168640136719,168608400
2010-09-16,112.7300033569336,113.12000274658203,112.3499984741211,113.05000305175781,84.90919494628906,199962900
2010-09-17,113.04000091552734,113.1500015258789,112.18000030517578,112.48999786376953,84.94091033935547,195836900
2010-09-20,112.87999725341797,114.45999908447266,112.5199966430664,114.20999908447266,86.23966217041016,214555200
2010-09-21,114.30000305175781,114.83999633789062,113.51000213623047,113.9800033569336,86.06595611572266,268389100
2010-09-22,113.80000305175781,114.44000244140625,113.0999984741211,113.41999816894531,85.64311218261719,191322400
2010-09-23,112.48999786376953,113.66999816894531,112.18000030517578,112.5,84.94843292236328,202354300
2010-09-24,113.75,114.9000015258789,113.6500015258789,114.81999969482422,86.70027160644531,209671800
2010-09-27,114.86000061035156,114.98999786376953,114.16000366210938,114.2699966430664,86.2849349975586,128761800
2010-09-28,114.41999816894531,115.04000091552734,113.18000030517578,114.66999816894531,86.58698272705078,209207500
2010-09-29,114.37999725341797,114.91000366210938,114.0199966430664,114.47000122070312,86.43596649169922,179665800
2010-09-30,115.05000305175781,115.79000091552734,113.58999633789062,114.12999725341797,86.17922973632812,287106700
2010-10-01,114.98999786376953,115.12000274658203,113.93000030517578,114.61000061035156,86.54168701171875,174638700
2010-10-04,114.37000274658203,114.8499984741211,113.18000030517578,113.75,85.89227294921875,166153200
2010-10-05,114.80000305175781,116.31999969482422,114.66999816894531,116.04000091552734,87.62147521972656,229634100
2010-10-06,116.0199966430664,116.33000183105469,115.55999755859375,116.02999877929688,87.61392974853516,148626600
2010-10-07,116.5,116.52999877929688,115.19000244140625,115.88999938964844,87.5082015991211,164860000
2010-10-08,116.05000305175781,116.86000061035156,115.61000061035156,116.54000091552734,87.99900817871094,177760100
2010-10-11,116.72000122070312,116.97000122070312,116.25,116.6500015258789,88.08208465576172,103098300
2010-10-12,116.2699966430664,117.3499984741211,115.6500015258789,117.01000213623047,88.35393524169922,182210000
2010-10-13,117.66000366210938,118.55000305175781,117.37999725341797,117.91999816894531,89.04104614257812,194347200
2010-10-14,117.80999755859375,118.01000213623047,116.72000122070312,117.45999908447266,88.69371795654297,217764300
2010-10-15,118.27999877929688,118.3499984741211,116.76000213623047,117.69999694824219,88.87491607666016,243705000
2010-10-18,117.73999786376953,118.66999816894531,117.30999755859375,118.27999877929688,89.31289672851562,141204800
2010-10-19,117.19000244140625,117.8499984741211,116.0199966430664,116.7300033569336,88.1424789428711,280604700
2010-10-20,116.94000244140625,118.44000244140625,116.87000274658203,117.87000274658203,89.00333404541016,200051800
2010-10-21,118.4000015258789,119.08999633789062,117.20999908447266,118.12999725341797,89.19963073730469,221585500
2010-10-22,118.30999755859375,118.52999877929688,118.0,118.3499984741211,89.36571502685547,108212400
2010-10-25,119.13999938964844,119.76000213623047,118.61000061035156,118.69999694824219,89.6300277709961,151145700
2010-10-26,118.0999984741211,118.83999633789062,117.87000274658203,118.72000122070312,89.64515686035156,158982900
2010-10-27,117.88999938964844,118.51000213623047,117.26000213623047,118.37999725341797,89.38836669921875,190024000
2010-10-28,119.05999755859375,119.11000061035156,117.83000183105469,118.4000015258789,89.40350341796875,168576000
2010-10-29,118.27999877929688,118.72000122070312,118.06999969482422,118.48999786376953,89.47148132324219,144305500
2010-11-01,119.06999969482422,119.75,117.8499984741211,118.52999877929688,89.50166320800781,174074800
2010-11-02,119.41999816894531,119.75,119.0999984741211,119.47000122070312,90.21146392822266,158345900
2010-11-03,119.68000030517578,120.0199966430664,118.44999694824219,119.94999694824219,90.57389831542969,226702800
2010-11-04,121.27999877929688,122.31999969482422,119.97000122070312,122.26000213623047,92.31818389892578,215039400
2010-11-05,122.33999633789062,122.91999816894531,122.18000030517578,122.72000122070312,92.66549682617188,180654100
2010-11-08,122.33999633789062,122.69000244140625,121.94000244140625,122.48999786376953,92.49185180664062,156107100
2010-11-09,122.81999969482422,122.94999694824219,121.12000274658203,121.61000061035156,91.82737731933594,186621600
2010-11-10,121.58000183105469,122.16000366210938,120.66000366210938,122.0999984741211,92.19734954833984,221387400
2010-11-11,121.05000305175781,121.81999969482422,120.68000030517578,121.63999938964844,91.85002899169922,158017600
2010-11-12,120.81999969482422,121.3499984741211,119.6500015258789,120.19999694824219,90.76265716552734,239068800
2010-11-15,120.58000183105469,121.05000305175781,119.9800033569336,120.02999877929688,90.63430786132812,163940800
2010-11-16,119.29000091552734,119.48999786376953,117.58999633789062,118.16000366210938,89.22227478027344,299566200
2010-11-17,118.20999908447266,118.70999908447266,117.86000061035156,118.22000122070312,89.267578125,172308900
2010-11-18,119.36000061035156,120.38999938964844,119.3499984741211,119.95999908447266,90.5814208984375,197723700
2010-11-19,119.9000015258789,120.33999633789062,119.25,120.29000091552734,90.83063507080078,156852900
2010-11-22,119.69000244140625,120.23999786376953,118.7699966430664,120.19000244140625,90.75511169433594,181361000
2010-11-23,118.7699966430664,119.0199966430664,117.98999786376953,118.44999694824219,89.44127655029297,222309000
2010-11-24,119.19999694824219,120.2300033569336,119.18000030517578,120.19999694824219,90.76265716552734,140046100
2010-11-26,119.16000366210938,119.80999755859375,118.80000305175781,118.80000305175781,89.70557403564453,76007800
2010-11-29,118.5,119.4800033569336,117.73999786376953,119.16000366210938,89.97737121582031,223642300
2010-11-30,117.9800033569336,119.16999816894531,117.80999755859375,118.48999786376953,89.47148132324219,233930700
2010-12-01,120.19999694824219,121.23999786376953,120.19000244140625,121.01000213623047,91.37432098388672,221037200
2010-12-02,121.19999694824219,122.6500015258789,121.12999725341797,122.55999755859375,92.54468536376953,191213600
2010-12-03,122.13999938964844,123.02999877929688,122.11000061035156,122.88999938964844,92.79387664794922,151288900
2010-12-06,122.62999725341797,123.04000091552734,122.5,122.76000213623047,92.69573211669922,103050500
2010-12-07,123.94000244140625,124.01000213623047,122.76000213623047,122.83000183105469,92.74859619140625,206581000
2010-12-08,122.9800033569336,123.37999725341797,122.41000366210938,123.27999877929688,93.08840942382812,138019200
2010-12-09,123.97000122070312,124.0199966430664,123.1500015258789,123.76000213623047,93.45082092285156,123705100
2010-12-10,124.13999938964844,124.5999984741211,123.7300033569336,124.4800033569336,93.9945068359375,117571700
2010-12-13,125.05000305175781,125.19999694824219,124.5199966430664,124.55999755859375,94.05490112304688,133812700
2010-12-14,124.75,125.2300033569336,124.29000091552734,124.66999816894531,94.13794708251953,147249600
2010-12-15,124.44000244140625,124.93000030517578,123.88999938964844,124.0999984741211,93.70756530761719,160823100
2010-12-16,124.18000030517578,124.91000366210938,123.75,124.81999969482422,94.25122833251953,185035200
2010-12-17,124.08000183105469,124.45999908447266,123.81999969482422,124.30000305175781,94.35218811035156,141075300
2010-12-20,124.63999938964844,124.9000015258789,123.9800033569336,124.5999984741211,94.57992553710938,119085500
2010-12-21,124.98999786376953,125.47000122070312,124.87000274658203,125.38999938964844,95.17958068847656,94965500
2010-12-22,125.4800033569336,125.81999969482422,125.41000366210938,125.77999877929688,95.47562408447266,78878100
2010-12-23,125.63999938964844,125.77999877929688,125.29000091552734,125.5999984741211,95.33898162841797,70053700
2010-12-27,125.12999725341797,125.7699966430664,125.04000091552734,125.6500015258789,95.37692260742188,58126000
2010-12-28,125.9000015258789,125.94999694824219,125.5,125.83000183105469,95.5135498046875,55309100
2010-12-29,125.9800033569336,126.19999694824219,125.9000015258789,125.91999816894531,95.58187866210938,58033100
2010-12-30,125.80000305175781,126.12999725341797,125.52999877929688,125.72000122070312,95.43006896972656,76616900
2010-12-31,125.52999877929688,125.87000274658203,125.33000183105469,125.75,95.45281982421875,91218900
2011-01-03,126.70999908447266,127.5999984741211,125.69999694824219,127.05000305175781,96.43960571289062,138725200
2011-01-04,127.33000183105469,127.37000274658203,126.19000244140625,126.9800033569336,96.3864974975586,137409700
2011-01-05,126.58000183105469,127.72000122070312,126.45999908447266,127.63999938964844,96.8874740600586,133975300
2011-01-06,127.69000244140625,127.83000183105469,127.01000213623047,127.38999938964844,96.69770812988281,122519000
2011-01-07,127.55999755859375,127.7699966430664,126.1500015258789,127.13999938964844,96.50794982910156,156034600
2011-01-10,126.58000183105469,127.16000366210938,126.19999694824219,126.9800033569336,96.3864974975586,122401700
2011-01-11,127.44000244140625,127.73999786376953,126.94999694824219,127.43000030517578,96.72808837890625,110287000
2011-01-12,128.2100067138672,128.72000122070312,127.45999908447266,128.5800018310547,97.60101318359375,107929200
2011-01-13,128.6300048828125,128.69000244140625,128.0500030517578,128.3699951171875,97.44160461425781,129048400
2011-01-14,128.19000244140625,129.3300018310547,128.10000610351562,129.3000030517578,98.14753723144531,117677900
2011-01-18,129.17999267578125,129.63999938964844,129.02999877929688,129.52000427246094,98.31452941894531,114401300
2011-01-19,129.41000366210938,129.5399932861328,127.91000366210938,128.25,97.35050964355469,151958400
2011-01-20,127.95999908447266,128.39999389648438,127.12999725341797,128.0800018310547,97.22145080566406,175745700
2011-01-21,128.8800048828125,129.1699981689453,128.22999572753906,128.3699951171875,97.44160461425781,151462900
2011-01-24,128.2899932861328,129.25,128.25999450683594,129.10000610351562,97.99571990966797,113715500
2011-01-25,128.75999450683594,129.27999877929688,128.11000061035156,129.1699981689453,98.04883575439453,167552200
2011-01-26,129.49000549316406,130.0500030517578,129.22999572753906,129.6699981689453,98.4283676147461,141281500
2011-01-27,129.6999969482422,130.2100067138672,129.47000122070312,129.99000549316406,98.67129516601562,123302700
2011-01-28,130.13999938964844,130.35000610351562,127.51000213623047,127.72000122070312,96.94820404052734,295637300
2011-01-31,128.07000732421875,128.77999877929688,127.75,128.67999267578125,97.6769027709961,149249200
2011-02-01,129.4600067138672,130.97000122070312,129.3800048828125,130.74000549316406,99.24059295654297,167194300
2011-02-02,130.39999389648438,130.83999633789062,130.3300018310547,130.49000549316406,99.05084228515625,118323600
2011-02-03,130.25999450683594,130.97999572753906,129.57000732421875,130.77999877929688,99.27095031738281,145886700
2011-02-04,130.8300018310547,131.1999969482422,130.22999572753906,131.14999389648438,99.55179595947266,134634800
2011-02-07,131.44000244140625,132.39999389648438,131.42999267578125,131.97000122070312,100.17422485351562,112439100
2011-02-08,132.08999633789062,132.63999938964844,131.72999572753906,132.57000732421875,100.62969207763672,99072800
2011-02-09,132.2100067138672,132.6300048828125,131.61000061035156,132.27000427246094,100.40196990966797,146436700
2011-02-10,131.60000610351562,132.47000122070312,131.3000030517578,132.32000732421875,100.43990325927734,162708500
2011-02-11,131.8000030517578,133.27999877929688,131.77000427246094,133.11000061035156,101.03956604003906,137710300
2011-02-14,133.02999877929688,133.5399932861328,132.8800048828125,133.42999267578125,101.28245544433594,101690700
2011-02-15,133.02000427246094,133.22000122070312,132.32000732421875,133.00999450683594,100.96366119384766,119575400
2011-02-16,133.4600067138672,134.00999450683594,133.19000244140625,133.85000610351562,101.60128021240234,130183500
2011-02-17,133.4600067138672,134.42999267578125,133.33999633789062,134.25,101.9049301147461,109810500
2011-02-18,134.3699951171875,134.69000244140625,134.05999755859375,134.52999877929688,102.11744689941406,130002400
2011-02-22,133.1199951171875,134.55999755859375,131.47000122070312,131.8300018310547,100.0679702758789,233116400
2011-02-23,131.75,132.07000732421875,130.2100067138672,131.02000427246094,99.4531478881836,227584000
2011-02-24,130.8800048828125,131.44000244140625,129.6999969482422,130.92999267578125,99.38483428955078,260431400
2011-02-25,131.47999572753906,132.41000366210938,131.39999389648438,132.3300018310547,100.44754028320312,141686900
2011-02-28,132.82000732421875,133.32000732421875,132.3800048828125,133.14999389648438,101.06991577148438,141585500
2011-03-01,133.57000732421875,133.69000244140625,130.88999938964844,130.92999267578125,99.38483428955078,258565500
2011-03-02,130.75,131.82000732421875,130.35000610351562,131.2100067138672,99.59735870361328,200277400
2011-03-03,132.39999389648438,133.6199951171875,132.38999938964844,133.47000122070312,101.31283569335938,176480100
2011-03-04,133.3699951171875,133.6300048828125,131.60000610351562,132.47000122070312,100.55379486083984,277202300
2011-03-07,132.86000061035156,133.16000366210938,130.74000549316406,131.42999267578125,99.76432800292969,216790400
2011-03-08,131.63999938964844,133.0,131.07000732421875,132.5800018310547,100.63726043701172,174615000
2011-03-09,132.32000732421875,132.8000030517578,131.60000610351562,132.38999938964844,100.49307250976562,153806000
2011-03-10,131.0,131.17999267578125,129.80999755859375,129.94000244140625,98.63335418701172,301291800
2011-03-11,129.52000427246094,131.30999755859375,129.49000549316406,130.83999633789062,99.31645965576172,225621800
2011-03-14,129.99000549316406,130.47999572753906,129.05999755859375,130.0500030517578,98.716796875,234974100
2011-03-15,126.58999633789062,129.3300018310547,126.5,128.55999755859375,97.58580017089844,359585400
2011-03-16,128.14999389648438,128.57000732421875,125.27999877929688,126.18000030517578,95.77922058105469,468670300
2011-03-17,128.0,128.38999938964844,127.0999984741211,127.8499984741211,97.046875,254303700
2011-03-18,128.83999633789062,128.8800048828125,127.51000213623047,127.76000213623047,97.39984130859375,230435400
2011-03-21,129.35000610351562,130.00999450683594,129.1999969482422,129.74000549316406,98.90934753417969,153992600
2011-03-22,129.72000122070312,129.88999938964844,129.1699981689453,129.2899932861328,98.56627655029297,129538600
2011-03-23,128.92999267578125,130.0,128.32000732421875,129.66000366210938,98.84835815429688,148603100
2011-03-24,130.39999389648438,131.08999633789062,129.6699981689453,130.89999389648438,99.79370880126953,159129800
2011-03-25,131.24000549316406,131.8699951171875,130.88999938964844,131.3000030517578,100.09862518310547,155642800
2011-03-28,131.5800018310547,131.9199981689453,130.94000244140625,130.97999572753906,99.85468292236328,109762400
2011-03-29,130.8699951171875,131.89999389648438,130.44000244140625,131.86000061035156,100.52552795410156,129798800
2011-03-30,132.5500030517578,133.16000366210938,132.36000061035156,132.77000427246094,101.2193374633789,135835000
2011-03-31,132.60000610351562,132.9600067138672,132.4499969482422,132.58999633789062,101.08206939697266,132537100
2011-04-01,133.41000366210938,133.77000427246094,132.8300018310547,133.14999389648438,101.50897979736328,153850100
2011-04-04,133.42999267578125,133.6699981689453,132.8800048828125,133.25999450683594,101.59284210205078,100768900
2011-04-05,133.0,133.8300018310547,132.94000244140625,133.24000549316406,101.57764434814453,120791500
2011-04-06,133.8800048828125,134.0,133.1199951171875,133.66000366210938,101.89784240722656,120411600
2011-04-07,133.4199981689453,133.97999572753906,132.66000366210938,133.32000732421875,101.63861083984375,170731500
2011-04-08,133.91000366210938,133.99000549316406,132.30999755859375,132.86000061035156,101.28791809082031,147945400
2011-04-11,133.0,133.4499969482422,132.13999938964844,132.4600067138672,100.98299407958984,121385400
2011-04-12,131.72000122070312,131.97999572753906,130.99000549316406,131.47000122070312,100.22819519042969,161187400
2011-04-13,132.0800018310547,132.17999267578125,130.9600067138672,131.4600067138672,100.22058868408203,162059000
2011-04-14,130.6999969482422,131.75999450683594,130.27000427246094,131.55999755859375,100.29684448242188,161220400
2011-04-15,131.8000030517578,132.3699951171875,131.41000366210938,132.0399932861328,100.66275787353516,170006700
2011-04-18,130.58999633789062,132.02999877929688,129.50999450683594,130.55999755859375,99.53446960449219,210759300
2011-04-19,130.75999450683594,131.35000610351562,130.44000244140625,131.30999755859375,100.10624694824219,124258800
2011-04-20,132.8800048828125,133.38999938964844,132.7899932861328,133.10000610351562,101.47093200683594,156133800
2011-04-21,133.7899932861328,133.83999633789062,133.10000610351562,133.77999877929688,101.98926544189453,135935400
2011-04-25,133.67999267578125,133.86000061035156,133.1999969482422,133.63999938964844,101.88257598876953,65757100
2011-04-26,134.0500030517578,135.05999755859375,133.91000366210938,134.7899932861328,102.75926971435547,146600000
2011-04-27,135.0500030517578,135.8699951171875,134.5,135.6699981689453,103.43014526367188,143031000
2011-04-28,135.42999267578125,136.2899932861328,135.41000366210938,136.11000061035156,103.7656021118164,124791100
2011-04-29,136.16000366210938,136.57000732421875,135.97999572753906,136.42999267578125,104.00955200195312,115094100
2011-05-02,137.07000732421875,137.17999267578125,135.9499969482422,136.22000122070312,103.8494873046875,126278700
2011-05-03,135.9600067138672,136.19000244140625,135.0399932861328,135.72999572753906,103.47592163085938,138375000
2011-05-04,135.6699981689453,135.72999572753906,134.22999572753906,134.8300018310547,102.789794921875,182678500
2011-05-05,134.0800018310547,134.9499969482422,133.02000427246094,133.61000061035156,101.85971069335938,226900000
2011-05-06,134.94000244140625,135.6300048828125,133.67999267578125,134.1999969482422,102.30949401855469,222787200
2011-05-09,134.19000244140625,135.11000061035156,133.97999572753906,134.72000122070312,102.70589447021484,114104500
2011-05-10,135.1699981689453,136.11000061035156,135.0,135.8699951171875,103.5826187133789,114806900
2011-05-11,135.6699981689453,135.69000244140625,133.82000732421875,134.44000244140625,102.4924545288086,193564200
2011-05-12,134.0800018310547,135.36000061035156,133.38999938964844,135.0800018310547,102.98038482666016,171550700
2011-05-13,135.14999389648438,135.33999633789062,133.55999755859375,134.0399932861328,102.18750762939453,157444900
2011-05-16,133.55999755859375,134.61000061035156,132.97000122070312,133.19000244140625,101.53948211669922,141675400
2011-05-17,132.69000244140625,133.35000610351562,132.1199951171875,133.1699981689453,101.5242919921875,192686200
2011-05-18,133.24000549316406,134.5,132.9499969482422,134.36000061035156,102.43148803710938,135217900
2011-05-19,134.8000030517578,135.02999877929688,133.94000244140625,134.67999267578125,102.67543029785156,119489500
2011-05-20,134.3300018310547,134.67999267578125,133.36000061035156,133.61000061035156,101.85971069335938,182594900
2011-05-23,131.97999572753906,132.72000122070312,131.58999633789062,132.05999755859375,100.67800903320312,168700000
2011-05-24,132.44000244140625,132.72999572753906,131.6999969482422,131.9499969482422,100.59416198730469,147199600
2011-05-25,131.4199981689453,132.94000244140625,131.3800048828125,132.38999938964844,100.92962646484375,151050100
2011-05-26,132.02999877929688,133.24000549316406,131.77999877929688,133.0,101.3946304321289,164850000
2011-05-27,133.3699951171875,133.8699951171875,132.9600067138672,133.50999450683594,101.78345489501953,120921900
2011-05-31,134.77000427246094,134.9199981689453,133.83999633789062,134.89999389648438,102.84313201904297,164731200
2011-06-01,134.50999450683594,134.9199981689453,131.75999450683594,131.8699951171875,100.53318786621094,233094300
2011-06-02,131.9600067138672,132.24000549316406,130.9600067138672,131.72999572753906,100.42644500732422,200466800
2011-06-03,130.14999389648438,131.4199981689453,130.0800018310547,130.4199981689453,99.427734375,234690200
2011-06-06,130.08999633789062,130.36000061035156,128.8699951171875,129.0399932861328,98.37567138671875,179951200
2011-06-07,129.6999969482422,130.07000732421875,128.85000610351562,128.9600067138672,98.31470489501953,161660500
2011-06-08,128.75999450683594,129.19000244140625,128.17999267578125,128.4199981689453,97.90301513671875,198696400
2011-06-09,128.77000427246094,129.92999267578125,128.4600067138672,129.39999389648438,98.6501235961914,160964400
2011-06-10,128.85000610351562,128.92999267578125,127.26000213623047,127.5999984741211,97.27787780761719,238629400
2011-06-13,127.88999938964844,128.24000549316406,127.05000305175781,127.69999694824219,97.35411071777344,207599800
2011-06-14,128.8699951171875,129.77000427246094,128.82000732421875,129.32000732421875,98.58914947509766,160570400
2011-06-15,128.24000549316406,129.3000030517578,126.68000030517578,127.0199966430664,96.835693359375,300958000
2011-06-16,127.05999755859375,127.97000122070312,126.31999969482422,127.30000305175781,97.04915618896484,308032800
2011-06-17,127.93000030517578,127.94000244140625,126.62000274658203,127.05000305175781,97.33875274658203,233284900
2011-06-20,126.62000274658203,127.97000122070312,126.58000183105469,127.69999694824219,97.83675384521484,159479000
2011-06-21,128.36000061035156,129.6999969482422,127.75,129.4499969482422,99.17752075195312,193157300
2011-06-22,129.0500030517578,129.80999755859375,128.58999633789062,128.6699981689453,98.5799331665039,176703000
2011-06-23,127.16000366210938,128.63999938964844,126.19000244140625,128.3000030517578,98.29642486572266,334286500
2011-06-24,128.27000427246094,128.3699951171875,126.62000274658203,126.80999755859375,97.15486907958984,226129300
2011-06-27,126.88999938964844,128.42999267578125,126.63999938964844,127.94000244140625,98.02066802978516,168904700
2011-06-28,128.4499969482422,129.6300048828125,128.27000427246094,129.61000061035156,99.30010223388672,165556300
2011-06-29,130.1999969482422,130.92999267578125,129.6300048828125,130.72000122070312,100.15052795410156,244295500
2011-06-30,131.13999938964844,132.17999267578125,130.7100067138672,131.97000122070312,101.10822296142578,223322700
2011-07-01,132.08999633789062,134.10000610351562,131.77999877929688,133.9199981689453,102.60221099853516,202385700
2011-07-05,133.77999877929688,134.0800018310547,133.38999938964844,133.80999755859375,102.5179214477539,165936000
2011-07-06,133.49000549316406,134.13999938964844,133.11000061035156,133.97000122070312,102.64049530029297,143331600
2011-07-07,135.16000366210938,135.6999969482422,134.8800048828125,135.36000061035156,103.70540618896484,170464200
2011-07-08,133.8300018310547,135.36000061035156,133.38999938964844,134.39999389648438,102.96994018554688,194100500
2011-07-11,132.75,133.17999267578125,131.66000366210938,131.97000122070312,101.10822296142578,195918600
2011-07-12,131.69000244140625,132.77999877929688,131.36000061035156,131.39999389648438,100.6714859008789,214675700
2011-07-13,132.08999633789062,133.22000122070312,131.52000427246094,131.83999633789062,101.00859069824219,204062600
2011-07-14,132.1699981689453,132.77999877929688,130.67999267578125,130.92999267578125,100.3114242553711,226111800
2011-07-15,131.66000366210938,131.8699951171875,130.77000427246094,131.69000244140625,100.8936767578125,220012800
2011-07-18,131.0800018310547,131.27999877929688,129.6300048828125,130.61000061035156,100.06625366210938,196872100
2011-07-19,131.33999633789062,132.88999938964844,131.30999755859375,132.72999572753906,101.69051361083984,166554900
2011-07-20,133.07000732421875,133.14999389648438,132.4199981689453,132.64999389648438,101.6291732788086,137145400
2011-07-21,133.39999389648438,134.82000732421875,132.6699981689453,134.49000549316406,103.03890228271484,245246300
2011-07-22,134.52000427246094,134.72000122070312,133.75999450683594,134.5800018310547,103.10786437988281,126019400
2011-07-25,133.3000030517578,134.49000549316406,133.16000366210938,133.8300018310547,102.5332260131836,136653800
2011-07-26,133.74000549316406,133.9600067138672,133.02999877929688,133.3300018310547,102.15016174316406,131278200
2011-07-27,132.58999633789062,132.6300048828125,130.42999267578125,130.60000610351562,100.05858612060547,249020100
2011-07-28,130.60000610351562,131.77000427246094,130.00999450683594,130.22000122070312,99.76744079589844,207939900
2011-07-29,128.91000366210938,130.5500030517578,127.97000122070312,129.3300018310547,99.08560180664062,307038400
2011-08-01,130.83999633789062,130.9600067138672,127.52999877929688,128.77999877929688,98.66421508789062,325790900
2011-08-02,127.80999755859375,128.5,125.48999786376953,125.48999786376953,96.14356994628906,346653800
2011-08-03,125.66000366210938,126.30999755859375,123.52999877929688,126.16999816894531,96.66453552246094,370830800
2011-08-04,124.41999816894531,124.62000274658203,120.05999755859375,120.26000213623047,92.13663482666016,520721800
2011-08-05,121.76000213623047,122.06999969482422,116.86000061035156,120.08000183105469,91.99874114990234,655619200
2011-08-08,116.91000366210938,120.12000274658203,112.0199966430664,112.26000213623047,86.00749206542969,702263900
2011-08-09,114.06999969482422,117.63999938964844,110.2699966430664,117.4800033569336,90.00676727294922,717828700
2011-08-10,115.26000213623047,116.27999877929688,111.94999694824219,112.29000091552734,86.03047943115234,662607400
2011-08-11,113.26000213623047,118.91999816894531,112.31999969482422,117.33000183105469,89.89183044433594,487979700
2011-08-12,118.4000015258789,119.20999908447266,117.27999877929688,118.12000274658203,90.49708557128906,313731600
2011-08-15,119.19000244140625,120.73999786376953,119.0,120.62000274658203,92.41246795654297,258810600
2011-08-16,119.47000122070312,120.69000244140625,118.30999755859375,119.58999633789062,91.62329864501953,294095200
2011-08-17,120.25,121.19999694824219,118.72000122070312,119.66999816894531,91.68460845947266,238201100
2011-08-18,116.5,119.70999908447266,113.38999938964844,114.51000213623047,87.73130798339844,512956300
2011-08-19,112.95999908447266,115.87999725341797,112.5,112.63999938964844,86.29862213134766,428281300
2011-08-22,115.16999816894531,115.2300033569336,112.41000366210938,112.7300033569336,86.3675537109375,275090600
2011-08-23,113.1500015258789,116.56999969482422,112.58000183105469,116.44000244140625,89.20997619628906,331136600
2011-08-24,116.19000244140625,118.23999786376953,115.91999816894531,118.08000183105469,90.46646881103516,246869700
2011-08-25,118.7300033569336,119.4000015258789,115.87000274658203,116.27999877929688,89.08738708496094,312365400
2011-08-26,115.69000244140625,118.51000213623047,113.8499984741211,117.97000122070312,90.3821792602539,314495900
2011-08-29,119.55999755859375,121.43000030517578,118.05999755859375,121.36000061035156,92.97940826416016,190977200
2011-08-30,120.83000183105469,122.43000030517578,119.26000213623047,121.68000030517578,93.22457885742188,241315700
2011-08-31,122.45999908447266,123.51000213623047,121.30000305175781,122.22000122070312,93.63832092285156,301828400
2011-09-01,122.29000091552734,123.4000015258789,120.77999877929688,120.94000244140625,92.65763092041016,254585900
2011-09-02,118.41999816894531,120.87000274658203,117.43000030517578,117.8499984741211,90.29023742675781,255517200
2011-09-06,114.38999938964844,117.16000366210938,114.37999725341797,116.98999786376953,89.63136291503906,285130500
2011-09-07,118.76000213623047,120.33999633789062,118.36000061035156,120.29000091552734,92.1596450805664,209803200
2011-09-08,119.56999969482422,120.94000244140625,118.7699966430664,119.04000091552734,91.20194244384766,250568200
2011-09-09,117.68000030517578,119.05999755859375,115.27999877929688,115.91999816894531,88.81156921386719,380195100
2011-09-12,114.47000122070312,116.76000213623047,114.05000305175781,116.66999816894531,89.38617706298828,305793500
2011-09-13,117.05000305175781,118.18000030517578,116.22000122070312,117.73999786376953,90.2059555053711,272514700
2011-09-14,118.33999633789062,120.80000305175781,116.72000122070312,119.37000274658203,91.45477294921875,319389500
2011-09-15,120.6500015258789,121.47000122070312,119.4000015258789,121.43000030517578,93.03303527832031,326777200
2011-09-16,121.29000091552734,121.97000122070312,120.31999969482422,121.5199966430664,93.58364868164062,284528300
2011-09-19,119.52999877929688,120.93000030517578,118.72000122070312,120.30999755859375,92.65180969238281,241517000
2011-09-20,120.81999969482422,121.98999786376953,120.01000213623047,120.16999816894531,92.54402160644531,218932200
2011-09-21,120.2300033569336,120.5999984741211,116.44000244140625,116.62999725341797,89.81784057617188,316251300
2011-09-22,113.25,114.20999908447266,111.30000305175781,112.86000061035156,86.91451263427734,513911300
2011-09-23,112.11000061035156,114.16000366210938,112.0199966430664,113.54000091552734,87.43817138671875,307242500
2011-09-26,114.61000061035156,116.4000015258789,112.9800033569336,116.23999786376953,89.51748657226562,260673700
2011-09-27,118.52999877929688,119.55999755859375,116.83999633789062,117.54000091552734,90.51863861083984,311753900
2011-09-28,117.77999877929688,118.48999786376953,114.97000122070312,115.13999938964844,88.67037963867188,286696800
2011-09-29,117.05000305175781,117.62999725341797,113.93000030517578,116.05000305175781,89.37117004394531,298108900
2011-09-30,114.44999694824219,115.44999694824219,113.06999969482422,113.1500015258789,87.13784790039062,288392300
2011-10-03,112.48999786376953,113.94999694824219,109.80999755859375,109.93000030517578,84.65808868408203,365136800
2011-10-04,108.3499984741211,112.58000183105469,107.43000030517578,112.33999633789062,86.5140609741211,459177500
2011-10-05,112.62000274658203,114.72000122070312,111.58000183105469,114.41999816894531,88.11589050292969,284108000
2011-10-06,114.36000061035156,116.66000366210938,113.51000213623047,116.48999786376953,89.70999908447266,257800800
2011-10-07,117.16999816894531,117.25,115.05999755859375,115.70999908447266,89.10934448242188,312657900
2011-10-10,117.68000030517578,119.62999725341797,117.66999816894531,119.58000183105469,92.08965301513672,230666300
2011-10-11,118.87000274658203,120.04000091552734,118.75,119.69999694824219,92.18205261230469,209088000
2011-10-12,120.5999984741211,122.13999938964844,120.33000183105469,120.75,92.99069213867188,281544900
2011-10-13,120.04000091552734,120.87000274658203,119.12000274658203,120.51000213623047,92.80585479736328,212538800
2011-10-14,121.91000366210938,122.5999984741211,121.2300033569336,122.56999969482422,94.39226531982422,211397600
2011-10-17,121.98999786376953,122.55000305175781,119.93000030517578,120.2300033569336,92.59020233154297,202311600
2011-10-18,120.13999938964844,123.5,119.19999694824219,122.58000183105469,94.39997100830078,318857900
2011-10-19,122.37999725341797,123.08000183105469,120.70999908447266,121.12999725341797,93.2833251953125,226601300
2011-10-20,121.43000030517578,122.0999984741211,119.81999969482422,121.66000366210938,93.69145965576172,262075600
2011-10-21,123.08999633789062,124.12000274658203,122.72000122070312,123.97000122070312,95.4704360961914,278999400
2011-10-24,124.16999816894531,125.80000305175781,124.05999755859375,125.48999786376953,96.64095306396484,203215600
2011-10-25,124.88999938964844,124.94999694824219,122.77999877929688,123.05000305175781,94.7619400024414,268596800
2011-10-26,124.3499984741211,124.7699966430664,122.20999908447266,124.30000305175781,95.72454071044922,289053800
2011-10-27,127.62999725341797,129.4199981689453,126.61000061035156,128.6300048828125,99.05912780761719,393220200
2011-10-28,128.0,128.85000610351562,127.80000305175781,128.60000610351562,99.03599548339844,225906500
2011-10-31,127.16000366210938,128.6199951171875,125.31999969482422,125.5,96.64868927001953,228146700
2011-11-01,122.02999877929688,123.51000213623047,121.5199966430664,122.0,93.95329284667969,416565800
2011-11-02,123.83000183105469,124.4000015258789,122.79000091552734,123.98999786376953,95.48583221435547,244717600
2011-11-03,125.2699966430664,126.5,123.5999984741211,126.25,97.2262954711914,291174800
2011-11-04,125.2300033569336,125.69999694824219,124.01000213623047,125.4800033569336,96.63330841064453,249401600
2011-11-07,125.38999938964844,126.38999938964844,124.19999694824219,126.26000213623047,97.23396301269531,196617200
2011-11-08,126.91999816894531,128.02000427246094,125.70999908447266,127.87999725341797,98.4815444946289,224426300
2011-11-09,124.88999938964844,125.80000305175781,122.86000061035156,123.16000366210938,94.84664916992188,337982000
2011-11-10,124.79000091552734,124.94000244140625,123.0199966430664,124.31999969482422,95.7399673461914,231866500
2011-11-11,125.83000183105469,126.98999786376953,125.79000091552734,126.66000366210938,97.54203796386719,189924400
2011-11-14,126.19000244140625,127.44999694824219,124.91999816894531,125.45999908447266,96.61788177490234,159258300
2011-11-15,125.16999816894531,126.75,124.72000122070312,126.08000183105469,97.09534454345703,184709400
2011-11-16,124.80999755859375,126.33999633789062,123.9000015258789,124.08000183105469,95.55513763427734,235782500
2011-11-17,123.8499984741211,124.16000366210938,121.2300033569336,122.11000061035156,94.03804779052734,331219600
2011-11-18,122.5,122.75,121.47000122070312,121.9800033569336,93.93791198730469,215580400
2011-11-21,120.19999694824219,120.3499984741211,118.6500015258789,119.66000366210938,92.15129089355469,229611600
2011-11-22,119.4000015258789,120.0999984741211,118.5199966430664,119.19000244140625,91.7892837524414,216494900
2011-11-23,118.06999969482422,119.19000244140625,116.55999755859375,116.55999755859375,89.76392364501953,224329100
2011-11-25,116.37999725341797,117.69999694824219,116.19999694824219,116.33999633789062,89.59452819824219,99557000
2011-11-28,119.54000091552734,120.18000030517578,118.81999969482422,119.70999908447266,92.18973541259766,210686000
2011-11-29,120.05000305175781,121.0,119.61000061035156,120.05000305175781,92.45161437988281,199241500
2011-11-30,123.48999786376953,125.22000122070312,120.0,124.98999786376953,96.25593566894531,324439500
2011-12-01,124.8499984741211,125.63999938964844,124.43000030517578,124.97000122070312,96.24053192138672,176954800
2011-12-02,126.12000274658203,126.5,124.77999877929688,124.86000061035156,96.15581512451172,221109700
2011-12-05,126.83999633789062,127.18000030517578,125.44000244140625,126.22000122070312,97.20317840576172,225263900
2011-12-06,126.20999908447266,127.11000061035156,125.76000213623047,126.26000213623047,97.23396301269531,178842100
2011-12-07,125.83999633789062,127.26000213623047,124.97000122070312,126.7300033569336,97.595947265625,237802500
2011-12-08,125.9000015258789,126.18000030517578,123.6500015258789,123.94999694824219,95.45499420166016,240862800
2011-12-09,124.51000213623047,126.37000274658203,124.4000015258789,126.05000305175781,97.07225799560547,209111400
2011-12-12,124.94999694824219,124.97000122070312,123.16000366210938,124.20999908447266,95.65524291992188,215826100
2011-12-13,124.86000061035156,125.56999969482422,122.44999694824219,123.05000305175781,94.7619400024414,245159800
2011-12-14,122.55999755859375,123.02999877929688,121.47000122070312,121.73999786376953,93.75308990478516,238618800
2011-12-15,123.02999877929688,123.19999694824219,121.98999786376953,122.18000030517578,94.09192657470703,199109200
2011-12-16,122.2300033569336,122.94999694824219,121.30000305175781,121.58999633789062,94.23140716552734,220481400
2011-12-19,122.05999755859375,122.31999969482422,120.02999877929688,120.29000091552734,93.22393035888672,183903000
2011-12-20,122.18000030517578,124.13999938964844,120.37000274658203,123.93000030517578,96.04492950439453,225418100
2011-12-21,123.93000030517578,124.36000061035156,122.75,124.16999816894531,96.23090362548828,194230900
2011-12-22,124.62999725341797,125.4000015258789,124.2300033569336,125.2699966430664,97.08341217041016,119465400
2011-12-23,125.66999816894531,126.43000030517578,125.41000366210938,126.38999938964844,97.95140838623047,92187200
2011-12-27,126.16999816894531,126.81999969482422,126.05999755859375,126.48999786376953,98.02889251708984,86075700
2011-12-28,126.51000213623047,126.52999877929688,124.7300033569336,124.83000183105469,96.74241638183594,119107100
2011-12-29,125.23999786376953,126.25,124.86000061035156,126.12000274658203,97.74213409423828,123507200
2011-12-30,126.0199966430664,126.33000183105469,125.5,125.5,97.26165008544922,95599000
2012-01-03,127.76000213623047,128.3800048828125,127.43000030517578,127.5,98.81163787841797,193697900
2012-01-04,127.19999694824219,127.80999755859375,126.70999908447266,127.69999694824219,98.96662902832031,127186500
2012-01-05,127.01000213623047,128.22999572753906,126.43000030517578,128.0399932861328,99.23014068603516,173895000
2012-01-06,128.1999969482422,128.22000122070312,127.29000091552734,127.70999908447266,98.97439575195312,148050000
2012-01-09,128.0,128.17999267578125,127.41000366210938,128.02000427246094,99.21464538574219,99530200
2012-01-10,129.38999938964844,129.64999389648438,128.9499969482422,129.1300048828125,100.07486724853516,115282000
2012-01-11,128.72999572753906,129.3699951171875,128.52000427246094,129.1999969482422,100.12913513183594,111540700
2012-01-12,129.57000732421875,129.6999969482422,128.5399932861328,129.50999450683594,100.36939239501953,118983700
2012-01-13,128.63999938964844,129.0500030517578,127.72000122070312,128.83999633789062,99.85011291503906,179836200
2012-01-17,130.0800018310547,130.32000732421875,128.89999389648438,129.33999633789062,100.23760223388672,132209200
2012-01-18,129.30999755859375,130.83999633789062,129.0800018310547,130.77000427246094,101.34585571289062,163395200
2012-01-19,131.22000122070312,131.57000732421875,130.8000030517578,131.4600067138672,101.880615234375,126328900
2012-01-20,131.24000549316406,131.9499969482422,130.9199981689453,131.9499969482422,102.26036834716797,138230200
2012-01-23,131.50999450683594,132.25,130.97999572753906,131.61000061035156,101.99686431884766,129295800
2012-01-24,130.8000030517578,131.5,130.60000610351562,131.4600067138672,101.880615234375,103083300
2012-01-25,131.25999450683594,132.8699951171875,130.75,132.55999755859375,102.73311614990234,198613200
2012-01-26,133.14999389648438,133.39999389648438,131.36000061035156,131.8800048828125,102.20610809326172,184880500
2012-01-27,131.24000549316406,132.0500030517578,131.14999389648438,131.82000732421875,102.15960693359375,135259100
2012-01-30,130.50999450683594,131.44000244140625,130.05999755859375,131.3699951171875,101.81085205078125,147311800
2012-01-31,132.02000427246094,132.17999267578125,130.67999267578125,131.32000732421875,101.77213287353516,157212000
2012-02-01,132.2899932861328,133.13999938964844,132.1300048828125,132.47000122070312,102.66336822509766,166234500
2012-02-02,132.72999572753906,133.02000427246094,132.2100067138672,132.67999267578125,102.82608032226562,113090400
2012-02-03,134.0,134.6199951171875,133.77000427246094,134.5399932861328,104.26758575439453,160598500
2012-02-06,133.97999572753906,134.50999450683594,133.8300018310547,134.4499969482422,104.19783020019531,107694500
2012-02-07,134.1699981689453,135.02000427246094,133.63999938964844,134.7899932861328,104.46133422851562,135528100
2012-02-08,134.86000061035156,135.22000122070312,134.30999755859375,135.19000244140625,104.77134704589844,139361400
2012-02-09,135.41000366210938,135.58999633789062,134.55999755859375,135.36000061035156,104.90304565429688,148602900
2012-02-10,134.16000366210938,134.47000122070312,133.83999633789062,134.36000061035156,104.12810516357422,167907500
2012-02-13,135.32000732421875,135.52000427246094,134.74000549316406,135.36000061035156,104.90304565429688,115841900
2012-02-14,135.0,135.27000427246094,134.25,135.19000244140625,104.77134704589844,165329500
2012-02-15,135.6300048828125,135.8300018310547,134.2899932861328,134.55999755859375,104.28309631347656,195195100
2012-02-16,134.57000732421875,136.1699981689453,134.3300018310547,136.0500030517578,105.43782043457031,186567800
2012-02-17,136.52000427246094,136.6300048828125,135.9600067138672,136.41000366210938,105.71682739257812,129869400
2012-02-21,136.72999572753906,137.0500030517578,136.0500030517578,136.47000122070312,105.76333618164062,134042300
2012-02-22,136.25999450683594,136.5500030517578,135.7899932861328,136.02999877929688,105.42232513427734,124455300
2012-02-23,135.9600067138672,136.72999572753906,135.5,136.6300048828125,105.88729095458984,137704300
2012-02-24,136.92999267578125,137.1999969482422,136.6300048828125,136.92999267578125,106.11978912353516,105539100
2012-02-27,136.02000427246094,137.52999877929688,135.8000030517578,137.16000366210938,106.29806518554688,145728900
2012-02-28,137.1999969482422,137.72000122070312,136.92999267578125,137.55999755859375,106.6080551147461,129355900
2012-02-29,137.75999450683594,138.19000244140625,136.5399932861328,137.02000427246094,106.1895523071289,185934700
2012-03-01,137.30999755859375,137.99000549316406,136.92999267578125,137.72999572753906,106.73982238769531,145023500
2012-03-02,137.63999938964844,137.82000732421875,137.0,137.30999755859375,106.41434478759766,120638300
2012-03-05,137.10000610351562,137.1999969482422,136.27999877929688,136.75,105.98029327392578,140765000
2012-03-06,135.35000610351562,135.42999267578125,134.36000061035156,134.75,104.43035888671875,202129900
2012-03-07,135.05999755859375,135.91000366210938,134.92999267578125,135.69000244140625,105.15886688232422,143692200
2012-03-08,136.52000427246094,137.32000732421875,136.24000549316406,137.0399932861328,106.205078125,116968900
2012-03-09,137.3000030517578,137.92999267578125,137.1300048828125,137.57000732421875,106.6158447265625,122836800
2012-03-12,137.5500030517578,137.75999450683594,137.08999633789062,137.5800018310547,106.62357330322266,104003500
2012-03-13,138.32000732421875,140.1300048828125,138.08999633789062,140.05999755859375,108.54554748535156,184090500
2012-03-14,140.10000610351562,140.4499969482422,139.47999572753906,139.91000366210938,108.42928314208984,145163600
2012-03-15,140.1199951171875,140.77999877929688,139.75999450683594,140.72000122070312,109.05703735351562,165118500
2012-03-16,140.36000061035156,140.47999572753906,140.0,140.3000030517578,109.20806121826172,152893500
2012-03-19,140.2100067138672,141.27999877929688,140.11000061035156,140.85000610351562,109.63615417480469,125291100
2012-03-20,140.0500030517578,140.61000061035156,139.63999938964844,140.44000244140625,109.31708526611328,121729700
2012-03-21,140.52000427246094,140.64999389648438,139.9199981689453,140.2100067138672,109.13799285888672,122388400
2012-03-22,139.17999267578125,139.5500030517578,138.74000549316406,139.1999969482422,108.3518295288086,135216700
2012-03-23,139.32000732421875,139.80999755859375,138.5500030517578,139.64999389648438,108.70206451416016,120521000
2012-03-26,140.64999389648438,141.61000061035156,140.60000610351562,141.61000061035156,110.22777557373047,120164000
2012-03-27,141.74000549316406,141.8300018310547,141.0800018310547,141.1699981689453,109.88525390625,119868500
2012-03-28,141.10000610351562,141.32000732421875,139.63999938964844,140.47000122070312,109.34037780761719,148562100
2012-03-29,139.63999938964844,140.49000549316406,139.08999633789062,140.22999572753906,109.15357208251953,164963700
2012-03-30,140.9199981689453,141.0500030517578,140.0500030517578,140.80999755859375,109.60504150390625,135486800
2012-04-02,140.63999938964844,142.2100067138672,140.36000061035156,141.83999633789062,110.40676879882812,151741100
2012-04-03,141.63999938964844,141.8800048828125,140.42999267578125,141.25999450683594,109.9553451538086,155806700
2012-04-04,140.22000122070312,140.33999633789062,139.33999633789062,139.86000061035156,108.86552429199219,146896000
2012-04-05,139.3800048828125,140.1999969482422,139.25999450683594,139.7899932861328,108.81108093261719,137439400
2012-04-09,138.02999877929688,139.83999633789062,137.83999633789062,138.22000122070312,107.58900451660156,127555900
2012-04-10,137.9499969482422,138.33999633789062,135.75999450683594,135.89999389648438,105.78316497802734,235360300
2012-04-11,137.2899932861328,137.5399932861328,136.75,137.0,106.63936614990234,154133000
2012-04-12,137.1300048828125,138.89999389648438,137.02999877929688,138.7899932861328,108.03266906738281,154321500
2012-04-13,138.47000122070312,138.82000732421875,137.00999450683594,137.13999938964844,106.74837493896484,169246700
2012-04-16,137.83999633789062,138.0399932861328,136.5800018310547,137.0500030517578,106.67830657958984,147825300
2012-04-17,137.83999633789062,139.36000061035156,137.6999969482422,139.0800018310547,108.2584228515625,147877600
2012-04-18,138.4600067138672,139.0800018310547,138.3800048828125,138.61000061035156,107.8925552368164,123884200
2012-04-19,138.6300048828125,139.14999389648438,137.07000732421875,137.72000122070312,107.1998519897461,198666700
2012-04-20,138.3300018310547,138.8300018310547,137.8699951171875,137.9499969482422,107.37884521484375,143199600
2012-04-23,136.5399932861328,136.91000366210938,135.94000244140625,136.7899932861328,106.47591400146484,171844900
2012-04-24,136.91000366210938,137.66000366210938,136.8000030517578,137.30999755859375,106.88069915771484,137484200
2012-04-25,138.64999389648438,139.25,138.52999877929688,139.19000244140625,108.34406280517578,150252200
2012-04-26,138.88999938964844,140.32000732421875,138.80999755859375,140.16000366210938,109.09907531738281,136291600
2012-04-27,140.5800018310547,140.7899932861328,139.8000030517578,140.38999938964844,109.27813720703125,130725000
2012-04-30,140.11000061035156,140.2100067138672,139.49000549316406,139.8699951171875,108.87333679199219,115092200
2012-05-01,139.7899932861328,141.66000366210938,139.6300048828125,140.74000549316406,109.5505599975586,138832200
2012-05-02,139.9199981689453,140.4600067138672,139.4600067138672,140.32000732421875,109.22364044189453,121081000
2012-05-03,140.33999633789062,140.4499969482422,138.99000549316406,139.25,108.39075469970703,143759700
2012-05-04,138.52000427246094,139.3000030517578,136.9199981689453,137.0,106.63936614990234,193927300
2012-05-07,136.50999450683594,137.55999755859375,136.4600067138672,137.10000610351562,106.71722412109375,127765900
2012-05-08,136.27999877929688,136.77000427246094,134.9199981689453,136.5500030517578,106.28910064697266,213377700
2012-05-09,135.10000610351562,136.61000061035156,134.49000549316406,135.74000549316406,105.65863037109375,220752500
2012-05-10,136.67999267578125,136.85000610351562,135.7100067138672,136.02000427246094,105.87654113769531,150600000
2012-05-11,135.1699981689453,136.8699951171875,135.11000061035156,135.61000061035156,105.55740356445312,153032400
2012-05-14,134.30999755859375,135.61000061035156,133.91000366210938,134.11000061035156,104.38982391357422,163910000
2012-05-15,134.02000427246094,134.80999755859375,133.1300048828125,133.33999633789062,103.79047393798828,207629300
2012-05-16,133.94000244140625,134.5500030517578,132.8000030517578,132.8300018310547,103.39349365234375,207265500
2012-05-17,132.86000061035156,133.02000427246094,130.7899932861328,130.86000061035156,101.86006927490234,247992900
2012-05-18,131.3699951171875,131.60000610351562,129.5500030517578,129.74000549316406,100.9882583618164,319615900
2012-05-21,130.16000366210938,132.02000427246094,129.9499969482422,131.97000122070312,102.72409057617188,177861100
2012-05-22,132.30999755859375,133.22999572753906,131.33999633789062,132.1999969482422,102.90308380126953,197531200
2012-05-23,131.25,132.4600067138672,129.99000549316406,132.27000427246094,102.95761108398438,204958400
2012-05-24,132.6300048828125,132.83999633789062,131.4199981689453,132.52999877929688,103.15998840332031,167357600
2012-05-25,132.47999572753906,132.85000610351562,131.77999877929688,132.10000610351562,102.82527923583984,135465600
2012-05-29,133.16000366210938,133.92999267578125,131.1699981689453,133.6999969482422,104.0706787109375,152883500
2012-05-30,132.55999755859375,133.69000244140625,131.49000549316406,131.75999450683594,102.56060028076172,162370400
2012-05-31,131.7100067138672,132.4499969482422,130.33999633789062,131.47000122070312,102.33486938476562,196186000
2012-06-01,129.41000366210938,131.5,128.16000366210938,128.16000366210938,99.75841522216797,253240900
2012-06-04,128.38999938964844,128.74000549316406,127.13999938964844,128.10000610351562,99.71170806884766,202545800
2012-06-05,127.8499984741211,129.25999450683594,127.77999877929688,129.07000732421875,100.46676635742188,164149400
2012-06-06,129.97000122070312,132.02999877929688,129.92999267578125,131.97000122070312,102.72409057617188,184202800
2012-06-07,133.47000122070312,133.52999877929688,131.77999877929688,132.0500030517578,102.78636932373047,184772700
2012-06-08,131.7100067138672,133.1300048828125,131.2899932861328,133.10000610351562,103.60364532470703,143915400
2012-06-11,134.1699981689453,134.25,131.27999877929688,131.41000366210938,102.28819274902344,169756100
2012-06-12,131.7899932861328,133.00999450683594,131.16000366210938,132.9199981689453,103.46354675292969,181931800
2012-06-13,132.52999877929688,133.36000061035156,131.6199951171875,132.07000732421875,102.80194091796875,172223900
2012-06-14,132.33999633789062,134.0,131.97999572753906,133.47000122070312,103.89164733886719,230615500
2012-06-15,133.3800048828125,134.25999450683594,133.10000610351562,134.13999938964844,104.95414733886719,169444500
2012-06-18,133.5800018310547,134.72999572753906,133.27999877929688,134.39999389648438,105.15763854980469,131360900
2012-06-19,135.0800018310547,136.25,134.3699951171875,135.6999969482422,106.17475891113281,137382600
2012-06-20,135.7100067138672,136.10000610351562,134.27000427246094,135.47999572753906,106.00265502929688,206451800
2012-06-21,135.63999938964844,135.77999877929688,132.3300018310547,132.44000244140625,103.62409973144531,205272200
2012-06-22,133.1300048828125,133.7100067138672,132.6199951171875,133.4600067138672,104.4221420288086,130029200
2012-06-25,132.0500030517578,132.10000610351562,130.85000610351562,131.32000732421875,102.74777221679688,146375700
2012-06-26,131.6999969482422,132.3800048828125,130.92999267578125,131.97999572753906,103.26417541503906,141634000
2012-06-27,132.4199981689453,133.42999267578125,131.97000122070312,133.1699981689453,104.19525146484375,108088000
2012-06-28,132.2899932861328,132.99000549316406,131.27999877929688,132.7899932861328,103.89788818359375,169242100
2012-06-29,135.1999969482422,136.27000427246094,134.85000610351562,136.10000610351562,106.48775482177734,212250900
2012-07-02,136.47999572753906,136.64999389648438,135.52000427246094,136.50999450683594,106.80852508544922,129524500
2012-07-03,136.47999572753906,137.50999450683594,136.33999633789062,137.41000366210938,107.51271057128906,80450000
2012-07-05,136.89999389648438,137.8000030517578,136.2899932861328,136.7899932861328,107.027587890625,126177500
2012-07-06,135.47000122070312,135.77000427246094,134.85000610351562,135.49000549316406,106.01046752929688,151192100
2012-07-09,135.3800048828125,135.57000732421875,134.6999969482422,135.32000732421875,105.87745666503906,103780500
2012-07-10,136.00999450683594,136.22999572753906,133.67999267578125,134.13999938964844,104.95414733886719,167884800
2012-07-11,134.2100067138672,134.60000610351562,133.3800048828125,134.16000366210938,104.96986389160156,141733400
2012-07-12,133.3800048828125,134.22999572753906,132.60000610351562,133.50999450683594,104.46126556396484,143583200
2012-07-13,133.86000061035156,135.88999938964844,133.83999633789062,135.75,106.21389770507812,129642600
2012-07-16,135.44000244140625,135.8300018310547,134.89999389648438,135.42999267578125,105.9635009765625,97525200
2012-07-17,135.97000122070312,136.63999938964844,134.5500030517578,136.36000061035156,106.69114685058594,138860300
2012-07-18,136.0399932861328,137.63999938964844,135.9600067138672,137.3699951171875,107.48143005371094,113349700
2012-07-19,137.64999389648438,138.17999267578125,137.2100067138672,137.72999572753906,107.76309967041016,129847300
2012-07-20,136.9499969482422,137.16000366210938,136.32000732421875,136.47000122070312,106.77723693847656,142904500
2012-07-23,134.47000122070312,136.3800048828125,133.83999633789062,135.08999633789062,105.69750213623047,145210900
2012-07-24,135.19000244140625,135.25,133.02999877929688,133.92999267578125,104.78987121582031,173301200
2012-07-25,134.2100067138672,134.55999755859375,133.25,133.9600067138672,104.8133773803711,129122300
2012-07-26,135.88999938964844,136.4600067138672,135.25999450683594,136.1699981689453,106.54248046875,156526500
2012-07-27,136.88999938964844,139.07000732421875,136.13999938964844,138.67999267578125,108.50640106201172,236768900
2012-07-30,138.52000427246094,139.33999633789062,138.27000427246094,138.67999267578125,108.50640106201172,106782000
2012-07-31,138.49000549316406,138.8699951171875,137.7100067138672,137.7100067138672,107.74746704101562,120575900
2012-08-01,138.6999969482422,138.72999572753906,137.39999389648438,137.58999633789062,107.653564453125,138293800
2012-08-02,136.5500030517578,137.57000732421875,135.5800018310547,136.63999938964844,106.91024017333984,199556600
2012-08-03,138.55999755859375,139.63999938964844,136.67999267578125,139.35000610351562,109.03064727783203,157825000
2012-08-06,139.72000122070312,140.1699981689453,139.55999755859375,139.6199951171875,109.24183654785156,86326200
2012-08-07,140.17999267578125,140.9199981689453,140.02999877929688,140.32000732421875,109.78956604003906,109545100
2012-08-08,139.85000610351562,140.64999389648438,139.80999755859375,140.49000549316406,109.92254638671875,89754700
2012-08-09,140.2899932861328,140.88999938964844,140.14999389648438,140.61000061035156,110.01647186279297,90291700
2012-08-10,140.0399932861328,140.88999938964844,139.80999755859375,140.83999633789062,110.19644165039062,99792700
2012-08-13,140.60000610351562,140.83999633789062,140.0399932861328,140.77000427246094,110.14163208007812,79426900
2012-08-14,141.2899932861328,141.3800048828125,140.3699951171875,140.7899932861328,110.15728759765625,102379400
2012-08-15,140.63999938964844,141.19000244140625,140.5500030517578,140.9499969482422,110.28253173828125,71085900
2012-08-16,141.14999389648438,142.16000366210938,140.8000030517578,141.99000549316406,111.09620666503906,112014200
2012-08-17,142.22999572753906,142.3000030517578,141.86000061035156,142.17999267578125,111.244873046875,90813700
2012-08-20,141.97999572753906,142.22000122070312,141.58999633789062,142.19000244140625,111.25262451171875,78255700
2012-08-21,142.5399932861328,143.08999633789062,141.4499969482422,141.75999450683594,110.9162826538086,105581100
2012-08-22,141.39999389648438,142.0500030517578,141.07000732421875,141.82000732421875,110.96318817138672,133243500
2012-08-23,141.47000122070312,141.47999572753906,140.44000244140625,140.66000366210938,110.05561828613281,111466400
2012-08-24,140.30999755859375,141.8300018310547,140.22000122070312,141.50999450683594,110.72063446044922,99481200
2012-08-27,141.88999938964844,142.0800018310547,141.33999633789062,141.5399932861328,110.74412536621094,68785900
2012-08-28,141.17999267578125,141.83999633789062,140.97000122070312,141.39999389648438,110.63459777832031,75689600
2012-08-29,141.52000427246094,141.88999938964844,141.1199951171875,141.50999450683594,110.72063446044922,65421300
2012-08-30,140.89999389648438,140.94000244140625,140.19000244140625,140.49000549316406,109.92254638671875,96589900
2012-08-31,141.2899932861328,141.82000732421875,140.36000061035156,141.16000366210938,110.44679260253906,151970400
2012-09-04,141.0399932861328,141.4600067138672,140.1300048828125,141.02999877929688,110.34507751464844,120226200
2012-09-05,141.08999633789062,141.47000122070312,140.6300048828125,140.91000366210938,110.25116729736328,100660300
2012-09-06,141.75999450683594,143.77999877929688,141.75,143.77000427246094,112.48889923095703,158272500
2012-09-07,144.00999450683594,144.38999938964844,143.8800048828125,144.3300018310547,112.92704772949219,107272100
2012-09-10,144.19000244140625,144.44000244140625,143.4600067138672,143.50999450683594,112.28549194335938,86458500
2012-09-11,143.60000610351562,144.3699951171875,143.55999755859375,143.91000366210938,112.59846496582031,88760000
2012-09-12,144.38999938964844,144.5500030517578,143.89999389648438,144.38999938964844,112.97404479980469,87640900
2012-09-13,144.3699951171875,147.0399932861328,143.99000549316406,146.58999633789062,114.69534301757812,225470200
2012-09-14,146.8800048828125,148.11000061035156,146.75999450683594,147.24000549316406,115.20391082763672,169777000
2012-09-17,146.94000244140625,147.19000244140625,146.3699951171875,146.74000549316406,114.81271362304688,119427800
2012-09-18,146.49000549316406,146.80999755859375,146.25,146.6199951171875,114.71883392333984,98326600
2012-09-19,146.7899932861328,147.1699981689453,146.41000366210938,146.6999969482422,114.78140258789062,128318300
2012-09-20,146.02999877929688,146.7899932861328,145.6300048828125,146.7100067138672,114.78923034667969,154009800
2012-09-21,146.63999938964844,146.6699981689453,145.80999755859375,145.8699951171875,114.74122619628906,108737500
2012-09-24,145.14999389648438,145.97999572753906,145.0399932861328,145.64999389648438,114.56818389892578,95682000
2012-09-25,145.9600067138672,146.24000549316406,144.05999755859375,144.10000610351562,113.3489761352539,133165200
2012-09-26,144.07000732421875,144.11000061035156,142.9499969482422,143.2899932861328,112.71178436279297,146502200
2012-09-27,143.88999938964844,144.97000122070312,143.50999450683594,144.63999938964844,113.77376556396484,111830300
2012-09-28,144.08999633789062,144.55999755859375,143.4600067138672,143.97000122070312,113.2467041015625,150696100
2012-10-01,144.52000427246094,145.69000244140625,144.00999450683594,144.35000610351562,113.545654296875,135911200
2012-10-02,144.9199981689453,145.14999389648438,143.8300018310547,144.5,113.66361999511719,113422200
2012-10-03,144.88999938964844,145.42999267578125,144.1300048828125,145.08999633789062,114.12772369384766,121283100
2012-10-04,145.63999938964844,146.33999633789062,145.44000244140625,146.1300048828125,114.94575500488281,124311600
2012-10-05,146.91000366210938,147.16000366210938,145.6999969482422,146.13999938964844,114.95362091064453,124842100
2012-10-08,145.60000610351562,146.1199951171875,145.30999755859375,145.63999938964844,114.56035614013672,78415400
2012-10-09,145.52999877929688,145.64999389648438,144.14999389648438,144.1999969482422,113.42764282226562,148872900
2012-10-10,144.17999267578125,144.32000732421875,143.08999633789062,143.27999877929688,112.70398712158203,124247500
2012-10-11,144.27999877929688,144.49000549316406,143.3300018310547,143.36000061035156,112.76689910888672,123601500
2012-10-12,143.4600067138672,143.9499969482422,142.5800018310547,142.88999938964844,112.3971939086914,124181900
2012-10-15,143.22999572753906,144.22999572753906,142.77000427246094,144.0800018310547,113.33322143554688,107689100
2012-10-16,144.75999450683594,145.63999938964844,144.66000366210938,145.5399932861328,114.48168182373047,108815500
2012-10-17,145.63999938964844,146.32000732421875,145.4199981689453,146.1999969482422,115.0008773803711,128834100
2012-10-18,145.82000732421875,146.52000427246094,145.3300018310547,145.82000732421875,114.70193481445312,148108500
2012-10-19,145.5500030517578,145.55999755859375,143.0500030517578,143.38999938964844,112.79048156738281,185645200
2012-10-22,143.14999389648438,143.6699981689453,142.27999877929688,143.41000366210938,112.8062515258789,125578600
2012-10-23,141.86000061035156,142.05999755859375,140.8300018310547,141.4199981689453,111.24089050292969,192056300
2012-10-24,141.92999267578125,142.10000610351562,140.8000030517578,141.02000427246094,110.92631530761719,120179400
2012-10-25,142.02000427246094,142.27999877929688,140.57000732421875,141.42999267578125,111.24870300292969,134457400
2012-10-26,141.3000030517578,141.83999633789062,140.38999938964844,141.35000610351562,111.18583679199219,146023500
2012-10-31,141.85000610351562,142.02999877929688,140.67999267578125,141.35000610351562,111.18583679199219,103438500
2012-11-01,141.64999389648438,143.00999450683594,141.52000427246094,142.8300018310547,112.3499984741211,100995600
2012-11-02,143.67999267578125,143.72000122070312,141.41000366210938,141.55999755859375,111.35103607177734,137702200
2012-11-05,141.35000610351562,142.1699981689453,140.92999267578125,141.85000610351562,111.5791244506836,98378500
2012-11-06,142.27999877929688,143.52000427246094,142.1300048828125,142.9600067138672,112.45226287841797,107068100
2012-11-07,141.66000366210938,141.67999267578125,139.05999755859375,139.72000122070312,109.90367126464844,264304500
2012-11-08,139.6999969482422,140.41000366210938,137.92999267578125,138.0399932861328,108.58219146728516,181517300
2012-11-09,137.6199951171875,139.44000244140625,137.5500030517578,138.16000366210938,108.67659759521484,201055300
2012-11-12,138.58999633789062,138.80999755859375,137.9600067138672,138.27000427246094,108.76313781738281,97677500
2012-11-13,137.5399932861328,139.25,137.36000061035156,137.7899932861328,108.38554382324219,123018300
2012-11-14,138.2100067138672,138.42999267578125,135.6199951171875,135.92999267578125,106.92242431640625,191505000
2012-11-15,135.97999572753906,136.49000549316406,135.17999267578125,135.6999969482422,106.74153900146484,178128400
2012-11-16,135.89999389648438,136.63999938964844,134.6999969482422,136.3699951171875,107.26854705810547,239483900
2012-11-19,137.89999389648438,139.14999389648438,136.41000366210938,139.1300048828125,109.4395751953125,151495800
2012-11-20,138.91000366210938,139.4199981689453,138.0800018310547,139.19000244140625,109.4867935180664,119807400
2012-11-21,139.30999755859375,139.57000732421875,139.02999877929688,139.4499969482422,109.6913070678711,81710800
2012-11-23,140.1300048828125,141.39999389648438,140.0399932861328,141.35000610351562,111.18583679199219,65409200
2012-11-26,140.64999389648438,141.36000061035156,140.19000244140625,141.0500030517578,110.94986724853516,100124400
2012-11-27,140.91000366210938,141.38999938964844,140.24000549316406,140.3300018310547,110.38350677490234,128646200
2012-11-28,139.75999450683594,141.5399932861328,139.0,141.4600067138672,111.2723617553711,177086500
2012-11-29,141.99000549316406,142.50999450683594,141.3699951171875,142.1199951171875,111.7915267944336,151085900
2012-11-30,142.13999938964844,142.4199981689453,141.66000366210938,142.14999389648438,111.81512451171875,136568300
2012-12-03,142.8000030517578,142.9199981689453,141.33999633789062,141.4499969482422,111.26446533203125,124656300
2012-12-04,141.44000244140625,141.8699951171875,140.8699951171875,141.25,111.10713958740234,127512200
2012-12-05,141.3699951171875,142.16000366210938,140.3699951171875,141.5,111.30384063720703,147300500
2012-12-06,141.3699951171875,142.0399932861328,141.16000366210938,141.97999572753906,111.68138122558594,103220600
2012-12-07,142.52999877929688,142.69000244140625,141.6699981689453,142.41000366210938,112.01959991455078,108726400
2012-12-10,142.2100067138672,142.80999755859375,142.14999389648438,142.47000122070312,112.06686401367188,98840700
2012-12-11,143.05999755859375,144.11000061035156,142.99000549316406,143.44000244140625,112.82986450195312,152570400
2012-12-12,144.0,144.5500030517578,143.30999755859375,143.50999450683594,112.8849105834961,145880100
2012-12-13,143.4199981689453,143.8300018310547,142.27000427246094,142.6300048828125,112.19266510009766,135715000
2012-12-14,142.32000732421875,142.5800018310547,141.8800048828125,142.10000610351562,111.77583312988281,137701700
2012-12-17,142.47000122070312,143.85000610351562,142.42999267578125,143.77000427246094,113.08946228027344,143238200
2012-12-18,144.0,145.5,143.7899932861328,145.3699951171875,114.34797668457031,177762800
2012-12-19,145.52999877929688,145.5800018310547,144.24000549316406,144.2899932861328,113.49842071533203,150895400
2012-12-20,144.3800048828125,145.13999938964844,143.97999572753906,145.1199951171875,114.15130615234375,168487000
2012-12-21,142.1699981689453,144.08999633789062,141.94000244140625,142.7899932861328,113.11514282226562,245883800
2012-12-24,142.47999572753906,142.55999755859375,142.19000244140625,142.35000610351562,112.76659393310547,53874600
2012-12-26,142.63999938964844,142.7100067138672,141.35000610351562,141.75,112.29126739501953,106947700
2012-12-27,141.7899932861328,142.0800018310547,139.9199981689453,141.55999755859375,112.14080047607422,167920600
2012-12-28,140.63999938964844,141.4199981689453,139.8699951171875,140.02999877929688,110.92877960205078,148806700
2012-12-31,139.66000366210938,142.55999755859375,139.5399932861328,142.41000366210938,112.81412506103516,243935200
2013-01-02,145.11000061035156,146.14999389648438,144.72999572753906,146.05999755859375,115.7055435180664,192059000
2013-01-03,145.99000549316406,146.3699951171875,145.33999633789062,145.72999572753906,115.44415283203125,144761800
2013-01-04,145.97000122070312,146.61000061035156,145.6699981689453,146.3699951171875,115.95117950439453,116817700
2013-01-07,145.85000610351562,146.11000061035156,145.42999267578125,145.97000122070312,115.63430786132812,110002500
2013-01-08,145.7100067138672,145.91000366210938,144.97999572753906,145.5500030517578,115.30157470703125,121265100
2013-01-09,145.8699951171875,146.32000732421875,145.63999938964844,145.9199981689453,115.59465026855469,90745600
2013-01-10,146.72999572753906,147.08999633789062,145.97000122070312,147.0800018310547,116.51359558105469,130735400
2013-01-11,147.0399932861328,147.14999389648438,146.61000061035156,147.07000732421875,116.5056381225586,113917300
2013-01-14,146.88999938964844,147.07000732421875,146.42999267578125,146.97000122070312,116.42648315429688,89567200
2013-01-15,146.2899932861328,147.2100067138672,146.1999969482422,147.07000732421875,116.5056381225586,93172600
2013-01-16,146.77000427246094,147.27999877929688,146.61000061035156,147.0500030517578,116.48982238769531,104849500
2013-01-17,147.6999969482422,148.4199981689453,147.14999389648438,148.0,117.24241638183594,133833500
2013-01-18,147.97000122070312,148.49000549316406,147.42999267578125,148.3300018310547,117.50382232666016,169906000
2013-01-22,148.3300018310547,149.1300048828125,147.97999572753906,149.1300048828125,118.13762664794922,111797300
2013-01-23,149.1300048828125,149.5,148.86000061035156,149.3699951171875,118.32769012451172,104596100
2013-01-24,149.14999389648438,150.13999938964844,149.00999450683594,149.41000366210938,118.35940551757812,146426400
2013-01-25,149.8800048828125,150.25,149.3699951171875,150.25,119.0247573852539,147211600
2013-01-28,150.2899932861328,150.3300018310547,149.50999450683594,150.07000732421875,118.88219451904297,113357700
2013-01-29,149.77000427246094,150.85000610351562,149.6699981689453,150.66000366210938,119.34959411621094,105694400
2013-01-30,150.63999938964844,150.94000244140625,149.92999267578125,150.07000732421875,118.88219451904297,137447700
2013-01-31,149.88999938964844,150.3800048828125,149.60000610351562,149.6999969482422,118.5890884399414,108975800
2013-02-01,150.64999389648438,151.4199981689453,150.38999938964844,151.24000549316406,119.8090591430664,131173000
2013-02-04,150.32000732421875,151.27000427246094,149.42999267578125,149.5399932861328,118.4623794555664,159073600
2013-02-05,150.35000610351562,151.47999572753906,150.2899932861328,151.0500030517578,119.65853881835938,113912400
2013-02-06,150.52000427246094,151.25999450683594,150.41000366210938,151.16000366210938,119.74568176269531,138762800
2013-02-07,151.2100067138672,151.35000610351562,149.86000061035156,150.9600067138672,119.5871810913086,162490000
2013-02-08,151.22000122070312,151.88999938964844,151.22000122070312,151.8000030517578,120.2526626586914,103133700
2013-02-11,151.74000549316406,151.89999389648438,151.38999938964844,151.77000427246094,120.22889709472656,73775000
2013-02-12,151.77999877929688,152.3000030517578,151.61000061035156,152.02000427246094,120.42699432373047,65392700
2013-02-13,152.3300018310547,152.61000061035156,151.72000122070312,152.14999389648438,120.5298843383789,82322600
2013-02-14,151.69000244140625,152.47000122070312,151.52000427246094,152.2899932861328,120.64085388183594,80834300
2013-02-15,152.42999267578125,152.58999633789062,151.5500030517578,152.11000061035156,120.49823760986328,215226500
2013-02-19,152.3699951171875,153.27999877929688,152.16000366210938,153.25,121.4013442993164,95105400
2013-02-20,153.13999938964844,153.19000244140625,151.25999450683594,151.33999633789062,119.88827514648438,160574800
2013-02-21,150.9600067138672,151.4199981689453,149.94000244140625,150.4199981689453,119.15946960449219,183257000
2013-02-22,151.14999389648438,151.88999938964844,150.49000549316406,151.88999938964844,120.32402038574219,106356600
2013-02-25,152.6300048828125,152.86000061035156,149.0,149.0,118.03461456298828,245824800
2013-02-26,149.72000122070312,150.1999969482422,148.72999572753906,150.02000427246094,118.8426513671875,186596200
2013-02-27,149.88999938964844,152.3300018310547,149.75999450683594,151.91000366210938,120.33985137939453,150781900
2013-02-28,151.89999389648438,152.8699951171875,151.41000366210938,151.61000061035156,120.1021728515625,126866000
2013-03-01,151.08999633789062,152.33999633789062,150.41000366210938,152.11000061035156,120.49823760986328,170634800
2013-03-04,151.75999450683594,152.9199981689453,151.52000427246094,152.9199981689453,121.13993072509766,99010200
2013-03-05,153.66000366210938,154.6999969482422,153.63999938964844,154.2899932861328,122.22518920898438,121431900
2013-03-06,154.83999633789062,154.9199981689453,154.16000366210938,154.5,122.39158630371094,94469900
2013-03-07,154.6999969482422,154.97999572753906,154.52000427246094,154.77999877929688,122.61335754394531,86101400
2013-03-08,155.4600067138672,155.64999389648438,154.66000366210938,155.44000244140625,123.1362075805664,123477800
2013-03-11,155.32000732421875,156.0399932861328,155.1300048828125,156.02999877929688,123.60359954833984,83746800
2013-03-12,155.9199981689453,156.10000610351562,155.2100067138672,155.67999267578125,123.32637023925781,105755800
2013-03-13,155.75999450683594,156.1199951171875,155.22999572753906,155.89999389648438,123.50068664550781,92550900
2013-03-14,156.30999755859375,156.8000030517578,155.91000366210938,156.72999572753906,124.15814208984375,126329900
2013-03-15,155.85000610351562,156.0399932861328,155.30999755859375,155.8300018310547,123.99422454833984,138601100
2013-03-18,154.33999633789062,155.63999938964844,154.1999969482422,154.97000122070312,123.30992126464844,126704300
2013-03-19,155.3000030517578,155.50999450683594,153.58999633789062,154.61000061035156,123.02345275878906,167567300
2013-03-20,155.52000427246094,155.9499969482422,155.25999450683594,155.69000244140625,123.88282012939453,113759300
2013-03-21,154.75999450683594,155.63999938964844,154.10000610351562,154.36000061035156,122.82454681396484,128605000
2013-03-22,154.85000610351562,155.60000610351562,154.72999572753906,155.60000610351562,123.81121063232422,111163600
2013-03-25,156.00999450683594,156.27000427246094,154.35000610351562,154.9499969482422,123.29397583007812,151322300
2013-03-26,155.58999633789062,156.22999572753906,155.4199981689453,156.19000244140625,124.28069305419922,86856600
2013-03-27,155.25999450683594,156.24000549316406,155.0,156.19000244140625,124.28069305419922,99950600
2013-03-28,156.08999633789062,156.85000610351562,155.75,156.6699981689453,124.66261291503906,102932800
2013-04-01,156.58999633789062,156.91000366210938,155.6699981689453,156.0500030517578,124.16925048828125,99194100
2013-04-02,156.61000061035156,157.2100067138672,156.3699951171875,156.82000732421875,124.78194427490234,101504300
2013-04-03,156.91000366210938,157.02999877929688,154.82000732421875,155.22999572753906,123.51676940917969,154167400
2013-04-04,155.42999267578125,156.1699981689453,155.08999633789062,155.86000061035156,124.01805114746094,131885000
2013-04-05,153.9499969482422,155.35000610351562,153.77000427246094,155.16000366210938,123.46101379394531,159666000
2013-04-08,155.27000427246094,156.22000122070312,154.75,156.2100067138672,124.29658508300781,86571200
2013-04-09,156.5,157.32000732421875,155.97999572753906,156.75,124.72624206542969,101922200
2013-04-10,157.1699981689453,158.8699951171875,157.1300048828125,158.6699981689453,126.25402069091797,135711100
2013-04-11,158.6999969482422,159.7100067138672,158.5399932861328,159.19000244140625,126.66779327392578,110142500
2013-04-12,158.67999267578125,159.0399932861328,157.9199981689453,158.8000030517578,126.357421875,116359900
2013-04-15,158.0,158.1300048828125,155.10000610351562,155.1199951171875,123.42925262451172,217259000
2013-04-16,156.2899932861328,157.49000549316406,155.91000366210938,157.41000366210938,125.25142669677734,147507800
2013-04-17,156.2899932861328,156.32000732421875,154.27999877929688,155.11000061035156,123.42131805419922,226834800
2013-04-18,155.3699951171875,155.41000366210938,153.5500030517578,154.13999938964844,122.6494369506836,167583200
2013-04-19,154.5,155.5500030517578,154.1199951171875,155.47999572753906,123.71566772460938,149687600
2013-04-22,155.77999877929688,156.5399932861328,154.75,156.1699981689453,124.2647705078125,106553500
2013-04-23,156.9499969482422,157.92999267578125,156.1699981689453,157.77999877929688,125.54582977294922,166141300
2013-04-24,157.8300018310547,158.3000030517578,157.5399932861328,157.8800048828125,125.62538146972656,96781200
2013-04-25,158.33999633789062,159.27000427246094,158.10000610351562,158.52000427246094,126.13465881347656,131060600
2013-04-26,158.3300018310547,158.60000610351562,157.72999572753906,158.24000549316406,125.91181945800781,95918800
2013-04-29,158.6699981689453,159.64999389648438,158.4199981689453,159.3000030517578,126.75528717041016,88572800
2013-04-30,159.27000427246094,159.72000122070312,158.61000061035156,159.67999267578125,127.05763244628906,116010700
2013-05-01,159.3300018310547,159.41000366210938,158.10000610351562,158.27999877929688,125.94367218017578,138874200
2013-05-02,158.67999267578125,159.88999938964844,158.52999877929688,159.75,127.11338806152344,96407600
2013-05-03,161.13999938964844,161.8800048828125,159.77999877929688,161.3699951171875,128.4023895263672,144202300
2013-05-06,161.49000549316406,162.00999450683594,161.4199981689453,161.77999877929688,128.7285919189453,66882100
2013-05-07,162.1300048828125,162.64999389648438,161.6699981689453,162.60000610351562,129.38107299804688,90359200
2013-05-08,162.4199981689453,163.38999938964844,162.3300018310547,163.33999633789062,129.96994018554688,97419200
2013-05-09,163.27000427246094,163.6999969482422,162.47000122070312,162.8800048828125,129.6039581298828,106738600
2013-05-10,162.99000549316406,163.5500030517578,162.50999450683594,163.41000366210938,130.02561950683594,103203000
2013-05-13,163.1999969482422,163.80999755859375,162.82000732421875,163.5399932861328,130.12904357910156,81843200
2013-05-14,163.6699981689453,165.35000610351562,163.6699981689453,165.22999572753906,131.47377014160156,119000900
2013-05-15,164.9600067138672,166.4499969482422,164.91000366210938,166.1199951171875,132.1819610595703,120718500
2013-05-16,165.77999877929688,166.36000061035156,165.08999633789062,165.33999633789062,131.56130981445312,109913600
2013-05-17,165.9499969482422,167.0399932861328,165.72999572753906,166.94000244140625,132.83444213867188,129801000
2013-05-20,166.77999877929688,167.5800018310547,166.61000061035156,166.92999267578125,132.82647705078125,85071200
2013-05-21,167.0800018310547,167.8000030517578,166.5,167.1699981689453,133.01744079589844,95804200
2013-05-22,167.33999633789062,169.07000732421875,165.1699981689453,165.92999267578125,132.0308074951172,244031800
2013-05-23,164.16000366210938,165.91000366210938,163.94000244140625,165.4499969482422,131.64889526367188,211064400
2013-05-24,164.47000122070312,165.3800048828125,163.97999572753906,165.30999755859375,131.5374298095703,151573900
2013-05-28,167.0399932861328,167.77999877929688,165.80999755859375,166.3000030517578,132.32525634765625,143679800
2013-05-29,165.4199981689453,165.8000030517578,164.33999633789062,165.22000122070312,131.46583557128906,160363400
2013-05-30,165.35000610351562,166.58999633789062,165.22000122070312,165.8300018310547,131.95118713378906,107793800
2013-05-31,165.3699951171875,166.30999755859375,163.1300048828125,163.4499969482422,130.0574493408203,176850100
2013-06-03,163.8300018310547,164.4600067138672,162.66000366210938,164.35000610351562,130.7736053466797,168390700
2013-06-04,164.44000244140625,165.10000610351562,162.72999572753906,163.55999755859375,130.14491271972656,157631500
2013-06-05,163.08999633789062,163.4199981689453,161.1300048828125,161.27000427246094,128.32284545898438,211737800
2013-06-06,161.1999969482422,162.74000549316406,160.25,162.72999572753906,129.4845428466797,200225500
2013-06-07,163.85000610351562,164.9499969482422,163.13999938964844,164.8000030517578,131.13162231445312,188337800
2013-06-10,165.30999755859375,165.39999389648438,164.3699951171875,164.8000030517578,131.13162231445312,105667100
2013-06-11,163.3000030517578,164.5399932861328,162.74000549316406,163.10000610351562,129.77894592285156,159505400
2013-06-12,164.22000122070312,164.38999938964844,161.60000610351562,161.75,128.7047576904297,177361500
2013-06-13,161.66000366210938,164.5,161.3000030517578,164.2100067138672,130.66217041015625,163587800
2013-06-14,164.02999877929688,164.6699981689453,162.91000366210938,163.17999267578125,129.84259033203125,141197500
2013-06-17,164.2899932861328,165.22000122070312,163.22000122070312,164.44000244140625,130.84515380859375,136295600
2013-06-18,164.52999877929688,165.99000549316406,164.52000427246094,165.74000549316406,131.87957763671875,114695600
2013-06-19,165.60000610351562,165.88999938964844,163.3800048828125,163.4499969482422,130.0574493408203,206149500
2013-06-20,161.86000061035156,163.47000122070312,158.97999572753906,159.39999389648438,126.8348388671875,321255900
2013-06-21,159.63999938964844,159.75999450683594,157.47000122070312,159.07000732421875,127.2420425415039,271956800
2013-06-24,157.41000366210938,158.42999267578125,155.72999572753906,157.05999755859375,125.63417053222656,222329000
2013-06-25,158.47999572753906,160.10000610351562,157.4199981689453,158.57000732421875,126.84202575683594,162262200
2013-06-26,159.8699951171875,160.5,159.25,160.13999938964844,128.09791564941406,134848000
2013-06-27,161.10000610351562,161.82000732421875,160.9499969482422,161.0800018310547,128.84976196289062,129483700
2013-06-28,160.6300048828125,161.39999389648438,159.86000061035156,160.4199981689453,128.3218994140625,160402900
2013-07-01,161.25999450683594,162.47999572753906,161.0800018310547,161.36000061035156,129.07383728027344,131954800
2013-07-02,161.1199951171875,162.3000030517578,160.5,161.2100067138672,128.95379638671875,154863700
2013-07-03,160.47999572753906,161.77000427246094,160.22000122070312,161.27999877929688,129.00979614257812,75216400
2013-07-05,162.47000122070312,163.0800018310547,161.3000030517578,163.02000427246094,130.40164184570312,122416900
2013-07-08,163.86000061035156,164.38999938964844,163.0800018310547,163.9499969482422,131.1455841064453,108092500
2013-07-09,164.97999572753906,165.3300018310547,164.27000427246094,165.1300048828125,132.08944702148438,119298000
2013-07-10,164.97000122070312,165.75,164.6300048828125,165.19000244140625,132.137451171875,121410100
2013-07-11,167.11000061035156,167.61000061035156,165.17999267578125,167.44000244140625,133.93728637695312,135592200
2013-07-12,167.38999938964844,167.92999267578125,167.1300048828125,167.50999450683594,133.99330139160156,104212700
2013-07-15,167.97000122070312,168.38999938964844,167.67999267578125,168.14999389648438,134.5052032470703,69450600
2013-07-16,168.25999450683594,168.36000061035156,167.07000732421875,167.52000427246094,134.00128173828125,88702100
2013-07-17,168.16000366210938,168.47999572753906,167.72999572753906,167.9499969482422,134.34518432617188,92873900
2013-07-18,168.30999755859375,169.27000427246094,168.1999969482422,168.8699951171875,135.0811309814453,103620100
2013-07-19,168.52000427246094,169.22999572753906,168.30999755859375,169.1699981689453,135.32110595703125,103831700
2013-07-22,169.41000366210938,169.74000549316406,169.00999450683594,169.5,135.5851287841797,79428600
2013-07-23,169.8000030517578,169.8300018310547,169.0500030517578,169.13999938964844,135.2970733642578,80829700
2013-07-24,169.7899932861328,169.86000061035156,168.17999267578125,168.52000427246094,134.80116271972656,112914000
2013-07-25,168.22000122070312,169.0800018310547,167.94000244140625,168.92999267578125,135.12911987304688,111088600
2013-07-26,168.22000122070312,169.16000366210938,167.52000427246094,169.11000061035156,135.27310180664062,107814600
2013-07-29,168.67999267578125,169.05999755859375,168.11000061035156,168.58999633789062,134.85719299316406,79695000
2013-07-30,169.10000610351562,169.27999877929688,168.19000244140625,168.58999633789062,134.85719299316406,85209600
2013-07-31,168.94000244140625,169.85000610351562,168.49000549316406,168.7100067138672,134.95318603515625,142388700
2013-08-01,169.99000549316406,170.80999755859375,169.89999389648438,170.66000366210938,136.51303100585938,110438400
2013-08-02,170.27999877929688,170.97000122070312,170.0500030517578,170.9499969482422,136.74493408203125,91116700
2013-08-05,170.57000732421875,170.9600067138672,170.35000610351562,170.6999969482422,136.54498291015625,54072700
2013-08-06,170.3699951171875,170.74000549316406,169.35000610351562,169.72999572753906,135.76905822753906,87495000
2013-08-07,169.19000244140625,169.42999267578125,168.5500030517578,169.17999267578125,135.3291473388672,84854700
2013-08-08,169.97999572753906,170.17999267578125,168.92999267578125,169.8000030517578,135.82510375976562,102181300
2013-08-09,169.5800018310547,170.10000610351562,168.72000122070312,169.30999755859375,135.43310546875,91757700
2013-08-12,168.4600067138672,169.30999755859375,168.3800048828125,169.11000061035156,135.27310180664062,68593300
2013-08-13,169.41000366210938,169.89999389648438,168.41000366210938,169.61000061035156,135.67311096191406,80806000
2013-08-14,169.52999877929688,169.8000030517578,168.6999969482422,168.74000549316406,134.97715759277344,79829200
2013-08-15,167.41000366210938,167.42999267578125,166.08999633789062,166.3800048828125,133.08935546875,152931800
2013-08-16,166.05999755859375,166.6300048828125,165.5,165.8300018310547,132.64938354492188,130868200
2013-08-19,165.63999938964844,166.2100067138672,164.75999450683594,164.77000427246094,131.801513671875,96437600
2013-08-20,165.0399932861328,166.1999969482422,164.86000061035156,165.5800018310547,132.44944763183594,89294400
2013-08-21,165.1199951171875,166.02999877929688,164.19000244140625,164.55999755859375,131.63357543945312,159530500
2013-08-22,164.89999389648438,166.3000030517578,164.88999938964844,166.05999755859375,132.83338928222656,101471400
2013-08-23,166.5500030517578,166.8300018310547,165.77000427246094,166.6199951171875,133.28135681152344,90888900
2013-08-26,166.7899932861328,167.3000030517578,165.88999938964844,166.0,132.78536987304688,89702100
2013-08-27,164.36000061035156,166.0,163.2100067138672,163.3300018310547,130.64967346191406,158619400
2013-08-28,163.25999450683594,164.49000549316406,163.0500030517578,163.91000366210938,131.11355590820312,108113000
2013-08-29,163.5500030517578,165.0399932861328,163.39999389648438,164.1699981689453,131.3215789794922,119200500
2013-08-30,164.50999450683594,164.52999877929688,163.1699981689453,163.64999389648438,130.90562438964844,134928900
2013-09-03,165.22999572753906,165.5800018310547,163.6999969482422,164.38999938964844,131.49758911132812,142375100
2013-09-04,164.42999267578125,166.02999877929688,164.1300048828125,165.75,132.58538818359375,97389400
2013-09-05,165.85000610351562,166.39999389648438,165.72999572753906,165.9600067138672,132.75343322753906,63090500
2013-09-06,166.50999450683594,166.97999572753906,164.47999572753906,166.0399932861328,132.8174285888672,159756500
2013-09-09,166.4499969482422,167.72999572753906,166.4499969482422,167.6300048828125,134.0892791748047,87559300
2013-09-10,168.63999938964844,168.89999389648438,168.25999450683594,168.8699951171875,135.0811309814453,105847200
2013-09-11,168.63999938964844,169.39999389648438,168.35000610351562,169.39999389648438,135.50515747070312,94545900
2013-09-12,169.33999633789062,169.55999755859375,168.72000122070312,168.9499969482422,135.14511108398438,83209000
2013-09-13,169.1300048828125,169.4600067138672,168.74000549316406,169.3300018310547,135.44911193847656,72727800
2013-09-16,171.16000366210938,171.24000549316406,170.0399932861328,170.30999755859375,136.23306274414062,106299200
2013-09-17,170.4600067138672,171.11000061035156,170.4600067138672,171.07000732421875,136.84097290039062,82523300
2013-09-18,171.00999450683594,173.52000427246094,170.5800018310547,173.0500030517578,138.42483520507812,203460600
2013-09-19,173.52000427246094,173.60000610351562,172.58999633789062,172.75999450683594,138.19281005859375,146616900
2013-09-20,172.3300018310547,172.3300018310547,170.5800018310547,170.72000122070312,137.2266082763672,132867100
2013-09-23,170.49000549316406,170.64999389648438,169.38999938964844,169.92999267578125,136.5916290283203,104616500
2013-09-24,169.89999389648438,170.52999877929688,169.2100067138672,169.52999877929688,136.27011108398438,106333100
2013-09-25,169.63999938964844,169.97999572753906,168.88999938964844,169.0399932861328,135.87620544433594,117306500
2013-09-26,169.32000732421875,170.1699981689453,169.0500030517578,169.69000244140625,136.398681640625,77146900
2013-09-27,168.83999633789062,169.13999938964844,168.47000122070312,168.91000366210938,135.77174377441406,99141800
2013-09-30,167.47999572753906,168.5399932861328,167.14999389648438,168.00999450683594,135.04830932617188,143937000
2013-10-01,168.13999938964844,169.5,167.97000122070312,169.33999633789062,136.11734008789062,127160000
2013-10-02,168.35000610351562,169.33999633789062,167.8300018310547,169.17999267578125,135.98876953125,113350000
2013-10-03,168.7899932861328,168.94000244140625,166.83999633789062,167.6199951171875,134.73477172851562,176698000
2013-10-04,167.75,169.05999755859375,167.52999877929688,168.88999938964844,135.7556610107422,96878000
2013-10-07,167.4199981689453,168.4499969482422,167.25,167.42999267578125,134.58212280273438,96295000
2013-10-08,167.39999389648438,167.6199951171875,165.36000061035156,165.47999572753906,133.01466369628906,178015000
2013-10-09,165.8000030517578,166.1999969482422,164.52999877929688,165.60000610351562,133.11109924316406,168973000
2013-10-10,167.2899932861328,169.25999450683594,167.22999572753906,169.1699981689453,135.980712890625,195955000
2013-10-11,168.91000366210938,170.32000732421875,168.77000427246094,170.25999450683594,136.8568878173828,105040000
2013-10-14,169.2100067138672,171.0800018310547,169.0800018310547,170.94000244140625,137.40350341796875,112106000
2013-10-15,170.50999450683594,171.14999389648438,169.47000122070312,169.6999969482422,136.40675354003906,155485000
2013-10-16,170.72000122070312,172.16000366210938,170.63999938964844,172.07000732421875,138.3118133544922,161676000
2013-10-17,171.3699951171875,173.32000732421875,171.33999633789062,173.22000122070312,139.2361602783203,129389000
2013-10-18,173.86000061035156,174.50999450683594,173.50999450683594,174.38999938964844,140.17654418945312,138316000
2013-10-21,174.4499969482422,174.75,174.00999450683594,174.39999389648438,140.1846160888672,104104000
2013-10-22,174.91000366210938,175.92999267578125,174.42999267578125,175.41000366210938,140.99652099609375,126663000
2013-10-23,174.80999755859375,174.88999938964844,173.9600067138672,174.57000732421875,140.3212890625,105484000
2013-10-24,174.9199981689453,175.3699951171875,174.50999450683594,175.14999389648438,140.78753662109375,70350000
2013-10-25,175.50999450683594,176.0,175.1699981689453,175.9499969482422,141.43055725097656,93625000
2013-10-28,175.88999938964844,176.47000122070312,175.6999969482422,176.22999572753906,141.65565490722656,84979000
2013-10-29,176.6300048828125,177.24000549316406,176.3800048828125,177.1699981689453,142.41122436523438,87401000
2013-10-30,177.3800048828125,177.50999450683594,175.66000366210938,176.2899932861328,141.703857421875,140002000
2013-10-31,176.14999389648438,176.88999938964844,175.52999877929688,175.7899932861328,141.30197143554688,133795000
2013-11-01,176.02000427246094,176.61000061035156,175.22000122070312,176.2100067138672,141.63955688476562,142805000
2013-11-04,176.69000244140625,176.89999389648438,175.97999572753906,176.8300018310547,142.137939453125,85677000
2013-11-05,176.13999938964844,176.75,175.57000732421875,176.27000427246094,141.68777465820312,85825000
2013-11-06,177.02999877929688,177.5,176.5399932861328,177.1699981689453,142.41122436523438,87348000
2013-11-07,177.5,177.63999938964844,174.75999450683594,174.92999267578125,140.61062622070312,157000000
2013-11-08,174.8699951171875,177.30999755859375,174.85000610351562,177.2899932861328,142.50767517089844,136713000
2013-11-11,177.1199951171875,177.52999877929688,176.91000366210938,177.32000732421875,142.53176879882812,62614000
2013-11-12,176.94000244140625,177.36000061035156,176.3699951171875,176.9600067138672,142.24241638183594,83990000
2013-11-13,176.08999633789062,178.42999267578125,176.08999633789062,178.3800048828125,143.38380432128906,103844000
2013-11-14,178.5399932861328,179.4199981689453,178.25,179.27000427246094,144.09922790527344,103435000
2013-11-15,179.55999755859375,180.1199951171875,179.3300018310547,180.0500030517578,144.7261962890625,102818000
2013-11-18,180.35000610351562,180.5,179.02000427246094,179.4199981689453,144.2197723388672,104796000
2013-11-19,179.3300018310547,179.8699951171875,178.72000122070312,179.02999877929688,143.90628051757812,93891000
2013-11-20,179.38999938964844,179.92999267578125,177.97999572753906,178.47000122070312,143.45616149902344,124909000
2013-11-21,178.97000122070312,180.0500030517578,178.86000061035156,179.91000366210938,144.6136474609375,92841000
2013-11-22,179.97999572753906,180.8300018310547,179.77000427246094,180.80999755859375,145.33705139160156,81296000
2013-11-25,181.1300048828125,181.1699981689453,180.3699951171875,180.6300048828125,145.19239807128906,79486000
2013-11-26,180.72000122070312,181.22000122070312,180.41000366210938,180.67999267578125,145.2324981689453,86994000
2013-11-27,180.8699951171875,181.24000549316406,180.64999389648438,181.1199951171875,145.58624267578125,58800000
2013-11-29,181.32000732421875,181.75,180.8000030517578,181.0,145.48980712890625,55870900
2013-12-02,181.08999633789062,181.42999267578125,180.25,180.52999877929688,145.11199951171875,99726000
2013-12-03,179.94000244140625,180.38999938964844,179.1699981689453,179.75,144.48501586914062,116563000
2013-12-04,179.10000610351562,180.47999572753906,178.35000610351562,179.72999572753906,144.46900939941406,123033000
2013-12-05,179.41000366210938,179.74000549316406,178.77000427246094,178.94000244140625,143.83396911621094,106934000
2013-12-06,180.6699981689453,181.11000061035156,180.14999389648438,180.94000244140625,145.4416046142578,127728000
2013-12-09,181.47000122070312,181.6699981689453,181.16000366210938,181.39999389648438,145.81137084960938,70124000
2013-12-10,180.97999572753906,181.36000061035156,180.63999938964844,180.75,145.28883361816406,80976000
2013-12-11,180.82000732421875,180.85000610351562,178.5,178.72000122070312,143.65711975097656,130591000
2013-12-12,178.63999938964844,178.86000061035156,177.75999450683594,178.1300048828125,143.1829376220703,115565000
2013-12-13,178.5,178.66000366210938,177.77000427246094,178.11000061035156,143.1667938232422,107808000
2013-12-16,178.9499969482422,179.80999755859375,178.89999389648438,179.22000122070312,144.05902099609375,96195000
2013-12-17,179.3800048828125,179.41000366210938,178.25,178.64999389648438,143.600830078125,89886000
2013-12-18,178.9199981689453,181.72999572753906,177.32000732421875,181.6999969482422,146.052490234375,234906000
2013-12-19,181.17999267578125,181.6999969482422,180.7100067138672,181.49000549316406,145.88365173339844,136531200
2013-12-20,180.69000244140625,181.99000549316406,180.57000732421875,181.55999755859375,146.7322540283203,197087000
2013-12-23,182.4499969482422,182.63999938964844,182.07000732421875,182.52999877929688,147.5161895751953,85598000
2013-12-24,182.5399932861328,183.00999450683594,182.52999877929688,182.92999267578125,147.83949279785156,45368800
2013-12-26,183.33999633789062,183.9600067138672,183.32000732421875,183.86000061035156,148.59104919433594,63365000
2013-12-27,184.10000610351562,184.17999267578125,183.66000366210938,183.85000610351562,148.58297729492188,61814000
2013-12-30,183.8699951171875,184.02000427246094,183.5800018310547,183.82000732421875,148.55873107910156,56857000
2013-12-31,184.07000732421875,184.69000244140625,183.92999267578125,184.69000244140625,149.26187133789062,86119900
2014-01-02,183.97999572753906,184.07000732421875,182.47999572753906,182.9199981689453,147.83135986328125,119636900
2014-01-03,183.22999572753906,183.60000610351562,182.6300048828125,182.88999938964844,147.8070831298828,81390600
2014-01-06,183.49000549316406,183.55999755859375,182.0800018310547,182.36000061035156,147.37881469726562,108028200
2014-01-07,183.08999633789062,183.7899932861328,182.9499969482422,183.47999572753906,148.28392028808594,86144200
2014-01-08,183.4499969482422,183.8300018310547,182.88999938964844,183.52000427246094,148.31626892089844,96582300
2014-01-09,184.11000061035156,184.1300048828125,182.8000030517578,183.63999938964844,148.4132843017578,90683400
2014-01-10,183.9499969482422,184.22000122070312,183.00999450683594,184.13999938964844,148.8173370361328,102026400
2014-01-13,183.6699981689453,184.17999267578125,181.33999633789062,181.69000244140625,146.83731079101562,149892000
2014-01-14,182.2899932861328,183.77000427246094,181.9499969482422,183.6699981689453,148.43751525878906,105016100
2014-01-15,184.10000610351562,184.94000244140625,183.7100067138672,184.66000366210938,149.23760986328125,98525800
2014-01-16,184.27999877929688,184.66000366210938,183.8300018310547,184.4199981689453,149.0436248779297,72290600
2014-01-17,184.10000610351562,184.4499969482422,183.32000732421875,183.63999938964844,148.4132843017578,107848700
2014-01-21,184.6999969482422,184.77000427246094,183.0500030517578,184.17999267578125,148.84967041015625,88621200
2014-01-22,184.49000549316406,184.57000732421875,183.91000366210938,184.3000030517578,148.9467010498047,61270900
2014-01-23,183.3699951171875,183.39999389648438,181.82000732421875,182.7899932861328,147.72630310058594,132496900
2014-01-24,181.60000610351562,181.66000366210938,178.8300018310547,178.88999938964844,144.5743865966797,208677100
2014-01-27,179.05999755859375,179.52000427246094,177.1199951171875,178.00999450683594,143.86322021484375,180843100
2014-01-28,178.13999938964844,179.3000030517578,178.1199951171875,179.07000732421875,144.7199249267578,110463200
2014-01-29,177.5800018310547,178.5500030517578,176.8800048828125,177.35000610351562,143.32984924316406,216597300
2014-01-30,178.8300018310547,179.80999755859375,178.25999450683594,179.22999572753906,144.84922790527344,118938100
2014-01-31,177.00999450683594,179.2899932861328,176.9199981689453,178.17999267578125,144.0006103515625,194677900
2014-02-03,177.97000122070312,178.3699951171875,173.8300018310547,174.1699981689453,140.75982666015625,254837100
2014-02-04,174.9499969482422,175.83999633789062,174.11000061035156,175.38999938964844,141.74581909179688,165012400
2014-02-05,174.77999877929688,175.55999755859375,173.7100067138672,175.1699981689453,141.56805419921875,164230500
2014-02-06,175.5800018310547,177.47999572753906,175.22000122070312,177.47999572753906,143.43496704101562,132877600
2014-02-07,178.30999755859375,179.8699951171875,177.72999572753906,179.67999267578125,145.2129364013672,170787200
2014-02-10,179.6999969482422,180.07000732421875,179.2100067138672,180.00999450683594,145.47955322265625,92218800
2014-02-11,180.16000366210938,182.44000244140625,180.0399932861328,181.97999572753906,147.0717010498047,117814100
2014-02-12,182.25,182.8300018310547,181.7100067138672,182.07000732421875,147.1444091796875,94717700
2014-02-13,180.83999633789062,183.1999969482422,180.8300018310547,183.00999450683594,147.90411376953125,100542200
2014-02-14,182.83999633789062,184.36000061035156,182.6699981689453,184.02000427246094,148.7203826904297,96498400
2014-02-18,184.17999267578125,184.49000549316406,183.64999389648438,184.24000549316406,148.8981475830078,80460900
2014-02-19,183.75999450683594,184.9499969482422,182.8699951171875,183.02000427246094,147.91221618652344,126524300
2014-02-20,183.27000427246094,184.52000427246094,182.60000610351562,184.10000610351562,148.7850341796875,104998100
2014-02-21,184.4499969482422,184.88999938964844,183.8000030517578,183.88999938964844,148.6153106689453,118116400
2014-02-24,184.27999877929688,186.14999389648438,184.1999969482422,184.91000366210938,149.43963623046875,114063900
2014-02-25,185.05999755859375,185.58999633789062,184.22999572753906,184.83999633789062,149.3831024169922,117085000
2014-02-26,185.11000061035156,185.60000610351562,184.3300018310547,184.85000610351562,149.3911590576172,98677200
2014-02-27,184.5800018310547,185.8699951171875,184.3699951171875,185.82000732421875,150.17507934570312,93880800
2014-02-28,185.7899932861328,187.14999389648438,185.0500030517578,186.2899932861328,150.5548858642578,150842000
2014-03-03,184.64999389648438,185.4499969482422,183.75,184.97999572753906,149.49620056152344,167748500
2014-03-04,186.7899932861328,187.97999572753906,186.75,187.5800018310547,151.59744262695312,167545900
2014-03-05,187.74000549316406,188.07000732421875,187.4499969482422,187.75,151.73489379882812,88376900
2014-03-06,188.2100067138672,188.61000061035156,187.77999877929688,188.17999267578125,152.0823974609375,82516500
2014-03-07,188.9600067138672,188.9600067138672,187.42999267578125,188.25999450683594,152.14703369140625,114513500
2014-03-10,187.97000122070312,188.22999572753906,187.0800018310547,188.16000366210938,152.06619262695312,74939200
2014-03-11,188.44000244140625,188.7100067138672,186.8000030517578,187.22999572753906,151.31460571289062,99009100
2014-03-12,186.32000732421875,187.35000610351562,185.89999389648438,187.27999877929688,151.3550567626953,104824400
2014-03-13,187.83999633789062,187.99000549316406,184.66000366210938,185.17999267578125,149.6578369140625,155014300
2014-03-14,184.85000610351562,185.8000030517578,184.44000244140625,184.66000366210938,149.23760986328125,153919600
2014-03-17,185.58999633789062,186.77000427246094,185.50999450683594,186.3300018310547,150.5872344970703,98359500
2014-03-18,186.7100067138672,187.91000366210938,186.50999450683594,187.66000366210938,151.66213989257812,101804600
2014-03-19,187.67999267578125,187.94000244140625,185.47000122070312,186.66000366210938,150.85397338867188,176267300
2014-03-20,186.25,187.88999938964844,185.9199981689453,187.75,151.73489379882812,117241000
2014-03-21,187.7100067138672,189.02000427246094,186.02999877929688,186.1999969482422,151.1463165283203,163128000
2014-03-24,186.83999633789062,187.07000732421875,184.6199951171875,185.42999267578125,150.52125549316406,121411000
2014-03-25,186.3699951171875,186.94000244140625,185.27000427246094,186.30999755859375,151.23562622070312,103852000
2014-03-26,187.0399932861328,187.33999633789062,184.9199981689453,184.97000122070312,150.14793395996094,119843000
2014-03-27,184.75,185.33999633789062,183.89999389648438,184.5800018310547,149.83132934570312,142383000
2014-03-28,185.11000061035156,186.4199981689453,185.0,185.49000549316406,150.57003784179688,101642000
2014-03-31,186.6699981689453,187.3000030517578,185.52000427246094,187.00999450683594,151.80384826660156,99745000
2014-04-01,187.6199951171875,188.36000061035156,187.0,188.25,152.81045532226562,89193000
2014-04-02,188.49000549316406,189.1300048828125,188.13999938964844,188.8800048828125,153.32179260253906,78774000
2014-04-03,189.1699981689453,189.22000122070312,188.0500030517578,188.6300048828125,153.11886596679688,77435000
2014-04-04,189.66000366210938,189.6999969482422,186.10000610351562,186.39999389648438,151.30868530273438,169381000
2014-04-07,185.9499969482422,186.25999450683594,183.9600067138672,184.33999633789062,149.63645935058594,140803000
2014-04-08,184.25999450683594,185.39999389648438,183.58999633789062,185.10000610351562,150.25338745117188,112660000
2014-04-09,185.60000610351562,187.14999389648438,185.05999755859375,187.08999633789062,151.8688507080078,100254000
2014-04-10,187.0800018310547,187.1699981689453,182.92999267578125,183.16000366210938,148.67861938476562,172959000
2014-04-11,182.13999938964844,183.4199981689453,181.30999755859375,181.50999450683594,147.33926391601562,167251000
2014-04-14,182.92999267578125,183.3699951171875,181.44000244140625,182.94000244140625,148.5000457763672,132382000
2014-04-15,183.32000732421875,184.3300018310547,181.50999450683594,184.1999969482422,149.52288818359375,157093000
2014-04-16,185.47000122070312,186.13999938964844,184.64999389648438,186.1300048828125,151.0895233154297,105197000
2014-04-17,185.8800048828125,186.91000366210938,185.55999755859375,186.38999938964844,151.30056762695312,105255000
2014-04-21,186.44000244140625,187.10000610351562,186.2100067138672,187.0399932861328,151.8281707763672,68329000
2014-04-22,187.22999572753906,188.39999389648438,187.1300048828125,187.88999938964844,152.51815795898438,85790000
2014-04-23,187.82000732421875,187.9199981689453,187.3000030517578,187.4499969482422,152.16104125976562,73869000
2014-04-24,188.3699951171875,188.38999938964844,186.92999267578125,187.8300018310547,152.46946716308594,88170000
2014-04-25,187.22000122070312,187.3300018310547,185.8699951171875,186.2899932861328,151.21937561035156,100380000
2014-04-28,187.0500030517578,187.69000244140625,184.9600067138672,186.8800048828125,151.69830322265625,135121000
2014-04-29,187.47999572753906,188.0399932861328,187.0800018310547,187.75,152.40457153320312,84098000
2014-04-30,187.44000244140625,188.5,187.17999267578125,188.30999755859375,152.85911560058594,101508000
2014-05-01,188.22000122070312,188.83999633789062,187.72999572753906,188.3300018310547,152.87542724609375,93019000
2014-05-02,188.30999755859375,189.13999938964844,187.77999877929688,188.05999755859375,152.65615844726562,98122000
2014-05-05,187.13999938964844,188.5500030517578,186.6199951171875,188.4199981689453,152.9484100341797,75883000
2014-05-06,188.0,188.1300048828125,186.74000549316406,186.77999877929688,151.61715698242188,85454000
2014-05-07,187.41000366210938,187.97000122070312,186.00999450683594,187.8800048828125,152.51007080078125,106500000
2014-05-08,187.7100067138672,189.0500030517578,187.0800018310547,187.67999267578125,152.34768676757812,93618000
2014-05-09,187.7100067138672,188.0399932861328,186.8300018310547,187.9600067138672,152.57504272460938,83679000
2014-05-12,188.8000030517578,189.8800048828125,188.0,189.7899932861328,154.0604248046875,86940000
2014-05-13,190.0399932861328,190.4199981689453,189.77000427246094,189.9600067138672,154.1985321044922,66454000
2014-05-14,189.7899932861328,189.8800048828125,188.7899932861328,189.05999755859375,153.4679412841797,72367000
2014-05-15,188.67999267578125,188.72000122070312,186.47999572753906,187.39999389648438,152.12039184570312,154956000
2014-05-16,187.50999450683594,188.1300048828125,186.72000122070312,188.0500030517578,152.6480712890625,97458000
2014-05-19,187.69000244140625,188.88999938964844,187.52000427246094,188.74000549316406,153.20816040039062,63839000
2014-05-20,188.64999389648438,188.6699981689453,187.07000732421875,187.5500030517578,152.24221801757812,111644000
2014-05-21,188.08999633789062,189.22000122070312,188.05999755859375,189.1300048828125,153.5247039794922,89093000
2014-05-22,189.17999267578125,189.97999572753906,188.86000061035156,189.58999633789062,153.8981475830078,61549000
2014-05-23,189.75999450683594,190.47999572753906,189.58999633789062,190.35000610351562,154.51504516601562,61092800
2014-05-27,191.05999755859375,191.5800018310547,190.9499969482422,191.52000427246094,155.46485900878906,72010000
2014-05-28,191.52000427246094,191.82000732421875,191.05999755859375,191.3800048828125,155.35116577148438,66723000
2014-05-29,191.82000732421875,192.39999389648438,191.3300018310547,192.3699951171875,156.15478515625,64377000
2014-05-30,192.19000244140625,192.8000030517578,192.02999877929688,192.67999267578125,156.4064178466797,76316000
2014-06-02,192.9499969482422,192.99000549316406,191.97000122070312,192.89999389648438,156.58499145507812,64656000
2014-06-03,192.42999267578125,192.89999389648438,192.25,192.8000030517578,156.5038604736328,65047000
2014-06-04,192.47000122070312,193.3000030517578,192.27000427246094,193.19000244140625,156.82046508789062,55529000
2014-06-05,193.41000366210938,194.64999389648438,192.6999969482422,194.4499969482422,157.84324645996094,92103000
2014-06-06,194.8699951171875,195.42999267578125,194.77999877929688,195.3800048828125,158.59814453125,78696000
2014-06-09,195.35000610351562,196.0500030517578,195.1699981689453,195.5800018310547,158.76051330566406,65119000
2014-06-10,195.33999633789062,195.63999938964844,194.9199981689453,195.60000610351562,158.77671813964844,57129000
2014-06-11,194.89999389648438,195.1199951171875,194.47999572753906,194.9199981689453,158.22476196289062,68772000
2014-06-12,194.69000244140625,194.8000030517578,193.11000061035156,193.5399932861328,157.10452270507812,106350000
2014-06-13,193.9199981689453,194.32000732421875,193.3000030517578,194.1300048828125,157.5834503173828,82017000
2014-06-16,193.88999938964844,194.6999969482422,193.66000366210938,194.2899932861328,157.71336364746094,87424000
2014-06-17,194.02000427246094,194.97000122070312,193.80999755859375,194.8300018310547,158.15174865722656,84834000
2014-06-18,194.8300018310547,196.3699951171875,194.39999389648438,196.25999450683594,159.31246948242188,105267000
2014-06-19,196.42999267578125,196.60000610351562,195.8000030517578,196.47999572753906,159.4910430908203,85929000
2014-06-20,196.02999877929688,196.10000610351562,195.6999969482422,195.94000244140625,159.8148651123047,100587000
2014-06-23,195.99000549316406,196.0500030517578,195.52000427246094,195.8800048828125,159.76596069335938,70611000
2014-06-24,195.52999877929688,196.5,194.47999572753906,194.6999969482422,158.80355834960938,96237000
2014-06-25,194.2899932861328,195.77999877929688,194.25,195.5800018310547,159.52125549316406,82782000
2014-06-26,195.61000061035156,195.6300048828125,194.1300048828125,195.44000244140625,159.40701293945312,84312000
2014-06-27,194.97999572753906,195.8800048828125,194.88999938964844,195.82000732421875,159.71693420410156,71445100
2014-06-30,195.6999969482422,196.1699981689453,195.52999877929688,195.72000122070312,159.63540649414062,70201200
2014-07-01,196.1999969482422,197.6300048828125,196.1300048828125,197.02999877929688,160.7039337158203,90470000
2014-07-02,197.0500030517578,197.47999572753906,196.9600067138672,197.22999572753906,160.86700439453125,52475000
2014-07-03,197.7899932861328,198.2899932861328,197.63999938964844,198.1999969482422,161.65817260742188,52938800
2014-07-07,197.82000732421875,197.97999572753906,197.22000122070312,197.50999450683594,161.0954132080078,61696000
2014-07-08,197.14999389648438,197.22000122070312,195.75999450683594,196.24000549316406,160.05953979492188,108143000
2014-07-09,196.72999572753906,197.3000030517578,196.30999755859375,197.1199951171875,160.7772674560547,72992000
2014-07-10,195.22000122070312,196.86000061035156,195.05999755859375,196.33999633789062,160.14109802246094,99040000
2014-07-11,196.22000122070312,196.75,195.77999877929688,196.61000061035156,160.36129760742188,64243000
2014-07-14,197.61000061035156,197.86000061035156,197.44000244140625,197.60000610351562,161.16880798339844,58658000
2014-07-15,197.72000122070312,198.10000610351562,196.36000061035156,197.22999572753906,160.86700439453125,111307000
2014-07-16,198.11000061035156,198.25999450683594,197.4199981689453,197.9600067138672,161.4624481201172,79986400
2014-07-17,197.35000610351562,198.10000610351562,195.42999267578125,195.7100067138672,159.62725830078125,145398000
2014-07-18,196.35000610351562,197.91000366210938,196.24000549316406,197.7100067138672,161.25857543945312,124330000
2014-07-21,197.08999633789062,197.5,196.42999267578125,197.33999633789062,160.95669555664062,67592000
2014-07-22,198.00999450683594,198.55999755859375,197.8699951171875,198.1999969482422,161.65817260742188,67678000
2014-07-23,198.5,198.85000610351562,198.10000610351562,198.63999938964844,162.01705932617188,65612000
2014-07-24,198.8300018310547,199.05999755859375,198.4499969482422,198.64999389648438,162.02525329589844,56888000
2014-07-25,198.08999633789062,198.25999450683594,197.3300018310547,197.72000122070312,161.26666259765625,76837000
2014-07-28,197.75999450683594,198.08999633789062,196.6199951171875,197.8000030517578,161.3319091796875,69259000
2014-07-29,198.1699981689453,198.4499969482422,196.9199981689453,196.9499969482422,160.63861083984375,80466000
2014-07-30,197.64999389648438,197.91000366210938,196.16000366210938,196.97999572753906,160.6631317138672,104222000
2014-07-31,195.61000061035156,195.77999877929688,192.97000122070312,193.08999633789062,157.4902801513672,183479000
2014-08-01,192.55999755859375,193.75999450683594,191.57000732421875,192.5,157.00912475585938,189261000
2014-08-04,192.8699951171875,194.3000030517578,192.0500030517578,193.88999938964844,158.142822265625,91340000
2014-08-05,193.10000610351562,193.60000610351562,191.30999755859375,192.00999450683594,156.6094207763672,152690000
2014-08-06,191.11000061035156,192.88999938964844,191.0800018310547,192.07000732421875,156.6584014892578,94818000
2014-08-07,192.94000244140625,193.1300048828125,190.5500030517578,191.02999877929688,155.8101043701172,135733000
2014-08-08,191.4600067138672,193.3699951171875,190.9499969482422,193.24000549316406,157.61265563964844,117014000
2014-08-11,193.97000122070312,194.66000366210938,193.7100067138672,193.8000030517578,158.06939697265625,74544000
2014-08-12,193.61000061035156,194.14999389648438,192.94000244140625,193.52999877929688,157.8491668701172,73632000
2014-08-13,194.2899932861328,195.05999755859375,193.9600067138672,194.83999633789062,158.91769409179688,69047000
2014-08-14,195.16000366210938,195.75999450683594,194.97999572753906,195.75999450683594,159.66802978515625,57371000
2014-08-15,196.47000122070312,196.64999389648438,194.30999755859375,195.72000122070312,159.63540649414062,139951000
2014-08-18,196.8000030517578,197.4499969482422,196.69000244140625,197.36000061035156,160.97303771972656,75424000
2014-08-19,197.83999633789062,198.5399932861328,197.44000244140625,198.38999938964844,161.8131866455078,59135000
2014-08-20,198.1199951171875,199.16000366210938,198.0800018310547,198.9199981689453,162.2454376220703,72763000
2014-08-21,199.08999633789062,199.75999450683594,198.92999267578125,199.5,162.71853637695312,67791000
2014-08-22,199.33999633789062,199.69000244140625,198.74000549316406,199.19000244140625,162.46563720703125,76107000
2014-08-25,200.13999938964844,200.58999633789062,199.14999389648438,200.1999969482422,163.28944396972656,63855000
2014-08-26,200.3300018310547,200.82000732421875,200.27999877929688,200.3300018310547,163.3954620361328,47298000
2014-08-27,200.42999267578125,200.57000732421875,199.94000244140625,200.25,163.33023071289062,47874000
2014-08-28,199.58999633789062,200.27000427246094,199.38999938964844,200.13999938964844,163.2405242919922,58330000
2014-08-29,200.4499969482422,200.72999572753906,199.82000732421875,200.7100067138672,163.70547485351562,65907000
2014-09-02,200.97000122070312,201.0,199.86000061035156,200.61000061035156,163.6238250732422,72426000
2014-09-03,201.3800048828125,201.41000366210938,200.22000122070312,200.5,163.5341796875,57462000
2014-09-04,200.83999633789062,201.5800018310547,199.66000366210938,200.2100067138672,163.29763793945312,85236000
2014-09-05,200.1699981689453,201.19000244140625,199.41000366210938,201.11000061035156,164.03164672851562,102177000
2014-09-08,200.9199981689453,201.2100067138672,200.0,200.58999633789062,163.60755920410156,64146000
2014-09-09,200.41000366210938,200.5500030517578,198.91000366210938,199.32000732421875,162.57171630859375,88591000
2014-09-10,199.42999267578125,200.1999969482422,198.77000427246094,200.07000732421875,163.18341064453125,67251000
2014-09-11,199.27000427246094,200.3300018310547,199.1199951171875,200.3000030517578,163.3709716796875,66774400
2014-09-12,200.10000610351562,200.1199951171875,198.55999755859375,199.1300048828125,162.416748046875,117409300
2014-09-15,199.16000366210938,199.32000732421875,198.3800048828125,198.97999572753906,162.29443359375,76401000
2014-09-16,198.61000061035156,200.83999633789062,198.5,200.47999572753906,163.51780700683594,116201000
2014-09-17,200.77000427246094,201.67999267578125,199.75,200.75,163.73806762695312,151266000
2014-09-18,201.36000061035156,201.85000610351562,201.10000610351562,201.82000732421875,164.61074829101562,94990000
2014-09-19,201.52000427246094,201.89999389648438,200.2899932861328,200.6999969482422,164.4624786376953,121649000
2014-09-22,200.35000610351562,200.3800048828125,198.72999572753906,199.14999389648438,163.19227600097656,125553000
2014-09-23,198.42999267578125,199.25999450683594,197.9499969482422,198.00999450683594,162.2581329345703,111393000
2014-09-24,198.0399932861328,199.69000244140625,197.52000427246094,199.55999755859375,163.5283203125,107276000
2014-09-25,199.0399932861328,199.0500030517578,196.27000427246094,196.33999633789062,160.8896484375,150300000
2014-09-26,196.6999969482422,198.38999938964844,196.4199981689453,197.89999389648438,162.16798400878906,103547000
2014-09-29,196.1999969482422,197.88999938964844,196.0500030517578,197.5399932861328,161.87298583984375,95112000
2014-09-30,197.69000244140625,198.3000030517578,196.61000061035156,197.02000427246094,161.44691467285156,131302000
2014-10-01,196.6999969482422,196.77000427246094,193.91000366210938,194.35000610351562,159.259033203125,177798000
2014-10-02,194.17999267578125,195.05999755859375,192.35000610351562,194.3800048828125,159.28353881835938,157285000
2014-10-03,195.67999267578125,196.94000244140625,195.0800018310547,196.52000427246094,161.0371551513672,121569000
2014-10-06,197.33999633789062,197.60000610351562,195.5800018310547,196.2899932861328,160.84866333007812,104778000
2014-10-07,195.27999877929688,195.72000122070312,193.22000122070312,193.25999450683594,158.36581420898438,147913000
2014-10-08,193.3699951171875,196.9199981689453,192.36000061035156,196.63999938964844,161.13552856445312,186461000
2014-10-09,196.3300018310547,196.60000610351562,192.5800018310547,192.74000549316406,157.93966674804688,210705000
2014-10-10,192.69000244140625,193.64999389648438,190.49000549316406,190.5399932861328,156.13690185546875,221909000
2014-10-13,190.4600067138672,191.14999389648438,187.3000030517578,187.41000366210938,153.5720672607422,230939000
2014-10-14,188.4199981689453,189.82000732421875,187.0399932861328,187.6999969482422,153.80963134765625,215847000
2014-10-15,185.16000366210938,187.69000244140625,181.9199981689453,186.42999267578125,152.7689666748047,380715000
2014-10-16,183.05999755859375,187.5800018310547,182.88999938964844,186.27000427246094,152.6378631591797,270391000
2014-10-17,188.4199981689453,189.75,187.6199951171875,188.47000122070312,154.44065856933594,214625000
2014-10-20,188.1300048828125,190.4499969482422,188.07000732421875,190.3000030517578,155.94017028808594,130011000
2014-10-21,191.67999267578125,194.1999969482422,191.47999572753906,194.07000732421875,159.029541015625,154949000
2014-10-22,194.41000366210938,194.91000366210938,192.61000061035156,192.69000244140625,157.898681640625,151822000
2014-10-23,194.6199951171875,196.1999969482422,194.25999450683594,194.92999267578125,159.7342529296875,154944000
2014-10-24,195.25,196.49000549316406,194.49000549316406,196.42999267578125,160.9634246826172,117927000
2014-10-27,195.72999572753906,196.4499969482422,195.02999877929688,196.16000366210938,160.74221801757812,82954000
2014-10-28,196.82000732421875,198.4199981689453,196.72999572753906,198.41000366210938,162.5859375,106736000
2014-10-29,198.5500030517578,199.1199951171875,196.8000030517578,198.11000061035156,162.34010314941406,142557000
2014-10-30,197.5800018310547,199.9499969482422,197.39999389648438,199.3800048828125,163.38088989257812,113330000
2014-10-31,201.77999877929688,201.82000732421875,200.77000427246094,201.66000366210938,165.2491455078125,146903000
2014-11-03,201.9199981689453,202.4499969482422,201.30999755859375,201.77000427246094,165.33924865722656,93600000
2014-11-04,201.22999572753906,201.60000610351562,200.05999755859375,201.07000732421875,164.76560974121094,93343000
2014-11-05,202.5399932861328,202.58999633789062,201.4499969482422,202.33999633789062,165.8063201904297,91709000
2014-11-06,202.38999938964844,203.25999450683594,201.63999938964844,203.14999389648438,166.47010803222656,107089000
2014-11-07,203.1699981689453,203.60000610351562,202.61000061035156,203.33999633789062,166.62582397460938,89540000
2014-11-10,203.3800048828125,204.0399932861328,203.1300048828125,203.97999572753906,167.1502227783203,66319000
2014-11-11,204.05999755859375,204.30999755859375,203.64999389648438,204.17999267578125,167.31405639648438,54499400
2014-11-12,203.35000610351562,204.24000549316406,203.30999755859375,203.9600067138672,167.13380432128906,90120300
2014-11-13,204.16000366210938,204.8300018310547,203.2100067138672,204.19000244140625,167.3223114013672,85357900
2014-11-14,204.10000610351562,204.49000549316406,203.72000122070312,204.24000549316406,167.3633575439453,80417500
2014-11-17,203.85000610351562,204.5800018310547,203.64999389648438,204.3699951171875,167.4698028564453,80441000
2014-11-18,204.44000244140625,205.9199981689453,204.44000244140625,205.5500030517578,168.436767578125,76068100
2014-11-19,205.30999755859375,205.5500030517578,204.3000030517578,205.22000122070312,168.1663360595703,82373000
2014-11-20,204.25999450683594,205.7100067138672,204.17999267578125,205.5800018310547,168.46131896972656,72840300
2014-11-21,207.63999938964844,207.83999633789062,205.97999572753906,206.67999267578125,169.36270141601562,142327300
2014-11-24,207.1699981689453,207.38999938964844,206.91000366210938,207.25999450683594,169.83798217773438,65880800
2014-11-25,207.5399932861328,207.7899932861328,206.8000030517578,207.11000061035156,169.715087890625,79108300
2014-11-26,207.2899932861328,207.75999450683594,207.02999877929688,207.63999938964844,170.1494903564453,62167800
2014-11-28,207.49000549316406,207.8699951171875,206.91000366210938,207.1999969482422,169.78883361816406,57890100
2014-12-01,206.39999389648438,206.5399932861328,205.3800048828125,205.75999450683594,168.60882568359375,103968400
2014-12-02,205.80999755859375,207.33999633789062,205.77999877929688,207.08999633789062,169.69871520996094,74507200
2014-12-03,207.3000030517578,208.14999389648438,207.10000610351562,207.88999938964844,170.35426330566406,68952000
2014-12-04,207.5399932861328,208.27000427246094,206.6999969482422,207.66000366210938,170.16578674316406,91316600
2014-12-05,207.8699951171875,208.47000122070312,207.5500030517578,208.0,170.4444122314453,91025500
2014-12-08,207.52000427246094,208.1199951171875,205.92999267578125,206.61000061035156,169.30538940429688,108588200
2014-12-09,204.3699951171875,206.60000610351562,203.91000366210938,206.47000122070312,169.19061279296875,125180100
2014-12-10,205.91000366210938,205.97999572753906,202.92999267578125,203.16000366210938,166.47824096679688,159856400
2014-12-11,203.8800048828125,206.19000244140625,203.7100067138672,204.19000244140625,167.3223114013672,159012800
2014-12-12,202.63999938964844,203.82000732421875,200.85000610351562,200.88999938964844,164.61813354492188,202330200
2014-12-15,201.97999572753906,202.52999877929688,198.77999877929688,199.50999450683594,163.48731994628906,189965800
2014-12-16,198.5800018310547,202.39999389648438,197.86000061035156,197.91000366210938,162.17616271972656,259543800
2014-12-17,198.44000244140625,202.33999633789062,198.2899932861328,201.7899932861328,165.3556365966797,253910100
2014-12-18,204.74000549316406,212.97000122070312,203.9199981689453,206.77999877929688,169.44467163085938,257633900
2014-12-19,206.42999267578125,207.3300018310547,205.61000061035156,206.52000427246094,170.16563415527344,245084600
2014-12-22,206.75,207.47000122070312,206.4600067138672,207.47000122070312,170.9484100341797,148318900
2014-12-23,208.1699981689453,208.22999572753906,207.39999389648438,207.75,171.17918395996094,122167900
2014-12-24,208.02000427246094,208.33999633789062,207.72000122070312,207.77000427246094,171.19561767578125,42963400
2014-12-26,208.30999755859375,208.85000610351562,208.25,208.44000244140625,171.74765014648438,57326700
2014-12-29,208.22000122070312,208.97000122070312,208.13999938964844,208.72000122070312,171.9783935546875,79643900
2014-12-30,208.2100067138672,208.3699951171875,207.50999450683594,207.60000610351562,171.05555725097656,73540800
2014-12-31,207.99000549316406,208.19000244140625,205.38999938964844,205.5399932861328,169.35816955566406,130333800
2015-01-02,206.3800048828125,206.8800048828125,204.17999267578125,205.42999267578125,169.26751708984375,121465900
2015-01-05,204.1699981689453,204.3699951171875,201.35000610351562,201.72000122070312,166.21055603027344,169632600
2015-01-06,202.08999633789062,202.72000122070312,198.86000061035156,199.82000732421875,164.64505004882812,209151400
2015-01-07,201.4199981689453,202.72000122070312,200.8800048828125,202.30999755859375,166.6967315673828,125346700
2015-01-08,204.00999450683594,206.16000366210938,203.99000549316406,205.89999389648438,169.65480041503906,147217800
2015-01-09,206.39999389648438,206.4199981689453,203.50999450683594,204.25,168.2952423095703,158567300
2015-01-12,204.41000366210938,204.60000610351562,201.9199981689453,202.64999389648438,166.9768829345703,144396100
2015-01-13,204.1199951171875,205.47999572753906,200.50999450683594,202.0800018310547,166.5072479248047,214553300
2015-01-14,199.64999389648438,201.10000610351562,198.57000732421875,200.86000061035156,165.5020294189453,192991100
2015-01-15,201.6300048828125,202.00999450683594,198.8800048828125,199.02000427246094,163.98587036132812,176613900
2015-01-16,198.77000427246094,201.82000732421875,198.5500030517578,201.6300048828125,166.1365203857422,211879600
2015-01-20,202.39999389648438,202.72000122070312,200.1699981689453,202.05999755859375,166.4907684326172,130991100
2015-01-21,201.5,203.66000366210938,200.94000244140625,203.0800018310547,167.33123779296875,122942700
2015-01-22,203.99000549316406,206.25999450683594,202.3300018310547,206.10000610351562,169.81959533691406,174356000
2015-01-23,205.7899932861328,206.10000610351562,204.80999755859375,204.97000122070312,168.88848876953125,117516800
2015-01-26,204.7100067138672,205.55999755859375,203.85000610351562,205.4499969482422,169.2839813232422,92009700
2015-01-27,202.97000122070312,204.1199951171875,201.74000549316406,202.74000549316406,167.05104064941406,134044600
2015-01-28,204.1699981689453,204.2899932861328,199.91000366210938,200.13999938964844,164.9087371826172,168514300
2015-01-29,200.3800048828125,202.3000030517578,198.67999267578125,201.99000549316406,166.43307495117188,173585400
2015-01-30,200.57000732421875,202.1699981689453,199.1300048828125,199.4499969482422,164.34017944335938,197729700
2015-02-02,200.0500030517578,202.02999877929688,197.86000061035156,201.9199981689453,166.3753662109375,163107000
2015-02-03,203.0,204.85000610351562,202.5500030517578,204.83999633789062,168.78138732910156,124212900
2015-02-04,203.9199981689453,205.3800048828125,203.50999450683594,204.05999755859375,168.138671875,134306700
2015-02-05,204.86000061035156,206.3000030517578,204.77000427246094,206.1199951171875,169.8360595703125,97953200
2015-02-06,206.55999755859375,207.24000549316406,204.9199981689453,205.5500030517578,169.3663787841797,125672000
2015-02-09,204.77000427246094,205.63999938964844,204.13999938964844,204.6300048828125,168.6083221435547,87219000
2015-02-10,205.8800048828125,207.1199951171875,204.67999267578125,206.80999755859375,170.40463256835938,96164200
2015-02-11,206.61000061035156,207.4499969482422,205.8300018310547,206.92999267578125,170.5034637451172,91087800
2015-02-12,207.88999938964844,208.99000549316406,206.97000122070312,208.9199981689453,172.14315795898438,97545900
2015-02-13,209.07000732421875,209.83999633789062,208.75999450683594,209.77999877929688,172.85179138183594,93670400
2015-02-17,209.39999389648438,210.32000732421875,209.10000610351562,210.11000061035156,173.12368774414062,76968200
2015-02-18,209.66000366210938,210.22000122070312,209.33999633789062,210.1300048828125,173.14016723632812,80652900
2015-02-19,209.41000366210938,210.4199981689453,209.24000549316406,209.97999572753906,173.01658630371094,91462500
2015-02-20,209.47999572753906,211.3300018310547,208.72999572753906,211.24000549316406,174.05477905273438,140896400
2015-02-23,210.94000244140625,211.2100067138672,210.47999572753906,211.2100067138672,174.03009033203125,74411100
2015-02-24,211.1199951171875,212.0500030517578,210.75999450683594,211.80999755859375,174.5244598388672,72472300
2015-02-25,211.66000366210938,212.24000549316406,211.22000122070312,211.6300048828125,174.3761444091797,73061700
2015-02-26,211.52000427246094,211.7100067138672,210.64999389648438,211.3800048828125,174.17013549804688,72697900
2015-02-27,211.25999450683594,211.5800018310547,210.60000610351562,210.66000366210938,173.57687377929688,108076000
2015-03-02,210.77999877929688,212.05999755859375,210.72000122070312,211.99000549316406,174.67274475097656,87491400
2015-03-03,211.47000122070312,212.0500030517578,210.0800018310547,211.1199951171875,173.95590209960938,110325800
2015-03-04,210.39999389648438,210.49000549316406,209.05999755859375,210.22999572753906,173.22256469726562,114497200
2015-03-05,210.6199951171875,210.8000030517578,209.85000610351562,210.4600067138672,173.41209411621094,76873000
2015-03-06,209.4199981689453,209.94000244140625,207.10000610351562,207.5,170.97311401367188,188128000
2015-03-09,207.74000549316406,208.7899932861328,207.5500030517578,208.36000061035156,171.68177795410156,89818900
2015-03-10,206.7100067138672,206.80999755859375,204.92999267578125,204.97999572753906,168.89671325683594,157121300
2015-03-11,205.2899932861328,205.5,204.39999389648438,204.5,168.50123596191406,110145700
2015-03-12,205.25999450683594,207.17999267578125,205.1999969482422,207.10000610351562,170.64358520507812,93993500
2015-03-13,206.77000427246094,207.92999267578125,204.5800018310547,205.8300018310547,169.59710693359375,162410900
2015-03-16,206.7100067138672,208.69000244140625,205.86000061035156,208.5800018310547,171.86306762695312,136099200
2015-03-17,207.69000244140625,208.4199981689453,206.97999572753906,207.9600067138672,171.3521270751953,94510400
2015-03-18,207.38999938964844,211.27000427246094,206.6199951171875,210.4600067138672,173.41209411621094,228808500
2015-03-19,209.9600067138672,210.47000122070312,209.02999877929688,209.5,172.62107849121094,117917300
2015-03-20,209.7100067138672,211.02000427246094,209.49000549316406,210.41000366210938,174.14474487304688,177715100
2015-03-23,210.4199981689453,211.11000061035156,210.0,210.0,173.80545043945312,71784500
2015-03-24,209.85000610351562,210.39999389648438,208.74000549316406,208.82000732421875,172.82879638671875,77805300
2015-03-25,209.07000732421875,209.35000610351562,205.7100067138672,205.75999450683594,170.29617309570312,159521700
2015-03-26,204.9600067138672,206.3699951171875,204.1199951171875,205.27000427246094,169.89065551757812,153067200
2015-03-27,205.1300048828125,205.9499969482422,204.89999389648438,205.74000549316406,170.2797088623047,118939000
2015-03-30,206.97999572753906,208.61000061035156,206.9600067138672,208.25,172.3570556640625,96180400
2015-03-31,207.25999450683594,208.10000610351562,206.36000061035156,206.42999267578125,170.8507080078125,126768700
2015-04-01,206.38999938964844,206.4199981689453,204.50999450683594,205.6999969482422,170.24659729003906,137303600
2015-04-02,205.6199951171875,206.97999572753906,205.39999389648438,206.44000244140625,170.85903930664062,86900900
2015-04-06,205.3699951171875,208.4499969482422,205.2100067138672,207.8300018310547,172.0094757080078,114368200
2015-04-07,207.86000061035156,208.75999450683594,207.24000549316406,207.27999877929688,171.55421447753906,81236300
2015-04-08,207.5500030517578,208.50999450683594,207.0800018310547,207.97999572753906,172.13360595703125,89351900
2015-04-09,207.77999877929688,209.17999267578125,207.19000244140625,208.89999389648438,172.89503479003906,85548900
2015-04-10,209.1999969482422,210.08999633789062,208.9600067138672,210.0399932861328,173.83853149414062,72722900
2015-04-13,209.8699951171875,210.6300048828125,209.02999877929688,209.08999633789062,173.05224609375,74436600
2015-04-14,208.85000610351562,209.7100067138672,208.10000610351562,209.49000549316406,173.38333129882812,75099900
2015-04-15,210.0500030517578,211.0399932861328,209.9499969482422,210.42999267578125,174.1613311767578,99529300
2015-04-16,210.02999877929688,210.97999572753906,209.7899932861328,210.3699951171875,174.11166381835938,68934900
2015-04-17,208.94000244140625,209.22999572753906,207.00999450683594,207.9499969482422,172.10877990722656,191113200
2015-04-20,209.05999755859375,210.25,208.9600067138672,209.85000610351562,173.68130493164062,92189500
2015-04-21,210.6699981689453,210.86000061035156,209.24000549316406,209.60000610351562,173.474365234375,72559800
2015-04-22,210.00999450683594,210.85000610351562,208.89999389648438,210.6300048828125,174.32687377929688,78264600
2015-04-23,210.14999389648438,211.94000244140625,210.00999450683594,211.16000366210938,174.7655029296875,102585900
2015-04-24,211.66000366210938,211.97000122070312,211.11000061035156,211.64999389648438,175.17103576660156,61327400
2015-04-27,212.3300018310547,212.47999572753906,210.5399932861328,210.77000427246094,174.44271850585938,79358100
2015-04-28,210.74000549316406,211.5,209.3300018310547,211.44000244140625,174.99729919433594,86863500
2015-04-29,210.3699951171875,211.2899932861328,209.60000610351562,210.57000732421875,174.2771759033203,125684900
2015-04-30,209.8800048828125,210.35000610351562,207.6199951171875,208.4600067138672,172.53086853027344,161304900
2015-05-01,209.39999389648438,210.77000427246094,209.27999877929688,210.72000122070312,174.40130615234375,103399700
2015-05-04,211.22999572753906,212.02000427246094,211.10000610351562,211.32000732421875,174.89794921875,70927200
2015-05-05,211.02999877929688,211.4600067138672,208.72999572753906,208.89999389648438,172.89503479003906,113326200
2015-05-06,209.55999755859375,209.92999267578125,206.75999450683594,208.0399932861328,172.1832275390625,135060200
2015-05-07,207.9199981689453,209.3800048828125,207.52000427246094,208.8699951171875,172.87022399902344,88244900
2015-05-08,210.8800048828125,211.86000061035156,210.77999877929688,211.6199951171875,175.1461639404297,155877300
2015-05-11,211.57000732421875,211.88999938964844,210.52000427246094,210.61000061035156,174.31031799316406,75708100
2015-05-12,209.61000061035156,210.6300048828125,208.6199951171875,209.97999572753906,173.78887939453125,119727600
2015-05-13,210.47000122070312,211.22000122070312,209.74000549316406,210.02000427246094,173.82199096679688,94667900
2015-05-14,211.24000549316406,212.32000732421875,210.91000366210938,212.2100067138672,175.63453674316406,95934000
2015-05-15,212.44000244140625,212.61000061035156,211.86000061035156,212.44000244140625,175.8248291015625,76510100
2015-05-18,212.24000549316406,213.39999389648438,212.16000366210938,213.10000610351562,176.3711395263672,74549700
2015-05-19,213.24000549316406,213.57000732421875,212.69000244140625,213.02999877929688,176.31317138671875,72114600
2015-05-20,213.14999389648438,213.77999877929688,212.5,212.8800048828125,176.18907165527344,76857500
2015-05-21,212.7100067138672,213.75,212.50999450683594,213.5,176.70217895507812,64764600
2015-05-22,213.0399932861328,213.5399932861328,212.91000366210938,212.99000549316406,176.28005981445312,57433500
2015-05-26,212.39999389648438,212.91000366210938,210.1999969482422,210.6999969482422,174.384765625,124308600
2015-05-27,211.25,212.97999572753906,210.75999450683594,212.6999969482422,176.0400848388672,93214000
2015-05-28,212.3300018310547,212.58999633789062,211.6300048828125,212.4600067138672,175.8414306640625,74974600
2015-05-29,212.3800048828125,212.42999267578125,210.82000732421875,211.13999938964844,174.7489776611328,124919600
2015-06-01,211.94000244140625,212.33999633789062,210.6199951171875,211.57000732421875,175.10482788085938,93338800
2015-06-02,211.02000427246094,212.19000244140625,210.27000427246094,211.36000061035156,174.93112182617188,91531000
2015-06-03,212.0,212.6699981689453,211.3300018310547,211.9199981689453,175.39451599121094,87820900
2015-06-04,211.07000732421875,211.86000061035156,209.75,210.1300048828125,173.91302490234375,151882800
2015-06-05,209.9499969482422,210.5800018310547,208.97999572753906,209.77000427246094,173.61508178710938,121704700
2015-06-08,209.63999938964844,209.82000732421875,208.38999938964844,208.47999572753906,172.54737854003906,89063300
2015-06-09,208.4499969482422,209.10000610351562,207.69000244140625,208.4499969482422,172.52259826660156,105034700
2015-06-10,209.3699951171875,211.41000366210938,209.3000030517578,210.9499969482422,174.59169006347656,134551300
2015-06-11,211.47999572753906,212.08999633789062,211.1999969482422,211.6300048828125,175.15451049804688,73876400
2015-06-12,210.63999938964844,211.47999572753906,209.67999267578125,210.00999450683594,173.813720703125,135382400
2015-06-15,208.63999938964844,209.4499969482422,207.7899932861328,209.11000061035156,173.06883239746094,124384200
2015-06-16,208.92999267578125,210.35000610351562,208.72000122070312,210.25,174.01234436035156,85308200
2015-06-17,210.58999633789062,211.32000732421875,209.36000061035156,210.58999633789062,174.29368591308594,126708600
2015-06-18,211.30999755859375,213.33999633789062,210.6300048828125,212.77999877929688,176.10630798339844,165867900
2015-06-19,211.4600067138672,211.5500030517578,210.36000061035156,210.80999755859375,175.32452392578125,130478700
2015-06-22,211.91000366210938,212.58999633789062,211.63999938964844,211.88999938964844,176.22276306152344,70696000
2015-06-23,212.13999938964844,212.44000244140625,211.57000732421875,212.0399932861328,176.34751892089844,68476800
2015-06-24,211.72000122070312,212.1699981689453,210.47000122070312,210.5,175.0666961669922,92307300
2015-06-25,211.10000610351562,211.25,209.77000427246094,209.86000061035156,174.53439331054688,97107400
2015-06-26,210.2899932861328,210.5800018310547,209.16000366210938,209.82000732421875,174.5011444091797,104174800
2015-06-29,208.0500030517578,209.8300018310547,205.3300018310547,205.4199981689453,170.8417510986328,202621300
2015-06-30,207.25999450683594,207.32000732421875,205.27999877929688,205.85000610351562,171.19944763183594,182925100
2015-07-01,207.72999572753906,208.02999877929688,206.55999755859375,207.5,172.57168579101562,135979900
2015-07-02,208.07000732421875,208.27000427246094,206.80999755859375,207.30999755859375,172.41366577148438,104373700
2015-07-06,205.77000427246094,207.64999389648438,205.52999877929688,206.72000122070312,171.92295837402344,117975400
2015-07-07,206.9600067138672,208.1699981689453,204.11000061035156,208.02000427246094,173.004150390625,173820200
2015-07-08,206.4199981689453,206.75999450683594,204.25,204.52999877929688,170.1015625,164020100
2015-07-09,207.0399932861328,207.35000610351562,204.77000427246094,204.89999389648438,170.4093780517578,144113100
2015-07-10,207.2899932861328,207.97999572753906,204.9499969482422,207.47999572753906,172.55503845214844,129456900
2015-07-13,208.99000549316406,209.89999389648438,208.94000244140625,209.77000427246094,174.45957946777344,106069400
2015-07-14,209.72000122070312,211.0500030517578,209.64999389648438,210.67999267578125,175.2164306640625,81709600
2015-07-15,210.72999572753906,211.27999877929688,210.0399932861328,210.61000061035156,175.158203125,97914100
2015-07-16,211.8699951171875,212.3000030517578,211.5800018310547,212.3000030517578,176.56370544433594,106683300
2015-07-17,212.2899932861328,212.5500030517578,211.8000030517578,212.47999572753906,176.71339416503906,89030000
2015-07-20,212.75,213.17999267578125,212.2100067138672,212.58999633789062,176.8048858642578,70446800
2015-07-21,212.42999267578125,212.74000549316406,211.38999938964844,211.75,176.1063232421875,77965000
2015-07-22,210.92999267578125,211.77000427246094,210.88999938964844,211.3699951171875,175.79026794433594,88667900
2015-07-23,211.52999877929688,211.64999389648438,209.75,210.17999267578125,174.80055236816406,90509100
2015-07-24,210.3000030517578,210.3699951171875,207.60000610351562,208.0,172.98753356933594,117755000
2015-07-27,206.94000244140625,207.5500030517578,206.25999450683594,206.7899932861328,171.98114013671875,132361100
2015-07-28,207.7899932861328,209.5,206.8000030517578,209.3300018310547,174.0936737060547,123544800
2015-07-29,209.47999572753906,211.0399932861328,209.30999755859375,210.77000427246094,175.29124450683594,105791300
2015-07-30,210.16000366210938,211.02000427246094,209.4199981689453,210.82000732421875,175.3328094482422,91304400
2015-07-31,211.4199981689453,211.4499969482422,210.16000366210938,210.5,175.0666961669922,103266900
2015-08-03,210.4600067138672,210.52999877929688,208.64999389648438,209.7899932861328,174.47625732421875,113965700
2015-08-04,209.6999969482422,210.25,208.8000030517578,209.3800048828125,174.13519287109375,81820800
2015-08-05,210.4499969482422,211.30999755859375,209.72999572753906,210.07000732421875,174.70909118652344,85786800
2015-08-06,210.2899932861328,210.4199981689453,207.64999389648438,208.35000610351562,173.2786407470703,116030800
2015-08-07,208.16000366210938,208.33999633789062,206.8699951171875,207.9499969482422,172.9459228515625,117858000
2015-08-10,209.27999877929688,210.6699981689453,209.27999877929688,210.57000732421875,175.1249237060547,80270700
2015-08-11,208.97000122070312,209.47000122070312,207.75999450683594,208.6699981689453,173.5447235107422,126081400
2015-08-12,207.11000061035156,209.13999938964844,205.36000061035156,208.9199981689453,173.75262451171875,172123700
2015-08-13,208.72999572753906,209.5500030517578,208.00999450683594,208.66000366210938,173.5364227294922,89383300
2015-08-14,208.42999267578125,209.50999450683594,208.25999450683594,209.4199981689453,174.1685333251953,72786500
2015-08-17,208.7100067138672,210.58999633789062,208.16000366210938,210.58999633789062,175.1415252685547,79072600
2015-08-18,210.25999450683594,210.67999267578125,209.6999969482422,209.97999572753906,174.6342010498047,71692700
2015-08-19,209.08999633789062,210.00999450683594,207.35000610351562,208.32000732421875,173.2536163330078,172946000
2015-08-20,206.50999450683594,208.2899932861328,203.89999389648438,203.97000122070312,169.63587951660156,194327900
2015-08-21,201.72999572753906,203.94000244140625,197.52000427246094,197.8300018310547,164.52943420410156,346588500
2015-08-24,187.49000549316406,197.47999572753906,182.39999389648438,189.5,157.60162353515625,507244300
2015-08-25,195.42999267578125,195.4499969482422,186.9199981689453,187.27000427246094,155.74697875976562,369833100
2015-08-26,192.0800018310547,194.7899932861328,188.3699951171875,194.4600067138672,161.7266845703125,339257000
2015-08-27,197.02000427246094,199.4199981689453,195.2100067138672,199.27000427246094,165.72703552246094,274143900
2015-08-28,198.5,199.83999633789062,197.9199981689453,199.27999877929688,165.73538208007812,160414400
2015-08-31,198.11000061035156,199.1300048828125,197.00999450683594,197.6699981689453,164.39637756347656,163298800
2015-09-01,193.1199951171875,194.77000427246094,190.72999572753906,191.77000427246094,159.489501953125,256000400
2015-09-02,194.6199951171875,195.4600067138672,192.4199981689453,195.41000366210938,162.51681518554688,160269300
2015-09-03,196.25999450683594,198.0500030517578,194.9600067138672,195.5500030517578,162.6332244873047,152087800
2015-09-04,192.85000610351562,193.86000061035156,191.61000061035156,192.58999633789062,160.17152404785156,207081000
2015-09-08,195.94000244140625,197.61000061035156,195.1699981689453,197.42999267578125,164.19674682617188,116025700
2015-09-09,199.32000732421875,199.47000122070312,194.35000610351562,194.7899932861328,162.00112915039062,149347700
2015-09-10,194.55999755859375,197.22000122070312,194.25,195.85000610351562,162.8826904296875,158611100
2015-09-11,195.3800048828125,196.82000732421875,194.52999877929688,196.74000549316406,163.62289428710938,119691200
2015-09-14,196.9499969482422,197.00999450683594,195.42999267578125,196.00999450683594,163.01576232910156,79452000
2015-09-15,196.61000061035156,198.99000549316406,195.9600067138672,198.4600067138672,165.0534210205078,113806200
2015-09-16,198.82000732421875,200.41000366210938,198.41000366210938,200.17999267578125,166.48382568359375,99581600
2015-09-17,200.02000427246094,202.88999938964844,199.27999877929688,199.72999572753906,166.1095733642578,276046600
2015-09-18,195.7100067138672,198.67999267578125,194.9600067138672,195.4499969482422,163.3950958251953,223657500
2015-09-21,196.44000244140625,197.67999267578125,195.2100067138672,196.4600067138672,164.23953247070312,105726200
2015-09-22,193.8800048828125,194.4600067138672,192.55999755859375,193.91000366210938,162.10769653320312,153890900
2015-09-23,194.11000061035156,194.6699981689453,192.91000366210938,193.60000610351562,161.84848022460938,92790600
2015-09-24,192.14999389648438,193.4499969482422,190.55999755859375,192.89999389648438,161.2633514404297,159378800
2015-09-25,194.63999938964844,195.0,191.80999755859375,192.85000610351562,161.2215576171875,155054800
2015-09-28,191.77999877929688,191.91000366210938,187.63999938964844,188.00999450683594,157.17530822753906,178515900
2015-09-29,188.27000427246094,189.74000549316406,186.92999267578125,188.1199951171875,157.2672882080078,159045600
2015-09-30,190.3699951171875,191.8300018310547,189.44000244140625,191.6300048828125,160.2016143798828,163452000
2015-10-01,192.0800018310547,192.49000549316406,189.82000732421875,192.1300048828125,160.61964416503906,131079000
2015-10-02,189.77000427246094,195.02999877929688,189.1199951171875,195.0,163.01898193359375,211003300
2015-10-05,196.4600067138672,198.74000549316406,196.3300018310547,198.47000122070312,165.91983032226562,126320800
2015-10-06,198.30999755859375,198.97999572753906,197.0,197.7899932861328,165.35133361816406,110274500
2015-10-07,198.89999389648438,199.8300018310547,197.47999572753906,199.41000366210938,166.7056884765625,124307300
2015-10-08,198.9499969482422,201.5500030517578,198.58999633789062,201.2100067138672,168.21043395996094,153055200
2015-10-09,201.3800048828125,201.89999389648438,200.5800018310547,201.3300018310547,168.31076049804688,107069200
2015-10-12,201.4199981689453,201.75999450683594,200.91000366210938,201.52000427246094,168.46958923339844,56395600
2015-10-13,200.64999389648438,202.16000366210938,200.0500030517578,200.25,167.4079132080078,88038700
2015-10-14,200.17999267578125,200.8699951171875,198.94000244140625,199.2899932861328,166.60531616210938,99106200
2015-10-15,200.0800018310547,202.36000061035156,199.63999938964844,202.35000610351562,169.16346740722656,134142200
2015-10-16,202.8300018310547,203.2899932861328,201.9199981689453,203.27000427246094,169.93260192871094,114580100
2015-10-19,202.5,203.3699951171875,202.1300048828125,203.3699951171875,170.01620483398438,76523900
2015-10-20,202.85000610351562,203.83999633789062,202.5500030517578,203.11000061035156,169.798828125,78448500
2015-10-21,203.61000061035156,203.7899932861328,201.64999389648438,201.85000610351562,168.74549865722656,102038000
2015-10-22,202.97999572753906,205.50999450683594,201.85000610351562,205.25999450683594,171.59625244140625,174911700
2015-10-23,207.25,207.9499969482422,206.3000030517578,207.50999450683594,173.47718811035156,144442300
2015-10-26,207.3000030517578,207.3699951171875,206.55999755859375,207.0,173.05084228515625,69033000
2015-10-27,206.1999969482422,207.0,205.7899932861328,206.60000610351562,172.71649169921875,77905800
2015-10-28,207.0,208.97999572753906,206.2100067138672,208.9499969482422,174.68106079101562,135906700
2015-10-29,208.35000610351562,209.27000427246094,208.2100067138672,208.8300018310547,174.5807647705078,90525500
2015-10-30,209.05999755859375,209.44000244140625,207.74000549316406,207.92999267578125,173.82833862304688,131076900
2015-11-02,208.32000732421875,210.6199951171875,208.1699981689453,210.38999938964844,175.88487243652344,86270800
2015-11-03,209.97000122070312,211.66000366210938,209.6999969482422,211.0,176.3948516845703,95246100
2015-11-04,211.35000610351562,211.5,209.72000122070312,210.36000061035156,175.8597869873047,96224500
2015-11-05,210.42999267578125,210.97999572753906,209.08999633789062,210.14999389648438,175.68426513671875,78408700
2015-11-06,209.74000549316406,210.32000732421875,208.4600067138672,210.0399932861328,175.59225463867188,110471500
2015-11-09,209.30999755859375,209.49000549316406,206.9499969482422,208.0800018310547,173.9537353515625,131008700
2015-11-10,207.50999450683594,208.60000610351562,207.19000244140625,208.55999755859375,174.35504150390625,75874600
2015-11-11,208.8800048828125,208.94000244140625,207.66000366210938,207.74000549316406,173.66949462890625,67846000
2015-11-12,206.5,207.05999755859375,204.82000732421875,204.83999633789062,171.24513244628906,121315200
2015-11-13,204.35000610351562,204.6699981689453,202.44000244140625,202.5399932861328,169.3223419189453,153577100
2015-11-16,202.32000732421875,205.69000244140625,202.17999267578125,205.6199951171875,171.8971710205078,117645200
2015-11-17,205.99000549316406,207.0399932861328,204.8800048828125,205.47000122070312,171.7718048095703,121123700
2015-11-18,206.0399932861328,208.89999389648438,205.99000549316406,208.72999572753906,174.4971160888672,121342500
2015-11-19,208.58999633789062,209.0500030517578,208.1999969482422,208.5500030517578,174.3466796875,88220500
2015-11-20,209.4499969482422,210.1199951171875,208.86000061035156,209.30999755859375,174.9820556640625,94011500
2015-11-23,209.3800048828125,209.97999572753906,208.52000427246094,209.07000732421875,174.78140258789062,64931200
2015-11-24,207.8699951171875,209.8300018310547,207.41000366210938,209.35000610351562,175.01544189453125,98874400
2015-11-25,209.5,209.74000549316406,209.00999450683594,209.32000732421875,174.99037170410156,51980100
2015-11-27,209.42999267578125,209.8000030517578,208.86000061035156,209.55999755859375,175.19097900390625,37317800
2015-11-30,209.75,209.88999938964844,208.55999755859375,208.69000244140625,174.4636993408203,112822700
2015-12-01,209.44000244140625,210.82000732421875,209.11000061035156,210.67999267578125,176.1273193359375,97858400
2015-12-02,210.6199951171875,211.0,208.22999572753906,208.52999877929688,174.3299560546875,108441300
2015-12-03,208.8300018310547,209.14999389648438,204.75,205.61000061035156,171.8888397216797,166224200
2015-12-04,205.61000061035156,209.97000122070312,205.61000061035156,209.6199951171875,175.24118041992188,192913900
2015-12-07,209.22999572753906,209.72999572753906,207.1999969482422,208.35000610351562,174.17947387695312,102027100
2015-12-08,206.49000549316406,208.2899932861328,205.77999877929688,206.9499969482422,173.009033203125,103372400
2015-12-09,206.19000244140625,208.67999267578125,204.17999267578125,205.33999633789062,171.66314697265625,162401500
2015-12-10,205.4199981689453,207.42999267578125,205.13999938964844,205.8699951171875,172.10618591308594,116128900
2015-12-11,203.35000610351562,204.13999938964844,201.50999450683594,201.8800048828125,168.77059936523438,211173300
2015-12-14,202.07000732421875,203.0500030517578,199.9499969482422,202.89999389648438,169.62326049804688,182385200
2015-12-15,204.6999969482422,206.11000061035156,202.8699951171875,205.02999877929688,171.4039306640625,154069600
2015-12-16,206.3699951171875,208.38999938964844,204.8000030517578,208.02999877929688,173.91195678710938,197017000
2015-12-17,208.39999389648438,208.47999572753906,204.83999633789062,204.86000061035156,171.26181030273438,173092500
2015-12-18,202.77000427246094,202.92999267578125,199.8300018310547,200.02000427246094,168.21078491210938,251393500
2015-12-21,201.41000366210938,201.8800048828125,200.08999633789062,201.6699981689453,169.59840393066406,99094300
2015-12-22,202.72000122070312,203.85000610351562,201.5500030517578,203.5,171.13735961914062,111026200
2015-12-23,204.69000244140625,206.07000732421875,204.5800018310547,206.02000427246094,173.256591796875,110987200
2015-12-24,205.72000122070312,206.3300018310547,205.4199981689453,205.67999267578125,172.970703125,48539600
2015-12-28,204.86000061035156,205.25999450683594,203.94000244140625,205.2100067138672,172.5753936767578,65899900
2015-12-29,206.50999450683594,207.7899932861328,206.47000122070312,207.39999389648438,174.4171600341797,92640700
2015-12-30,207.11000061035156,207.2100067138672,205.75999450683594,205.92999267578125,173.180908203125,63317700
2015-12-31,205.1300048828125,205.88999938964844,203.8699951171875,203.8699951171875,171.4485321044922,114877900
2016-01-04,200.49000549316406,201.02999877929688,198.58999633789062,201.02000427246094,169.0517120361328,222353500
2016-01-05,201.39999389648438,201.89999389648438,200.0500030517578,201.36000061035156,169.33770751953125,110845800
2016-01-06,198.33999633789062,200.05999755859375,197.60000610351562,198.82000732421875,167.2016143798828,152112600
2016-01-07,195.3300018310547,197.44000244140625,193.58999633789062,194.0500030517578,163.19024658203125,213436100
2016-01-08,195.19000244140625,195.85000610351562,191.5800018310547,191.9199981689453,161.3989715576172,209817200
2016-01-11,193.00999450683594,193.41000366210938,189.82000732421875,192.11000061035156,161.55873107910156,187941300
2016-01-12,193.82000732421875,194.5500030517578,191.13999938964844,193.66000366210938,162.86221313476562,172330500
2016-01-13,194.4499969482422,194.86000061035156,188.3800048828125,188.8300018310547,158.80038452148438,221168900
2016-01-14,189.5500030517578,193.25999450683594,187.66000366210938,191.92999267578125,161.4073486328125,240795600
2016-01-15,186.77000427246094,188.75999450683594,185.52000427246094,187.80999755859375,157.9425506591797,324846400
2016-01-19,189.9600067138672,190.11000061035156,186.1999969482422,188.05999755859375,158.15274047851562,195244400
2016-01-20,185.02999877929688,187.5,181.02000427246094,185.64999389648438,156.1260986328125,286547800
2016-01-21,186.2100067138672,188.8699951171875,184.63999938964844,186.69000244140625,157.00070190429688,195772900
2016-01-22,189.77999877929688,190.75999450683594,188.8800048828125,190.52000427246094,160.2216033935547,168319600
2016-01-25,189.9199981689453,190.14999389648438,187.41000366210938,187.63999938964844,157.79959106445312,130371700
2016-01-26,188.4199981689453,190.52999877929688,188.02000427246094,190.1999969482422,159.95242309570312,141036800
2016-01-27,189.5800018310547,191.55999755859375,187.05999755859375,188.1300048828125,158.21165466308594,185681700
2016-01-28,189.9600067138672,190.1999969482422,187.16000366210938,189.11000061035156,159.0358123779297,143798800
2016-01-29,190.02000427246094,193.8800048828125,189.8800048828125,193.72000122070312,162.91270446777344,210529300
2016-02-01,192.52999877929688,194.5800018310547,191.83999633789062,193.64999389648438,162.85379028320312,136061600
2016-02-02,191.9600067138672,191.97000122070312,189.5399932861328,190.16000366210938,159.9188232421875,182564900
2016-02-03,191.41000366210938,191.77999877929688,187.10000610351562,191.3000030517578,160.87754821777344,205054900
2016-02-04,190.7100067138672,192.75,189.9600067138672,191.60000610351562,161.12977600097656,139531800
2016-02-05,190.99000549316406,191.6699981689453,187.1999969482422,187.9499969482422,158.06027221679688,180788300
2016-02-08,185.77000427246094,186.1199951171875,182.8000030517578,185.4199981689453,155.9326629638672,191526700
2016-02-09,183.36000061035156,186.94000244140625,183.1999969482422,185.42999267578125,155.94100952148438,184513100
2016-02-10,186.41000366210938,188.33999633789062,185.1199951171875,185.27000427246094,155.80654907226562,148214100
2016-02-11,182.33999633789062,184.10000610351562,181.08999633789062,182.86000061035156,153.77972412109375,219058900
2016-02-12,184.9600067138672,186.64999389648438,183.9600067138672,186.6300048828125,156.95022583007812,127632400
2016-02-16,188.77000427246094,189.80999755859375,187.6300048828125,189.77999877929688,159.5992431640625,120250700
2016-02-17,191.16000366210938,193.32000732421875,191.00999450683594,192.8800048828125,162.20626831054688,136009500
2016-02-18,193.1999969482422,193.27000427246094,191.72000122070312,192.08999633789062,161.54183959960938,102343000
2016-02-19,191.1699981689453,192.17999267578125,190.4499969482422,192.0,161.46627807617188,114793000
2016-02-22,193.8699951171875,194.9499969482422,193.7899932861328,194.77999877929688,163.8040771484375,103640300
2016-02-23,194.0,194.32000732421875,192.17999267578125,192.32000732421875,161.73533630371094,111455300
2016-02-24,190.6300048828125,193.52999877929688,189.32000732421875,193.1999969482422,162.4754180908203,150812200
2016-02-25,193.72999572753906,195.5500030517578,192.8300018310547,195.5399932861328,164.44322204589844,110728300
2016-02-26,196.57000732421875,196.67999267578125,194.89999389648438,195.08999633789062,164.0647735595703,129833700
2016-02-29,195.11000061035156,196.22999572753906,193.3300018310547,193.55999755859375,162.77813720703125,125918100
2016-03-01,195.00999450683594,198.2100067138672,194.4499969482422,198.11000061035156,166.6045379638672,141799700
2016-03-02,197.74000549316406,199.05999755859375,197.25,199.0,167.35296630859375,102415000
2016-03-03,198.7899932861328,199.8000030517578,198.11000061035156,199.77999877929688,168.00897216796875,95172200
2016-03-04,200.00999450683594,201.35000610351562,199.02999877929688,200.42999267578125,168.55555725097656,129293600
2016-03-07,199.33999633789062,201.07000732421875,199.25,200.58999633789062,168.6901397705078,100219000
2016-03-08,199.32000732421875,199.9199981689453,198.2100067138672,198.39999389648438,166.8484649658203,123974900
2016-03-09,199.36000061035156,199.7899932861328,198.42999267578125,199.3800048828125,167.672607421875,94801200
2016-03-10,199.9600067138672,201.07000732421875,197.3800048828125,199.5399932861328,167.80711364746094,156838700
2016-03-11,201.25999450683594,202.80999755859375,199.52000427246094,202.75999450683594,170.51498413085938,137964500
2016-03-14,202.16000366210938,203.0399932861328,201.77000427246094,202.5,170.29635620117188,73612000
2016-03-15,201.36000061035156,202.52999877929688,201.0500030517578,202.1699981689453,170.0188446044922,93169100
2016-03-16,201.60000610351562,203.82000732421875,201.5500030517578,203.33999633789062,171.00279235839844,129303200
2016-03-17,203.24000549316406,205.22999572753906,202.77000427246094,204.6300048828125,172.08766174316406,134278500
2016-03-18,204.1699981689453,204.77999877929688,203.8000030517578,204.3800048828125,172.7639617919922,138372400
2016-03-21,204.07000732421875,204.94000244140625,203.8000030517578,204.6699981689453,173.00904846191406,72926700
2016-03-22,203.75999450683594,205.22999572753906,203.57000732421875,204.55999755859375,172.9160614013672,97471900
2016-03-23,204.11000061035156,204.3300018310547,203.00999450683594,203.2100067138672,171.77487182617188,81052500
2016-03-24,202.0,203.16000366210938,201.74000549316406,203.1199951171875,171.6988525390625,84360900
2016-03-28,203.61000061035156,203.86000061035156,202.7100067138672,203.24000549316406,171.80026245117188,62408200
2016-03-29,202.75999450683594,205.25,202.39999389648438,205.1199951171875,173.38943481445312,92922900
2016-03-30,206.3000030517578,206.8699951171875,205.58999633789062,206.02000427246094,174.1501922607422,86365300
2016-03-31,205.91000366210938,206.41000366210938,205.3300018310547,205.52000427246094,173.72755432128906,94584100
2016-04-01,204.35000610351562,207.13999938964844,203.97999572753906,206.9199981689453,174.91094970703125,114423500
2016-04-04,206.8300018310547,207.07000732421875,205.88999938964844,206.25,174.34461975097656,63497000
2016-04-05,204.6699981689453,206.25999450683594,203.88999938964844,204.19000244140625,172.60333251953125,99662200
2016-04-06,204.19000244140625,206.49000549316406,203.97999572753906,206.4199981689453,174.48831176757812,91839800
2016-04-07,205.13999938964844,205.55999755859375,203.08999633789062,203.9499969482422,172.40040588378906,113859000
2016-04-08,205.33999633789062,205.85000610351562,203.8699951171875,204.5,172.86532592773438,95040600
2016-04-11,205.25,206.07000732421875,203.91000366210938,204.02000427246094,172.4595489501953,83757500
2016-04-12,204.22000122070312,206.25,203.6999969482422,205.9199981689453,174.06565856933594,115350600
2016-04-13,207.0,208.10000610351562,206.83999633789062,208.0,175.82391357421875,96336400
2016-04-14,208.07000732421875,208.60000610351562,207.60000610351562,208.00999450683594,175.8323516845703,65212900
2016-04-15,208.00999450683594,208.1699981689453,207.39999389648438,207.77999877929688,175.6379852294922,75761600
2016-04-18,207.77999877929688,209.27999877929688,207.0,209.24000549316406,176.8720703125,82531000
2016-04-19,209.74000549316406,210.1999969482422,208.94000244140625,209.89999389648438,177.43002319335938,88316100
2016-04-20,209.9499969482422,210.9199981689453,209.38999938964844,210.10000610351562,177.59902954101562,81100300
2016-04-21,210.1199951171875,210.25,208.64999389648438,208.97000122070312,176.64382934570312,85695000
2016-04-22,208.5500030517578,209.2899932861328,207.91000366210938,208.97000122070312,176.64382934570312,99251700
2016-04-25,208.25999450683594,208.66000366210938,207.5399932861328,208.61000061035156,176.3395538330078,66166500
2016-04-26,209.0399932861328,209.52000427246094,208.36000061035156,208.9199981689453,176.60157775878906,75864200
2016-04-27,208.47000122070312,209.80999755859375,208.0500030517578,209.35000610351562,176.96507263183594,77329400
2016-04-28,208.4600067138672,209.75999450683594,206.9600067138672,207.4499969482422,175.3590087890625,97216200
2016-04-29,206.72000122070312,207.1300048828125,205.02999877929688,206.3300018310547,174.41224670410156,142424100
2016-05-02,206.9199981689453,208.17999267578125,206.41000366210938,207.97000122070312,175.79856872558594,62188000
2016-05-03,206.52000427246094,206.8000030517578,205.27999877929688,206.16000366210938,174.2686004638672,106422100
2016-05-04,204.99000549316406,205.85000610351562,204.4199981689453,205.00999450683594,173.29644775390625,92243800
2016-05-05,205.55999755859375,205.97999572753906,204.47000122070312,204.97000122070312,173.26263427734375,67619200
2016-05-06,204.05999755859375,205.77000427246094,203.8800048828125,205.72000122070312,173.89663696289062,89315000
2016-05-09,205.57000732421875,206.39999389648438,205.36000061035156,205.88999938964844,174.04031372070312,74374900
2016-05-10,206.72000122070312,208.47000122070312,206.63999938964844,208.4499969482422,176.20428466796875,77472200
2016-05-11,207.91000366210938,208.5399932861328,206.5,206.5,174.5559539794922,81727000
2016-05-12,207.2899932861328,207.49000549316406,205.3699951171875,206.55999755859375,174.6066436767578,89586300
2016-05-13,206.2100067138672,206.86000061035156,204.3800048828125,204.75999450683594,173.08511352539062,96474600
2016-05-16,204.9600067138672,207.33999633789062,204.88999938964844,206.77999877929688,174.79263305664062,77486800
2016-05-17,206.4600067138672,206.8000030517578,204.22999572753906,204.85000610351562,173.1612091064453,114924900
2016-05-18,204.44000244140625,206.3000030517578,203.6300048828125,204.91000366210938,173.2118682861328,120062100
2016-05-19,204.05999755859375,204.5399932861328,202.77999877929688,204.1999969482422,172.61172485351562,115430500
2016-05-20,204.9199981689453,206.10000610351562,204.86000061035156,205.49000549316406,173.7021942138672,104990400
2016-05-23,205.50999450683594,205.83999633789062,204.99000549316406,205.2100067138672,173.4654541015625,58682600
2016-05-24,206.1699981689453,208.24000549316406,206.13999938964844,207.8699951171875,175.7140655517578,93537800
2016-05-25,208.6699981689453,209.77000427246094,207.8699951171875,209.27999877929688,176.90589904785156,76621400
2016-05-26,209.44000244140625,209.7100067138672,208.97000122070312,209.33999633789062,176.95664978027344,55280700
2016-05-27,209.52999877929688,210.25,209.47000122070312,210.24000549316406,177.7174072265625,64211200
2016-05-31,210.55999755859375,210.69000244140625,209.17999267578125,209.83999633789062,177.37928771972656,109879400
2016-06-01,209.1199951171875,210.47999572753906,208.88999938964844,210.27000427246094,177.7427520751953,69936200
2016-06-02,209.8000030517578,210.92999267578125,209.24000549316406,210.91000366210938,178.28378295898438,63044700
2016-06-03,210.25,210.69000244140625,208.86000061035156,210.27999877929688,177.75123596191406,101757100
2016-06-06,210.6999969482422,211.77000427246094,210.50999450683594,211.35000610351562,178.6556854248047,64887000
2016-06-07,211.52999877929688,212.33999633789062,211.5,211.67999267578125,178.93466186523438,60974800
2016-06-08,211.83999633789062,212.52000427246094,211.69000244140625,212.3699951171875,179.51792907714844,66170900
2016-06-09,211.50999450683594,212.22000122070312,211.19000244140625,212.0800018310547,179.27276611328125,73786900
2016-06-10,210.4600067138672,210.86000061035156,209.42999267578125,210.07000732421875,177.57373046875,113829200
2016-06-13,209.36000061035156,210.3699951171875,208.35000610351562,208.4499969482422,176.20428466796875,117751200
2016-06-14,208.0,208.74000549316406,206.9199981689453,208.0399932861328,175.85768127441406,125059300
2016-06-15,208.0399932861328,209.36000061035156,207.52999877929688,207.75,175.61260986328125,109124500
2016-06-16,207.75,208.57000732421875,205.58999633789062,208.3699951171875,176.1366729736328,149533100
2016-06-17,207.1699981689453,207.1999969482422,205.75,206.52000427246094,175.480712890625,117055700
2016-06-20,208.82000732421875,209.61000061035156,207.75,207.85000610351562,176.61085510253906,82789600
2016-06-21,208.3000030517578,208.9199981689453,207.77999877929688,208.44000244140625,177.11215209960938,72461700
2016-06-22,208.64999389648438,209.5,207.92999267578125,208.10000610351562,176.8232421875,95560500
2016-06-23,209.80999755859375,210.8699951171875,209.27000427246094,210.80999755859375,179.1259765625,102731400
2016-06-24,203.6300048828125,210.85000610351562,202.72000122070312,203.24000549316406,172.69369506835938,333444400
2016-06-27,201.58999633789062,201.60000610351562,198.64999389648438,199.60000610351562,169.600830078125,230775800
2016-06-28,201.47999572753906,203.22999572753906,201.1199951171875,203.1999969482422,172.65969848632812,159382400
2016-06-29,204.83999633789062,206.92999267578125,204.72000122070312,206.66000366210938,175.59970092773438,137328600
2016-06-30,207.2100067138672,209.5399932861328,206.55999755859375,209.47999572753906,177.9958038330078,165021900
2016-07-01,209.47999572753906,210.49000549316406,209.2899932861328,209.9199981689453,178.36972045898438,106055300
2016-07-05,208.9499969482422,209.0800018310547,207.7100067138672,208.41000366210938,177.08663940429688,109803700
2016-07-06,207.8300018310547,209.8000030517578,207.05999755859375,209.66000366210938,178.14881896972656,96021500
2016-07-07,209.8699951171875,210.64999389648438,208.6300048828125,209.52999877929688,178.03834533691406,85593800
2016-07-08,211.0500030517578,212.94000244140625,210.77999877929688,212.64999389648438,180.68939208984375,133971000
2016-07-11,213.19000244140625,214.07000732421875,212.9499969482422,213.39999389648438,181.32667541503906,73633900
2016-07-12,214.52999877929688,215.3000030517578,213.42999267578125,214.9499969482422,182.64373779296875,101275600
2016-07-13,215.44000244140625,215.4499969482422,214.35000610351562,214.9199981689453,182.6182098388672,87324100
2016-07-14,216.39999389648438,216.6699981689453,215.66000366210938,216.1199951171875,183.6378631591797,91230900
2016-07-15,216.77999877929688,217.00999450683594,215.30999755859375,215.8300018310547,183.39144897460938,107155400
2016-07-18,215.97000122070312,216.60000610351562,215.6699981689453,216.41000366210938,183.88424682617188,58725900
2016-07-19,215.9199981689453,216.22999572753906,215.6300048828125,216.19000244140625,183.69732666015625,54345700
2016-07-20,216.19000244140625,217.3699951171875,216.19000244140625,217.08999633789062,184.46209716796875,58159500
2016-07-21,216.9600067138672,217.22000122070312,215.75,216.27000427246094,183.76531982421875,67777300
2016-07-22,216.41000366210938,217.3000030517578,216.10000610351562,217.24000549316406,184.5895233154297,62787500
2016-07-25,217.0,217.05999755859375,215.97000122070312,216.64999389648438,184.0882110595703,55873100
2016-07-26,216.52999877929688,217.1699981689453,215.75999450683594,216.75,184.17320251464844,70080500
2016-07-27,217.19000244140625,217.27000427246094,215.6199951171875,216.52000427246094,183.9777374267578,84083900
2016-07-28,216.2899932861328,217.11000061035156,215.75,216.77000427246094,184.19020080566406,65035700
2016-07-29,216.4600067138672,217.5399932861328,216.1300048828125,217.1199951171875,184.48753356933594,79519400
2016-08-01,217.19000244140625,217.64999389648438,216.41000366210938,216.94000244140625,184.3346405029297,73311400
2016-08-02,216.64999389648438,216.8300018310547,214.57000732421875,215.5500030517578,183.15354919433594,92295500
2016-08-03,215.47999572753906,216.25,215.1300048828125,216.17999267578125,183.6887969970703,53993600
2016-08-04,216.30999755859375,216.77999877929688,214.25,216.41000366210938,183.88424682617188,46585500
2016-08-05,216.41000366210938,218.22999572753906,216.41000366210938,218.17999267578125,185.3882293701172,71892200
2016-08-08,218.39999389648438,218.52000427246094,217.74000549316406,218.0500030517578,185.2777557373047,39906500
2016-08-09,218.1300048828125,218.75999450683594,217.8000030517578,218.17999267578125,185.3882293701172,51251700
2016-08-10,218.30999755859375,218.39999389648438,217.22999572753906,217.63999938964844,184.92942810058594,57941100
2016-08-11,218.25999450683594,218.94000244140625,217.9499969482422,218.64999389648438,185.7876434326172,72504300
2016-08-12,218.2899932861328,218.7100067138672,217.99000549316406,218.4600067138672,185.62615966796875,61313500
2016-08-15,218.88999938964844,219.5,218.8800048828125,219.08999633789062,186.16148376464844,49813500
2016-08-16,218.60000610351562,218.67999267578125,217.9600067138672,217.9600067138672,185.20130920410156,53213600
2016-08-17,218.0,218.52999877929688,217.02000427246094,218.3699951171875,185.5497283935547,75134300
2016-08-18,218.33999633789062,218.89999389648438,218.2100067138672,218.86000061035156,185.9661102294922,52989300
2016-08-19,218.30999755859375,218.75,217.74000549316406,218.5399932861328,185.6941375732422,75443000
2016-08-22,218.25999450683594,218.8000030517578,217.8300018310547,218.52999877929688,185.6856689453125,61368800
2016-08-23,219.25,219.60000610351562,218.89999389648438,218.97000122070312,186.05950927734375,53399200
2016-08-24,218.8000030517578,218.91000366210938,217.36000061035156,217.85000610351562,185.1078643798828,71728900
2016-08-25,217.39999389648438,218.19000244140625,217.22000122070312,217.6999969482422,184.9803466796875,69224800
2016-08-26,217.9199981689453,219.1199951171875,216.25,217.2899932861328,184.63201904296875,122506300
2016-08-29,217.44000244140625,218.6699981689453,217.39999389648438,218.36000061035156,185.5411834716797,70502200
2016-08-30,218.25999450683594,218.58999633789062,217.35000610351562,218.0,185.23533630371094,58114500
2016-08-31,217.61000061035156,217.75,216.47000122070312,217.3800048828125,184.7085418701172,85269500
2016-09-01,217.3699951171875,217.72999572753906,216.02999877929688,217.38999938964844,184.7169647216797,97844200
2016-09-02,218.38999938964844,218.8699951171875,217.6999969482422,218.3699951171875,185.5497283935547,79293900
2016-09-06,218.6999969482422,219.1199951171875,217.86000061035156,219.02999877929688,186.11050415039062,56702100
2016-09-07,218.83999633789062,219.22000122070312,218.3000030517578,219.00999450683594,186.09344482421875,76554900
2016-09-08,218.6199951171875,218.94000244140625,218.14999389648438,218.50999450683594,185.6686553955078,74102900
2016-09-09,216.97000122070312,217.02999877929688,213.25,213.27999877929688,181.22471618652344,221589100
2016-09-12,212.38999938964844,216.80999755859375,212.30999755859375,216.33999633789062,183.8247833251953,168110900
2016-09-13,214.83999633789062,215.14999389648438,212.5,213.22999572753906,181.1822052001953,182828800
2016-09-14,213.2899932861328,214.6999969482422,212.5,213.14999389648438,181.11424255371094,134185500
2016-09-15,212.9600067138672,215.72999572753906,212.75,215.27999877929688,182.9241180419922,134427900
2016-09-16,213.47999572753906,213.69000244140625,212.57000732421875,213.3699951171875,182.2169647216797,155236400
2016-09-19,214.1300048828125,214.8800048828125,213.02999877929688,213.41000366210938,182.2511749267578,80250500
2016-09-20,214.41000366210938,214.58999633789062,213.3800048828125,213.4199981689453,182.2596893310547,69665300
2016-09-21,214.24000549316406,216.02999877929688,213.44000244140625,215.82000732421875,184.30931091308594,110284400
2016-09-22,217.0,217.52999877929688,216.7100067138672,217.17999267578125,185.47073364257812,76678700
2016-09-23,216.72000122070312,216.8800048828125,215.8800048828125,215.99000549316406,184.45449829101562,73630900
2016-09-26,215.02000427246094,215.22999572753906,214.00999450683594,214.24000549316406,182.9599609375,89827300
2016-09-27,214.0500030517578,215.67999267578125,213.6199951171875,215.57000732421875,184.09579467773438,78494800
2016-09-28,215.8300018310547,216.82000732421875,214.7100067138672,216.63999938964844,185.0095977783203,87411000
2016-09-29,216.39999389648438,216.8699951171875,214.0399932861328,214.67999267578125,183.33572387695312,128070600
2016-09-30,215.64999389648438,217.1199951171875,215.36000061035156,216.3000030517578,184.71922302246094,117202900
2016-10-03,215.82000732421875,216.0399932861328,215.0399932861328,215.77999877929688,184.27516174316406,83512100
2016-10-04,215.91000366210938,216.1699981689453,213.99000549316406,214.67999267578125,183.33572387695312,119948100
2016-10-05,215.41000366210938,216.1300048828125,215.3300018310547,215.6300048828125,184.14700317382812,72816000
2016-10-06,215.3699951171875,216.0399932861328,214.74000549316406,215.77999877929688,184.27516174316406,62927400
2016-10-07,216.10000610351562,216.3000030517578,214.19000244140625,215.0399932861328,183.64317321777344,89788300
2016-10-10,216.16000366210938,216.6999969482422,215.99000549316406,216.16000366210938,184.59963989257812,51855000
2016-10-11,215.66000366210938,215.74000549316406,212.5800018310547,213.42999267578125,182.26824951171875,130367400
2016-10-12,213.58999633789062,214.32000732421875,213.00999450683594,213.7100067138672,182.50738525390625,73866100
2016-10-13,212.16000366210938,213.58999633789062,211.2100067138672,213.00999450683594,181.90957641601562,101357000
2016-10-14,214.14999389648438,214.69000244140625,213.02999877929688,213.1199951171875,182.00347900390625,93346200
2016-10-17,213.08999633789062,213.38999938964844,212.1699981689453,212.3800048828125,181.37156677246094,58275700
2016-10-18,214.24000549316406,214.30999755859375,213.27000427246094,213.7100067138672,182.50738525390625,76869700
2016-10-19,214.02000427246094,214.63999938964844,213.60000610351562,214.27999877929688,182.99407958984375,66519200
2016-10-20,213.8699951171875,214.52999877929688,213.11000061035156,213.8800048828125,182.65252685546875,73639800
2016-10-21,213.8800048828125,214.0800018310547,212.75999450683594,213.97999572753906,182.7379150390625,89089100
2016-10-24,215.0,215.32000732421875,214.47999572753906,214.88999938964844,183.51510620117188,60146600
2016-10-25,214.67999267578125,214.97999572753906,213.97999572753906,214.1699981689453,182.90016174316406,66542300
2016-10-26,213.2100067138672,214.4199981689453,212.92999267578125,213.74000549316406,182.53298950195312,75705500
2016-10-27,214.5800018310547,214.6199951171875,213.0800018310547,213.1699981689453,182.04617309570312,77220200
2016-10-28,213.13999938964844,213.92999267578125,211.7100067138672,212.5399932861328,181.50816345214844,140623200
2016-10-31,212.92999267578125,213.19000244140625,212.36000061035156,212.5500030517578,181.51673889160156,61272500
2016-11-01,212.92999267578125,212.99000549316406,209.60000610351562,211.00999450683594,180.20159912109375,122781800
2016-11-02,210.64999389648438,211.10000610351562,209.22999572753906,209.74000549316406,179.1170196533203,103330800
2016-11-03,209.99000549316406,210.24000549316406,208.4600067138672,208.77999877929688,178.29714965820312,88939300
2016-11-04,208.91000366210938,209.88999938964844,208.3800048828125,208.5500030517578,178.10073852539062,109122100
2016-11-07,208.5500030517578,213.19000244140625,208.5500030517578,213.14999389648438,182.02908325195312,109794900
2016-11-08,212.69000244140625,214.77000427246094,212.3800048828125,214.11000061035156,182.84896850585938,106772100
2016-11-09,212.3699951171875,217.10000610351562,212.33999633789062,216.3800048828125,184.78753662109375,258429000
2016-11-10,217.3000030517578,218.30999755859375,215.22000122070312,216.9199981689453,185.24867248535156,172113300
2016-11-11,216.0800018310547,216.6999969482422,215.32000732421875,216.4199981689453,184.8216552734375,100552700
2016-11-14,217.02999877929688,217.27000427246094,215.72000122070312,216.58999633789062,184.96688842773438,94580000
2016-11-15,217.0399932861328,218.27999877929688,216.8000030517578,218.27999877929688,186.4101104736328,91652600
2016-11-16,217.55999755859375,218.13999938964844,217.4199981689453,217.8699951171875,186.0600128173828,65617700
2016-11-17,218.0500030517578,219.05999755859375,217.9199981689453,218.99000549316406,187.0164337158203,69797200
2016-11-18,219.07000732421875,219.27000427246094,218.2899932861328,218.5,186.5980682373047,86265800
2016-11-21,219.1699981689453,220.17999267578125,219.0,220.14999389648438,188.00704956054688,72402600
2016-11-22,220.50999450683594,220.7899932861328,219.72999572753906,220.5800018310547,188.3743133544922,67429000
2016-11-23,219.97999572753906,220.75999450683594,219.75,220.6999969482422,188.4767608642578,56620200
2016-11-25,221.10000610351562,221.55999755859375,221.00999450683594,221.52000427246094,189.1770477294922,37872300
2016-11-28,221.16000366210938,221.47999572753906,220.36000061035156,220.47999572753906,188.28890991210938,76572500
2016-11-29,220.52000427246094,221.44000244140625,220.1699981689453,220.91000366210938,188.65614318847656,69886700
2016-11-30,221.6300048828125,221.82000732421875,220.30999755859375,220.3800048828125,188.2035369873047,113291800
2016-12-01,220.72999572753906,220.72999572753906,219.14999389648438,219.57000732421875,187.51181030273438,79040500
2016-12-02,219.6699981689453,220.25,219.25999450683594,219.67999267578125,187.60572814941406,74840300
2016-12-05,220.64999389648438,221.39999389648438,220.4199981689453,221.0,188.73300170898438,67837800
2016-12-06,221.22000122070312,221.74000549316406,220.66000366210938,221.6999969482422,189.33078002929688,59877400
2016-12-07,221.52000427246094,224.6699981689453,221.3800048828125,224.60000610351562,191.807373046875,110738100
2016-12-08,224.57000732421875,225.6999969482422,224.25999450683594,225.14999389648438,192.27708435058594,99714400
2016-12-09,225.41000366210938,226.52999877929688,225.3699951171875,226.50999450683594,193.43850708007812,88005800
2016-12-12,226.39999389648438,226.9600067138672,225.75999450683594,226.25,193.2164764404297,102016100
2016-12-13,227.02000427246094,228.33999633789062,227.0,227.75999450683594,194.50596618652344,110477500
2016-12-14,227.41000366210938,228.22999572753906,225.3699951171875,225.8800048828125,192.90048217773438,142501800
2016-12-15,226.16000366210938,227.80999755859375,225.88999938964844,226.80999755859375,193.69468688964844,124972600
2016-12-16,226.00999450683594,226.0800018310547,224.6699981689453,225.0399932861328,193.3158721923828,156420200
2016-12-19,225.25,226.02000427246094,225.0800018310547,225.52999877929688,193.73680114746094,90341100
2016-12-20,226.14999389648438,226.57000732421875,225.8800048828125,226.39999389648438,194.48416137695312,89838800
2016-12-21,226.25,226.4499969482422,225.77000427246094,225.77000427246094,193.9429931640625,67909000
2016-12-22,225.60000610351562,225.74000549316406,224.9199981689453,225.3800048828125,193.60800170898438,56219100
2016-12-23,225.42999267578125,225.72000122070312,225.2100067138672,225.7100067138672,193.8914031982422,36697800
2016-12-27,226.02000427246094,226.72999572753906,226.0,226.27000427246094,194.3724822998047,42672500
2016-12-28,226.57000732421875,226.58999633789062,224.27000427246094,224.39999389648438,192.76611328125,64095000
2016-12-29,224.47999572753906,224.88999938964844,223.83999633789062,224.35000610351562,192.72317504882812,48696100
2016-12-30,224.72999572753906,224.8300018310547,222.72999572753906,223.52999877929688,192.01873779296875,108998300
2017-01-03,225.0399932861328,225.8300018310547,223.8800048828125,225.24000549316406,193.48768615722656,91366500
2017-01-04,225.6199951171875,226.75,225.61000061035156,226.5800018310547,194.63876342773438,78744400
2017-01-05,226.27000427246094,226.5800018310547,225.47999572753906,226.39999389648438,194.48416137695312,78379000
2017-01-06,226.52999877929688,227.75,225.89999389648438,227.2100067138672,195.18002319335938,71559900
2017-01-09,226.91000366210938,227.07000732421875,226.4199981689453,226.4600067138672,194.5357208251953,46939700
2017-01-10,226.47999572753906,227.4499969482422,226.00999450683594,226.4600067138672,194.5357208251953,63771900
2017-01-11,226.36000061035156,227.10000610351562,225.58999633789062,227.10000610351562,195.0854949951172,74650000
2017-01-12,226.5,226.75,224.9600067138672,226.52999877929688,194.59579467773438,72113200
2017-01-13,226.72999572753906,227.39999389648438,226.69000244140625,227.0500030517578,195.04249572753906,62717900
2017-01-17,226.30999755859375,226.77999877929688,225.8000030517578,226.25,194.3553009033203,61240800
2017-01-18,226.5399932861328,226.8000030517578,225.89999389648438,226.75,194.78477478027344,54793300
2017-01-19,226.83999633789062,227.0,225.41000366210938,225.91000366210938,194.06326293945312,66608800
2017-01-20,226.6999969482422,227.30999755859375,225.97000122070312,226.74000549316406,194.77622985839844,129168600
2017-01-23,226.74000549316406,226.80999755859375,225.27000427246094,226.14999389648438,194.26939392089844,75061600
2017-01-24,226.39999389648438,228.0800018310547,226.27000427246094,227.60000610351562,195.51498413085938,95555300
2017-01-25,228.6999969482422,229.57000732421875,228.50999450683594,229.57000732421875,197.20729064941406,84437700
2017-01-26,229.39999389648438,229.7100067138672,229.00999450683594,229.3300018310547,197.00111389160156,59970700
2017-01-27,229.4199981689453,229.58999633789062,228.75999450683594,228.97000122070312,196.69183349609375,59711100
2017-01-30,228.1699981689453,228.1999969482422,226.41000366210938,227.5500030517578,195.4720458984375,79737300
2017-01-31,226.97999572753906,227.60000610351562,226.32000732421875,227.52999877929688,195.45481872558594,75880800
2017-02-01,227.52999877929688,228.58999633789062,226.94000244140625,227.6199951171875,195.5321502685547,79117700
2017-02-02,227.6199951171875,228.10000610351562,226.82000732421875,227.77000427246094,195.6610107421875,69657600
2017-02-03,228.82000732421875,229.5500030517578,228.4600067138672,229.33999633789062,197.0096893310547,80563200
2017-02-06,228.8699951171875,229.3300018310547,228.5399932861328,228.92999267578125,196.65748596191406,57790100
2017-02-07,229.3800048828125,229.66000366210938,228.72000122070312,228.94000244140625,196.66610717773438,57931200
2017-02-08,228.94000244140625,229.38999938964844,228.30999755859375,229.24000549316406,196.92379760742188,51566200
2017-02-09,229.24000549316406,230.9499969482422,229.24000549316406,230.60000610351562,198.09207153320312,65955200
2017-02-10,231.0,231.77000427246094,230.6199951171875,231.50999450683594,198.873779296875,66015900
2017-02-13,232.0800018310547,233.07000732421875,232.0500030517578,232.77000427246094,199.9561767578125,55182100
2017-02-14,232.55999755859375,233.7100067138672,232.16000366210938,233.6999969482422,200.75503540039062,71109000
2017-02-15,233.4499969482422,235.13999938964844,233.38999938964844,234.9199981689453,201.80308532714844,86785800
2017-02-16,234.9499969482422,235.16000366210938,233.85000610351562,234.72000122070312,201.63128662109375,84722400
2017-02-17,233.9499969482422,235.08999633789062,233.92999267578125,235.08999633789062,201.94918823242188,77204100
2017-02-21,235.52000427246094,236.69000244140625,235.50999450683594,236.49000549316406,203.15176391601562,88946100
2017-02-22,236.02000427246094,236.5399932861328,235.8300018310547,236.27999877929688,202.9713897705078,62115200
2017-02-23,236.8800048828125,236.89999389648438,235.55999755859375,236.44000244140625,203.1088104248047,74615900
2017-02-24,235.4600067138672,236.7899932861328,235.41000366210938,236.74000549316406,203.36651611328125,82381600
2017-02-27,236.63999938964844,237.30999755859375,236.35000610351562,237.11000061035156,203.6843719482422,56515400
2017-02-28,236.6699981689453,236.9499969482422,236.02000427246094,236.47000122070312,203.13453674316406,96961900
2017-03-01,238.38999938964844,240.32000732421875,238.3699951171875,239.77999877929688,205.9779510498047,149158200
2017-03-02,239.55999755859375,239.57000732421875,238.2100067138672,238.27000427246094,204.6808624267578,70246000
2017-03-03,238.1699981689453,238.61000061035156,237.72999572753906,238.4199981689453,204.80966186523438,81974300
2017-03-06,237.5,238.1199951171875,237.00999450683594,237.7100067138672,204.1998291015625,55391500
2017-03-07,237.36000061035156,237.77000427246094,236.75999450683594,237.0,203.58984375,65103700
2017-03-08,237.33999633789062,237.63999938964844,236.39999389648438,236.55999755859375,203.2118682861328,78168800
2017-03-09,236.6999969482422,237.24000549316406,235.74000549316406,236.86000061035156,203.46958923339844,90683900
2017-03-10,237.97000122070312,238.02000427246094,236.58999633789062,237.69000244140625,204.18264770507812,81991700
2017-03-13,237.6199951171875,237.86000061035156,237.24000549316406,237.80999755859375,204.2856903076172,57256800
2017-03-14,237.17999267578125,237.24000549316406,236.19000244140625,236.89999389648438,203.50396728515625,59880800
2017-03-15,237.55999755859375,239.44000244140625,237.2899932861328,238.9499969482422,205.2649383544922,96081800
2017-03-16,239.11000061035156,239.1999969482422,238.10000610351562,238.47999572753906,204.86122131347656,78344000
2017-03-17,237.75,237.97000122070312,237.02999877929688,237.02999877929688,204.50140380859375,89002100
2017-03-20,237.02999877929688,237.36000061035156,236.32000732421875,236.77000427246094,204.277099609375,52537000
2017-03-21,237.47000122070312,237.61000061035156,233.5800018310547,233.72999572753906,201.65435791015625,131809300
2017-03-22,233.77000427246094,234.61000061035156,233.0500030517578,234.27999877929688,202.12884521484375,97569200
2017-03-23,234.27999877929688,235.33999633789062,233.60000610351562,234.02999877929688,201.9131622314453,100410300
2017-03-24,234.3800048828125,235.0399932861328,232.9600067138672,233.86000061035156,201.76646423339844,112504900
2017-03-27,231.92999267578125,233.9199981689453,231.61000061035156,233.6199951171875,201.5594482421875,87454500
2017-03-28,233.27000427246094,235.80999755859375,233.13999938964844,235.32000732421875,203.02613830566406,93483900
2017-03-29,234.99000549316406,235.80999755859375,234.72999572753906,235.5399932861328,203.2158966064453,61950400
2017-03-30,235.47000122070312,236.52000427246094,235.27000427246094,236.2899932861328,203.8629913330078,56737900
2017-03-31,235.89999389648438,236.50999450683594,235.67999267578125,235.74000549316406,203.38845825195312,73733100
2017-04-03,235.8000030517578,236.02999877929688,233.91000366210938,235.3300018310547,203.03477478027344,85546500
2017-04-04,235.0,235.5800018310547,234.55999755859375,235.47999572753906,203.1641387939453,56466200
2017-04-05,236.25999450683594,237.38999938964844,234.5399932861328,234.77999877929688,202.56024169921875,108800600
2017-04-06,234.94000244140625,236.0399932861328,234.42999267578125,235.44000244140625,203.12966918945312,69135800
2017-04-07,235.14999389648438,236.0,234.63999938964844,235.1999969482422,202.92254638671875,74412300
2017-04-10,235.36000061035156,236.25999450683594,234.72999572753906,235.33999633789062,203.0434112548828,67615300
2017-04-11,234.89999389648438,235.17999267578125,233.33999633789062,235.05999755859375,202.8018341064453,88045300
2017-04-12,234.74000549316406,234.9600067138672,233.77000427246094,234.02999877929688,201.9131622314453,81864400
2017-04-13,233.63999938964844,234.49000549316406,232.50999450683594,232.50999450683594,200.60177612304688,92880400
2017-04-17,233.11000061035156,234.57000732421875,232.8800048828125,234.57000732421875,202.37904357910156,68405400
2017-04-18,233.72000122070312,234.49000549316406,233.0800018310547,233.8699951171875,201.77511596679688,83225800
2017-04-19,234.52000427246094,234.9499969482422,233.17999267578125,233.44000244140625,201.40411376953125,68699900
2017-04-20,234.14999389648438,235.85000610351562,233.77999877929688,235.33999633789062,203.0434112548828,92572200
2017-04-21,235.25,235.30999755859375,234.1300048828125,234.58999633789062,202.3963165283203,110389800
2017-04-24,237.17999267578125,237.41000366210938,234.55999755859375,237.1699981689453,204.6222381591797,119209900
2017-04-25,237.91000366210938,238.9499969482422,237.80999755859375,238.5500030517578,205.81288146972656,76698300
2017-04-26,238.50999450683594,239.52999877929688,238.35000610351562,238.39999389648438,205.68341064453125,84702500
2017-04-27,238.77000427246094,238.9499969482422,237.97999572753906,238.60000610351562,205.85598754882812,57410300
2017-04-28,238.89999389648438,238.92999267578125,237.92999267578125,238.0800018310547,205.40733337402344,63532800
2017-05-01,238.67999267578125,239.1699981689453,238.1999969482422,238.67999267578125,205.925048828125,66882500
2017-05-02,238.83999633789062,238.97999572753906,238.3000030517578,238.77000427246094,206.00265502929688,57375700
2017-05-03,238.77000427246094,238.8800048828125,237.6999969482422,238.47999572753906,205.75244140625,73137700
2017-05-04,238.8300018310547,238.9199981689453,237.77999877929688,238.75999450683594,205.9940185546875,61462700
2017-05-05,239.19000244140625,239.72000122070312,238.67999267578125,239.6999969482422,206.80502319335938,62001300
2017-05-08,239.75,239.9199981689453,239.1699981689453,239.66000366210938,206.77052307128906,48385700
2017-05-09,239.9600067138672,240.19000244140625,239.0399932861328,239.44000244140625,206.58070373535156,51363200
2017-05-10,239.38999938964844,239.8699951171875,239.14999389648438,239.8699951171875,206.95164489746094,54293800
2017-05-11,239.35000610351562,239.57000732421875,238.1300048828125,239.3800048828125,206.52891540527344,62358300
2017-05-12,239.08999633789062,239.42999267578125,238.6699981689453,238.97999572753906,206.183837890625,53912700
2017-05-15,239.47000122070312,240.44000244140625,239.4499969482422,240.3000030517578,207.3226776123047,61918900
2017-05-16,240.63999938964844,240.6699981689453,239.6300048828125,240.0800018310547,207.13290405273438,51241800
2017-05-17,240.0800018310547,240.0800018310547,235.75,235.82000732421875,203.4574737548828,172174100
2017-05-18,235.72999572753906,237.75,235.42999267578125,236.77000427246094,204.277099609375,107047700
2017-05-19,237.3300018310547,239.0800018310547,237.27000427246094,238.30999755859375,205.6057586669922,115011400
2017-05-22,238.89999389648438,239.7100067138672,238.82000732421875,239.52000427246094,206.6497344970703,61010600
2017-05-23,239.9499969482422,240.24000549316406,239.50999450683594,240.0500030517578,207.1070098876953,48341700
2017-05-24,240.32000732421875,240.72999572753906,239.92999267578125,240.61000061035156,207.59017944335938,46927700
2017-05-25,241.1999969482422,242.0800018310547,240.9600067138672,241.75999450683594,208.58233642578125,64071700
2017-05-26,241.5399932861328,241.89999389648438,241.4499969482422,241.7100067138672,208.53916931152344,46629900
2017-05-30,241.33999633789062,241.7899932861328,241.16000366210938,241.5,208.3580322265625,35201900
2017-05-31,241.83999633789062,241.8800048828125,240.63999938964844,241.44000244140625,208.30618286132812,91796000
2017-06-01,241.97000122070312,243.3800048828125,241.63999938964844,243.36000061035156,209.96278381347656,68962000
2017-06-02,243.4199981689453,244.35000610351562,243.0800018310547,244.1699981689453,210.66159057617188,88666100
2017-06-05,243.97000122070312,244.3000030517578,243.75999450683594,243.99000549316406,210.5063018798828,44698800
2017-06-06,243.33999633789062,243.97999572753906,243.1199951171875,243.2100067138672,209.8333282470703,50375400
2017-06-07,243.60000610351562,243.9199981689453,242.8300018310547,243.66000366210938,210.22158813476562,54144300
2017-06-08,243.77000427246094,244.3300018310547,243.1699981689453,243.77999877929688,210.3251190185547,65950700
2017-06-09,244.08999633789062,245.00999450683594,241.9499969482422,243.41000366210938,210.00588989257812,132256400
2017-06-12,243.1300048828125,243.4199981689453,242.3800048828125,243.36000061035156,209.96278381347656,86108100
2017-06-13,243.97999572753906,244.61000061035156,243.5800018310547,244.5500030517578,210.98944091796875,60067000
2017-06-14,244.86000061035156,244.8699951171875,243.2899932861328,244.24000549316406,210.7220001220703,78602300
2017-06-15,242.67999267578125,243.91000366210938,242.36000061035156,243.77000427246094,210.3164520263672,66464900
2017-06-16,242.77000427246094,242.8300018310547,241.6300048828125,242.63999938964844,210.36245727539062,84553100
2017-06-19,243.58999633789062,244.72999572753906,243.47999572753906,244.66000366210938,212.11367797851562,65123800
2017-06-20,244.25,244.25999450683594,242.99000549316406,243.00999450683594,210.6832275390625,56906400
2017-06-21,243.4600067138672,243.58999633789062,242.41000366210938,242.9499969482422,210.63121032714844,55977600
2017-06-22,242.9600067138672,243.52999877929688,242.63999938964844,242.83999633789062,210.5358123779297,44148100
2017-06-23,242.91000366210938,243.50999450683594,242.47000122070312,243.1300048828125,210.7872772216797,66986800
2017-06-26,243.89999389648438,244.3800048828125,243.0500030517578,243.2899932861328,210.9259490966797,56700500
2017-06-27,243.0399932861328,243.3800048828125,241.30999755859375,241.3300018310547,209.22671508789062,82247700
2017-06-28,242.5,243.72000122070312,242.22999572753906,243.49000549316406,211.09933471679688,70042600
2017-06-29,243.66000366210938,243.72000122070312,239.9600067138672,241.35000610351562,209.2440185546875,106949700
2017-06-30,242.27999877929688,242.7100067138672,241.5800018310547,241.8000030517578,209.6342010498047,86820700
2017-07-03,242.8800048828125,243.3800048828125,242.2100067138672,242.2100067138672,209.9896697998047,39153800
2017-07-05,242.6300048828125,243.00999450683594,241.6999969482422,242.77000427246094,210.4751434326172,54427600
2017-07-06,241.88999938964844,242.02999877929688,240.33999633789062,240.5500030517578,208.55052185058594,65400800
2017-07-07,241.2100067138672,242.27999877929688,240.55999755859375,242.11000061035156,209.90293884277344,57972300
2017-07-10,242.11000061035156,242.8000030517578,241.75999450683594,242.3699951171875,210.1283416748047,36663300
2017-07-11,242.3699951171875,242.5500030517578,240.85000610351562,242.19000244140625,209.9723358154297,50354600
2017-07-12,243.3000030517578,244.1999969482422,243.3000030517578,244.00999450683594,211.5501708984375,59610400
2017-07-13,244.02000427246094,244.5500030517578,243.75999450683594,244.4199981689453,211.90565490722656,39471600
2017-07-14,244.4199981689453,245.97000122070312,244.30999755859375,245.55999755859375,212.89401245117188,60262700
2017-07-17,245.47000122070312,245.91000366210938,245.3300018310547,245.52999877929688,212.86802673339844,33531900
2017-07-18,245.05999755859375,245.72000122070312,244.6699981689453,245.66000366210938,212.980712890625,42742500
2017-07-19,246.02000427246094,247.0,246.00999450683594,246.99000549316406,214.13377380371094,51034300
2017-07-20,247.27999877929688,247.4199981689453,246.47000122070312,247.10000610351562,214.2291717529297,47135200
2017-07-21,246.44000244140625,246.91000366210938,246.17999267578125,246.8800048828125,214.0383758544922,82340800
2017-07-24,246.7899932861328,246.97999572753906,246.27999877929688,246.82000732421875,213.9864044189453,46622300
2017-07-25,247.67999267578125,247.8000030517578,247.16000366210938,247.4199981689453,214.50660705566406,54915600
2017-07-26,247.75,247.7899932861328,247.1300048828125,247.42999267578125,214.51528930664062,47575400
2017-07-27,247.9600067138672,248.0,245.67999267578125,247.1999969482422,214.31585693359375,70766600
2017-07-28,246.64999389648438,247.05999755859375,246.1300048828125,246.91000366210938,214.06443786621094,50088400
2017-07-31,247.3699951171875,247.47999572753906,246.52999877929688,246.77000427246094,213.9430694580078,65838700
2017-08-01,247.4600067138672,247.5,246.72000122070312,247.32000732421875,214.419921875,55050400
2017-08-02,247.47000122070312,247.60000610351562,246.3699951171875,247.44000244140625,214.52394104003906,47211200
2017-08-03,247.30999755859375,247.33999633789062,246.63999938964844,246.9600067138672,214.10777282714844,40856000
2017-08-04,247.52000427246094,247.7899932861328,246.97000122070312,247.41000366210938,214.4979248046875,60191800
2017-08-07,247.49000549316406,247.8699951171875,247.3699951171875,247.8699951171875,214.89666748046875,31995000
2017-08-08,247.50999450683594,248.91000366210938,246.8300018310547,247.25999450683594,214.36781311035156,61719400
2017-08-09,246.47000122070312,247.30999755859375,246.05999755859375,247.25,214.3592071533203,62632600
2017-08-10,246.2899932861328,246.44000244140625,243.6999969482422,243.75999450683594,211.33343505859375,120479500
2017-08-11,244.02000427246094,244.8000030517578,243.75,244.1199951171875,211.64559936523438,74869900
2017-08-14,245.58999633789062,246.7899932861328,245.5500030517578,246.5399932861328,213.74365234375,73291900
2017-08-15,246.97999572753906,247.0,246.16000366210938,246.50999450683594,213.7176513671875,55242700
2017-08-16,247.11000061035156,247.57000732421875,246.4499969482422,246.94000244140625,214.09048461914062,56715500
2017-08-17,246.24000549316406,246.60000610351562,243.08999633789062,243.08999633789062,210.75259399414062,128490400
2017-08-18,242.89999389648438,244.19000244140625,242.1999969482422,242.7100067138672,210.42312622070312,136748000
2017-08-21,242.63999938964844,243.1999969482422,241.8300018310547,242.89999389648438,210.58786010742188,65469700
2017-08-22,243.57000732421875,245.6199951171875,243.5500030517578,245.44000244140625,212.7899627685547,63140100
2017-08-23,244.3300018310547,245.0500030517578,244.16000366210938,244.55999755859375,212.02700805664062,50203800
2017-08-24,245.0,245.17999267578125,243.75,243.99000549316406,211.53286743164062,50741700
2017-08-25,244.89999389648438,245.61000061035156,244.38999938964844,244.55999755859375,212.02700805664062,64445900
2017-08-28,245.1699981689453,245.1999969482422,244.08999633789062,244.57000732421875,212.03570556640625,40565600
2017-08-29,243.05999755859375,245.14999389648438,242.92999267578125,244.85000610351562,212.27845764160156,51135700
2017-08-30,244.8300018310547,246.32000732421875,244.6199951171875,246.00999450683594,213.28414916992188,62030800
2017-08-31,246.72000122070312,247.77000427246094,246.0500030517578,247.49000549316406,214.5673065185547,103803900
2017-09-01,247.9199981689453,248.3300018310547,247.6699981689453,247.83999633789062,214.8706817626953,62007000
2017-09-05,247.25999450683594,247.52000427246094,244.9499969482422,246.05999755859375,213.32752990722656,91398800
2017-09-06,246.83999633789062,247.27999877929688,246.22999572753906,246.89999389648438,214.0557403564453,57916900
2017-09-07,247.25,247.27000427246094,246.39999389648438,246.8699951171875,214.0297393798828,58034700
2017-09-08,246.5399932861328,247.11000061035156,246.3000030517578,246.5800018310547,213.7783203125,63832800
2017-09-11,248.0399932861328,249.3000030517578,248.02000427246094,249.2100067138672,216.05844116210938,71364800
2017-09-12,249.6300048828125,250.08999633789062,249.4199981689453,250.0500030517578,216.78671264648438,56896000
2017-09-13,249.72000122070312,250.2100067138672,249.58999633789062,250.1699981689453,216.89077758789062,59228000
2017-09-14,249.8000030517578,250.32000732421875,249.60000610351562,250.08999633789062,216.82139587402344,95446300
2017-09-15,248.69000244140625,249.2899932861328,248.57000732421875,249.19000244140625,217.11326599121094,95432400
2017-09-18,249.61000061035156,250.1199951171875,249.27999877929688,249.72000122070312,217.57505798339844,46235200
2017-09-19,250.0,250.07000732421875,249.60000610351562,249.97000122070312,217.7928466796875,47108100
2017-09-20,250.07000732421875,250.19000244140625,248.9199981689453,250.05999755859375,217.87130737304688,59574100
2017-09-21,249.8800048828125,249.97999572753906,249.19000244140625,249.38999938964844,217.2875518798828,48211400
2017-09-22,249.0500030517578,249.6300048828125,249.02000427246094,249.44000244140625,217.3311004638672,51214000
2017-09-25,249.14999389648438,249.5500030517578,248.0800018310547,248.92999267578125,216.88677978515625,57064400
2017-09-26,249.4199981689453,249.6999969482422,248.80999755859375,249.0800018310547,217.0174102783203,54082000
2017-09-27,249.8800048828125,250.49000549316406,248.8699951171875,250.0500030517578,217.862548828125,81001400
2017-09-28,249.72999572753906,250.44000244140625,249.6300048828125,250.35000610351562,218.1239471435547,44778800
2017-09-29,250.33999633789062,251.32000732421875,250.1300048828125,251.22999572753906,218.89065551757812,85578000
2017-10-02,251.49000549316406,252.32000732421875,251.2899932861328,252.32000732421875,219.8403778076172,59023000
2017-10-03,252.32000732421875,252.88999938964844,252.22999572753906,252.86000061035156,220.31089782714844,66810200
2017-10-04,252.69000244140625,253.44000244140625,252.55999755859375,253.16000366210938,220.5722198486328,55953600
2017-10-05,253.5399932861328,254.67999267578125,253.1999969482422,254.66000366210938,221.87913513183594,63522800
2017-10-06,254.14999389648438,254.6999969482422,253.85000610351562,254.3699951171875,221.62644958496094,80646000
2017-10-09,254.6300048828125,254.6999969482422,253.64999389648438,253.9499969482422,221.26051330566406,35803100
2017-10-10,254.60000610351562,255.0500030517578,253.97999572753906,254.6199951171875,221.8442840576172,43057400
2017-10-11,254.50999450683594,255.02000427246094,254.32000732421875,255.02000427246094,222.19281005859375,47674300
2017-10-12,254.66000366210938,255.05999755859375,254.3699951171875,254.63999938964844,221.86175537109375,47065100
2017-10-13,255.13999938964844,255.27000427246094,254.63999938964844,254.9499969482422,222.13182067871094,54800400
2017-10-16,255.2100067138672,255.50999450683594,254.82000732421875,255.2899932861328,222.4281005859375,38221700
2017-10-17,255.22999572753906,255.52000427246094,254.97999572753906,255.47000122070312,222.58493041992188,31561000
2017-10-18,255.89999389648438,255.9499969482422,255.5,255.72000122070312,222.802734375,40888300
2017-10-19,254.8300018310547,255.8300018310547,254.35000610351562,255.7899932861328,222.8636932373047,61903800
2017-10-20,256.70001220703125,257.1400146484375,255.77000427246094,257.1099853515625,224.01380920410156,89176400
2017-10-23,257.4800109863281,257.510009765625,256.0199890136719,256.1099853515625,223.1425323486328,63915300
2017-10-24,256.6000061035156,256.8299865722656,256.1499938964844,256.55999755859375,223.5345916748047,66935900
2017-10-25,256.17999267578125,256.30999755859375,254.0,255.2899932861328,222.4281005859375,103715300
2017-10-26,255.99000549316406,256.29998779296875,255.47999572753906,255.6199951171875,222.71559143066406,69798000
2017-10-27,256.4700012207031,257.8900146484375,255.6300048828125,257.7099914550781,224.53648376464844,85562500
2017-10-30,256.4700012207031,257.6000061035156,256.4100036621094,256.75,223.7001190185547,54285700
2017-10-31,257.17999267578125,257.44000244140625,256.80999755859375,257.1499938964844,224.0486297607422,60304800
2017-11-01,258.0400085449219,258.42999267578125,257.07000732421875,257.489990234375,224.34483337402344,54202700
2017-11-02,257.4100036621094,257.75,256.19000244140625,257.5899963378906,224.43202209472656,56449500
2017-11-03,257.7699890136719,258.5,257.29998779296875,258.45001220703125,225.1813201904297,59589700
2017-11-06,258.29998779296875,259.0,258.2200012207031,258.8500061035156,225.5298309326172,49652600
2017-11-07,258.9700012207031,259.3500061035156,258.0899963378906,258.6700134277344,225.37301635742188,57502200
2017-11-08,258.4700012207031,259.2200012207031,258.1499938964844,259.1099853515625,225.75633239746094,50469600
2017-11-09,257.7300109863281,258.3900146484375,256.3599853515625,258.1700134277344,224.93734741210938,95085500
2017-11-10,257.7300109863281,258.2900085449219,257.3699951171875,258.0899963378906,224.86761474609375,59984700
2017-11-13,257.30999755859375,258.5899963378906,257.2699890136719,258.3299865722656,225.07676696777344,50228600
2017-11-14,257.4100036621094,257.8500061035156,256.5199890136719,257.7300109863281,224.55393981933594,61315200
2017-11-15,256.6199951171875,257.2200012207031,255.6300048828125,256.44000244140625,223.4300079345703,80811500
2017-11-16,257.5199890136719,259.0400085449219,257.4700012207031,258.6199951171875,225.3293914794922,67777000
2017-11-17,258.2200012207031,258.5899963378906,257.7699890136719,257.8599853515625,224.6671905517578,75756800
2017-11-20,258.1400146484375,258.5199890136719,257.8599853515625,258.29998779296875,225.05062866210938,48075500
2017-11-21,259.17999267578125,260.20001220703125,258.260009765625,259.989990234375,226.52301025390625,69176800
2017-11-22,260.0,260.1499938964844,259.57000732421875,259.760009765625,226.32269287109375,45033400
2017-11-24,260.32000732421875,260.4800109863281,260.1600036621094,260.3599853515625,226.8454132080078,27856500
2017-11-27,260.4100036621094,260.75,260.0,260.2300109863281,226.73223876953125,52274900
2017-11-28,260.760009765625,262.8999938964844,260.6499938964844,262.8699951171875,229.03237915039062,98971700
2017-11-29,263.0199890136719,263.6300048828125,262.20001220703125,262.7099914550781,228.89292907714844,77512100
2017-11-30,263.760009765625,266.04998779296875,263.6700134277344,265.010009765625,230.89688110351562,127894400
2017-12-01,264.760009765625,265.30999755859375,260.760009765625,264.4599914550781,230.4176483154297,164390900
2017-12-04,266.30999755859375,266.79998779296875,264.0799865722656,264.1400146484375,230.1388702392578,94040600
2017-12-05,263.19000244140625,265.1499938964844,263.0400085449219,263.19000244140625,229.31114196777344,77994500
2017-12-06,263.29998779296875,263.7300109863281,262.7099914550781,263.239990234375,229.3546905517578,75898600
2017-12-07,264.07000732421875,264.42999267578125,262.94000244140625,264.07000732421875,230.07786560058594,77218600
2017-12-08,265.1600036621094,265.5199890136719,264.0299987792969,265.510009765625,231.33250427246094,76563900
2017-12-11,266.30999755859375,266.3800048828125,265.4800109863281,266.30999755859375,232.02947998046875,83077500
2017-12-12,267.2099914550781,267.32000732421875,266.3500061035156,266.7799987792969,232.4390106201172,85195800
2017-12-13,267.05999755859375,267.55999755859375,266.6499938964844,266.75,232.41285705566406,102905400
2017-12-14,267.0899963378906,267.2200012207031,265.6000061035156,265.6600036621094,231.46322631835938,100666700
2017-12-15,265.45001220703125,267.0400085449219,265.3900146484375,266.510009765625,233.39071655273438,144610300
2017-12-18,268.1000061035156,268.6000061035156,267.9800109863281,268.20001220703125,234.87059020996094,83653600
2017-12-19,268.4800109863281,268.5299987792969,267.0899963378906,267.1700134277344,233.9686279296875,82382900
2017-12-20,268.2699890136719,268.3299865722656,266.69000244140625,267.0299987792969,233.84603881835938,76751500
2017-12-21,267.739990234375,268.3900146484375,267.29998779296875,267.5799865722656,234.32765197753906,67032300
2017-12-22,267.6000061035156,267.6400146484375,266.8999938964844,267.510009765625,234.26644897460938,78720900
2017-12-26,267.04998779296875,267.44000244140625,266.8900146484375,267.19000244140625,233.98617553710938,45244400
2017-12-27,267.3800048828125,267.7300109863281,267.010009765625,267.32000732421875,234.10000610351562,57751000
2017-12-28,267.8900146484375,267.9200134277344,267.45001220703125,267.8699951171875,234.58172607421875,45116100
2017-12-29,268.5299987792969,268.54998779296875,266.6400146484375,266.8599853515625,233.69715881347656,96007400
2018-01-02,267.8399963378906,268.80999755859375,267.3999938964844,268.7699890136719,235.36981201171875,86655700
2018-01-03,268.9599914550781,270.6400146484375,268.9599914550781,270.4700012207031,236.8585662841797,90070400
2018-01-04,271.20001220703125,272.1600036621094,270.5400085449219,271.6099853515625,237.8568572998047,80636400
2018-01-05,272.510009765625,273.55999755859375,271.95001220703125,273.4200134277344,239.4419708251953,83524000
2018-01-08,273.30999755859375,274.1000061035156,272.9800109863281,273.9200134277344,239.8798828125,57319200
2018-01-09,274.3999938964844,275.25,274.0799865722656,274.5400085449219,240.4227752685547,57254000
2018-01-10,273.67999267578125,274.4200134277344,272.9200134277344,274.1199951171875,240.054931640625,69574300
2018-01-11,274.75,276.1199951171875,274.55999755859375,276.1199951171875,241.8064727783203,62361500
2018-01-12,276.4200134277344,278.1099853515625,276.0799865722656,277.9200134277344,243.38278198242188,90816100
2018-01-16,279.3500061035156,280.0899963378906,276.17999267578125,276.9700012207031,242.55079650878906,106555100
2018-01-17,278.0299987792969,280.04998779296875,276.9700012207031,279.6099853515625,244.86264038085938,113258800
2018-01-18,279.4800109863281,279.9599914550781,278.5799865722656,279.1400146484375,244.45123291015625,100728000
2018-01-19,279.79998779296875,280.4100036621094,279.1400146484375,280.4100036621094,245.56333923339844,140920100
2018-01-22,280.1700134277344,282.69000244140625,280.1099853515625,282.69000244140625,247.5600128173828,91322400
2018-01-23,282.739990234375,283.6199951171875,282.3699951171875,283.2900085449219,248.08538818359375,97084700
2018-01-24,284.0199890136719,284.70001220703125,281.8399963378906,283.17999267578125,247.9890594482422,134816100
2018-01-25,284.1600036621094,284.2699890136719,282.3999938964844,283.29998779296875,248.09420776367188,84587300
2018-01-26,284.25,286.6300048828125,283.9599914550781,286.5799865722656,250.96661376953125,107743100
2018-01-29,285.92999267578125,286.42999267578125,284.5,284.67999267578125,249.302734375,90118300
2018-01-30,282.6000061035156,284.739990234375,281.2200012207031,281.760009765625,246.74560546875,131796400
2018-01-31,282.7300109863281,283.29998779296875,280.67999267578125,281.8999938964844,246.8681182861328,108364800
2018-02-01,281.07000732421875,283.05999755859375,280.67999267578125,281.5799865722656,246.58792114257812,90102500
2018-02-02,280.0799865722656,280.2300109863281,275.4100036621094,275.45001220703125,241.21975708007812,173174800
2018-02-05,273.45001220703125,275.8500061035156,263.30999755859375,263.92999267578125,231.13128662109375,294681800
2018-02-06,259.94000244140625,269.70001220703125,258.70001220703125,269.1300048828125,235.68508911132812,355026800
2018-02-07,268.5,272.3599853515625,267.5799865722656,267.6700134277344,234.40655517578125,167376100
2018-02-08,268.010009765625,268.1700134277344,257.5899963378906,257.6300048828125,225.61424255371094,246449500
2018-02-09,260.79998779296875,263.6099853515625,252.9199981689453,261.5,229.00326538085938,283565300
2018-02-12,263.8299865722656,267.010009765625,261.6600036621094,265.3399963378906,232.36605834960938,143736000
2018-02-13,263.9700012207031,266.6199951171875,263.30999755859375,266.0,232.94403076171875,81223600
2018-02-14,264.30999755859375,270.0,264.29998779296875,269.5899963378906,236.08799743652344,120735700
2018-02-15,271.57000732421875,273.0400085449219,268.7699890136719,273.0299987792969,239.1004638671875,111200300
2018-02-16,272.32000732421875,275.32000732421875,272.2699890136719,273.1099853515625,239.17051696777344,160420100
2018-02-20,272.0299987792969,273.6700134277344,270.5,271.3999938964844,237.67303466796875,86369700
2018-02-21,271.8999938964844,274.7200012207031,269.94000244140625,270.04998779296875,236.49075317382812,98883700
2018-02-22,271.1000061035156,273.04998779296875,269.6400146484375,270.3999938964844,236.7972412109375,110511300
2018-02-23,271.7900085449219,274.7099914550781,271.25,274.7099914550781,240.5716552734375,92766400
2018-02-26,275.92999267578125,278.010009765625,275.260009765625,277.8999938964844,243.3652801513672,86491400
2018-02-27,278.1099853515625,278.9200134277344,274.3599853515625,274.42999267578125,240.32640075683594,99099200
2018-02-28,275.67999267578125,276.19000244140625,271.2900085449219,271.6499938964844,237.8919219970703,121907800
2018-03-01,271.4100036621094,273.1700134277344,266.0,267.70001220703125,234.43276977539062,176855100
2018-03-02,265.79998779296875,269.7200012207031,264.82000732421875,269.0799865722656,235.6412811279297,139083200
2018-03-05,267.7300109863281,272.8900146484375,267.6099853515625,272.19000244140625,238.36485290527344,97307400
2018-03-06,273.29998779296875,273.3900146484375,271.17999267578125,272.8800048828125,238.96910095214844,79213200
2018-03-07,270.4200134277344,273.17999267578125,270.20001220703125,272.7799987792969,238.88157653808594,87063500
2018-03-08,273.54998779296875,274.239990234375,272.4200134277344,274.1000061035156,240.03749084472656,66901200
2018-03-09,275.70001220703125,278.8699951171875,275.3399963378906,278.8699951171875,244.21470642089844,113625300
2018-03-12,279.20001220703125,279.9100036621094,278.0799865722656,278.5199890136719,243.908203125,71924800
2018-03-13,279.8399963378906,280.4100036621094,276.0299987792969,276.7200012207031,242.33184814453125,91968900
2018-03-14,277.80999755859375,278.0199890136719,274.6700134277344,275.29998779296875,241.08836364746094,105895100
2018-03-15,275.8800048828125,276.6099853515625,274.42999267578125,275.0,240.82559204101562,83433000
2018-03-16,274.5,275.3900146484375,274.1400146484375,274.20001220703125,241.08673095703125,100343700
2018-03-19,273.3500061035156,274.3999938964844,268.6199951171875,270.489990234375,237.82481384277344,109208400
2018-03-20,270.94000244140625,271.6700134277344,270.17999267578125,270.95001220703125,238.22923278808594,59757300
2018-03-21,270.8999938964844,273.2699890136719,270.19000244140625,270.42999267578125,237.7720184326172,78709600
2018-03-22,267.9100036621094,268.8699951171875,263.3599853515625,263.6700134277344,231.8284149169922,148785900
2018-03-23,264.1700134277344,264.5400085449219,257.8299865722656,258.04998779296875,226.8871307373047,183534800
2018-03-26,262.1300048828125,265.42999267578125,259.4100036621094,265.1099853515625,233.094482421875,141956100
2018-03-27,266.1700134277344,266.7699890136719,258.8399963378906,260.6000061035156,229.12913513183594,129941400
2018-03-28,260.75,262.6400146484375,258.5799865722656,259.8299865722656,228.45211791992188,146452300
2018-03-29,261.1199951171875,265.260009765625,259.8399963378906,263.1499938964844,231.37115478515625,111601600
2018-04-02,262.54998779296875,263.1300048828125,254.6699981689453,257.4700012207031,226.37710571289062,186286300
2018-04-03,258.8699951171875,261.30999755859375,256.8399963378906,260.7699890136719,229.27859497070312,119956900
2018-04-04,256.75,264.3599853515625,256.6000061035156,263.55999755859375,231.73167419433594,123715300
2018-04-05,265.54998779296875,266.6400146484375,264.32000732421875,265.6400146484375,233.5605010986328,82652600
2018-04-06,263.4200134277344,265.1099853515625,258.0,259.7200012207031,228.35537719726562,179521200
2018-04-09,261.3699951171875,264.8399963378906,259.94000244140625,261.0,229.48086547851562,105442900
2018-04-10,264.2699890136719,266.0400085449219,262.9800109863281,265.1499938964844,233.12960815429688,103529000
2018-04-11,263.4700012207031,265.6400146484375,263.3900146484375,263.760009765625,231.9075164794922,91140200
2018-04-12,265.260009765625,267.0,265.05999755859375,265.92999267578125,233.8155059814453,68890500
2018-04-13,267.4100036621094,267.5400085449219,264.010009765625,265.1499938964844,233.12960815429688,85079200
2018-04-16,267.0,268.20001220703125,266.07000732421875,267.3299865722656,235.04635620117188,63405300
2018-04-17,269.3299865722656,270.8699951171875,268.75,270.19000244140625,237.5609893798828,64682000
2018-04-18,270.69000244140625,271.29998779296875,269.8699951171875,270.3900146484375,237.7368621826172,57303900
2018-04-19,269.6499938964844,269.8800048828125,267.7200012207031,268.8900146484375,236.41796875,77655900
2018-04-20,268.80999755859375,269.05999755859375,265.6099853515625,266.6099853515625,234.41339111328125,99953100
2018-04-23,267.260009765625,267.8900146484375,265.3500061035156,266.57000732421875,234.3781280517578,65558000
2018-04-24,267.7300109863281,267.9800109863281,261.2799987792969,262.9800109863281,231.22171020507812,112885500
2018-04-25,262.9100036621094,264.1300048828125,260.8500061035156,263.6300048828125,231.79322814941406,103840900
2018-04-26,264.7900085449219,267.25,264.2900085449219,266.30999755859375,234.1495361328125,67731900
2018-04-27,267.0,267.3399963378906,265.5,266.55999755859375,234.3694610595703,57053600
2018-04-30,267.260009765625,267.8900146484375,264.42999267578125,264.510009765625,232.56698608398438,82182300
2018-05-01,263.8699951171875,265.1000061035156,262.1099853515625,264.9800109863281,232.98019409179688,74203400
2018-05-02,264.760009765625,265.67999267578125,262.760009765625,263.20001220703125,231.41519165039062,86368900
2018-05-03,262.260009765625,263.3599853515625,259.04998779296875,262.6199951171875,230.90516662597656,136311500
2018-05-04,261.5199890136719,266.7900085449219,261.1499938964844,266.0199890136719,233.89456176757812,91222100
2018-05-07,266.8900146484375,268.0199890136719,266.1099853515625,266.9200134277344,234.6858367919922,55304900
2018-05-08,266.5,267.3299865722656,265.1499938964844,266.9200134277344,234.6858367919922,67499200
2018-05-09,267.67999267578125,269.8699951171875,267.0899963378906,269.5,236.9542999267578,59666100
2018-05-10,270.3399963378906,272.3900146484375,270.2200012207031,272.0199890136719,239.17002868652344,72063900
2018-05-11,272.1600036621094,273.1499938964844,271.5799865722656,272.8500061035156,239.8998260498047,59871500
2018-05-14,273.3399963378906,274.0799865722656,272.3599853515625,272.9800109863281,240.0140838623047,54790600
2018-05-15,271.5899963378906,271.6099853515625,270.0299987792969,271.1000061035156,238.36111450195312,87036100
2018-05-16,271.1400146484375,272.760009765625,271.1099853515625,272.239990234375,239.3634796142578,53942600
2018-05-17,271.94000244140625,273.2300109863281,271.1300048828125,272.010009765625,239.1612548828125,56536400
2018-05-18,271.6199951171875,272.0299987792969,270.92999267578125,271.3299865722656,238.56329345703125,64368000
2018-05-21,273.010009765625,273.9800109863281,272.57000732421875,273.3699951171875,240.3569793701172,58025900
2018-05-22,273.9599914550781,274.25,272.239990234375,272.6099853515625,239.68873596191406,52966400
2018-05-23,271.1700134277344,273.3900146484375,270.989990234375,273.3599853515625,240.34817504882812,64694200
2018-05-24,272.9100036621094,273.2200012207031,270.7799987792969,272.79998779296875,239.85585021972656,76043800
2018-05-25,272.1499938964844,272.8599853515625,271.5799865722656,272.1499938964844,239.2843475341797,56374800
2018-05-29,270.30999755859375,271.1700134277344,267.760009765625,269.0199890136719,236.5323028564453,115908600
2018-05-30,270.5,273.1099853515625,270.4200134277344,272.6099853515625,239.68873596191406,69678400
2018-05-31,272.1499938964844,272.489990234375,270.260009765625,270.94000244140625,238.2205047607422,93519900
2018-06-01,272.4100036621094,273.94000244140625,272.3299865722656,273.6000061035156,240.5592041015625,71258400
2018-06-04,274.5299987792969,275.19000244140625,274.260009765625,274.8999938964844,241.70217895507812,45385200
2018-06-05,275.04998779296875,275.5299987792969,274.17999267578125,275.1000061035156,241.8780517578125,51135000
2018-06-06,275.7900085449219,277.5199890136719,275.0899963378906,277.3999938964844,243.90023803710938,62732200
2018-06-07,277.95001220703125,278.2799987792969,276.3399963378906,277.3699951171875,243.8739013671875,72969400
2018-06-08,276.8500061035156,278.25,276.6600036621094,278.19000244140625,244.5948944091797,72139700
2018-06-11,278.44000244140625,279.3699951171875,278.30999755859375,278.55999755859375,244.92022705078125,58892500
2018-06-12,279.0299987792969,279.3299865722656,278.19000244140625,278.9200134277344,245.23681640625,72329000
2018-06-13,279.19000244140625,279.4800109863281,277.79998779296875,278.0299987792969,244.45420837402344,79070600
2018-06-14,279.010009765625,279.3299865722656,278.05999755859375,278.7300109863281,245.06967163085938,77097600
2018-06-15,276.6000061035156,277.510009765625,275.3500061035156,277.1300048828125,244.75711059570312,120041600
2018-06-18,275.489990234375,276.70001220703125,274.95001220703125,276.55999755859375,244.253662109375,52917600
2018-06-19,274.0,275.75,273.5299987792969,275.5,243.31752014160156,97531500
2018-06-20,276.2699890136719,276.7200012207031,275.5899963378906,275.9700012207031,243.73252868652344,53785500
2018-06-21,275.9599914550781,275.9800109863281,273.67999267578125,274.239990234375,242.20469665527344,71061400
2018-06-22,275.6600036621094,275.7900085449219,274.489990234375,274.739990234375,242.646240234375,54898500
2018-06-25,273.44000244140625,273.6199951171875,269.1000061035156,271.0,239.34312438964844,137854200
2018-06-26,271.6400146484375,272.55999755859375,270.7900085449219,271.6000061035156,239.87298583984375,68547400
2018-06-27,272.260009765625,273.8699951171875,269.17999267578125,269.3500061035156,237.8858642578125,105110700
2018-06-28,269.2900085449219,271.75,268.489990234375,270.8900146484375,239.2459716796875,76650500
2018-06-29,272.1199951171875,273.6600036621094,271.1499938964844,271.2799987792969,239.59036254882812,97592500
2018-07-02,269.510009765625,272.0400085449219,269.239990234375,271.8599853515625,240.10264587402344,63554800
2018-07-03,272.8699951171875,272.9800109863281,270.4200134277344,270.8999938964844,239.25482177734375,42187100
2018-07-05,272.1700134277344,273.17999267578125,270.9599914550781,273.1099853515625,241.20663452148438,56925900
2018-07-06,273.1400146484375,275.8399963378906,272.7099914550781,275.4200134277344,243.24671936035156,66493700
2018-07-09,276.54998779296875,277.9599914550781,276.5,277.8999938964844,245.43710327148438,50550400
2018-07-10,278.4100036621094,279.010009765625,278.0799865722656,278.8999938964844,246.3202667236328,51966800
2018-07-11,277.1499938964844,278.0400085449219,276.5199890136719,276.8599853515625,244.51861572265625,77054700
2018-07-12,278.2799987792969,279.42999267578125,277.6000061035156,279.3699951171875,246.73538208007812,60124700
2018-07-13,279.1700134277344,279.92999267578125,278.6600036621094,279.5899963378906,246.92967224121094,48216000
2018-07-16,279.6400146484375,279.79998779296875,278.8399963378906,279.3399963378906,246.70884704589844,48201000
2018-07-17,278.4700012207031,280.9100036621094,278.4100036621094,280.4700012207031,247.7068328857422,52315500
2018-07-18,280.55999755859375,281.17999267578125,280.05999755859375,281.05999755859375,248.2279815673828,44593500
2018-07-19,280.30999755859375,280.739990234375,279.4599914550781,280.0,247.2918243408203,61412100
2018-07-20,279.7699890136719,280.4800109863281,279.5,279.67999267578125,247.0091552734375,82337700
2018-07-23,279.45001220703125,280.42999267578125,279.05999755859375,280.20001220703125,247.46844482421875,47047600
2018-07-24,281.7900085449219,282.55999755859375,280.6300048828125,281.6099853515625,248.71368408203125,68026900
2018-07-25,281.3299865722656,284.3699951171875,281.2799987792969,284.010009765625,250.83343505859375,78882900
2018-07-26,283.20001220703125,284.1099853515625,283.0899963378906,283.3399963378906,250.24163818359375,57919500
2018-07-27,283.7099914550781,283.82000732421875,280.3800048828125,281.4200134277344,248.5459747314453,76768700
2018-07-30,281.510009765625,281.69000244140625,279.3599853515625,279.95001220703125,247.24757385253906,63742500
2018-07-31,280.80999755859375,282.0199890136719,280.3800048828125,281.3299865722656,248.4663848876953,68570500
2018-08-01,281.55999755859375,282.1300048828125,280.1300048828125,280.8599853515625,248.05137634277344,53853300
2018-08-02,279.3900146484375,282.5799865722656,279.1600036621094,282.3900146484375,249.40264892578125,63426400
2018-08-03,282.5299987792969,283.6600036621094,282.3299865722656,283.6000061035156,250.47142028808594,53935400
2018-08-06,283.6400146484375,284.989990234375,283.20001220703125,284.6400146484375,251.3897247314453,39400900
2018-08-07,285.3900146484375,286.010009765625,285.239990234375,285.5799865722656,252.2199249267578,43196600
2018-08-08,285.3900146484375,285.9100036621094,284.94000244140625,285.4599914550781,252.11395263671875,42114600
2018-08-09,285.5299987792969,285.9700012207031,284.9200134277344,285.07000732421875,251.76959228515625,35717000
2018-08-10,283.45001220703125,284.05999755859375,282.3599853515625,283.1600036621094,250.08262634277344,77076000
2018-08-13,283.4700012207031,284.1600036621094,281.7699890136719,282.1000061035156,249.14649963378906,65732900
2018-08-14,282.9200134277344,284.1700134277344,282.4800109863281,283.8999938964844,250.73623657226562,43842000
2018-08-15,282.3800048828125,282.5400085449219,280.1600036621094,281.7799987792969,248.86383056640625,102925400
2018-08-16,283.3999938964844,285.0400085449219,283.3599853515625,284.05999755859375,250.87762451171875,69967900
2018-08-17,283.8299865722656,285.55999755859375,283.3699951171875,285.05999755859375,251.7606964111328,65618500
2018-08-20,285.57000732421875,285.9700012207031,285.05999755859375,285.6700134277344,252.29946899414062,39807500
2018-08-21,286.25,287.30999755859375,285.7099914550781,286.3399963378906,252.8911590576172,67272000
2018-08-22,285.8800048828125,286.760009765625,285.5799865722656,286.1700134277344,252.7410430908203,44993300
2018-08-23,285.9700012207031,286.94000244140625,285.42999267578125,285.7900085449219,252.40545654296875,49204900
2018-08-24,286.44000244140625,287.6700134277344,286.3800048828125,287.510009765625,253.92446899414062,57487400
2018-08-27,288.8599853515625,289.8999938964844,288.67999267578125,289.7799987792969,255.92930603027344,57072400
2018-08-28,290.29998779296875,290.4200134277344,289.3999938964844,289.9200134277344,256.05303955078125,46943500
2018-08-29,290.1600036621094,291.739990234375,289.8900146484375,291.4800109863281,257.4308166503906,61485500
2018-08-30,290.94000244140625,291.3599853515625,289.6300048828125,290.29998779296875,256.3885803222656,61229500
2018-08-31,289.8399963378906,290.80999755859375,289.2900085449219,290.30999755859375,256.39739990234375,66140800
2018-09-04,289.8399963378906,290.2099914550781,288.67999267578125,289.80999755859375,255.95579528808594,57594400
2018-09-05,289.4100036621094,289.6400146484375,287.8900146484375,289.0299987792969,255.2669677734375,72452400
2018-09-06,289.1499938964844,289.489990234375,287.0,288.1600036621094,254.49851989746094,65909900
2018-09-07,286.9800109863281,288.70001220703125,286.7099914550781,287.6000061035156,254.00405883789062,73524800
2018-09-10,288.739990234375,289.0400085449219,287.8800048828125,288.1000061035156,254.44554138183594,50210900
2018-09-11,287.3699951171875,289.54998779296875,286.9800109863281,289.04998779296875,255.2846221923828,50530500
2018-09-12,289.05999755859375,289.79998779296875,288.2300109863281,289.1199951171875,255.34645080566406,59810800
2018-09-13,290.32000732421875,291.0400085449219,290.0,290.8299865722656,256.8567199707031,51034200
2018-09-14,291.05999755859375,291.2699890136719,290.0,290.8800048828125,256.9009094238281,55079900
2018-09-17,290.82000732421875,290.8599853515625,289.0299987792969,289.3399963378906,255.5407257080078,68244000
2018-09-18,289.5799865722656,291.5799865722656,289.54998779296875,290.9100036621094,256.9273376464844,61930400
2018-09-19,290.9700012207031,291.69000244140625,290.8299865722656,291.2200012207031,257.20111083984375,49080600
2018-09-20,292.6400146484375,293.94000244140625,291.239990234375,293.5799865722656,259.28546142578125,100360600
2018-09-21,293.0899963378906,293.2200012207031,291.80999755859375,291.989990234375,259.04852294921875,105479700
2018-09-24,291.3399963378906,291.5,290.3699951171875,291.0199890136719,258.1880187988281,53409600
2018-09-25,291.5299987792969,291.6499938964844,290.4800109863281,290.75,257.9484558105469,44370000
2018-09-26,290.9100036621094,292.239990234375,289.4100036621094,289.8800048828125,257.1766052246094,79739700
2018-09-27,290.4100036621094,291.9100036621094,290.1000061035156,290.69000244140625,257.89520263671875,59249500
2018-09-28,289.989990234375,291.2799987792969,289.95001220703125,290.7200012207031,257.9218444824219,70091400
2018-10-01,292.1099853515625,292.92999267578125,290.9800109863281,291.7300109863281,258.81793212890625,62078900
2018-10-02,291.55999755859375,292.3599853515625,291.1400146484375,291.55999755859375,258.6670837402344,47258200
2018-10-03,292.739990234375,293.2099914550781,291.32000732421875,291.7200012207031,258.8090515136719,64694600
2018-10-04,291.17999267578125,291.239990234375,287.6600036621094,289.44000244140625,256.7862548828125,111545900
2018-10-05,289.69000244140625,290.2699890136719,286.2200012207031,287.82000732421875,255.34890747070312,105951700
2018-10-08,287.04998779296875,288.2200012207031,285.5,287.82000732421875,255.34890747070312,87742200
2018-10-09,287.3900146484375,288.8599853515625,286.7699890136719,287.3999938964844,254.97637939453125,74339000
2018-10-10,286.8299865722656,286.9100036621094,277.8800048828125,278.29998779296875,246.9029541015625,214731000
2018-10-11,277.0799865722656,278.8999938964844,270.3599853515625,272.1700134277344,241.464599609375,274840500
2018-10-12,276.7699890136719,277.0899963378906,272.3699951171875,275.95001220703125,244.81820678710938,183186500
2018-10-15,275.54998779296875,277.0400085449219,274.29998779296875,274.3999938964844,243.44302368164062,102263700
2018-10-16,276.6000061035156,280.82000732421875,276.07000732421875,280.3999938964844,248.76608276367188,118255800
2018-10-17,280.44000244140625,281.1499938964844,277.55999755859375,280.45001220703125,248.81044006347656,110626000
2018-10-18,279.3999938964844,280.07000732421875,274.9700012207031,276.3999938964844,245.21739196777344,134557500
2018-10-19,277.1300048828125,279.29998779296875,275.4700012207031,276.25,245.0843048095703,139901600
2018-10-22,277.0,277.3599853515625,274.4100036621094,275.010009765625,243.9842071533203,82415800
2018-10-23,270.95001220703125,274.8699951171875,268.6099853515625,273.6099853515625,242.74217224121094,146352700
2018-10-24,273.3299865722656,273.760009765625,264.70001220703125,265.32000732421875,235.38746643066406,177806700
2018-10-25,267.3800048828125,271.80999755859375,266.2300109863281,270.0799865722656,239.6103515625,138061500
2018-10-26,265.9200134277344,271.0,262.2900085449219,265.3299865722656,235.39625549316406,201574600
2018-10-29,268.79998779296875,270.25,259.8500061035156,263.8599853515625,234.0920867919922,160749100
2018-10-30,263.6700134277344,268.1199951171875,263.1199951171875,267.7699890136719,237.56097412109375,157116000
2018-10-31,270.6499938964844,273.2300109863281,270.1199951171875,270.6300048828125,240.09835815429688,128296300
2018-11-01,271.6000061035156,273.7300109863281,270.3800048828125,273.510009765625,242.65341186523438,99495000
2018-11-02,274.75,275.2300109863281,269.5899963378906,271.8900146484375,241.2162322998047,122634100
2018-11-05,272.44000244140625,274.010009765625,271.3500061035156,273.3900146484375,242.54696655273438,65622500
2018-11-06,273.32000732421875,275.29998779296875,273.25,275.1199951171875,244.08180236816406,60085900
2018-11-07,277.55999755859375,281.1000061035156,277.0799865722656,281.010009765625,249.3072509765625,102752100
2018-11-08,280.1099853515625,281.2200012207031,279.2200012207031,280.5,248.8548583984375,65584900
2018-11-09,279.0299987792969,279.239990234375,276.17999267578125,277.760009765625,246.42393493652344,98812600
2018-11-12,277.19000244140625,277.4599914550781,271.989990234375,272.57000732421875,241.81942749023438,99673600
2018-11-13,273.0899963378906,275.3299865722656,271.25,272.05999755859375,241.366943359375,98176600
2018-11-14,274.1600036621094,274.6099853515625,268.45001220703125,270.20001220703125,239.71688842773438,125335900
2018-11-15,268.7799987792969,273.5400085449219,267.010009765625,273.0199890136719,242.21871948242188,135101400
2018-11-16,271.7900085449219,274.75,271.2099914550781,273.7300109863281,242.84861755371094,126668000
2018-11-19,273.04998779296875,273.3800048828125,268.07000732421875,269.1000061035156,238.74099731445312,103061700
2018-11-20,265.3599853515625,267.0,263.1499938964844,264.1199951171875,234.32272338867188,136021300
2018-11-21,265.8599853515625,267.1499938964844,265.010009765625,265.0199890136719,235.1212615966797,75563700
2018-11-23,263.17999267578125,264.82000732421875,263.07000732421875,263.25,233.55088806152344,42807900
2018-11-26,265.7799987792969,267.75,265.3399963378906,267.5,237.3214569091797,79981400
2018-11-27,266.3399963378906,268.3999938964844,265.6600036621094,268.3999938964844,238.119873046875,75502400
2018-11-28,269.6000061035156,274.5799865722656,268.3299865722656,274.5799865722656,243.60269165039062,127629600
2018-11-29,273.7099914550781,275.54998779296875,272.42999267578125,273.9800109863281,243.0704345703125,82346400
2018-11-30,273.80999755859375,276.2799987792969,273.45001220703125,275.6499938964844,244.55197143554688,98204200
2018-12-03,280.2799987792969,280.3999938964844,277.510009765625,279.29998779296875,247.79025268554688,103176300
2018-12-04,278.3699951171875,278.8500061035156,269.8999938964844,270.25,239.76124572753906,177986000
2018-12-06,265.9200134277344,269.9700012207031,262.44000244140625,269.8399963378906,239.39743041992188,204185400
2018-12-07,269.4599914550781,271.2200012207031,262.6300048828125,263.57000732421875,233.8348846435547,161018900
2018-12-10,263.3699951171875,265.1600036621094,258.6199951171875,264.07000732421875,234.27842712402344,151445900
2018-12-11,267.6600036621094,267.8699951171875,262.4800109863281,264.1300048828125,234.33164978027344,121504400
2018-12-12,267.4700012207031,269.0,265.3699951171875,265.4599914550781,235.51161193847656,97976700
2018-12-13,266.5199890136719,267.489990234375,264.1199951171875,265.3699951171875,235.4316864013672,96662700
2018-12-14,262.9599914550781,264.0299987792969,259.8500061035156,260.4700012207031,231.08453369140625,116961100
2018-12-17,259.3999938964844,260.6499938964844,253.52999877929688,255.36000061035156,226.55105590820312,165492300
2018-12-18,257.20001220703125,257.95001220703125,253.27999877929688,255.0800018310547,226.30264282226562,134515100
2018-12-19,255.1699981689453,259.3999938964844,249.35000610351562,251.25999450683594,222.91360473632812,214992800
2018-12-20,249.86000061035156,251.6199951171875,244.64999389648438,247.1699981689453,219.28501892089844,252053400
2018-12-21,246.74000549316406,249.7100067138672,239.97999572753906,240.6999969482422,214.79197692871094,255345600
2018-12-24,239.0399932861328,240.83999633789062,234.27000427246094,234.33999633789062,209.11651611328125,147311600
2018-12-26,235.97000122070312,246.17999267578125,233.75999450683594,246.17999267578125,219.68214416503906,218485400
2018-12-27,242.57000732421875,248.2899932861328,238.9600067138672,248.07000732421875,221.3686981201172,186267300
2018-12-28,249.5800018310547,251.39999389648438,246.4499969482422,247.75,221.0831298828125,153100200
2018-12-31,249.55999755859375,250.19000244140625,247.47000122070312,249.9199981689453,223.01962280273438,144299400
2019-01-02,245.97999572753906,251.2100067138672,245.9499969482422,250.17999267578125,223.25152587890625,126925200
2019-01-03,248.22999572753906,248.57000732421875,243.6699981689453,244.2100067138672,217.92416381835938,144140700
2019-01-04,247.58999633789062,253.11000061035156,247.1699981689453,252.38999938964844,225.22369384765625,142628800
2019-01-07,252.69000244140625,255.9499969482422,251.69000244140625,254.3800048828125,226.99949645996094,103139100
2019-01-08,256.82000732421875,257.30999755859375,254.0,256.7699890136719,229.13223266601562,102512600
2019-01-09,257.55999755859375,258.9100036621094,256.19000244140625,257.9700012207031,230.203125,95006600
2019-01-10,256.260009765625,259.1600036621094,255.5,258.8800048828125,231.0151824951172,96823900
2019-01-11,257.67999267578125,259.010009765625,257.0299987792969,258.9800109863281,231.10433959960938,73858100
2019-01-14,256.8599853515625,258.29998779296875,256.4100036621094,257.3999938964844,229.69447326660156,70908200
2019-01-15,257.82000732421875,260.70001220703125,257.80999755859375,260.3500061035156,232.32691955566406,85208300
2019-01-16,260.8299865722656,261.9700012207031,260.6000061035156,260.9800109863281,232.88912963867188,77636700
2019-01-17,260.010009765625,263.9200134277344,259.9599914550781,262.9599914550781,234.65602111816406,96118400
2019-01-18,264.9800109863281,266.9800109863281,263.0,266.4599914550781,237.77928161621094,127900300
2019-01-22,264.82000732421875,265.05999755859375,261.05999755859375,262.8599853515625,234.56674194335938,115531200
2019-01-23,264.010009765625,264.7900085449219,260.6600036621094,263.4100036621094,235.05760192871094,86030300
2019-01-24,263.2099914550781,264.20001220703125,262.0799865722656,263.54998779296875,235.18246459960938,59204100
2019-01-25,265.6099853515625,266.70001220703125,263.6600036621094,265.7799987792969,237.17245483398438,96883400
2019-01-28,263.3900146484375,263.8299865722656,261.7900085449219,263.760009765625,235.3699188232422,85613700
2019-01-29,263.9200134277344,264.54998779296875,262.4800109863281,263.4100036621094,235.05760192871094,66136300
2019-01-30,265.1000061035156,268.5199890136719,264.25,267.5799865722656,238.7786865234375,92473700
2019-01-31,267.510009765625,270.4700012207031,267.2699890136719,269.92999267578125,240.87576293945312,104012100
2019-02-01,270.1499938964844,271.20001220703125,269.17999267578125,270.05999755859375,240.99176025390625,85782500
2019-02-04,270.1099853515625,272.0299987792969,269.3599853515625,271.9599914550781,242.68727111816406,60744800
2019-02-05,272.44000244140625,273.44000244140625,271.8800048828125,273.1000061035156,243.70449829101562,79552800
2019-02-06,272.7900085449219,273.3399963378906,271.9200134277344,272.739990234375,243.38328552246094,58347800
2019-02-07,270.94000244140625,271.54998779296875,268.2900085449219,270.1400146484375,241.06317138671875,95482000
2019-02-08,268.75,270.5799865722656,267.8299865722656,270.4700012207031,241.35763549804688,75788900
2019-02-11,271.20001220703125,271.489990234375,270.0299987792969,270.6199951171875,241.49147033691406,68021400
2019-02-12,272.4200134277344,274.5199890136719,272.3399963378906,274.1000061035156,244.59693908691406,72270200
2019-02-13,275.0299987792969,275.92999267578125,274.55999755859375,274.989990234375,245.39108276367188,65277200
2019-02-14,273.7799987792969,275.6400146484375,272.8699951171875,274.3800048828125,244.8467254638672,83234400
2019-02-15,276.3599853515625,277.4100036621094,276.1300048828125,277.3699951171875,247.5149688720703,97088700
2019-02-19,276.4800109863281,278.5799865722656,276.4700012207031,277.8500061035156,247.94325256347656,59120800
2019-02-20,277.80999755859375,278.9200134277344,277.25,278.4100036621094,248.4429931640625,76610800
2019-02-21,277.70001220703125,278.1000061035156,276.3500061035156,277.4200134277344,247.55953979492188,64214700
2019-02-22,278.1099853515625,279.3599853515625,277.3999938964844,279.1400146484375,249.09445190429688,78114600
2019-02-25,280.7300109863281,281.30999755859375,279.42999267578125,279.5199890136719,249.43353271484375,69030700
2019-02-26,279.1300048828125,280.29998779296875,278.8999938964844,279.32000732421875,249.25506591796875,56844100
2019-02-27,278.5199890136719,279.5899963378906,277.4800109863281,279.20001220703125,249.14801025390625,56921600
2019-02-28,278.9599914550781,279.45001220703125,278.32000732421875,278.67999267578125,248.6839599609375,69268300
2019-03-01,280.44000244140625,280.8800048828125,278.82000732421875,280.4200134277344,250.23672485351562,78880500
2019-03-04,281.6000061035156,281.8699951171875,276.8399963378906,279.3999938964844,249.32643127441406,106494600
2019-03-05,279.5400085449219,279.760009765625,278.4100036621094,279.0199890136719,248.98727416992188,59114600
2019-03-06,279.1499938964844,279.1600036621094,276.9700012207031,277.3299865722656,247.47927856445312,75039800
2019-03-07,276.8299865722656,276.989990234375,274.07000732421875,275.010009765625,245.4089813232422,94885100
2019-03-08,272.94000244140625,274.6499938964844,272.4200134277344,274.4599914550781,244.9181365966797,85795800
2019-03-11,275.260009765625,278.6199951171875,275.2300109863281,278.44000244140625,248.46975708007812,65098900
2019-03-12,279.05999755859375,280.07000732421875,278.8500061035156,279.489990234375,249.40672302246094,79667500
2019-03-13,280.4800109863281,282.3800048828125,280.29998779296875,281.3399963378906,251.05763244628906,80639200
2019-03-14,281.3699951171875,281.8399963378906,280.6700134277344,281.1600036621094,250.8970489501953,67518400
2019-03-15,280.5400085449219,282.2099914550781,280.3299865722656,281.30999755859375,252.1365509033203,81309000
2019-03-18,281.54998779296875,282.6600036621094,281.29998779296875,282.3299865722656,253.05079650878906,62199800
2019-03-19,283.510009765625,284.3599853515625,281.4100036621094,282.3999938964844,253.11349487304688,90268100
2019-03-20,282.1600036621094,283.5,280.32000732421875,281.54998779296875,252.35165405273438,84609200
2019-03-21,280.6400146484375,285.17999267578125,280.5899963378906,284.7300109863281,255.2019805908203,79550400
2019-03-22,283.2200012207031,283.79998779296875,279.17999267578125,279.25,250.29019165039062,122659300
2019-03-25,278.8699951171875,280.19000244140625,277.6400146484375,279.0400085449219,250.10202026367188,85575200
2019-03-26,280.989990234375,282.17999267578125,279.55999755859375,281.1199951171875,251.9662322998047,68125900
2019-03-27,281.1099853515625,281.760009765625,277.92999267578125,279.6499938964844,250.64871215820312,72224700
2019-03-28,280.3500061035156,281.2099914550781,279.07000732421875,280.7099914550781,251.59878540039062,56238500
2019-03-29,282.3900146484375,282.8399963378906,281.1400146484375,282.4800109863281,253.18516540527344,82186800
2019-04-01,284.70001220703125,286.1600036621094,284.3999938964844,285.8299865722656,256.1877746582031,77617900
2019-04-02,286.0400085449219,286.2300109863281,285.0899963378906,285.9700012207031,256.3133544921875,40070400
2019-04-03,287.32000732421875,287.760009765625,285.75,286.4200134277344,256.7165832519531,68243200
2019-04-04,286.7799987792969,287.4599914550781,286.010009765625,287.17999267578125,257.39788818359375,48997500
2019-04-05,287.9200134277344,288.6300048828125,287.6000061035156,288.57000732421875,258.6436767578125,58621700
2019-04-08,288.1000061035156,288.9100036621094,287.3699951171875,288.7900085449219,258.8409118652344,53566300
2019-04-09,287.7200012207031,288.0799865722656,286.70001220703125,287.30999755859375,257.51434326171875,66142300
2019-04-10,287.7699890136719,288.3900146484375,287.30999755859375,288.2900085449219,258.3927917480469,52601500
2019-04-11,288.8299865722656,288.8399963378906,287.5799865722656,288.2099914550781,258.3209533691406,55093100
2019-04-12,290.0,290.4700012207031,288.260009765625,290.1600036621094,260.0688171386719,69727800
2019-04-15,290.239990234375,290.3500061035156,289.0799865722656,289.9700012207031,259.89849853515625,49596700
2019-04-16,290.95001220703125,291.010009765625,289.5,290.1600036621094,260.0688171386719,52153200
2019-04-17,291.3999938964844,291.42999267578125,288.989990234375,289.45001220703125,259.4324645996094,58268300
2019-04-18,290.1000061035156,290.32000732421875,288.6600036621094,290.0199890136719,259.94329833984375,68708500
2019-04-22,289.1700134277344,290.44000244140625,289.07000732421875,290.2699890136719,260.1673583984375,40160100
2019-04-23,290.67999267578125,293.1400146484375,290.4200134277344,292.8800048828125,262.5067443847656,52246600
2019-04-24,292.7900085449219,293.1600036621094,292.07000732421875,292.2300109863281,261.9241638183594,50392900
2019-04-25,292.1199951171875,292.7799987792969,290.7300109863281,292.04998779296875,261.7627868652344,57770900
2019-04-26,292.1000061035156,293.489990234375,291.239990234375,293.4100036621094,262.981689453125,50916400
2019-04-29,293.510009765625,294.45001220703125,293.4100036621094,293.8699951171875,263.39404296875,57197700
2019-04-30,293.489990234375,294.3399963378906,291.9200134277344,294.0199890136719,263.52850341796875,81111700
2019-05-01,294.7200012207031,294.95001220703125,291.79998779296875,291.80999755859375,261.5476989746094,71671900
2019-05-02,291.67999267578125,292.70001220703125,289.5199890136719,291.17999267578125,260.9830017089844,65030200
2019-05-03,292.82000732421875,294.3399963378906,291.29998779296875,294.0299987792969,263.5374450683594,56543700
2019-05-06,289.25,293.30999755859375,288.8999938964844,292.82000732421875,262.45294189453125,107198100
2019-05-07,290.1499938964844,290.80999755859375,285.80999755859375,287.92999267578125,258.0700378417969,144729900
2019-05-08,287.5299987792969,289.42999267578125,286.8699951171875,287.5299987792969,257.7115478515625,91568300
2019-05-09,285.2300109863281,287.3299865722656,283.29998779296875,286.6600036621094,256.93182373046875,103471100
2019-05-10,285.6199951171875,288.94000244140625,282.29998779296875,288.1000061035156,258.22235107421875,112429300
2019-05-13,282.4200134277344,283.489990234375,279.92999267578125,280.8599853515625,251.7332000732422,127290500
2019-05-14,281.989990234375,285.1000061035156,281.8500061035156,283.3999938964844,254.0099334716797,77003200
2019-05-15,281.5899963378906,285.7699890136719,281.3599853515625,285.05999755859375,255.49769592285156,73956400
2019-05-16,285.8399963378906,289.2099914550781,285.760009765625,287.70001220703125,257.8639221191406,76749600
2019-05-17,285.1400146484375,288.6000061035156,285.1199951171875,285.8399963378906,256.1967468261719,100353000
2019-05-20,284.05999755859375,285.9599914550781,283.1199951171875,283.95001220703125,254.50282287597656,62877600
2019-05-21,285.8299865722656,286.92999267578125,285.54998779296875,286.510009765625,256.79730224609375,46847100
2019-05-22,285.45001220703125,286.69000244140625,285.1000061035156,285.6300048828125,256.0085754394531,49482500
2019-05-23,283.1600036621094,283.2099914550781,280.57000732421875,282.1400146484375,252.88047790527344,98733800
2019-05-24,283.739990234375,284.20001220703125,282.0899963378906,282.7799987792969,253.45419311523438,55268100
2019-05-28,283.0899963378906,284.1499938964844,280.1300048828125,280.1499938964844,251.0968780517578,70029400
2019-05-29,278.9100036621094,279.3599853515625,276.7099914550781,278.2699890136719,249.411865234375,104972900
2019-05-30,279.1099853515625,280.0400085449219,277.80999755859375,279.0299987792969,250.0929718017578,62523800
2019-05-31,276.20001220703125,277.1199951171875,275.239990234375,275.2699890136719,246.72299194335938,86862800
2019-06-03,275.30999755859375,276.54998779296875,273.0899963378906,274.57000732421875,246.09555053710938,96428000
2019-06-04,277.1199951171875,280.67999267578125,276.6199951171875,280.5299987792969,251.43746948242188,77231900
2019-06-05,282.3299865722656,282.989990234375,280.32000732421875,282.9599914550781,253.6153564453125,71169700
2019-06-06,283.2900085449219,285.54998779296875,282.57000732421875,284.79998779296875,255.2646026611328,69430400
2019-06-07,285.92999267578125,288.8500061035156,285.739990234375,287.6499938964844,257.819091796875,74272200
2019-06-10,289.3699951171875,290.82000732421875,288.8699951171875,288.9700012207031,259.002197265625,60799100
2019-06-11,290.989990234375,291.3999938964844,288.17999267578125,288.8999938964844,258.939453125,58641300
2019-06-12,288.6400146484375,289.260009765625,287.82000732421875,288.3900146484375,258.4823303222656,47096300
2019-06-13,289.3999938964844,289.9800109863281,288.6199951171875,289.5799865722656,259.5489196777344,48945200
2019-06-14,289.260009765625,289.92999267578125,288.4100036621094,289.260009765625,259.2621765136719,52324700
2019-06-17,289.5199890136719,290.2200012207031,289.17999267578125,289.3699951171875,259.3607177734375,39205700
2019-06-18,291.3900146484375,293.57000732421875,290.989990234375,292.3999938964844,262.0765686035156,85434800
2019-06-19,292.54998779296875,293.6499938964844,291.4700012207031,293.05999755859375,262.66802978515625,78674400
2019-06-20,296.0400085449219,296.30999755859375,293.1300048828125,295.8599853515625,265.17767333984375,116570000
2019-06-21,294.1300048828125,295.5199890136719,293.760009765625,294.0,264.79229736328125,83309500
2019-06-24,294.2300109863281,294.5799865722656,293.4700012207031,293.6400146484375,264.46795654296875,47582700
2019-06-25,293.70001220703125,293.7300109863281,290.6400146484375,290.760009765625,261.8741455078125,82028700
2019-06-26,291.75,292.30999755859375,290.3500061035156,290.4700012207031,261.6128845214844,51584900
2019-06-27,291.30999755859375,292.05999755859375,290.8900146484375,291.5,262.5404968261719,40355200
2019-06-28,292.5799865722656,293.54998779296875,292.010009765625,293.0,263.8915100097656,59350900
2019-07-01,296.67999267578125,296.9200134277344,294.3299865722656,295.6600036621094,266.2872619628906,78705600
2019-07-02,295.6099853515625,296.489990234375,294.67999267578125,296.42999267578125,266.9806823730469,61504500
2019-07-03,297.17999267578125,298.82000732421875,297.0199890136719,298.79998779296875,269.1153564453125,40898900
2019-07-05,297.44000244140625,298.6400146484375,296.010009765625,298.4599914550781,268.8090515136719,51677300
2019-07-08,297.010009765625,298.260009765625,296.2200012207031,296.82000732421875,267.3320617675781,45841800
2019-07-09,295.5400085449219,297.5199890136719,295.4800109863281,297.19000244140625,267.6652526855469,41101300
2019-07-10,298.3699951171875,299.6600036621094,297.7799987792969,298.6099853515625,268.9441223144531,58448500
2019-07-11,299.32000732421875,299.5799865722656,298.20001220703125,299.30999755859375,269.5746765136719,50826100
2019-07-12,299.8500061035156,300.7300109863281,299.510009765625,300.6499938964844,270.7816467285156,40326000
2019-07-15,301.1300048828125,301.1300048828125,300.19000244140625,300.75,270.87164306640625,33900000
2019-07-16,300.6499938964844,300.8800048828125,299.44000244140625,299.7799987792969,269.998046875,36650100
2019-07-17,299.75,299.92999267578125,297.739990234375,297.739990234375,268.16070556640625,36036300
2019-07-18,297.19000244140625,299.25,296.70001220703125,298.8299865722656,269.1423645019531,51392600
2019-07-19,300.0400085449219,300.07000732421875,296.9800109863281,297.1700134277344,267.64727783203125,58678600
2019-07-22,297.6099853515625,298.5,297.0400085449219,297.8999938964844,268.3047180175781,43638100
2019-07-23,299.1400146484375,300.0299987792969,298.2200012207031,300.0299987792969,270.2231140136719,44564500
2019-07-24,299.19000244140625,301.44000244140625,299.0899963378906,301.44000244140625,271.49310302734375,47213200
2019-07-25,300.94000244140625,301.0,299.1099853515625,300.0,270.196044921875,55394100
2019-07-26,300.760009765625,302.2300109863281,300.6199951171875,302.010009765625,272.0064392089844,45084100
2019-07-29,301.8800048828125,302.010009765625,300.8500061035156,301.4599914550781,271.5110778808594,38126500
2019-07-30,299.9100036621094,301.1700134277344,299.489990234375,300.7200012207031,270.8446044921875,45849000
2019-07-31,300.989990234375,301.20001220703125,295.20001220703125,297.42999267578125,267.8814392089844,104245200
2019-08-01,297.6000061035156,300.8699951171875,293.9599914550781,294.8399963378906,265.5487060546875,142646600
2019-08-02,293.8500061035156,294.1199951171875,290.8999938964844,292.6199951171875,263.54931640625,116749700
2019-08-05,288.0899963378906,288.2099914550781,281.7200012207031,283.82000732421875,255.6236114501953,178745400
2019-08-06,285.9100036621094,288.0400085449219,284.2799987792969,287.79998779296875,259.2081298828125,120711700
2019-08-07,284.3999938964844,288.82000732421875,282.0400085449219,287.9700012207031,259.3612365722656,140572300
2019-08-08,289.6199951171875,293.6199951171875,289.010009765625,293.6199951171875,264.4500427246094,87713900
2019-08-09,292.5799865722656,293.239990234375,289.6499938964844,291.6199951171875,262.648681640625,93730000
2019-08-12,289.9599914550781,291.6099853515625,287.0199890136719,288.07000732421875,259.4513244628906,65527600
2019-08-13,287.739990234375,294.1499938964844,287.3599853515625,292.54998779296875,263.48626708984375,94299800
2019-08-14,288.07000732421875,288.739990234375,283.760009765625,283.8999938964844,255.695556640625,135622100
2019-08-15,284.8800048828125,285.6400146484375,282.3900146484375,284.6499938964844,256.37103271484375,99556600
2019-08-16,286.4800109863281,289.3299865722656,284.7099914550781,288.8500061035156,260.15380859375,83018300
2019-08-19,292.19000244140625,293.0799865722656,291.44000244140625,292.3299865722656,263.28802490234375,53571800
2019-08-20,291.7699890136719,292.3599853515625,289.95001220703125,290.0899963378906,261.2706298828125,51596400
2019-08-21,292.4800109863281,292.8599853515625,291.7200012207031,292.45001220703125,263.3962707519531,49524700
2019-08-22,293.2300109863281,293.92999267578125,290.3999938964844,292.3599853515625,263.31512451171875,51666400
2019-08-23,290.9200134277344,292.760009765625,283.4700012207031,284.8500061035156,256.5511779785156,149161500
2019-08-26,287.2699890136719,288.0,285.5799865722656,288.0,259.38836669921875,72423800
2019-08-27,289.5400085449219,289.95001220703125,286.0299987792969,286.8699951171875,258.37054443359375,66668900
2019-08-28,286.1400146484375,289.07000732421875,285.25,288.8900146484375,260.18988037109375,59696700
2019-08-29,291.7200012207031,293.1600036621094,290.6099853515625,292.5799865722656,263.5132751464844,57899400
2019-08-30,294.2200012207031,294.239990234375,291.4200134277344,292.45001220703125,263.3962707519531,62901200
2019-09-03,290.57000732421875,291.5799865722656,289.2699890136719,290.739990234375,261.8560485839844,69101400
2019-09-04,293.1400146484375,294.05999755859375,292.30999755859375,294.0400085449219,264.82818603515625,46887300
2019-09-05,296.7900085449219,298.8299865722656,294.0,297.82000732421875,268.2326965332031,83258100
2019-09-06,298.1700134277344,298.760009765625,297.4200134277344,298.04998779296875,268.4398498535156,49584300
2019-09-09,299.1400146484375,299.239990234375,297.1600036621094,298.20001220703125,268.574951171875,51260300
2019-09-10,297.3599853515625,298.20001220703125,295.9700012207031,298.1300048828125,268.5119323730469,57947100
2019-09-11,298.4700012207031,300.3399963378906,297.75,300.25,270.4212951660156,68821100
2019-09-12,301.25,302.4599914550781,300.4100036621094,301.2900085449219,271.3580017089844,72908700
2019-09-13,301.7799987792969,302.1700134277344,300.67999267578125,301.0899963378906,271.17791748046875,62104800
2019-09-16,299.8399963378906,301.1400146484375,299.45001220703125,300.1600036621094,270.3402099609375,58191200
2019-09-17,299.94000244140625,301.0199890136719,299.75,300.9200134277344,271.0246887207031,41475500
2019-09-18,300.489990234375,301.2200012207031,298.239990234375,301.1000061035156,271.1867980957031,73375800
2019-09-19,301.5299987792969,302.6300048828125,300.7099914550781,301.0799865722656,271.16888427734375,76560500
2019-09-20,300.3599853515625,300.6700134277344,297.4100036621094,298.2799987792969,269.88763427734375,89565000
2019-09-23,297.54998779296875,299.0,297.2699890136719,298.2099914550781,269.82427978515625,43476800
2019-09-24,299.4100036621094,299.8399963378906,294.80999755859375,295.8699951171875,267.70697021484375,94869400
2019-09-25,295.9599914550781,298.1099853515625,294.3299865722656,297.6199951171875,269.29034423828125,71854000
2019-09-26,297.6300048828125,297.8599853515625,295.45001220703125,297.0,268.7295227050781,56179700
2019-09-27,297.8299865722656,297.95001220703125,293.69000244140625,295.3999938964844,267.28173828125,84746600
2019-09-30,295.9700012207031,297.54998779296875,295.9200134277344,296.7699890136719,268.52130126953125,51662400
2019-10-01,297.739990234375,298.4599914550781,293.0,293.239990234375,265.3272705078125,88242400
2019-10-02,291.5,291.510009765625,286.6400146484375,288.05999755859375,260.6404113769531,122539500
2019-10-03,287.80999755859375,290.45001220703125,284.82000732421875,290.4200134277344,262.7757873535156,85278800
2019-10-04,291.1400146484375,294.6300048828125,291.0799865722656,294.3500061035156,266.33172607421875,65091200
2019-10-07,293.4700012207031,295.260009765625,292.7699890136719,293.0799865722656,265.18255615234375,59610500
2019-10-08,291.0400085449219,291.8500061035156,288.489990234375,288.5299987792969,261.06573486328125,95708100
2019-10-09,290.75,292.29998779296875,290.05999755859375,291.2699890136719,263.5448303222656,62359400
2019-10-10,291.17999267578125,294.2099914550781,291.0,293.239990234375,265.3272705078125,55296300
2019-10-11,296.2699890136719,298.739990234375,296.1400146484375,296.2799987792969,268.0779724121094,98720400
2019-10-14,295.92999267578125,296.6700134277344,295.57000732421875,295.95001220703125,267.77935791015625,40394800
2019-10-15,297.1000061035156,299.70001220703125,296.9700012207031,298.8800048828125,270.4305114746094,46754500
2019-10-16,298.3699951171875,299.1600036621094,297.9200134277344,298.3999938964844,269.9961242675781,48928200
2019-10-17,299.67999267578125,300.239990234375,298.5199890136719,299.2799987792969,270.79241943359375,45736600
2019-10-18,298.69000244140625,299.3999938964844,297.0299987792969,297.9700012207031,269.60711669921875,64304000
2019-10-21,299.4200134277344,300.2099914550781,298.94000244140625,299.989990234375,271.4348449707031,39048600
2019-10-22,300.5799865722656,300.8999938964844,298.9100036621094,299.010009765625,270.54815673828125,48594700
2019-10-23,298.7300109863281,299.94000244140625,298.5,299.8800048828125,271.3353271484375,34352200
2019-10-24,300.9100036621094,301.07000732421875,299.4599914550781,300.3699951171875,271.7786560058594,35453100
2019-10-25,299.739990234375,302.20001220703125,299.67999267578125,301.6000061035156,272.8915710449219,45205400
2019-10-28,302.94000244140625,303.8500061035156,302.9100036621094,303.29998779296875,274.4297180175781,42147000
2019-10-29,303.0,304.2300109863281,302.8599853515625,303.2099914550781,274.34832763671875,44284900
2019-10-30,303.42999267578125,304.54998779296875,301.989990234375,304.1400146484375,275.1897277832031,49643900
2019-10-31,304.1300048828125,304.1300048828125,301.7300109863281,303.3299865722656,274.4569396972656,69053800
2019-11-01,304.9200134277344,306.19000244140625,304.739990234375,306.1400146484375,276.9994201660156,71141500
2019-11-04,307.8500061035156,308.0,306.9599914550781,307.3699951171875,278.11236572265625,60606900
2019-11-05,307.5899963378906,307.9200134277344,306.7099914550781,307.0299987792969,277.80474853515625,42933200
2019-11-06,307.0299987792969,307.3999938964844,306.05999755859375,307.1000061035156,277.8679504394531,46487100
2019-11-07,308.57000732421875,309.6499938964844,307.6600036621094,308.17999267578125,278.84527587890625,54272300
2019-11-08,307.79998779296875,309.0,307.0299987792969,308.94000244140625,279.5329284667969,49032100
2019-11-11,307.4200134277344,308.5400085449219,307.2699890136719,308.3500061035156,278.9990539550781,35797300
2019-11-12,308.75,309.989990234375,308.1499938964844,309.0,279.5872802734375,46484600
2019-11-13,307.9100036621094,309.5400085449219,307.6600036621094,309.1000061035156,279.6775817871094,53917700
2019-11-14,308.7900085449219,309.6400146484375,308.0899963378906,309.54998779296875,280.0848388671875,51219900
2019-11-15,311.0199890136719,311.8399963378906,310.260009765625,311.7900085449219,282.1116027832031,62023600
2019-11-18,311.5299987792969,312.2799987792969,311.0299987792969,312.0199890136719,282.3197326660156,49228000
2019-11-19,312.67999267578125,312.69000244140625,311.2200012207031,311.92999267578125,282.23834228515625,67804700
2019-11-20,311.2799987792969,311.8500061035156,309.05999755859375,310.7699890136719,281.18865966796875,79406200
2019-11-21,310.8900146484375,311.010009765625,309.3900146484375,310.2699890136719,280.73626708984375,54664700
2019-11-22,311.0899963378906,311.239990234375,309.8500061035156,310.9599914550781,281.36065673828125,44850200
2019-11-25,311.9800109863281,313.3699951171875,311.9800109863281,313.3699951171875,283.54119873046875,48647200
2019-11-26,313.4100036621094,314.2799987792969,313.05999755859375,314.0799865722656,284.1835632324219,37569000
2019-11-27,314.6099853515625,315.4800109863281,314.3699951171875,315.4800109863281,285.4504699707031,44444600
2019-11-29,314.8599853515625,315.1300048828125,314.05999755859375,314.30999755859375,284.3917541503906,36592700
2019-12-02,314.5899963378906,314.6600036621094,311.1700134277344,311.6400146484375,281.9758605957031,75767800
2019-12-03,308.6499938964844,309.6400146484375,307.1300048828125,309.54998779296875,280.0848388671875,73941700
2019-12-04,310.70001220703125,312.1199951171875,310.32000732421875,311.4599914550781,281.8131103515625,49080000
2019-12-05,312.2300109863281,312.25,310.5799865722656,312.0199890136719,282.3197326660156,40709000
2019-12-06,314.1199951171875,315.30999755859375,314.1099853515625,314.8699951171875,284.8984069824219,48927000
2019-12-09,314.44000244140625,315.17999267578125,313.79998779296875,313.8800048828125,284.00262451171875,34838500
2019-12-10,313.82000732421875,314.54998779296875,312.80999755859375,313.5299987792969,283.6859436035156,52649800
2019-12-11,314.0299987792969,314.70001220703125,313.44000244140625,314.4200134277344,284.4913024902344,53429100
2019-12-12,314.42999267578125,317.989990234375,314.1700134277344,317.1300048828125,286.9432678222656,96389600
2019-12-13,316.8699951171875,318.6700134277344,316.0199890136719,317.32000732421875,287.115234375,81503900
2019-12-16,319.2200012207031,320.1499938964844,317.25,319.5,289.0876159667969,82749700
2019-12-17,319.9200134277344,320.25,319.4800109863281,319.57000732421875,289.1510314941406,61097700
2019-12-18,320.0,320.25,319.5299987792969,319.5899963378906,289.16925048828125,48133000
2019-12-19,319.79998779296875,320.9800109863281,319.5199890136719,320.8999938964844,290.3544921875,85310500
2019-12-20,320.4599914550781,321.9700012207031,319.3900146484375,320.7300109863281,291.6273498535156,147142100
2019-12-23,321.5899963378906,321.6499938964844,321.05999755859375,321.2200012207031,292.0730285644531,52990000
2019-12-24,321.4700012207031,321.5199890136719,320.8999938964844,321.2300109863281,292.0820617675781,20270000
2019-12-26,321.6499938964844,322.95001220703125,321.6400146484375,322.94000244140625,293.63677978515625,30911200
2019-12-27,323.739990234375,323.79998779296875,322.2799987792969,322.8599853515625,293.564208984375,42528800
2019-12-30,322.95001220703125,323.1000061035156,320.54998779296875,321.0799865722656,291.9456787109375,49729100
2019-12-31,320.5299987792969,322.1300048828125,320.1499938964844,321.8599853515625,292.6549072265625,57077300
2020-01-02,323.5400085449219,324.8900146484375,322.5299987792969,324.8699951171875,295.3916931152344,59151200
2020-01-03,321.1600036621094,323.6400146484375,321.1000061035156,322.4100036621094,293.155029296875,77709700
2020-01-06,320.489990234375,323.7300109863281,320.3599853515625,323.6400146484375,294.2734069824219,55653900
2020-01-07,323.0199890136719,323.5400085449219,322.239990234375,322.7300109863281,293.4459228515625,40496400
2020-01-08,322.94000244140625,325.7799987792969,322.6700134277344,324.45001220703125,295.0098876953125,68296000
2020-01-09,326.1600036621094,326.7300109863281,325.5199890136719,326.6499938964844,297.01031494140625,48473300
2020-01-10,327.2900085449219,327.4599914550781,325.20001220703125,325.7099914550781,296.1555480957031,53029300
2020-01-13,326.3900146484375,327.9599914550781,325.9200134277344,327.95001220703125,298.1923522949219,47086800
2020-01-14,327.4700012207031,328.6199951171875,326.8399963378906,327.45001220703125,297.73773193359375,62832800
2020-01-15,327.3500061035156,329.0199890136719,327.260009765625,328.19000244140625,298.4105529785156,72056600
2020-01-16,329.70001220703125,330.9200134277344,329.45001220703125,330.9200134277344,300.8928527832031,54050300
2020-01-17,331.70001220703125,332.17999267578125,330.8500061035156,331.95001220703125,301.82940673828125,95846000
2020-01-21,330.8999938964844,332.17999267578125,330.82000732421875,331.29998779296875,301.23828125,77742400
2020-01-22,332.239990234375,332.95001220703125,331.1700134277344,331.3399963378906,301.27471923828125,48914900
2020-01-23,330.6300048828125,332.1700134277344,329.4100036621094,331.7200012207031,301.6201477050781,51963000
2020-01-24,332.44000244140625,332.5299987792969,327.3599853515625,328.7699890136719,298.9378662109375,87578400
2020-01-27,323.0299987792969,325.1199951171875,322.6600036621094,323.5,294.1461181640625,84062500
2020-01-28,325.05999755859375,327.8500061035156,323.6000061035156,326.8900146484375,297.2285461425781,63834000
2020-01-29,328.3800048828125,328.6300048828125,326.3999938964844,326.6199951171875,296.9830322265625,53888900
2020-01-30,324.3599853515625,327.9100036621094,323.5400085449219,327.67999267578125,297.94683837890625,75491800
2020-01-31,327.0,327.1700134277344,320.7300109863281,321.7300109863281,292.5367431640625,113845600
2020-02-03,323.3500061035156,326.1600036621094,323.2200012207031,324.1199951171875,294.70977783203125,69083000
2020-02-04,328.07000732421875,330.010009765625,327.7200012207031,329.05999755859375,299.20159912109375,62573200
2020-02-05,332.2699890136719,333.0899963378906,330.6700134277344,332.8599853515625,302.6567077636719,65951100
2020-02-06,333.9100036621094,334.19000244140625,332.79998779296875,333.9800109863281,303.6751708984375,50359700
2020-02-07,332.82000732421875,333.989990234375,331.6000061035156,332.20001220703125,302.0566101074219,64139400
2020-02-10,331.2300109863281,334.75,331.19000244140625,334.67999267578125,304.3116455078125,42070000
2020-02-11,336.1600036621094,337.0199890136719,334.67999267578125,335.260009765625,304.8390197753906,54864500
2020-02-12,336.8299865722656,337.6499938964844,336.42999267578125,337.4200134277344,306.8030090332031,43992700
2020-02-13,335.8599853515625,338.1199951171875,335.55999755859375,337.05999755859375,306.4756774902344,54501900
2020-02-14,337.510009765625,337.7300109863281,336.20001220703125,337.6000061035156,306.9666442871094,64582200
2020-02-18,336.510009765625,337.6700134277344,335.2099914550781,336.7300109863281,306.1756286621094,57226200
2020-02-19,337.7900085449219,339.0799865722656,337.4800109863281,338.3399963378906,307.6395263671875,48814700
2020-02-20,337.739990234375,338.6400146484375,333.67999267578125,336.95001220703125,306.3757019042969,74163400
2020-02-21,335.4700012207031,335.80999755859375,332.5799865722656,333.4800109863281,303.2205810546875,113788200
2020-02-24,323.1400146484375,333.55999755859375,321.239990234375,322.4200134277344,293.1640319824219,161088400
2020-02-25,323.94000244140625,324.6099853515625,311.69000244140625,312.6499938964844,284.2805480957031,218913200
2020-02-26,314.17999267578125,318.1099853515625,310.70001220703125,311.5,283.23492431640625,194773800
2020-02-27,305.4599914550781,311.55999755859375,297.510009765625,297.510009765625,270.51434326171875,284353500
2020-02-28,288.70001220703125,297.8900146484375,285.5400085449219,296.260009765625,269.37774658203125,384975800
2020-03-02,298.2099914550781,309.1600036621094,294.4599914550781,309.0899963378906,281.04364013671875,238703600
2020-03-03,309.5,313.8399963378906,297.57000732421875,300.239990234375,272.9966125488281,300139100
2020-03-04,306.1199951171875,313.1000061035156,303.3299865722656,312.8599853515625,284.4715881347656,176613400
2020-03-05,304.9800109863281,308.4700012207031,300.010009765625,302.4599914550781,275.01513671875,186366800
2020-03-06,293.1499938964844,298.7799987792969,290.2300109863281,297.4599914550781,270.4689025878906,228667200
2020-03-09,275.29998779296875,284.19000244140625,273.45001220703125,274.2300109863281,249.34677124023438,309417300
2020-03-10,284.6400146484375,288.5199890136719,273.5,288.4200134277344,262.249267578125,276444100
2020-03-11,280.70001220703125,281.94000244140625,270.8800048828125,274.3599853515625,249.46498107910156,255316300
2020-03-12,256.0,266.6600036621094,247.67999267578125,248.11000061035156,225.59686279296875,392220700
2020-03-13,263.0899963378906,271.4800109863281,248.52000427246094,269.32000732421875,244.88232421875,329566100
2020-03-16,241.17999267578125,256.8999938964844,237.36000061035156,239.85000610351562,218.0863494873047,297240000
2020-03-17,245.0399932861328,256.1700134277344,237.07000732421875,252.8000030517578,229.86129760742188,262070500
2020-03-18,236.25,248.3699951171875,228.02000427246094,240.0,218.2227783203125,327597100
2020-03-19,239.25,247.3800048828125,232.22000122070312,240.50999450683594,218.68649291992188,289322000
2020-03-20,242.52999877929688,244.47000122070312,228.5,228.8000030517578,209.26234436035156,347158800
2020-03-23,228.19000244140625,229.67999267578125,218.25999450683594,222.9499969482422,203.9119415283203,326025200
2020-03-24,234.4199981689453,244.10000610351562,233.8000030517578,243.14999389648438,222.38693237304688,235494500
2020-03-25,244.8699951171875,256.3500061035156,239.75,246.7899932861328,225.71615600585938,299430300
2020-03-26,249.52000427246094,262.79998779296875,249.0500030517578,261.20001220703125,238.89561462402344,257632800
2020-03-27,253.27000427246094,260.80999755859375,251.0500030517578,253.4199981689453,231.7799835205078,224341200
2020-03-30,255.6999969482422,262.42999267578125,253.52999877929688,261.6499938964844,239.3072509765625,171369500
2020-03-31,260.55999755859375,263.3299865722656,256.2200012207031,257.75,235.74024963378906,194881100
2020-04-01,247.97999572753906,257.6600036621094,243.89999389648438,246.14999389648438,225.1307830810547,189554600
2020-04-02,245.19000244140625,252.67999267578125,244.58999633789062,251.8300018310547,230.32577514648438,177660400
2020-04-03,250.75999450683594,253.32000732421875,245.22000122070312,248.19000244140625,226.99664306640625,135561200
2020-04-06,257.8399963378906,267.0,248.1699981689453,264.8599853515625,242.24314880371094,188061200
2020-04-07,274.2099914550781,275.0299987792969,264.8900146484375,265.1300048828125,242.4901580810547,201427200
2020-04-08,267.9599914550781,276.0,265.25,274.0299987792969,250.6300506591797,153774500
2020-04-09,277.5799865722656,281.20001220703125,275.4700012207031,278.20001220703125,254.44400024414062,189999200
2020-04-13,277.1400146484375,277.510009765625,271.4100036621094,275.6600036621094,252.1209259033203,114839100
2020-04-14,280.9800109863281,284.8999938964844,275.510009765625,283.7900085449219,259.5566101074219,134143400
2020-04-15,277.57000732421875,283.94000244140625,275.4599914550781,277.760009765625,254.04153442382812,121775000
2020-04-16,279.1499938964844,280.0299987792969,275.760009765625,279.1000061035156,255.26718139648438,131798300
2020-04-17,285.3800048828125,287.29998779296875,282.3999938964844,286.6400146484375,262.16339111328125,146684800
2020-04-20,282.6099853515625,286.7900085449219,281.3500061035156,281.5899963378906,257.5445556640625,100109300
2020-04-21,276.7300109863281,278.0400085449219,272.0199890136719,273.0400085449219,249.7246856689453,126385700
2020-04-22,278.3500061035156,281.0,276.9100036621094,279.1000061035156,255.26718139648438,92951600
2020-04-23,280.489990234375,283.94000244140625,278.75,279.0799865722656,255.2488250732422,104709700
2020-04-24,280.7300109863281,283.70001220703125,278.5,282.9700012207031,258.8066101074219,85063200
2020-04-27,285.1199951171875,288.2699890136719,284.6199951171875,287.04998779296875,262.5382080078125,77896600
2020-04-28,291.0199890136719,291.3999938964844,285.3999938964844,285.7300109863281,261.3310241699219,105270000
2020-04-29,291.5299987792969,294.8800048828125,290.4100036621094,293.2099914550781,268.17218017578125,118745600
2020-04-30,291.7099914550781,293.32000732421875,288.5899963378906,290.4800109863281,265.6753234863281,122901700
2020-05-01,285.30999755859375,290.6600036621094,281.5199890136719,282.7900085449219,258.6420593261719,125180000
2020-05-04,280.739990234375,283.8999938964844,279.1300048828125,283.57000732421875,259.35540771484375,80873200
2020-05-05,286.6400146484375,289.25,283.7099914550781,286.19000244140625,261.75177001953125,79569900
2020-05-06,288.0400085449219,288.4599914550781,283.7799987792969,284.25,259.97735595703125,73632600
2020-05-07,287.75,289.7799987792969,287.1300048828125,287.67999267578125,263.1144104003906,75250400
2020-05-08,291.0899963378906,292.95001220703125,289.8599853515625,292.44000244140625,267.4679870605469,76452400
2020-05-11,290.3399963378906,294.0,289.8800048828125,292.5,267.5229187011719,79514200
2020-05-12,293.7900085449219,294.239990234375,286.5199890136719,286.6700134277344,262.1907043457031,95870800
2020-05-13,286.05999755859375,287.19000244140625,278.9599914550781,281.6000061035156,257.5536193847656,144721100
2020-05-14,278.95001220703125,285.1099853515625,272.989990234375,284.9700012207031,260.6359558105469,121977900
2020-05-15,282.3699951171875,286.3299865722656,281.3399963378906,286.2799987792969,261.8340148925781,111146300
2020-05-18,293.04998779296875,296.75,292.70001220703125,295.0,269.80938720703125,119703800
2020-05-19,294.3500061035156,296.2099914550781,291.95001220703125,291.9700012207031,267.03814697265625,95189300
2020-05-20,295.82000732421875,297.8699951171875,295.57000732421875,296.92999267578125,271.5746154785156,85861700
2020-05-21,296.7900085449219,297.6700134277344,293.69000244140625,294.8800048828125,269.6996765136719,78293900
2020-05-22,294.57000732421875,295.6300048828125,293.2200012207031,295.44000244140625,270.2118225097656,63958200
2020-05-26,301.92999267578125,302.19000244140625,295.4599914550781,299.0799865722656,273.541015625,88951400
2020-05-27,302.1199951171875,303.57000732421875,296.8699951171875,303.5299987792969,277.611083984375,104817400
2020-05-28,304.6499938964844,306.8399963378906,302.239990234375,302.9700012207031,277.09881591796875,90405200
2020-05-29,302.4599914550781,304.9599914550781,299.4700012207031,304.32000732421875,278.33355712890625,119090800
2020-06-01,303.6199951171875,306.2099914550781,303.05999755859375,305.54998779296875,279.45849609375,55758300
2020-06-02,306.54998779296875,308.1300048828125,305.1000061035156,308.0799865722656,281.7725524902344,74267200
2020-06-03,310.239990234375,313.2200012207031,309.94000244140625,312.17999267578125,285.5223693847656,92567600
2020-06-04,311.1099853515625,313.0,309.0799865722656,311.3599853515625,284.7723693847656,75794400
2020-06-05,317.2300109863281,321.2699890136719,317.1600036621094,319.3399963378906,292.0710144042969,150524700
2020-06-08,320.2200012207031,323.4100036621094,319.6300048828125,323.20001220703125,295.6014099121094,73641200
2020-06-09,320.29998779296875,323.2799987792969,319.3599853515625,320.7900085449219,293.397216796875,77479200
2020-06-10,321.4200134277344,322.3900146484375,318.2200012207031,319.0,291.760009765625,95000800
2020-06-11,311.4599914550781,312.1499938964844,300.010009765625,300.6099853515625,274.9403076171875,209243600
2020-06-12,308.239990234375,309.0799865722656,298.6000061035156,304.2099914550781,278.23291015625,194678900
2020-06-15,298.0199890136719,308.2799987792969,296.739990234375,307.04998779296875,280.8304443359375,135782700
2020-06-16,315.4800109863281,315.6400146484375,307.6700134277344,312.9599914550781,286.2357482910156,137627500
2020-06-17,314.07000732421875,314.3900146484375,310.8599853515625,311.6600036621094,285.0467834472656,83398900
2020-06-18,310.010009765625,312.29998779296875,309.510009765625,311.7799987792969,285.1565246582031,80828700
2020-06-19,314.1700134277344,314.3800048828125,306.5299987792969,308.6400146484375,283.5268859863281,135549600
2020-06-22,307.989990234375,311.04998779296875,306.75,310.6199951171875,285.3458251953125,74649400
2020-06-23,313.489990234375,314.5,311.6099853515625,312.04998779296875,286.659423828125,68471200
2020-06-24,309.8399963378906,310.510009765625,302.1000061035156,304.0899963378906,279.3470764160156,132813500
2020-06-25,303.4700012207031,307.6400146484375,301.2799987792969,307.3500061035156,282.34185791015625,89468000
2020-06-26,306.1600036621094,306.3900146484375,299.4200134277344,300.04998779296875,275.6358947753906,127961000
2020-06-29,301.4100036621094,304.6099853515625,298.92999267578125,304.4599914550781,279.68701171875,79773300
2020-06-30,303.989990234375,310.20001220703125,303.82000732421875,308.3599853515625,283.2696533203125,113394800
2020-07-01,309.57000732421875,311.8900146484375,309.07000732421875,310.5199890136719,285.25390625,72396500
2020-07-02,314.239990234375,315.70001220703125,311.510009765625,312.2300109863281,286.82476806640625,69344200
2020-07-06,316.3699951171875,317.67999267578125,315.55999755859375,317.04998779296875,291.2525634765625,61713800
2020-07-07,315.3800048828125,317.5199890136719,313.3699951171875,313.7799987792969,288.24871826171875,82910000
2020-07-08,314.6099853515625,316.29998779296875,312.70001220703125,316.17999267578125,290.45330810546875,54638600
2020-07-09,316.8399963378906,317.1000061035156,310.67999267578125,314.3800048828125,288.79986572265625,83354200
2020-07-10,314.30999755859375,317.8800048828125,312.760009765625,317.5899963378906,291.7486267089844,57550400
2020-07-13,320.1300048828125,322.7099914550781,314.1300048828125,314.8399963378906,289.222412109375,102997500
2020-07-14,313.29998779296875,319.760009765625,312.0,318.9200134277344,292.970458984375,93657000
2020-07-15,322.4100036621094,323.0400085449219,319.2699890136719,321.8500061035156,295.6619873046875,87196500
2020-07-16,319.7900085449219,321.2799987792969,319.0899963378906,320.7900085449219,294.6883239746094,54622500
2020-07-17,321.8800048828125,322.57000732421875,319.739990234375,321.7200012207031,295.5426025390625,62774900
2020-07-20,321.42999267578125,325.1300048828125,320.6199951171875,324.32000732421875,297.9310607910156,56308800
2020-07-21,326.45001220703125,326.92999267578125,323.94000244140625,325.010009765625,298.5649108886719,57292200
2020-07-22,324.6199951171875,327.20001220703125,324.5,326.8599853515625,300.26434326171875,57792900
2020-07-23,326.4700012207031,327.2300109863281,321.4800109863281,322.9599914550781,296.6816711425781,75738000
2020-07-24,320.95001220703125,321.989990234375,319.25,320.8800048828125,294.77099609375,73766600
2020-07-27,321.6300048828125,323.4100036621094,320.7699890136719,323.2200012207031,296.92059326171875,48293000
2020-07-28,322.42999267578125,323.6400146484375,320.8500061035156,321.1700134277344,295.0373229980469,57495000
2020-07-29,322.1199951171875,325.7300109863281,322.0799865722656,325.1199951171875,298.6659240722656,48454200
2020-07-30,321.8999938964844,324.4100036621094,319.6400146484375,323.9599914550781,297.60028076171875,61861700
2020-07-31,325.8999938964844,326.6300048828125,321.3299865722656,326.5199890136719,299.9520568847656,84986800
2020-08-03,328.32000732421875,329.6199951171875,327.7300109863281,328.7900085449219,302.037353515625,53077900
2020-08-04,327.8599853515625,330.05999755859375,327.8599853515625,330.05999755859375,303.2040100097656,41917900
2020-08-05,331.4700012207031,332.3900146484375,331.17999267578125,332.1099853515625,305.0871887207031,42697700
2020-08-06,331.4800109863281,334.4599914550781,331.1300048828125,334.3299865722656,307.1265563964844,43679400
2020-08-07,333.2799987792969,334.8800048828125,332.29998779296875,334.57000732421875,307.34710693359375,57308300
2020-08-10,335.05999755859375,335.7699890136719,332.9599914550781,335.57000732421875,308.2657165527344,44282100
2020-08-11,336.8500061035156,337.5400085449219,332.010009765625,332.79998779296875,305.7210693359375,69601100
2020-08-12,335.44000244140625,338.2799987792969,335.4100036621094,337.44000244140625,309.9834899902344,53774400
2020-08-13,336.6099853515625,338.25,335.8299865722656,336.8299865722656,309.4231262207031,41816100
2020-08-14,336.4100036621094,337.4200134277344,335.6199951171875,336.8399963378906,309.43231201171875,47260400
2020-08-17,337.94000244140625,338.3399963378906,336.8500061035156,337.9100036621094,310.41534423828125,35481000
2020-08-18,338.3399963378906,339.1000061035156,336.6099853515625,338.6400146484375,311.0858459472656,38733900
2020-08-19,339.04998779296875,339.6099853515625,336.6199951171875,337.2300109863281,309.7905578613281,68054200
2020-08-20,335.3599853515625,338.79998779296875,335.2200012207031,338.2799987792969,310.755126953125,42207800
2020-08-21,337.9200134277344,339.7200012207031,337.54998779296875,339.4800109863281,311.8575744628906,55106600
2020-08-24,342.1199951171875,343.0,339.45001220703125,342.9200134277344,315.0176696777344,48588700
2020-08-25,343.5299987792969,344.2099914550781,342.2699890136719,344.1199951171875,316.1199951171875,38463400
2020-08-26,344.760009765625,347.8599853515625,344.1700134277344,347.57000732421875,319.28924560546875,50790200
2020-08-27,348.510009765625,349.8999938964844,346.5299987792969,348.3299865722656,319.98736572265625,58034100
2020-08-28,349.44000244140625,350.7200012207031,348.1499938964844,350.5799865722656,322.0542907714844,48588900
2020-08-31,350.3500061035156,351.29998779296875,349.05999755859375,349.30999755859375,320.8876953125,66099200
2020-09-01,350.2099914550781,352.7099914550781,349.239990234375,352.6000061035156,323.9100341796875,54908700
2020-09-02,354.6700134277344,358.75,353.42999267578125,357.70001220703125,328.59503173828125,69540000
2020-09-03,355.8699951171875,356.3800048828125,342.5899963378906,345.3900146484375,317.2867126464844,148011100
2020-09-04,346.1300048828125,347.8299865722656,334.8699951171875,342.57000732421875,314.6961364746094,139156300
2020-09-08,336.7099914550781,342.6400146484375,332.8800048828125,333.2099914550781,306.0976867675781,114465300
2020-09-09,337.54998779296875,342.4599914550781,336.6099853515625,339.7900085449219,312.1423034667969,91462300
2020-09-10,341.82000732421875,342.5299987792969,332.8500061035156,333.8900146484375,306.7224426269531,90569500
2020-09-11,335.82000732421875,336.9700012207031,331.0,334.05999755859375,306.8785705566406,84680200
2020-09-14,337.489990234375,340.3800048828125,334.2200012207031,338.4599914550781,310.9205017089844,65605700
2020-09-15,341.1199951171875,342.0199890136719,338.4700012207031,340.1700134277344,312.4913635253906,52920900
2020-09-16,341.510009765625,343.05999755859375,338.5199890136719,338.82000732421875,311.251220703125,82096000
2020-09-17,333.55999755859375,337.70001220703125,332.989990234375,335.8399963378906,308.5137023925781,91523300
2020-09-18,335.3699951171875,335.489990234375,327.9700012207031,330.6499938964844,304.9618835449219,105877900
2020-09-21,325.70001220703125,327.1300048828125,321.7300109863281,326.9700012207031,301.5677795410156,99450800
2020-09-22,328.57000732421875,330.8999938964844,325.8599853515625,330.29998779296875,304.6391296386719,63612100
2020-09-23,330.8999938964844,331.20001220703125,322.1000061035156,322.6400146484375,297.5742492675781,93112200
2020-09-24,321.2200012207031,326.79998779296875,319.79998779296875,323.5,298.36737060546875,76681300
2020-09-25,322.5799865722656,329.5799865722656,321.6400146484375,328.7300109863281,303.1910400390625,71069400
2020-09-28,333.2200012207031,334.9599914550781,332.1499938964844,334.19000244140625,308.2268371582031,64584600
2020-09-29,333.9700012207031,334.7699890136719,331.6199951171875,332.3699951171875,306.54827880859375,51304000
2020-09-30,333.0899963378906,338.2900085449219,332.8800048828125,334.8900146484375,308.87249755859375,104081100
2020-10-01,337.69000244140625,338.739990234375,335.010009765625,337.0400085449219,310.85552978515625,88698700
2020-10-02,331.70001220703125,337.010009765625,331.19000244140625,333.8399963378906,307.9040832519531,89431100
2020-10-05,336.05999755859375,339.9599914550781,336.010009765625,339.760009765625,313.3641357421875,45713100
2020-10-06,339.9100036621094,342.1700134277344,334.3800048828125,334.92999267578125,308.9093933105469,90128900
2020-10-07,338.1199951171875,341.6300048828125,338.0899963378906,340.760009765625,314.28643798828125,56999600
2020-10-08,342.8500061035156,343.8500061035156,341.8599853515625,343.7799987792969,317.0718688964844,45242500
2020-10-09,345.55999755859375,347.3500061035156,344.8900146484375,346.8500061035156,319.90325927734375,59528600
2020-10-12,349.5899963378906,354.0199890136719,349.05999755859375,352.42999267578125,325.0498352050781,80388500
2020-10-13,352.2799987792969,352.4700012207031,349.0899963378906,350.1300048828125,322.928466796875,73255500
2020-10-14,350.75,351.92999267578125,347.1400146484375,347.92999267578125,320.8994140625,57727900
2020-10-15,343.7099914550781,348.0199890136719,343.1300048828125,347.5,320.5027770996094,60357700
2020-10-16,348.9599914550781,350.75,347.1000061035156,347.2900085449219,320.3090515136719,89501900
2020-10-19,348.6499938964844,349.3299865722656,341.0400085449219,342.010009765625,315.4393005371094,68425600
2020-10-20,343.4599914550781,346.8800048828125,342.6400146484375,343.3800048828125,316.70294189453125,60051900
2020-10-21,343.3299865722656,345.6700134277344,342.3999938964844,342.7300109863281,316.10345458984375,63575000
2020-10-22,342.9599914550781,345.239990234375,340.6499938964844,344.6099853515625,317.83734130859375,55399300
2020-10-23,345.92999267578125,345.989990234375,343.1300048828125,345.7799987792969,318.91650390625,49143900
2020-10-26,342.1300048828125,342.9800109863281,335.6199951171875,339.3900146484375,313.0228576660156,91473000
2020-10-27,339.760009765625,340.1199951171875,337.989990234375,338.2200012207031,311.9437255859375,65994100
2020-10-28,332.1000061035156,338.25,326.1300048828125,326.6600036621094,301.2819519042969,127094300
2020-10-29,326.9100036621094,333.3999938964844,325.0899963378906,329.9800109863281,304.3439636230469,90597700
2020-10-30,328.2799987792969,329.69000244140625,322.6000061035156,326.5400085449219,301.1711730957031,120287300
2020-11-02,330.20001220703125,332.3599853515625,327.239990234375,330.20001220703125,304.5469055175781,86068300
2020-11-03,333.69000244140625,338.25,330.2900085449219,336.0299987792969,309.9238586425781,93294200
2020-11-04,340.8599853515625,347.94000244140625,339.5899963378906,343.5400085449219,316.85040283203125,126959700
2020-11-05,349.239990234375,352.19000244140625,348.8599853515625,350.239990234375,323.0299072265625,82039700
2020-11-06,349.92999267578125,351.510009765625,347.6499938964844,350.1600036621094,322.95611572265625,74973000
2020-11-09,363.9700012207031,364.3800048828125,354.05999755859375,354.55999755859375,327.0143127441406,172304200
2020-11-10,353.489990234375,355.17999267578125,350.510009765625,354.0400085449219,326.5347595214844,85552000
2020-11-11,356.3999938964844,357.55999755859375,355.05999755859375,356.6700134277344,328.9604187011719,58649000
2020-11-12,355.5799865722656,356.7200012207031,351.260009765625,353.2099914550781,325.7691955566406,67546200
2020-11-13,355.2699890136719,358.8999938964844,354.7099914550781,358.1000061035156,330.2793273925781,62892200
2020-11-16,360.9800109863281,362.7799987792969,359.5899963378906,362.57000732421875,334.40203857421875,74541100
2020-11-17,359.9700012207031,361.9200134277344,358.3399963378906,360.6199951171875,332.603515625,66111000
2020-11-18,360.9100036621094,361.5,356.239990234375,356.2799987792969,328.6007385253906,70591300
2020-11-19,355.6000061035156,358.17999267578125,354.1499938964844,357.7799987792969,329.9841003417969,59940900
2020-11-20,357.5,357.7200012207031,355.25,355.3299865722656,327.72442626953125,70417300
2020-11-23,357.2799987792969,358.82000732421875,354.8699951171875,357.4599914550781,329.6889953613281,63230600
2020-11-24,360.2099914550781,363.80999755859375,359.2900085449219,363.2200012207031,335.00146484375,62415900
2020-11-25,363.1300048828125,363.1600036621094,361.4800109863281,362.6600036621094,334.48504638671875,45330900
2020-11-27,363.8399963378906,364.17999267578125,362.5799865722656,363.6700134277344,335.4166564941406,28514100
2020-11-30,362.8299865722656,363.1199951171875,359.1700134277344,362.05999755859375,333.931640625,83872700
2020-12-01,365.57000732421875,367.67999267578125,364.92999267578125,366.0199890136719,337.583984375,74231400
2020-12-02,364.82000732421875,366.9599914550781,364.20001220703125,366.7900085449219,338.294189453125,45927000
2020-12-03,366.67999267578125,368.19000244140625,365.5,366.69000244140625,338.20196533203125,62882000
2020-12-04,367.32000732421875,369.8500061035156,367.2200012207031,369.8500061035156,341.1164855957031,50749900
2020-12-07,369.0199890136719,369.6199951171875,367.7200012207031,369.0899963378906,340.4154968261719,48944300
2020-12-08,367.7200012207031,370.7799987792969,367.6700134277344,370.1700134277344,341.4115905761719,42458900
2020-12-09,370.8800048828125,371.04998779296875,365.95001220703125,366.8500061035156,338.3495788574219,74098300
2020-12-10,365.3699951171875,367.8599853515625,364.42999267578125,366.7300109863281,338.2388610839844,57735400
2020-12-11,364.8999938964844,366.739990234375,363.260009765625,366.29998779296875,337.84222412109375,57698600
2020-12-14,368.6400146484375,369.79998779296875,364.4700012207031,364.6600036621094,336.32965087890625,69216200
2020-12-15,367.3999938964844,369.5899963378906,365.9200134277344,369.5899963378906,340.8766784667969,63865300
2020-12-16,369.82000732421875,371.1600036621094,368.8699951171875,370.1700134277344,341.4115905761719,58420500
2020-12-17,371.94000244140625,372.4599914550781,371.04998779296875,372.239990234375,343.3207702636719,64119500
2020-12-18,370.9700012207031,371.1499938964844,367.0199890136719,369.17999267578125,341.94989013671875,136542300
2020-12-21,364.9700012207031,378.4599914550781,362.0299987792969,367.8599853515625,340.7273254394531,96386700
2020-12-22,368.2099914550781,368.3299865722656,366.0299987792969,367.239990234375,340.153076171875,47949000
2020-12-23,368.2799987792969,369.6199951171875,367.2200012207031,367.57000732421875,340.4586486816406,46201400
2020-12-24,368.0799865722656,369.0299987792969,367.45001220703125,369.0,341.7832336425781,26457900
2020-12-28,371.739990234375,372.5899963378906,371.07000732421875,372.1700134277344,344.71942138671875,39000400
2020-12-29,373.80999755859375,374.0,370.8299865722656,371.4599914550781,344.061767578125,53680500
2020-12-30,372.3399963378906,373.1000061035156,371.57000732421875,371.989990234375,344.5526428222656,49455300
2020-12-31,371.7799987792969,374.6600036621094,371.2300109863281,373.8800048828125,346.30328369140625,78520700
2021-01-04,375.30999755859375,375.45001220703125,364.82000732421875,368.7900085449219,341.5887451171875,110210800
2021-01-05,368.1000061035156,372.5,368.04998779296875,371.3299865722656,343.9412536621094,66426200
2021-01-06,369.7099914550781,376.9800109863281,369.1199951171875,373.54998779296875,345.9975891113281,107997700
2021-01-07,376.1000061035156,379.8999938964844,375.9100036621094,379.1000061035156,351.1382751464844,68766800
2021-01-08,380.5899963378906,381.489990234375,377.1000061035156,381.260009765625,353.1389465332031,71677200
2021-01-11,377.8500061035156,380.5799865722656,377.7200012207031,378.69000244140625,350.7584228515625,51034700
2021-01-12,378.8900146484375,379.8599853515625,376.3599853515625,378.7699890136719,350.83251953125,52547700
2021-01-13,378.69000244140625,380.8599853515625,377.8500061035156,379.7900085449219,351.77740478515625,45303600
2021-01-14,380.5899963378906,381.1300048828125,378.1000061035156,378.4599914550781,350.54547119140625,49989100
2021-01-15,376.7200012207031,377.5799865722656,373.70001220703125,375.70001220703125,347.9890441894531,107160000
2021-01-19,378.3399963378906,379.2300109863281,376.75,378.6499938964844,350.72137451171875,51233300
2021-01-20,381.1099853515625,384.7900085449219,380.69000244140625,383.8900146484375,355.57489013671875,61836100
2021-01-21,384.489990234375,384.95001220703125,383.25,384.239990234375,355.8990783691406,47840100
2021-01-22,382.25,384.1300048828125,381.8399963378906,382.8800048828125,354.6394348144531,52860500
2021-01-25,383.6700134277344,384.7699890136719,378.4599914550781,384.3900146484375,356.0379638671875,70402000
2021-01-26,385.4100036621094,385.8500061035156,383.5400085449219,383.7900085449219,355.4823303222656,42665300
2021-01-27,380.2200012207031,380.32000732421875,372.010009765625,374.4100036621094,346.7941589355469,123351100
2021-01-28,376.3599853515625,381.92999267578125,375.8900146484375,377.6300048828125,349.77667236328125,94198100
2021-01-29,375.6300048828125,376.6700134277344,368.2699890136719,370.07000732421875,342.7743225097656,126765100
2021-02-01,373.7200012207031,377.3399963378906,370.3800048828125,376.2300109863281,348.4799499511719,75817600
2021-02-02,379.6499938964844,383.2200012207031,376.32000732421875,381.54998779296875,353.4075622558594,64450700
2021-02-03,382.44000244140625,383.70001220703125,380.4800109863281,381.8500061035156,353.6854248046875,52427100
2021-02-04,382.9599914550781,386.239990234375,381.9700012207031,386.19000244140625,357.7053527832031,47142600
2021-02-05,388.20001220703125,388.4700012207031,386.1400146484375,387.7099914550781,359.1131286621094,48669800
2021-02-08,389.2699890136719,390.55999755859375,388.3500061035156,390.510009765625,361.7066345214844,38365200
2021-02-09,389.6099853515625,390.8900146484375,389.1700134277344,390.25,361.4658203125,35551100
2021-02-10,392.1199951171875,392.2799987792969,387.5,390.0799865722656,361.3083801269531,59154400
2021-02-11,391.239990234375,391.69000244140625,388.1000061035156,390.7099914550781,361.891845703125,42913300
2021-02-12,389.8500061035156,392.8999938964844,389.7699890136719,392.6400146484375,363.6795654296875,50593300
2021-02-16,393.9599914550781,394.1700134277344,391.5299987792969,392.29998779296875,363.3646545410156,50972400
2021-02-17,390.4200134277344,392.6600036621094,389.3299865722656,392.3900146484375,363.44805908203125,52290600
2021-02-18,389.5899963378906,391.5199890136719,387.739990234375,390.7200012207031,361.9011535644531,59712800
2021-02-19,392.07000732421875,392.3800048828125,389.54998779296875,390.0299987792969,361.2620849609375,83241000
2021-02-22,387.05999755859375,389.6199951171875,386.739990234375,387.0299987792969,358.4833068847656,67414200
2021-02-23,384.6600036621094,388.95001220703125,380.20001220703125,387.5,358.918701171875,107284100
2021-02-24,386.3299865722656,392.2300109863281,385.2699890136719,391.7699890136719,362.8736877441406,72433900
2021-02-25,390.4100036621094,391.8800048828125,380.7799987792969,382.3299865722656,354.1300354003906,146670500
2021-02-26,384.3500061035156,385.5799865722656,378.2300109863281,380.3599853515625,352.3053283691406,152701600
2021-03-01,385.5899963378906,390.9200134277344,380.57000732421875,389.5799865722656,360.8453063964844,105348800
2021-03-02,389.82000732421875,390.07000732421875,386.0,386.5400085449219,358.029541015625,79595300
2021-03-03,385.7900085449219,386.8299865722656,381.30999755859375,381.4200134277344,353.28717041015625,119940200
2021-03-04,381.2200012207031,384.0,371.8800048828125,376.70001220703125,348.9152526855469,183433000
2021-03-05,380.4599914550781,384.760009765625,372.6400146484375,383.6300048828125,355.33416748046875,152039600
2021-03-08,384.6600036621094,387.67999267578125,381.4200134277344,381.7200012207031,353.5649108886719,123149200
2021-03-09,385.8500061035156,389.9100036621094,385.30999755859375,387.1700134277344,358.6130676269531,113633600
2021-03-10,389.69000244140625,391.3999938964844,388.1700134277344,389.5799865722656,360.8453063964844,109899400
2021-03-11,392.2300109863281,395.6499938964844,391.739990234375,393.5299987792969,364.5039367675781,86245000
2021-03-12,392.07000732421875,394.2099914550781,391.20001220703125,394.05999755859375,364.99481201171875,64653600
2021-03-15,394.3299865722656,396.69000244140625,392.0299987792969,396.4100036621094,367.1715393066406,73427200
2021-03-16,397.07000732421875,397.8299865722656,395.0799865722656,395.9100036621094,366.70843505859375,73722500
2021-03-17,394.5299987792969,398.1199951171875,393.29998779296875,397.260009765625,367.9588623046875,97959300
2021-03-18,394.4800109863281,396.7200012207031,390.75,391.4800109863281,362.6051330566406,115349100
2021-03-19,389.8800048828125,391.57000732421875,387.1499938964844,389.4800109863281,361.9341735839844,113624500
2021-03-22,390.0299987792969,394.07000732421875,389.9700012207031,392.5899963378906,364.82421875,73778600
2021-03-23,391.9100036621094,393.4599914550781,388.6600036621094,389.5,361.9527893066406,90686600
2021-03-24,391.0,392.75,387.4700012207031,387.5199890136719,360.11279296875,97588600
2021-03-25,385.9800109863281,390.54998779296875,383.8999938964844,389.70001220703125,362.13861083984375,116128600
2021-03-26,390.92999267578125,396.4100036621094,390.2900085449219,395.9800109863281,367.9744567871094,114409100
2021-03-29,394.3999938964844,396.75,392.80999755859375,395.7799987792969,367.78857421875,108107600
2021-03-30,394.4200134277344,395.45001220703125,393.0199890136719,394.7300109863281,366.8128967285156,76262200
2021-03-31,395.3399963378906,398.0,395.30999755859375,396.3299865722656,368.29974365234375,112734200
2021-04-01,398.3999938964844,400.6700134277344,398.17999267578125,400.6099853515625,372.277099609375,99682900
2021-04-05,403.4599914550781,406.94000244140625,403.3800048828125,406.3599853515625,377.6203918457031,91684800
2021-04-06,405.760009765625,407.239990234375,405.3999938964844,406.1199951171875,377.3973083496094,62021000
2021-04-07,405.94000244140625,406.9599914550781,405.45001220703125,406.5899963378906,377.8341064453125,55836300
2021-04-08,407.92999267578125,408.5799865722656,406.92999267578125,408.5199890136719,379.62762451171875,57863100
2021-04-09,408.3900146484375,411.6700134277344,408.260009765625,411.489990234375,382.3875427246094,61104600
2021-04-12,410.8500061035156,411.92999267578125,410.20001220703125,411.6400146484375,382.5270080566406,56704900
2021-04-13,411.5299987792969,413.5299987792969,411.1199951171875,412.8599853515625,383.66064453125,56551000
2021-04-14,412.8299865722656,413.9599914550781,410.8699951171875,411.45001220703125,382.35040283203125,61659900
2021-04-15,413.739990234375,416.1600036621094,413.69000244140625,415.8699951171875,386.4577331542969,60229800
2021-04-16,417.25,417.9100036621094,415.7300109863281,417.260009765625,387.7493896484375,82037300
2021-04-19,416.260009765625,416.739990234375,413.7900085449219,415.2099914550781,385.8443908691406,78498500
2021-04-20,413.9100036621094,415.0899963378906,410.5899963378906,412.1700134277344,383.0194396972656,81851800
2021-04-21,411.510009765625,416.2900085449219,411.3599853515625,416.07000732421875,386.64361572265625,66793000
2021-04-22,415.8900146484375,416.7799987792969,411.1300048828125,412.2699890136719,383.1123962402344,97582800
2021-04-23,412.8699951171875,418.25,412.7900085449219,416.739990234375,387.26629638671875,73209200
2021-04-26,417.44000244140625,418.2200012207031,416.80999755859375,417.6099853515625,388.0746765136719,52182400
2021-04-27,417.92999267578125,418.1400146484375,416.29998779296875,417.5199890136719,387.9910888671875,51303100
2021-04-28,417.80999755859375,419.010009765625,416.8999938964844,417.3999938964844,387.879638671875,51238900
2021-04-29,420.32000732421875,420.7200012207031,416.44000244140625,420.05999755859375,390.3514099121094,78544300
2021-04-30,417.6300048828125,418.5400085449219,416.3399963378906,417.29998779296875,387.7866516113281,85527000
2021-05-03,419.42999267578125,419.8399963378906,417.6700134277344,418.20001220703125,388.62298583984375,68128300
2021-05-04,416.07000732421875,416.6000061035156,411.6700134277344,415.6199951171875,386.2254333496094,101591200
2021-05-05,417.3800048828125,417.6300048828125,415.1499938964844,415.75,386.34619140625,60162200
2021-05-06,415.8299865722656,419.2099914550781,413.67999267578125,419.07000732421875,389.43145751953125,74321400
2021-05-07,419.8900146484375,422.82000732421875,419.1600036621094,422.1199951171875,392.2657165527344,67733800
2021-05-10,422.5,422.739990234375,417.80999755859375,417.94000244140625,388.38134765625,81852400
2021-05-11,413.1000061035156,415.2699890136719,410.05999755859375,414.2099914550781,384.91510009765625,116888000
2021-05-12,411.2300109863281,412.5899963378906,404.0,405.4100036621094,376.7375793457031,134811000
2021-05-13,407.07000732421875,412.3500061035156,407.0199890136719,410.2799987792969,381.2631530761719,106394000
2021-05-14,413.2099914550781,417.489990234375,413.17999267578125,416.5799865722656,387.11749267578125,82201600
2021-05-17,415.3900146484375,416.3900146484375,413.3599853515625,415.5199890136719,386.13250732421875,65129200
2021-05-18,415.79998779296875,416.05999755859375,411.7699890136719,411.94000244140625,382.80572509765625,59810200
2021-05-19,406.9200134277344,411.04998779296875,405.3299865722656,410.8599853515625,381.8019714355469,106467100
2021-05-20,411.79998779296875,416.6300048828125,411.6700134277344,415.2799987792969,385.90948486328125,78022200
2021-05-21,416.8699951171875,418.20001220703125,414.45001220703125,414.94000244140625,385.5934753417969,76578700
2021-05-24,417.3399963378906,420.32000732421875,417.0799865722656,419.1700134277344,389.5243835449219,51376700
2021-05-25,420.3299865722656,420.7099914550781,417.6199951171875,418.239990234375,388.66009521484375,57451400
2021-05-26,418.8699951171875,419.6099853515625,417.760009765625,419.07000732421875,389.43145751953125,43088600
2021-05-27,420.1700134277344,420.7200012207031,418.989990234375,419.2900085449219,389.6358642578125,56707700
2021-05-28,420.9700012207031,421.25,419.7900085449219,420.0400085449219,390.33282470703125,58520200
2021-06-01,422.57000732421875,422.7200012207031,419.20001220703125,419.6700134277344,389.989013671875,54216600
2021-06-02,420.3699951171875,421.2300109863281,419.2900085449219,420.3299865722656,390.602294921875,49097100
2021-06-03,417.8500061035156,419.989990234375,416.2799987792969,418.7699890136719,389.1526184082031,58138800
2021-06-04,420.75,422.9200134277344,418.8399963378906,422.6000061035156,392.7118225097656,55938800
2021-06-07,422.5899963378906,422.7799987792969,421.19000244140625,422.19000244140625,392.330810546875,51555000
2021-06-08,423.1099853515625,423.2099914550781,420.32000732421875,422.2799987792969,392.4143981933594,47134300
2021-06-09,423.17999267578125,423.260009765625,421.4100036621094,421.6499938964844,391.8289794921875,48436300
2021-06-10,422.9599914550781,424.6300048828125,421.54998779296875,423.6099853515625,393.6503601074219,51020100
2021-06-11,424.20001220703125,424.42999267578125,422.82000732421875,424.30999755859375,394.30078125,45570800
2021-06-14,424.42999267578125,425.3699951171875,423.1000061035156,425.260009765625,395.18365478515625,42358500
2021-06-15,425.4200134277344,425.4599914550781,423.5400085449219,424.4800109863281,394.4588317871094,51508500
2021-06-16,424.6300048828125,424.8699951171875,419.9200134277344,422.1099853515625,392.25640869140625,80386100
2021-06-17,421.6700134277344,423.0199890136719,419.32000732421875,421.9700012207031,392.1263122558594,90949700
2021-06-18,417.0899963378906,417.8299865722656,414.70001220703125,414.9200134277344,386.8363952636719,118676300
2021-06-21,416.79998779296875,421.05999755859375,415.92999267578125,420.8599853515625,392.37432861328125,72822000
2021-06-22,420.8500061035156,424.0,420.0799865722656,423.1099853515625,394.4720458984375,57700300
2021-06-23,423.19000244140625,424.04998779296875,422.510009765625,422.6000061035156,393.99664306640625,49445400
2021-06-24,424.8900146484375,425.54998779296875,424.6199951171875,425.1000061035156,396.327392578125,45110300
2021-06-25,425.8999938964844,427.0899963378906,425.54998779296875,426.6099853515625,397.7351989746094,58129500
2021-06-28,427.1700134277344,427.6499938964844,425.8900146484375,427.4700012207031,398.5369567871094,53159600
2021-06-29,427.8800048828125,428.55999755859375,427.1300048828125,427.70001220703125,398.7513732910156,35970500
2021-06-30,427.2099914550781,428.7799987792969,427.17999267578125,428.05999755859375,399.0870056152344,64827900
2021-07-01,428.8699951171875,430.6000061035156,428.79998779296875,430.42999267578125,401.2965393066406,53441000
2021-07-02,431.6700134277344,434.1000061035156,430.5199890136719,433.7200012207031,404.3639221191406,57697700
2021-07-06,433.7799987792969,434.010009765625,430.010009765625,432.92999267578125,403.62744140625,68710400
2021-07-07,433.6600036621094,434.760009765625,431.510009765625,434.4599914550781,405.0538635253906,63549500
2021-07-08,428.7799987792969,431.7300109863281,427.5199890136719,430.9200134277344,401.7534484863281,97595200
2021-07-09,432.5299987792969,435.8399963378906,430.7099914550781,435.5199890136719,406.0421142578125,76238600
2021-07-12,435.42999267578125,437.3500061035156,434.9700012207031,437.0799865722656,407.4965515136719,52889600
2021-07-13,436.239990234375,437.8399963378906,435.30999755859375,435.5899963378906,406.1073303222656,52911300
2021-07-14,437.3999938964844,437.9200134277344,434.9100036621094,436.239990234375,406.71337890625,64130400
2021-07-15,434.80999755859375,435.5299987792969,432.7200012207031,434.75,405.32421875,55126400
2021-07-16,436.010009765625,436.05999755859375,430.9200134277344,431.3399963378906,402.14501953125,75874700
2021-07-19,426.19000244140625,431.4100036621094,421.9700012207031,424.9700012207031,396.2061462402344,147987000
2021-07-20,425.67999267578125,432.4200134277344,424.8299865722656,431.05999755859375,401.88397216796875,99608200
2021-07-21,432.3399963378906,434.70001220703125,431.010009765625,434.54998779296875,405.1376647949219,64724400
2021-07-22,434.739990234375,435.7200012207031,433.69000244140625,435.4599914550781,405.98614501953125,47878500
2021-07-23,437.5199890136719,440.29998779296875,436.7900085449219,439.94000244140625,410.16290283203125,63766600
2021-07-26,439.30999755859375,441.0299987792969,439.260009765625,441.0199890136719,411.1697998046875,43719200
2021-07-27,439.9100036621094,439.94000244140625,435.989990234375,439.010009765625,409.2958679199219,67397100
2021-07-28,439.67999267578125,440.29998779296875,437.30999755859375,438.8299865722656,409.1280822753906,52472400
2021-07-29,439.82000732421875,441.79998779296875,439.80999755859375,440.6499938964844,410.8248291015625,47435300
2021-07-30,437.9100036621094,440.05999755859375,437.7699890136719,438.510009765625,408.8297424316406,68951200
2021-08-02,440.3399963378906,440.92999267578125,437.2099914550781,437.5899963378906,407.97198486328125,58783300
2021-08-03,438.44000244140625,441.2799987792969,436.1000061035156,441.1499938964844,411.29107666015625,58053900
2021-08-04,439.7799987792969,441.1199951171875,438.7300109863281,438.9800109863281,409.2679443359375,46732200
2021-08-05,440.2200012207031,441.8500061035156,439.8800048828125,441.760009765625,411.8597717285156,38969700
2021-08-06,442.1000061035156,442.94000244140625,441.79998779296875,442.489990234375,412.54034423828125,46930000
2021-08-09,442.4599914550781,442.79998779296875,441.30999755859375,442.1300048828125,412.2047119140625,41222600
2021-08-10,442.6099853515625,443.44000244140625,441.8800048828125,442.67999267578125,412.7173767089844,43339300
2021-08-11,443.82000732421875,443.8800048828125,442.6199951171875,443.7799987792969,413.7430725097656,44034300
2021-08-12,443.6199951171875,445.260009765625,442.6600036621094,445.1099853515625,414.9829406738281,38909400
2021-08-13,445.5899963378906,445.94000244140625,445.07000732421875,445.9200134277344,415.7381896972656,39470300
2021-08-16,444.5299987792969,447.1099853515625,442.8699951171875,446.9700012207031,416.7171630859375,73740000
2021-08-17,444.239990234375,444.9599914550781,440.8500061035156,444.0400085449219,413.9853515625,92673900
2021-08-18,442.9599914550781,444.6300048828125,438.9200134277344,439.17999267578125,409.454345703125,89351900
2021-08-19,436.2699890136719,441.1400146484375,436.1199951171875,439.8599853515625,410.08837890625,92812200
2021-08-20,440.2300109863281,443.7099914550781,439.7099914550781,443.3599853515625,413.3514709472656,72008700
2021-08-23,445.1600036621094,448.2300109863281,443.44000244140625,447.260009765625,416.9874572753906,54973000
2021-08-24,447.9700012207031,448.5400085449219,447.4200134277344,447.9700012207031,417.6494445800781,38744700
2021-08-25,448.1700134277344,449.4599914550781,447.7699890136719,448.9100036621094,418.5257263183594,40529700
2021-08-26,448.6099853515625,448.8599853515625,446.1600036621094,446.260009765625,416.05523681640625,57829600
2021-08-27,447.1199951171875,450.6499938964844,447.05999755859375,450.25,419.7751159667969,77235100
2021-08-30,450.9700012207031,453.07000732421875,450.7099914550781,452.2300109863281,421.6210632324219,48357400
2021-08-31,452.1300048828125,452.489990234375,450.9200134277344,451.55999755859375,420.9964599609375,59300200
2021-09-01,452.55999755859375,453.1099853515625,451.54998779296875,451.79998779296875,421.2201232910156,48721400
2021-09-02,453.32000732421875,454.04998779296875,451.9100036621094,453.19000244140625,422.5161437988281,42501000
2021-09-03,451.9800109863281,453.6300048828125,451.54998779296875,453.0799865722656,422.4135437011719,47170500
2021-09-07,452.7099914550781,452.80999755859375,450.739990234375,451.4599914550781,420.9031982421875,51671500
2021-09-08,450.8900146484375,451.6700134277344,448.8599853515625,450.9100036621094,420.390380859375,56181900
2021-09-09,450.70001220703125,452.57000732421875,448.7200012207031,448.9800109863281,418.5910949707031,57970400
2021-09-10,451.0400085449219,451.489990234375,445.30999755859375,445.44000244140625,415.2906494140625,89948200
2021-09-13,448.6400146484375,448.9200134277344,444.1099853515625,446.5799865722656,416.35345458984375,83738600
2021-09-14,448.1199951171875,448.3399963378906,443.2200012207031,444.1700134277344,414.1065979003906,78197100
2021-09-15,444.6199951171875,448.4100036621094,443.44000244140625,447.8800048828125,417.56549072265625,78792200
2021-09-16,447.32000732421875,448.3599853515625,444.0199890136719,447.1700134277344,416.9036560058594,77786700
2021-09-17,444.9200134277344,445.3699951171875,441.0199890136719,441.3999938964844,412.8424987792969,118425000
2021-09-20,434.8800048828125,436.55999755859375,428.8599853515625,434.0400085449219,405.95867919921875,166445500
2021-09-21,436.5299987792969,437.9100036621094,433.07000732421875,433.6300048828125,405.57525634765625,92526100
2021-09-22,436.04998779296875,440.0299987792969,433.75,437.8599853515625,409.5314636230469,102350100
2021-09-23,439.8500061035156,444.8900146484375,439.6000061035156,443.17999267578125,414.5072937011719,76396000
2021-09-24,441.44000244140625,444.6700134277344,441.2099914550781,443.9100036621094,415.1901550292969,62094800
2021-09-27,442.80999755859375,444.04998779296875,441.8999938964844,442.6400146484375,414.0022888183594,61371100
2021-09-28,439.69000244140625,440.0400085449219,432.94000244140625,433.7200012207031,405.65936279296875,130436300
2021-09-29,435.19000244140625,437.0400085449219,433.8500061035156,434.45001220703125,406.34210205078125,82329200
2021-09-30,436.0199890136719,436.7699890136719,428.7799987792969,429.1400146484375,401.3757629394531,140506000
2021-10-01,430.9800109863281,436.0299987792969,427.2300109863281,434.239990234375,406.1457214355469,129240100
2021-10-04,433.0,433.9599914550781,426.3599853515625,428.6400146484375,400.9081115722656,128570000
2021-10-05,430.239990234375,435.489990234375,429.3900146484375,433.1000061035156,405.0794982910156,90682500
2021-10-06,429.2699890136719,435.1199951171875,427.5400085449219,434.8999938964844,406.7630615234375,113032200
2021-10-07,438.3900146484375,441.67999267578125,438.20001220703125,438.6600036621094,410.2798156738281,72437500
2021-10-08,439.4800109863281,439.8900146484375,437.19000244140625,437.8599853515625,409.5314636230469,74557400
2021-10-11,437.1600036621094,440.260009765625,434.6199951171875,434.69000244140625,406.566650390625,65233300
2021-10-12,435.6700134277344,436.1000061035156,432.7799987792969,433.6199951171875,405.5658874511719,71181200
2021-10-13,434.7099914550781,436.04998779296875,431.5400085449219,435.17999267578125,407.02496337890625,72974000
2021-10-14,439.0799865722656,442.6600036621094,438.5799865722656,442.5,413.87127685546875,70236800
2021-10-15,444.75,446.260009765625,444.0899963378906,445.8699951171875,417.0232238769531,66260200
2021-10-18,443.9700012207031,447.54998779296875,443.2699890136719,447.19000244140625,418.25787353515625,62213200
2021-10-19,448.9200134277344,450.7099914550781,448.2699890136719,450.6400146484375,421.4847106933594,46996800
2021-10-20,451.1300048828125,452.7300109863281,451.010009765625,452.4100036621094,423.14019775390625,49571600
2021-10-21,451.7699890136719,453.8299865722656,451.30999755859375,453.5899963378906,424.24383544921875,41305400
2021-10-22,453.1300048828125,454.6700134277344,451.04998779296875,453.1199951171875,423.8041687011719,58845100
2021-10-25,454.2799987792969,455.8999938964844,452.3900146484375,455.54998779296875,426.0769958496094,45214500
2021-10-26,457.20001220703125,458.489990234375,455.55999755859375,455.9599914550781,426.4605407714844,56075100
2021-10-27,456.45001220703125,457.1600036621094,453.8599853515625,453.94000244140625,424.5711975097656,72438000
2021-10-28,455.4599914550781,458.3999938964844,455.45001220703125,458.32000732421875,428.6678771972656,51437900
2021-10-29,455.8699951171875,459.55999755859375,455.55999755859375,459.25,429.53759765625,70162400
2021-11-01,460.29998779296875,460.70001220703125,458.20001220703125,460.0400085449219,430.27655029296875,48433600
2021-11-02,460.2200012207031,462.2300109863281,460.0799865722656,461.8999938964844,432.01617431640625,48908400
2021-11-03,461.29998779296875,465.1499938964844,460.8299865722656,464.7200012207031,434.6536865234375,52509800
2021-11-04,465.3599853515625,467.0,464.989990234375,466.9100036621094,436.7020568847656,52847100
2021-11-05,469.2799987792969,470.6499938964844,466.9200134277344,468.5299987792969,438.21728515625,66390600
2021-11-08,469.70001220703125,470.2300109863281,468.20001220703125,468.92999267578125,438.5914306640625,50405200
2021-11-09,469.32000732421875,469.57000732421875,465.8800048828125,467.3800048828125,437.1415710449219,51149100
2021-11-10,465.5799865722656,467.3800048828125,462.0400085449219,463.6199951171875,433.6249084472656,69429700
2021-11-11,465.2099914550781,465.2900085449219,463.75,463.7699890136719,433.76519775390625,34848500
2021-11-12,465.1199951171875,467.8599853515625,464.1099853515625,467.2699890136719,437.0386657714844,53466700
2021-11-15,468.6400146484375,468.80999755859375,466.2300109863281,467.42999267578125,437.1883850097656,46980500
2021-11-16,467.1499938964844,470.489990234375,467.07000732421875,469.2799987792969,438.9188232421875,48857500
2021-11-17,469.0,469.19000244140625,467.4800109863281,468.1400146484375,437.85247802734375,47858300
2021-11-18,469.239990234375,470.010009765625,466.3399963378906,469.7300109863281,439.339599609375,50625600
2021-11-19,469.6099853515625,470.94000244140625,468.5,468.8900146484375,438.5539855957031,57315600
2021-11-22,470.8900146484375,473.5400085449219,467.3500061035156,467.57000732421875,437.31939697265625,72762000
2021-11-23,467.2200012207031,469.1000061035156,464.45001220703125,468.19000244140625,437.8992614746094,73206500
2021-11-24,466.05999755859375,469.57000732421875,465.19000244140625,469.44000244140625,439.0683898925781,61858800
2021-11-26,462.3399963378906,463.8999938964844,457.7699890136719,458.9700012207031,429.2757568359375,112669600
2021-11-29,464.07000732421875,466.55999755859375,461.7300109863281,464.6000061035156,434.54150390625,86268800
2021-11-30,462.0,464.0299987792969,455.29998779296875,455.55999755859375,426.0863342285156,148559600
2021-12-01,461.6400146484375,464.6700134277344,450.2900085449219,450.5,421.35369873046875,131939200
2021-12-02,450.7300109863281,459.07000732421875,450.30999755859375,457.3999938964844,427.8072814941406,127637800
2021-12-03,459.1700134277344,460.29998779296875,448.9200134277344,453.4200134277344,424.08477783203125,137331600
2021-12-06,456.1300048828125,460.7900085449219,453.55999755859375,458.7900085449219,429.1074523925781,98977500
2021-12-07,464.4100036621094,468.8800048828125,458.6499938964844,468.2799987792969,437.9834289550781,95484700
2021-12-08,468.70001220703125,470.0,466.8299865722656,469.5199890136719,439.14312744140625,72238800
2021-12-09,468.1499938964844,469.6300048828125,466.1400146484375,466.3500061035156,436.1783447265625,61272600
2021-12-10,469.2300109863281,470.8999938964844,466.510009765625,470.739990234375,440.28424072265625,77159800
2021-12-13,470.19000244140625,470.55999755859375,466.2699890136719,466.57000732421875,436.3841247558594,87724700
2021-12-14,463.0899963378906,465.739990234375,460.25,463.3599853515625,433.3817138671875,97264100
2021-12-15,463.4200134277344,470.8599853515625,460.739990234375,470.6000061035156,440.15338134765625,116899300
2021-12-16,472.57000732421875,472.8699951171875,464.79998779296875,466.45001220703125,436.2718200683594,116568600
2021-12-17,461.54998779296875,464.739990234375,458.05999755859375,459.8699951171875,431.628662109375,135511600
2021-12-20,454.4800109863281,455.3999938964844,451.1400146484375,454.9800109863281,427.0389404296875,107134800
2021-12-21,458.6099853515625,463.2099914550781,456.30999755859375,463.05999755859375,434.62274169921875,69806300
2021-12-22,462.7900085449219,467.80999755859375,462.5799865722656,467.69000244140625,438.9683837890625,58890200
2021-12-23,468.75,472.19000244140625,468.6400146484375,470.6000061035156,441.69970703125,56439700
2021-12-27,472.05999755859375,477.30999755859375,472.010009765625,477.260009765625,447.95068359375,56808600
2021-12-28,477.7200012207031,478.80999755859375,476.05999755859375,476.8699951171875,447.58465576171875,47274600
2021-12-29,476.9800109863281,478.55999755859375,475.9200134277344,477.4800109863281,448.15716552734375,54503000
2021-12-30,477.92999267578125,479.0,475.6700134277344,476.1600036621094,446.9182434082031,55329000
2021-12-31,475.6400146484375,476.8599853515625,474.6700134277344,474.9599914550781,445.7918701171875,65237400
2022-01-03,476.29998779296875,477.8500061035156,473.8500061035156,477.7099914550781,448.373046875,72668200
2022-01-04,479.2200012207031,479.9800109863281,475.5799865722656,477.54998779296875,448.22283935546875,71178700
2022-01-05,477.1600036621094,477.9800109863281,468.2799987792969,468.3800048828125,439.61602783203125,104538900
2022-01-06,467.8900146484375,470.82000732421875,465.42999267578125,467.94000244140625,439.2030334472656,86858900
2022-01-07,467.95001220703125,469.20001220703125,464.6499938964844,466.0899963378906,437.4666442871094,85111600
2022-01-10,462.70001220703125,465.739990234375,456.6000061035156,465.510009765625,436.9222717285156,119362000
2022-01-11,465.2300109863281,469.8500061035156,462.04998779296875,469.75,440.90191650390625,74303100
2022-01-12,471.5899963378906,473.20001220703125,468.94000244140625,471.0199890136719,442.0938720703125,67605400
2022-01-13,472.19000244140625,472.8800048828125,463.44000244140625,464.5299987792969,436.00250244140625,91173100
2022-01-14,461.19000244140625,465.0899963378906,459.8999938964844,464.7200012207031,436.1808166503906,95890900
2022-01-18,459.739990234375,459.9599914550781,455.30999755859375,456.489990234375,428.4562072753906,109709100
2022-01-19,458.1300048828125,459.6099853515625,451.4599914550781,451.75,424.0072937011719,109357600
2022-01-20,453.75,458.739990234375,444.5,446.75,419.3143615722656,122379700
2022-01-21,445.55999755859375,448.05999755859375,437.95001220703125,437.9800109863281,411.08294677734375,202271200
2022-01-24,432.0299987792969,440.3800048828125,420.760009765625,439.8399963378906,412.8287353515625,251783900
2022-01-25,433.05999755859375,439.7200012207031,427.1499938964844,434.4700012207031,407.7884826660156,167997300
2022-01-26,440.7200012207031,444.0400085449219,428.8599853515625,433.3800048828125,406.7654724121094,186391100
2022-01-27,438.260009765625,441.5899963378906,429.45001220703125,431.239990234375,404.7568664550781,149878300
2022-01-28,432.67999267578125,442.0,427.82000732421875,441.95001220703125,414.80908203125,164457400
2022-01-31,441.239990234375,450.2799987792969,439.80999755859375,449.9100036621094,422.2802429199219,152251400
2022-02-01,450.67999267578125,453.6300048828125,446.94000244140625,452.95001220703125,425.13360595703125,123155400
2022-02-02,455.5,458.1199951171875,453.04998779296875,457.3500061035156,429.2633972167969,117361000
2022-02-03,450.95001220703125,452.9700012207031,445.7099914550781,446.6000061035156,419.1735534667969,118024400
2022-02-04,446.3500061035156,452.7799987792969,443.8299865722656,448.70001220703125,421.1445617675781,118454400
2022-02-07,449.510009765625,450.989990234375,445.8500061035156,447.260009765625,419.7929992675781,84472900
2022-02-08,446.7300109863281,451.9200134277344,445.2200012207031,450.94000244140625,423.2470703125,81012000
2022-02-09,455.2200012207031,457.8800048828125,455.010009765625,457.5400085449219,429.4417419433594,92589900
2022-02-10,451.3399963378906,457.7099914550781,447.20001220703125,449.32000732421875,421.7265319824219,140103700
2022-02-11,449.4100036621094,451.6099853515625,438.94000244140625,440.4599914550781,413.41064453125,153214600
2022-02-14,439.9200134277344,441.6000061035156,435.3399963378906,439.0199890136719,412.05914306640625,123006300
2022-02-15,443.7300109863281,446.2799987792969,443.17999267578125,446.1000061035156,418.70428466796875,88482700
2022-02-16,443.92999267578125,448.05999755859375,441.94000244140625,446.6000061035156,419.1735534667969,84863600
2022-02-17,443.2200012207031,446.57000732421875,436.4200134277344,437.05999755859375,410.21942138671875,102259100
2022-02-18,437.3299865722656,438.6600036621094,431.82000732421875,434.2300109863281,407.5632629394531,132642900
2022-02-22,431.8900146484375,435.5,425.8599853515625,429.57000732421875,403.1894226074219,124391800
2022-02-23,432.6600036621094,433.260009765625,421.3500061035156,421.95001220703125,396.037353515625,132578000
2022-02-24,411.0199890136719,428.760009765625,410.6400146484375,428.29998779296875,401.9974365234375,213942900
2022-02-25,429.6099853515625,437.8399963378906,427.8599853515625,437.75,410.8670654296875,121804500
2022-02-28,432.0299987792969,438.20001220703125,430.70001220703125,436.6300048828125,409.81585693359375,145615000
2022-03-01,435.0400085449219,437.1700134277344,427.1099853515625,429.9800109863281,403.5743103027344,137785900
2022-03-02,432.3699951171875,439.7200012207031,431.57000732421875,437.8900146484375,410.9984130859375,117726500
2022-03-03,440.4700012207031,441.1099853515625,433.79998779296875,435.7099914550781,408.9523010253906,105501700
2022-03-04,431.75,433.3699951171875,427.8800048828125,432.1700134277344,405.6297912597656,113978200
2022-03-07,431.54998779296875,432.29998779296875,419.3599853515625,419.42999267578125,393.6721496582031,137896600
2022-03-08,419.6199951171875,427.2099914550781,415.1199951171875,416.25,390.6874084472656,164772700
2022-03-09,425.1400146484375,429.510009765625,422.82000732421875,427.4100036621094,401.162109375,116990800
2022-03-10,422.5199890136719,426.42999267578125,420.44000244140625,425.4800109863281,399.3505554199219,93972700
2022-03-11,428.1199951171875,428.7699890136719,419.5299987792969,420.07000732421875,394.2728576660156,95636300
2022-03-14,420.8900146484375,424.54998779296875,415.7900085449219,417.0,391.39129638671875,95729200
2022-03-15,419.7699890136719,426.8399963378906,418.4200134277344,426.1700134277344,399.9982604980469,106219100
2022-03-16,429.8900146484375,435.67999267578125,424.79998779296875,435.6199951171875,408.86785888671875,144954800
2022-03-17,433.5899963378906,441.07000732421875,433.19000244140625,441.07000732421875,413.98321533203125,102676900
2022-03-18,438.0,444.8599853515625,437.2200012207031,444.5199890136719,418.5174255371094,106345500
2022-03-21,444.3399963378906,446.4599914550781,440.67999267578125,444.3900146484375,418.3951110839844,88349800
2022-03-22,445.8599853515625,450.5799865722656,445.8599853515625,449.5899963378906,423.29083251953125,74650400
2022-03-23,446.9100036621094,448.489990234375,443.7099914550781,443.79998779296875,417.83953857421875,79426100
2022-03-24,445.94000244140625,450.5,444.760009765625,450.489990234375,424.13818359375,64736900
2022-03-25,451.1600036621094,452.9800109863281,448.42999267578125,452.69000244140625,426.2095642089844,77101300
2022-03-28,452.05999755859375,455.9100036621094,450.05999755859375,455.9100036621094,429.2411804199219,68529800
2022-03-29,460.0199890136719,462.07000732421875,457.17999267578125,461.54998779296875,434.5512390136719,86581500
2022-03-30,460.3399963378906,461.20001220703125,456.4700012207031,458.70001220703125,431.8680725097656,79666900
2022-03-31,457.8900146484375,458.760009765625,451.1600036621094,451.6400146484375,425.22100830078125,121699900
2022-04-01,453.30999755859375,453.4599914550781,449.1400146484375,452.9200134277344,426.4261169433594,89048800
2022-04-04,453.1300048828125,456.9100036621094,452.260009765625,456.79998779296875,430.0791320800781,59601000
2022-04-05,455.2200012207031,457.8299865722656,449.82000732421875,451.0299987792969,424.64666748046875,74214500
2022-04-06,446.8900146484375,448.92999267578125,443.4700012207031,446.5199890136719,420.4004211425781,106898000
2022-04-07,445.5899963378906,450.69000244140625,443.5299987792969,448.7699890136719,422.5188293457031,78097200
2022-04-08,447.9700012207031,450.6300048828125,445.94000244140625,447.57000732421875,421.3890380859375,79272700
2022-04-11,444.1099853515625,445.0,439.3900146484375,439.9200134277344,414.1866149902344,89770500
2022-04-12,443.0799865722656,445.75,436.6499938964844,438.2900085449219,412.6518859863281,84363600
2022-04-13,438.0299987792969,444.1099853515625,437.8399963378906,443.30999755859375,417.3782043457031,74070400
2022-04-14,443.54998779296875,444.7300109863281,437.67999267578125,437.7900085449219,412.1811218261719,97869500
2022-04-18,436.80999755859375,439.75,435.6099853515625,437.9700012207031,412.3505859375,66002500
2022-04-19,437.8599853515625,445.79998779296875,437.67999267578125,445.0400085449219,419.0070495605469,77821000
2022-04-20,446.9200134277344,447.57000732421875,443.4800109863281,444.7099914550781,418.6963195800781,65224400
2022-04-21,448.5400085449219,450.010009765625,437.1000061035156,438.05999755859375,412.435302734375,85417300
2022-04-22,436.9100036621094,438.0799865722656,425.44000244140625,426.0400085449219,401.1185302734375,132471800
2022-04-25,423.6700134277344,428.69000244140625,418.8399963378906,428.510009765625,403.4439392089844,119647700
2022-04-26,425.8299865722656,426.0400085449219,416.07000732421875,416.1000061035156,391.7598876953125,103996300
2022-04-27,417.239990234375,422.9200134277344,415.010009765625,417.2699890136719,392.8614807128906,122030000
2022-04-28,422.2900085449219,429.6400146484375,417.6000061035156,427.80999755859375,402.7849426269531,105449100
2022-04-29,423.5899963378906,425.8699951171875,411.2099914550781,412.0,387.8997497558594,145491100
2022-05-02,412.07000732421875,415.9200134277344,405.0199890136719,414.4800109863281,390.2346496582031,158312500
2022-05-03,415.010009765625,418.92999267578125,413.3599853515625,416.3800048828125,392.02349853515625,100028200
2022-05-04,417.0799865722656,429.6600036621094,413.7099914550781,429.05999755859375,403.96185302734375,144247900
2022-05-05,424.54998779296875,425.0,409.44000244140625,413.80999755859375,389.60382080078125,172929100
2022-05-06,411.1000061035156,414.79998779296875,405.7300109863281,411.3399963378906,387.2783508300781,151770800
2022-05-09,405.1000061035156,406.4100036621094,396.5,398.1700134277344,374.87872314453125,155586100
2022-05-10,404.489990234375,406.0799865722656,394.82000732421875,399.0899963378906,375.7449035644531,132497200
2022-05-11,398.07000732421875,404.0400085449219,391.9599914550781,392.75,369.7757873535156,142361000
2022-05-12,389.3699951171875,395.79998779296875,385.1499938964844,392.3399963378906,369.3898010253906,125090800
2022-05-13,396.7099914550781,403.17999267578125,395.6099853515625,401.7200012207031,378.22113037109375,104174400
2022-05-16,399.9800109863281,403.9700012207031,397.6000061035156,400.0899963378906,376.68646240234375,78622400
2022-05-17,406.5299987792969,408.57000732421875,402.5799865722656,408.32000732421875,384.43499755859375,83029700
2022-05-18,403.5,403.79998779296875,390.54998779296875,391.8599853515625,368.9378356933594,117674500
2022-05-19,388.6199951171875,394.1400146484375,387.1099853515625,389.4599914550781,366.6782531738281,98510700
2022-05-20,393.25,397.0299987792969,380.5400085449219,389.6300048828125,366.8382873535156,131432200
2022-05-23,392.8299865722656,397.7300109863281,390.3800048828125,396.9200134277344,373.70196533203125,76414900
2022-05-24,392.55999755859375,395.1499938964844,386.9599914550781,393.8900146484375,370.8491516113281,91448800
2022-05-25,392.30999755859375,399.45001220703125,391.8900146484375,397.3699951171875,374.12548828125,91472900
2022-05-26,398.6700134277344,407.0400085449219,398.45001220703125,405.30999755859375,381.60113525390625,82168300
2022-05-27,407.9100036621094,415.3800048828125,407.70001220703125,415.260009765625,390.9690246582031,84768700
2022-05-31,413.54998779296875,416.4599914550781,410.0299987792969,412.92999267578125,388.77532958984375,95937000
2022-06-01,415.1700134277344,416.239990234375,406.92999267578125,409.5899963378906,385.6307067871094,86585800
2022-06-02,409.4200134277344,417.44000244140625,407.0400085449219,417.3900146484375,392.97442626953125,79609600
2022-06-03,412.3999938964844,414.0400085449219,409.510009765625,410.5400085449219,386.525146484375,71874300
2022-06-06,414.7799987792969,416.6099853515625,410.54998779296875,411.7900085449219,387.7020568847656,57508900
2022-06-07,408.1000061035156,416.2200012207031,407.6099853515625,415.739990234375,391.4209899902344,59272400
2022-06-08,413.92999267578125,415.82000732421875,410.3800048828125,411.2200012207031,387.1653747558594,64350000
2022-06-09,409.3399963378906,411.739990234375,401.44000244140625,401.44000244140625,377.95745849609375,86289800
2022-06-10,394.8800048828125,395.7799987792969,389.75,389.79998779296875,366.99835205078125,132893900
2022-06-13,379.8500061035156,381.80999755859375,373.29998779296875,375.0,353.0640869140625,170004900
2022-06-14,376.8500061035156,377.94000244140625,370.5899963378906,373.8699951171875,352.0001525878906,104011800
2022-06-15,377.3599853515625,383.8999938964844,372.1199951171875,379.20001220703125,357.0184020996094,125666800
2022-06-16,370.510009765625,370.94000244140625,364.0799865722656,366.6499938964844,345.2025146484375,134473300
2022-06-17,365.510009765625,369.3800048828125,362.1700134277344,365.8599853515625,345.9466857910156,111113900
2022-06-21,371.8900146484375,376.5299987792969,371.80999755859375,375.07000732421875,354.6553955078125,76811900
2022-06-22,370.6199951171875,378.7200012207031,370.17999267578125,374.3900146484375,354.0124206542969,90059400
2022-06-23,376.6400146484375,378.8299865722656,372.8900146484375,378.05999755859375,357.482666015625,79292100
2022-06-24,381.3999938964844,390.0899963378906,381.3699951171875,390.0799865722656,368.848388671875,98050300
2022-06-27,391.04998779296875,391.3599853515625,387.44000244140625,388.5899963378906,367.4395446777344,66009600
2022-06-28,390.2300109863281,393.1600036621094,380.5299987792969,380.6499938964844,359.9316711425781,86548900
2022-06-29,381.2300109863281,382.2699890136719,378.4200134277344,380.3399963378906,359.6385803222656,65676000
2022-06-30,376.239990234375,380.6600036621094,372.55999755859375,377.25,356.71673583984375,112508300
2022-07-01,376.55999755859375,381.70001220703125,373.79998779296875,381.239990234375,360.4895935058594,74839700
2022-07-05,375.8800048828125,381.9800109863281,372.8999938964844,381.9599914550781,361.17041015625,81438000
2022-07-06,382.1099853515625,385.8699951171875,379.6000061035156,383.25,362.3902282714844,70426200
2022-07-07,385.1199951171875,389.8299865722656,383.2699890136719,388.989990234375,367.8176574707031,64525900
2022-07-08,387.2699890136719,390.6400146484375,385.6600036621094,388.6700134277344,367.5151672363281,72397800
2022-07-11,385.8500061035156,386.8699951171875,383.5,384.2300109863281,363.3168640136719,58366900
2022-07-12,383.6499938964844,386.1600036621094,378.989990234375,380.8299865722656,360.1018371582031,62219200
2022-07-13,375.1000061035156,381.9200134277344,374.6600036621094,378.8299865722656,358.2107238769531,84224600
2022-07-14,373.6099853515625,379.04998779296875,371.0400085449219,377.9100036621094,357.3407897949219,89704800
2022-07-15,382.54998779296875,385.25,380.5400085449219,385.1300048828125,364.1678466796875,79060400
2022-07-18,388.3800048828125,389.0899963378906,380.6600036621094,381.95001220703125,361.1609802246094,63203600
2022-07-19,386.0799865722656,392.8699951171875,385.3900146484375,392.2699890136719,370.919189453125,78506000
2022-07-20,392.4700012207031,396.260009765625,391.0299987792969,394.7699890136719,373.28314208984375,71843800
2022-07-21,394.1600036621094,398.8399963378906,391.6300048828125,398.7900085449219,377.0843200683594,64903900
2022-07-22,398.9200134277344,400.17999267578125,392.75,395.0899963378906,373.58575439453125,72197300
2022-07-25,395.75,396.4700012207031,393.2099914550781,395.57000732421875,374.03961181640625,53631500
2022-07-26,393.8399963378906,394.05999755859375,389.95001220703125,390.8900146484375,369.6144104003906,52946400
2022-07-27,394.3599853515625,402.8800048828125,394.04998779296875,401.0400085449219,379.2119140625,82342100
2022-07-28,401.8900146484375,406.79998779296875,398.1499938964844,406.07000732421875,383.96807861328125,73966600
2022-07-29,407.5799865722656,413.0299987792969,406.7699890136719,411.989990234375,389.56585693359375,87003700
2022-08-01,409.1499938964844,413.4100036621094,408.3999938964844,410.7699890136719,388.4123229980469,69997500
2022-08-02,409.1199951171875,413.0,406.82000732421875,408.05999755859375,385.8498229980469,63435400
2022-08-03,410.29998779296875,415.67999267578125,410.0,414.45001220703125,391.8919982910156,67820600
2022-08-04,414.3699951171875,415.0899963378906,412.44000244140625,414.1700134277344,391.62725830078125,45656600
2022-08-05,409.6600036621094,414.1499938964844,409.6000061035156,413.4700012207031,390.96533203125,56814900
2022-08-08,415.25,417.6199951171875,411.8299865722656,412.989990234375,390.5114440917969,53886100
2022-08-09,412.2200012207031,412.75,410.2200012207031,411.3500061035156,388.96075439453125,44931800
2022-08-10,418.7799987792969,420.1400146484375,416.7200012207031,419.989990234375,397.13043212890625,68665700
2022-08-11,422.989990234375,424.95001220703125,419.2099914550781,419.989990234375,397.13043212890625,59489700
2022-08-12,422.0299987792969,427.2099914550781,421.0299987792969,427.1000061035156,403.8534851074219,61694500
2022-08-15,424.7699890136719,429.4100036621094,424.7099914550781,428.8599853515625,405.5176696777344,54048300
2022-08-16,427.7300109863281,431.7300109863281,426.8800048828125,429.70001220703125,406.3119812011719,59289000
2022-08-17,425.9100036621094,429.5,424.5400085449219,426.6499938964844,403.4279479980469,63563400
2022-08-18,426.8599853515625,428.6099853515625,425.5,427.8900146484375,404.6004943847656,49023200
2022-08-19,424.9800109863281,425.260009765625,421.2200012207031,422.1400146484375,399.1634826660156,68016900
2022-08-22,417.04998779296875,417.2300109863281,412.3999938964844,413.3500061035156,390.8518371582031,77695600
2022-08-23,412.8999938964844,415.4200134277344,411.7699890136719,412.3500061035156,389.9063415527344,49105200
2022-08-24,412.1099853515625,415.1099853515625,411.3900146484375,413.6700134277344,391.15447998046875,49177800
2022-08-25,415.239990234375,419.55999755859375,414.0899963378906,419.510009765625,396.6766357421875,50942300
2022-08-26,419.3900146484375,419.9599914550781,405.25,405.30999755859375,383.24945068359375,103087000
2022-08-29,402.20001220703125,405.8399963378906,401.20001220703125,402.6300048828125,380.7153015136719,65370800
2022-08-30,403.8500061035156,404.1000061035156,396.0,398.2099914550781,376.5359191894531,85652400
2022-08-31,399.92999267578125,401.239990234375,395.0400085449219,395.17999267578125,373.6708679199219,76029700
2022-09-01,392.8900146484375,396.7799987792969,390.0400085449219,396.4200134277344,374.8433837890625,78740100
2022-09-02,400.2799987792969,401.55999755859375,390.3299865722656,392.239990234375,370.890869140625,99632100
2022-09-06,393.1300048828125,394.1199951171875,388.4200134277344,390.760009765625,369.491455078125,76637400
2022-09-07,390.42999267578125,398.5899963378906,390.20001220703125,397.7799987792969,376.12933349609375,70964200
2022-09-08,395.3900146484375,400.8599853515625,394.1199951171875,400.3800048828125,378.5877685546875,80821700
2022-09-09,402.739990234375,407.510009765625,402.4599914550781,406.6000061035156,384.46929931640625,76706900
2022-09-12,408.7799987792969,411.7300109863281,408.4599914550781,410.9700012207031,388.6014404296875,69256300
2022-09-13,401.8299865722656,403.1000061035156,391.9200134277344,393.1000061035156,371.7040710449219,122947100
2022-09-14,394.4700012207031,396.20001220703125,391.1199951171875,394.6000061035156,373.1224365234375,85023700
2022-09-15,392.9599914550781,395.9599914550781,388.7799987792969,390.1199951171875,368.88629150390625,87633800
2022-09-16,384.1400146484375,386.25,382.1099853515625,385.55999755859375,366.07208251953125,103084800
2022-09-19,382.260009765625,388.54998779296875,382.17999267578125,388.54998779296875,368.910888671875,73278500
2022-09-20,385.05999755859375,386.1199951171875,381.20001220703125,384.0899963378906,364.6764221191406,77274900
2022-09-21,386.1099853515625,389.30999755859375,377.3800048828125,377.3900146484375,358.31494140625,106746600
2022-09-22,376.5799865722656,378.29998779296875,373.44000244140625,374.2200012207031,355.3052062988281,89472600
2022-09-23,370.5799865722656,370.6199951171875,363.2900085449219,367.95001220703125,349.3521728515625,122346900
2022-09-26,366.4100036621094,370.2099914550781,363.0299987792969,364.30999755859375,345.8961181640625,92581200
2022-09-27,368.0199890136719,370.3999938964844,360.8699951171875,363.3800048828125,345.0131530761719,108294100
2022-09-28,364.3800048828125,372.29998779296875,362.6000061035156,370.5299987792969,351.8017578125,110802200
2022-09-29,366.80999755859375,367.1099853515625,359.70001220703125,362.7900085449219,344.45294189453125,112952300
2022-09-30,361.79998779296875,365.9100036621094,357.0400085449219,357.17999267578125,339.1265563964844,153711200
2022-10-03,361.0799865722656,368.54998779296875,359.2099914550781,366.6099853515625,348.0798034667969,89756500
2022-10-04,372.3999938964844,378.0,366.57000732421875,377.9700012207031,358.8656921386719,103602800
2022-10-05,373.3900146484375,379.4599914550781,370.95001220703125,377.0899963378906,358.0301818847656,88065700
2022-10-06,375.6199951171875,378.7200012207031,372.67999267578125,373.20001220703125,354.3367919921875,82333500
2022-10-07,368.9700012207031,373.2900085449219,360.94000244140625,362.7900085449219,344.45294189453125,107789500
2022-10-10,363.9599914550781,364.2099914550781,357.6700134277344,360.0199890136719,341.8229675292969,76042800
2022-10-11,358.239990234375,363.0299987792969,355.7099914550781,357.739990234375,339.658203125,92482800
2022-10-12,358.1700134277344,359.82000732421875,356.29998779296875,356.55999755859375,338.53778076171875,76991800
2022-10-13,349.2099914550781,367.510009765625,348.1099853515625,365.9700012207031,347.4721984863281,147254500
2022-10-14,368.54998779296875,370.260009765625,356.9599914550781,357.6300048828125,339.55377197265625,123737000
2022-10-17,364.010009765625,367.9800109863281,357.2799987792969,366.82000732421875,348.27923583984375,93168200
2022-10-18,375.1300048828125,375.45001220703125,367.5199890136719,371.1300048828125,352.3714294433594,97162900
2022-10-19,368.989990234375,371.8500061035156,365.54998779296875,368.5,349.874267578125,79746900
2022-10-20,368.0299987792969,372.6700134277344,364.6099853515625,365.4100036621094,346.9405517578125,88283100
2022-10-21,365.1199951171875,374.79998779296875,363.5400085449219,374.2900085449219,355.3717346191406,131038400
2022-10-24,375.8900146484375,380.05999755859375,373.1099853515625,378.8699951171875,359.7201843261719,85436900
2022-10-25,378.7900085449219,385.25,378.6700134277344,384.9200134277344,365.4644470214844,78846300
2022-10-26,381.6199951171875,387.5799865722656,381.3500061035156,382.0199890136719,362.7109680175781,104087300
2022-10-27,383.07000732421875,385.0,379.3299865722656,379.9800109863281,360.77410888671875,81971800
2022-10-28,379.8699951171875,389.5199890136719,379.67999267578125,389.0199890136719,369.357177734375,100302000
2022-10-31,386.44000244140625,388.3999938964844,385.260009765625,386.2099914550781,366.6891784667969,96631300
2022-11-01,390.1400146484375,390.3900146484375,383.2900085449219,384.5199890136719,365.0845642089844,85407600
2022-11-02,383.8999938964844,388.6300048828125,374.760009765625,374.8699951171875,355.9223327636719,126990400
2022-11-03,371.4700012207031,374.20001220703125,368.7900085449219,371.010009765625,352.25750732421875,87100100
2022-11-04,377.0,378.8699951171875,370.0,376.3500061035156,357.3275451660156,103505200
2022-11-07,377.7099914550781,380.57000732421875,375.5299987792969,379.95001220703125,360.7456359863281,68286900
2022-11-08,381.1099853515625,385.1199951171875,377.7200012207031,382.0,362.6920166015625,84641100
2022-11-09,379.92999267578125,381.1400146484375,373.6099853515625,374.1300048828125,355.2197570800781,78495500
2022-11-10,388.04998779296875,395.0400085449219,385.6400146484375,394.69000244140625,374.7406311035156,141455800
2022-11-11,395.5899963378906,399.3500061035156,393.6099853515625,398.510009765625,378.36749267578125,93839900
2022-11-14,396.6600036621094,400.17999267578125,394.8299865722656,395.1199951171875,375.14898681640625,71903500
2022-11-15,401.1499938964844,402.30999755859375,394.489990234375,398.489990234375,378.3485107421875,93194500
2022-11-16,396.7799987792969,397.7799987792969,394.7900085449219,395.45001220703125,375.46221923828125,68508500
2022-11-17,390.4599914550781,394.95001220703125,390.1400146484375,394.239990234375,374.3133850097656,74496300
2022-11-18,397.739990234375,397.80999755859375,393.0400085449219,396.0299987792969,376.0129089355469,92922500
2022-11-21,394.6400146484375,395.82000732421875,392.6600036621094,394.5899963378906,374.6456298828125,51243200
2022-11-22,396.6300048828125,400.07000732421875,395.1499938964844,399.8999938964844,379.687255859375,60429000
2022-11-23,399.54998779296875,402.92999267578125,399.30999755859375,402.4200134277344,382.0798645019531,68261600
2022-11-25,401.8299865722656,402.9100036621094,401.5400085449219,402.3299865722656,381.994384765625,30545400
2022-11-28,399.0899963378906,400.80999755859375,395.1099853515625,395.9100036621094,375.89892578125,67881600
2022-11-29,396.04998779296875,397.29998779296875,393.29998779296875,395.2300109863281,375.2533264160156,52310000
2022-11-30,395.489990234375,407.67999267578125,393.4800109863281,407.67999267578125,387.0739440917969,144566700
2022-12-01,408.7699890136719,410.0,404.75,407.3800048828125,386.7891845703125,76398200
2022-12-02,402.25,407.8599853515625,402.1400146484375,406.9100036621094,386.34295654296875,85342700
2022-12-05,403.95001220703125,404.92999267578125,398.1700134277344,399.5899963378906,379.3929748535156,77289800
2022-12-06,399.4200134277344,399.989990234375,391.6400146484375,393.8299865722656,373.924072265625,77972200
2022-12-07,392.94000244140625,395.6400146484375,391.9700012207031,393.1600036621094,373.2879638671875,65927900
2022-12-08,395.1400146484375,397.3599853515625,393.2699890136719,396.239990234375,376.2121887207031,60737900
2022-12-09,394.94000244140625,397.6199951171875,393.1499938964844,393.2799987792969,373.4018249511719,81447700
2022-12-12,394.1099853515625,398.95001220703125,393.4100036621094,398.95001220703125,378.7852783203125,75405800
2022-12-13,410.2200012207031,410.489990234375,399.07000732421875,401.9700012207031,381.652587890625,123782500
2022-12-14,401.6099853515625,405.5,396.30999755859375,399.3999938964844,379.2125244140625,108111300
2022-12-15,394.29998779296875,395.25,387.8900146484375,389.6300048828125,369.9363708496094,117705900
2022-12-16,385.17999267578125,386.5799865722656,381.0400085449219,383.2699890136719,365.5688171386719,119858000
2022-12-19,383.4700012207031,383.82000732421875,378.2799987792969,380.0199890136719,362.4689025878906,79878100
2022-12-20,379.2300109863281,382.2300109863281,377.8500061035156,380.5400085449219,362.9649658203125,74427200
2022-12-21,383.25,387.4100036621094,382.69000244140625,386.2300109863281,368.3921203613281,78167400
2022-12-22,383.04998779296875,386.2099914550781,374.7699890136719,380.7200012207031,363.13653564453125,100120900
2022-12-23,379.6499938964844,383.05999755859375,378.0299987792969,382.9100036621094,365.22540283203125,59857300
2022-12-27,382.7900085449219,383.1499938964844,379.6499938964844,381.3999938964844,363.7851867675781,51638200
2022-12-28,381.3299865722656,383.3900146484375,376.4200134277344,376.6600036621094,359.26409912109375,70911500
2022-12-29,379.6300048828125,384.3500061035156,379.0799865722656,383.44000244140625,365.73095703125,66970900
2022-12-30,380.6400146484375,382.5799865722656,378.42999267578125,382.42999267578125,364.7676086425781,84022200
2023-01-03,384.3699951171875,386.42999267578125,377.8299865722656,380.82000732421875,363.2319641113281,74850700
2023-01-04,383.17999267578125,385.8800048828125,380.0,383.760009765625,366.03619384765625,85934100
2023-01-05,381.7200012207031,381.8399963378906,378.760009765625,379.3800048828125,361.8584899902344,76970500
2023-01-06,382.6099853515625,389.25,379.4100036621094,388.0799865722656,370.15667724609375,104189600
2023-01-09,390.3699951171875,393.70001220703125,387.6700134277344,387.8599853515625,369.94683837890625,73978100
2023-01-10,387.25,390.6499938964844,386.2699890136719,390.5799865722656,372.541259765625,65358100
2023-01-11,392.2300109863281,395.6000061035156,391.3800048828125,395.5199890136719,377.25299072265625,68881100
2023-01-12,396.6700134277344,398.489990234375,392.4200134277344,396.9599914550781,378.6265869140625,90157700
2023-01-13,393.6199951171875,399.1000061035156,393.3399963378906,398.5,380.095458984375,63903900
2023-01-17,398.4800109863281,400.2300109863281,397.05999755859375,397.7699890136719,379.399169921875,62677300
2023-01-18,399.010009765625,400.1199951171875,391.2799987792969,391.489990234375,373.4091491699219,99632300
2023-01-19,389.3599853515625,391.0799865722656,387.260009765625,388.6400146484375,370.69085693359375,86958900
2023-01-20,390.1000061035156,396.0400085449219,388.3800048828125,395.8800048828125,377.5964660644531,91806400
2023-01-23,396.7200012207031,402.6499938964844,395.7200012207031,400.6300048828125,382.1270751953125,84178800
2023-01-24,398.8800048828125,401.1499938964844,397.6400146484375,400.20001220703125,381.7170104980469,59524900
2023-01-25,395.95001220703125,400.70001220703125,393.55999755859375,400.3500061035156,381.8599853515625,84800300
2023-01-26,403.1300048828125,404.9200134277344,400.0299987792969,404.75,386.0567932128906,72287400
2023-01-27,403.6600036621094,408.1600036621094,403.44000244140625,405.67999267578125,386.94384765625,68346200
2023-01-30,402.79998779296875,405.1300048828125,400.2799987792969,400.5899963378906,382.0888977050781,74202000
2023-01-31,401.1300048828125,406.5299987792969,400.7699890136719,406.4800109863281,387.7068786621094,86811800
2023-02-01,405.2099914550781,413.6700134277344,402.3500061035156,410.79998779296875,391.82733154296875,101459200
2023-02-02,414.8599853515625,418.30999755859375,412.8800048828125,416.7799987792969,397.5311279296875,101654500
2023-02-03,411.5899963378906,416.9700012207031,411.0899963378906,412.3500061035156,393.3057861328125,94736800
2023-02-06,409.7900085449219,411.2900085449219,408.1000061035156,409.8299865722656,390.9021911621094,60295300
2023-02-07,408.8699951171875,416.489990234375,407.57000732421875,415.19000244140625,396.0146179199219,90990700
2023-02-08,413.1300048828125,414.5299987792969,409.92999267578125,410.6499938964844,391.6842956542969,76227500
2023-02-09,414.4100036621094,414.57000732421875,405.80999755859375,407.0899963378906,388.2886962890625,78694900
2023-02-10,405.8599853515625,408.44000244140625,405.010009765625,408.0400085449219,389.1948547363281,70769700
2023-02-13,408.7200012207031,412.9700012207031,408.239990234375,412.8299865722656,393.7635803222656,64913500
2023-02-14,411.239990234375,415.04998779296875,408.510009765625,412.6400146484375,393.5823669433594,88389300
2023-02-15,410.3500061035156,414.05999755859375,409.4700012207031,413.9800109863281,394.8604431152344,61555700
2023-02-16,408.7900085449219,412.9100036621094,408.1400146484375,408.2799987792969,389.4237365722656,76431500
2023-02-17,406.05999755859375,407.510009765625,404.04998779296875,407.260009765625,388.45086669921875,89257800
2023-02-21,403.05999755859375,404.1600036621094,398.82000732421875,399.0899963378906,380.6581726074219,82655900
2023-02-22,399.5199890136719,401.1300048828125,397.0199890136719,398.5400085449219,380.133544921875,83742300
2023-02-23,401.55999755859375,402.20001220703125,396.25,400.6600036621094,382.1556701660156,96242400
2023-02-24,395.4200134277344,397.25,393.6400146484375,396.3800048828125,378.0733642578125,108194400
2023-02-27,399.8699951171875,401.2900085449219,396.75,397.7300109863281,379.3610534667969,80444700
2023-02-28,397.2300109863281,399.2799987792969,396.1499938964844,396.260009765625,377.9588623046875,96438600
2023-03-01,395.4100036621094,396.69000244140625,393.3800048828125,394.739990234375,376.5090637207031,99706800
2023-03-02,392.67999267578125,398.69000244140625,392.3299865722656,397.80999755859375,379.4373474121094,85127800
2023-03-03,399.7099914550781,404.45001220703125,399.0299987792969,404.19000244140625,385.52264404296875,90120000
2023-03-06,405.04998779296875,407.45001220703125,404.010009765625,404.4700012207031,385.7896728515625,72795900
2023-03-07,404.4200134277344,404.6700134277344,397.6300048828125,398.2699890136719,379.8760681152344,108310600
2023-03-08,398.3900146484375,399.7099914550781,396.5899963378906,398.9200134277344,380.4961242675781,74746600
2023-03-09,399.739990234375,401.4800109863281,390.5299987792969,391.55999755859375,373.4759216308594,111945300
2023-03-10,390.989990234375,393.1600036621094,384.32000732421875,385.9100036621094,368.08685302734375,189253000
2023-03-13,381.80999755859375,390.3900146484375,380.6499938964844,385.3599853515625,367.56231689453125,157790000
2023-03-14,390.5,393.45001220703125,387.04998779296875,391.7300109863281,373.6381530761719,149752400
2023-03-15,385.8900146484375,389.489990234375,383.7099914550781,389.2799987792969,371.30126953125,172996900
2023-03-16,386.82000732421875,396.4700012207031,386.2900085449219,396.1099853515625,377.8158264160156,143254200
2023-03-17,393.2200012207031,394.3999938964844,388.54998779296875,389.989990234375,373.3981628417969,140553400
2023-03-20,390.79998779296875,394.1700134277344,390.07000732421875,393.739990234375,376.98858642578125,93055800
2023-03-21,397.239990234375,399.4100036621094,395.5799865722656,398.9100036621094,381.9386291503906,91524200
2023-03-22,398.7300109863281,402.489990234375,392.07000732421875,392.1099853515625,375.42791748046875,111746600
2023-03-23,395.0899963378906,399.2900085449219,390.3500061035156,393.1700134277344,376.4428405761719,119351300
2023-03-24,391.8399963378906,395.8399963378906,389.3999938964844,395.75,378.91314697265625,107682400
2023-03-27,398.1199951171875,398.9200134277344,395.55999755859375,396.489990234375,379.6216125488281,74010400
2023-03-28,395.7699890136719,396.489990234375,393.69000244140625,395.6000061035156,378.7694396972656,62871700
2023-03-29,399.92999267578125,401.6000061035156,398.67999267578125,401.3500061035156,384.2748107910156,77497900
2023-03-30,404.0899963378906,404.3500061035156,401.760009765625,403.70001220703125,386.52484130859375,69840000
2023-03-31,404.6600036621094,409.70001220703125,404.54998779296875,409.3900146484375,391.9727478027344,112062600
2023-04-03,408.8500061035156,411.3699951171875,408.44000244140625,410.95001220703125,393.4664001464844,67391100
2023-04-04,411.6199951171875,411.9200134277344,407.239990234375,408.6700134277344,391.2834167480469,66601500
2023-04-05,407.9100036621094,408.70001220703125,405.8800048828125,407.6000061035156,390.2589416503906,65200200
2023-04-06,406.7699890136719,409.4800109863281,405.67999267578125,409.19000244140625,391.7812805175781,63743300
2023-04-10,406.6099853515625,409.69000244140625,405.9700012207031,409.6099853515625,392.18341064453125,63681000
2023-04-11,410.260009765625,411.17999267578125,408.9200134277344,409.7200012207031,392.2887878417969,59297900
2023-04-12,411.8699951171875,412.1700134277344,407.44000244140625,408.04998779296875,390.6897888183594,86420400
2023-04-13,409.17999267578125,413.8399963378906,407.989990234375,413.4700012207031,395.87921142578125,85814800
2023-04-14,412.80999755859375,415.0899963378906,410.05999755859375,412.4599914550781,394.9121398925781,78161500
2023-04-17,412.3699951171875,413.9599914550781,411.0899963378906,413.94000244140625,396.3292236328125,66436400
2023-04-18,415.5799865722656,415.7200012207031,412.7799987792969,414.2099914550781,396.58770751953125,63560000
2023-04-19,412.2200012207031,415.0799865722656,412.1600036621094,414.1400146484375,396.5207214355469,55227300
2023-04-20,411.2099914550781,413.70001220703125,410.2699890136719,411.8800048828125,394.3568420410156,75840400
2023-04-21,412.19000244140625,412.67999267578125,410.1700134277344,412.20001220703125,394.6632385253906,73457400
2023-04-24,411.989990234375,413.07000732421875,410.6000061035156,412.6300048828125,395.074951171875,64332100
2023-04-25,410.5799865722656,411.1600036621094,406.0199890136719,406.0799865722656,388.8035888671875,97766700
2023-04-26,406.7200012207031,407.8399963378906,403.7799987792969,404.3599853515625,387.15673828125,80447000
2023-04-27,407.0,412.69000244140625,406.739990234375,412.4100036621094,394.8642578125,92968400
2023-04-28,411.489990234375,415.94000244140625,411.42999267578125,415.92999267578125,398.2344970703125,89433100
2023-05-01,415.4700012207031,417.6199951171875,415.2699890136719,415.510009765625,397.8323974609375,62122300
2023-05-02,414.7699890136719,414.82000732421875,407.82000732421875,410.8399963378906,393.3610534667969,103998500
2023-05-03,411.3599853515625,413.8699951171875,407.7699890136719,408.0199890136719,390.66107177734375,91531800
2023-05-04,406.92999267578125,407.2699890136719,403.739990234375,405.1300048828125,387.8940124511719,94901900
2023-05-05,408.9100036621094,413.7200012207031,408.6400146484375,412.6300048828125,395.074951171875,87891800
2023-05-08,412.9700012207031,413.239990234375,411.2799987792969,412.739990234375,395.1802062988281,50046800
2023-05-09,411.1300048828125,412.0899963378906,410.69000244140625,410.92999267578125,393.4472961425781,49220100
2023-05-10,413.8800048828125,414.5400085449219,408.8699951171875,412.8500061035156,395.28558349609375,96142900
2023-05-11,411.95001220703125,412.42999267578125,409.9700012207031,412.1300048828125,394.59619140625,70157100
2023-05-12,413.4200134277344,413.6400146484375,409.07000732421875,411.5899963378906,394.0791931152344,70481500
2023-05-15,412.2200012207031,413.42999267578125,410.2300109863281,413.010009765625,395.43878173828125,54289400
2023-05-16,411.8599853515625,412.82000732421875,410.239990234375,410.25,392.796142578125,57705500
2023-05-17,412.3500061035156,415.8599853515625,410.6400146484375,415.2300109863281,397.56427001953125,87287000
2023-05-18,414.8999938964844,419.6700134277344,414.6700134277344,419.2300109863281,401.39410400390625,97177200
2023-05-19,420.1700134277344,420.7200012207031,417.3500061035156,418.6199951171875,400.81005859375,103793300
2023-05-22,418.6400146484375,420.3900146484375,417.3500061035156,418.7900085449219,400.97283935546875,60745400
2023-05-23,417.0799865722656,418.7200012207031,413.67999267578125,414.0899963378906,396.4728088378906,86383500
2023-05-24,412.4200134277344,412.82000732421875,409.8800048828125,411.0899963378906,393.60040283203125,89213700
2023-05-25,414.739990234375,416.1600036621094,412.4100036621094,414.6499938964844,397.00897216796875,90961600
2023-05-26,415.3299865722656,420.7699890136719,415.25,420.0199890136719,402.1505126953125,93830000
2023-05-30,422.0299987792969,422.5799865722656,418.739990234375,420.17999267578125,402.3037109375,72216000
2023-05-31,418.2799987792969,419.2200012207031,416.2200012207031,417.8500061035156,400.0728759765625,110811800
2023-06-01,418.0899963378906,422.9200134277344,416.7900085449219,421.82000732421875,403.8739013671875,88865000
2023-06-02,424.5,428.739990234375,423.95001220703125,427.9200134277344,409.7144470214844,91426200
2023-06-05,428.2799987792969,429.6199951171875,426.3699951171875,427.1000061035156,408.9293518066406,65460200
2023-06-06,426.6700134277344,428.5799865722656,425.989990234375,428.0299987792969,409.81976318359375,64022200
2023-06-07,428.44000244140625,429.6199951171875,426.1099853515625,426.54998779296875,408.4026794433594,85373300
2023-06-08,426.6199951171875,429.6000061035156,425.82000732421875,429.1300048828125,410.8729248046875,61952800
2023-06-09,429.9599914550781,431.989990234375,428.8699951171875,429.8999938964844,411.6101379394531,85742800
2023-06-12,430.9200134277344,433.8800048828125,430.1700134277344,433.79998779296875,415.34423828125,76104300
2023-06-13,435.32000732421875,437.3299865722656,434.6300048828125,436.6600036621094,418.08258056640625,95899700
2023-06-14,437.010009765625,439.05999755859375,433.5899963378906,437.17999267578125,418.5804138183594,100612100
2023-06-15,436.3299865722656,443.8999938964844,436.2300109863281,442.6000061035156,423.76983642578125,110303100
2023-06-16,443.0199890136719,443.6099853515625,438.9700012207031,439.4599914550781,422.3264465332031,114165800
2023-06-20,437.45001220703125,438.3699951171875,435.0299987792969,437.17999267578125,420.1353454589844,76160400
2023-06-21,436.1600036621094,436.989990234375,434.3299865722656,434.94000244140625,417.9826354980469,76982300
2023-06-22,433.95001220703125,436.6199951171875,433.6000061035156,436.510009765625,419.49139404296875,70637200
2023-06-23,432.92999267578125,435.05999755859375,432.4700012207031,433.2099914550781,416.3200378417969,92074500
2023-06-26,432.6199951171875,434.6099853515625,431.19000244140625,431.44000244140625,414.6191101074219,72823600
2023-06-27,432.3500061035156,436.80999755859375,431.8800048828125,436.1700134277344,419.1647644042969,72813700
2023-06-28,435.04998779296875,437.44000244140625,434.4100036621094,436.3900146484375,419.3760986328125,75636000
2023-06-29,435.9599914550781,438.2799987792969,435.5400085449219,438.1099853515625,421.02911376953125,67882300
2023-06-30,441.44000244140625,444.29998779296875,441.1099853515625,443.2799987792969,425.9975891113281,104964000
2023-07-03,442.9200134277344,444.0799865722656,442.6300048828125,443.7900085449219,426.4876403808594,32793400
2023-07-05,441.9100036621094,443.8900146484375,441.8999938964844,443.1300048828125,425.85333251953125,58418400
2023-07-06,439.4200134277344,440.1000061035156,437.05999755859375,439.6600036621094,422.5186767578125,80658300
2023-07-07,438.6300048828125,442.6400146484375,438.29998779296875,438.54998779296875,421.4518737792969,86134200
2023-07-10,438.17999267578125,439.8399963378906,437.5899963378906,439.6600036621094,422.5186767578125,62443500
2023-07-11,440.45001220703125,442.9700012207031,439.44000244140625,442.4599914550781,425.2094421386719,64463800
2023-07-12,446.3900146484375,447.4800109863281,444.9100036621094,446.0199890136719,428.6306457519531,91924500
2023-07-13,447.8999938964844,450.3800048828125,447.45001220703125,449.55999755859375,432.03265380859375,72425200
2023-07-14,450.4800109863281,451.3599853515625,448.489990234375,449.2799987792969,431.7635803222656,69815800
2023-07-17,449.1300048828125,451.92999267578125,449.0799865722656,450.8399963378906,433.2627258300781,52680200
2023-07-18,450.5,454.8599853515625,450.04998779296875,454.19000244140625,436.4820861816406,80668200
2023-07-19,455.010009765625,456.42999267578125,454.1099853515625,455.20001220703125,437.4527587890625,65891700
2023-07-20,454.1700134277344,455.1000061035156,451.44000244140625,452.17999267578125,434.55047607421875,70591600
2023-07-21,453.9599914550781,454.1700134277344,452.1700134277344,452.17999267578125,434.55047607421875,71275600
2023-07-24,453.3699951171875,455.0400085449219,452.29998779296875,454.20001220703125,436.4917297363281,54023400
2023-07-25,453.9200134277344,456.739990234375,453.8699951171875,455.44000244140625,437.68341064453125,55191200
2023-07-26,454.4700012207031,456.989990234375,453.3800048828125,455.510009765625,437.7507019042969,71052900
2023-07-27,459.0199890136719,459.44000244140625,451.54998779296875,452.489990234375,434.84844970703125,92194400
2023-07-28,455.8800048828125,457.7799987792969,452.489990234375,456.9200134277344,439.10577392578125,80011800
2023-07-31,457.4100036621094,458.1600036621094,456.04998779296875,457.7900085449219,439.9417724609375,62040400
2023-08-01,456.2699890136719,457.25,455.489990234375,456.4800109863281,438.6828918457031,55291500
2023-08-02,453.25,453.5199890136719,449.3500061035156,450.1300048828125,432.5804443359375,93933400
2023-08-03,448.0400085449219,450.7900085449219,447.3699951171875,448.8399963378906,431.3407287597656,64276100
2023-08-04,450.7200012207031,452.8999938964844,446.2699890136719,446.80999755859375,429.3898620605469,100128900
2023-08-07,448.7099914550781,450.8699951171875,447.989990234375,450.7099914550781,433.1378479003906,58357500
2023-08-08,448.0799865722656,450.70001220703125,445.2699890136719,448.75,431.2542419433594,71361300
2023-08-09,449.0299987792969,449.20001220703125,444.9599914550781,445.75,428.3711853027344,78789600
2023-08-10,448.19000244140625,451.70001220703125,444.70001220703125,445.9100036621094,428.52496337890625,93005500
2023-08-11,443.9700012207031,446.70001220703125,443.3500061035156,445.6499938964844,428.2750549316406,68690900
2023-08-14,444.70001220703125,448.1099853515625,444.3800048828125,448.1099853515625,430.63916015625,47867400
2023-08-15,446.2699890136719,446.6400146484375,442.29998779296875,442.8900146484375,425.6227111816406,75707500
2023-08-16,442.4599914550781,444.17999267578125,439.5299987792969,439.6400146484375,422.4994201660156,80107200
2023-08-17,441.1600036621094,441.42999267578125,435.75,436.2900085449219,419.2799987792969,95711300
2023-08-18,433.3699951171875,437.57000732421875,433.010009765625,436.5,419.4818420410156,98852000
2023-08-21,437.54998779296875,440.1099853515625,435.32000732421875,439.3399963378906,422.2111511230469,68719000
2023-08-22,441.17999267578125,441.17999267578125,437.57000732421875,438.1499938964844,421.0674743652344,64994200
2023-08-23,439.25,443.6700134277344,439.1000061035156,443.0299987792969,425.75726318359375,68441000
2023-08-24,444.69000244140625,445.2200012207031,436.8599853515625,436.8900146484375,419.8566589355469,88517300
2023-08-25,438.67999267578125,441.29998779296875,435.0,439.9700012207031,422.81658935546875,102325100
2023-08-28,442.239990234375,443.3999938964844,439.9700012207031,442.760009765625,425.49774169921875,61595400
2023-08-29,442.6499938964844,449.45001220703125,442.4599914550781,449.1600036621094,431.6482849121094,83081900
2023-08-30,449.510009765625,451.6700134277344,448.7799987792969,451.010009765625,433.4261169433594,69053900
2023-08-31,451.6499938964844,452.8299865722656,450.1600036621094,450.3500061035156,432.7919006347656,66084600
2023-09-01,453.1700134277344,453.6700134277344,449.67999267578125,451.19000244140625,433.59912109375,58944100
2023-09-05,450.7300109863281,451.05999755859375,449.1700134277344,449.239990234375,431.7250671386719,55166200
2023-09-06,448.3999938964844,448.510009765625,443.80999755859375,446.2200012207031,428.8228759765625,70758500
2023-09-07,443.1099853515625,445.54998779296875,442.75,444.8500061035156,427.5062561035156,70355400
2023-09-08,444.8999938964844,447.1099853515625,444.5299987792969,445.5199890136719,428.150146484375,61659700
2023-09-11,448.239990234375,448.7699890136719,446.4700012207031,448.45001220703125,430.9659423828125,60180100
2023-09-12,446.95001220703125,448.5299987792969,445.3900146484375,445.989990234375,428.601806640625,67565400
2023-09-13,446.2200012207031,447.7099914550781,445.0799865722656,446.510009765625,429.1015625,60199300
2023-09-14,449.07000732421875,451.0799865722656,447.7200012207031,450.3599853515625,432.8014831542969,83430800
2023-09-15,447.1400146484375,447.4800109863281,442.9200134277344,443.3699951171875,427.5868835449219,111848900
2023-09-18,443.04998779296875,444.9700012207031,442.55999755859375,443.6300048828125,427.837646484375,55752200
2023-09-19,442.67999267578125,443.2900085449219,439.94000244140625,442.7099914550781,426.9504089355469,66514600
2023-09-20,444.010009765625,444.44000244140625,438.42999267578125,438.6400146484375,423.0252685546875,82562600
2023-09-21,435.70001220703125,435.9700012207031,431.2300109863281,431.3900146484375,416.0333557128906,104095800
2023-09-22,432.45001220703125,434.1000061035156,429.989990234375,430.4200134277344,415.09796142578125,100829700
2023-09-25,429.1700134277344,432.2699890136719,428.7200012207031,432.2300109863281,416.8434753417969,70874500
2023-09-26,429.0899963378906,429.82000732421875,425.0199890136719,425.8800048828125,410.71954345703125,96168400
2023-09-27,427.0899963378906,427.6700134277344,422.2900085449219,426.04998779296875,410.8834533691406,104705800
2023-09-28,425.4800109863281,430.25,424.8699951171875,428.5199890136719,413.2655029296875,92258300
2023-09-29,431.6700134277344,431.8500061035156,425.9100036621094,427.4800109863281,412.2625732421875,115111300
2023-10-02,426.6199951171875,428.6000061035156,424.4599914550781,427.30999755859375,412.0986022949219,83798600
2023-10-03,425.05999755859375,427.3699951171875,420.17999267578125,421.5899963378906,406.582275390625,103760600
2023-10-04,422.07000732421875,425.42999267578125,420.55999755859375,424.6600036621094,409.5429992675781,87453000
2023-10-05,424.3599853515625,425.3699951171875,421.1700134277344,424.5,409.3886413574219,70142700
2023-10-06,421.9700012207031,431.1300048828125,420.6000061035156,429.5400085449219,414.249267578125,113273300
2023-10-09,427.5799865722656,432.8800048828125,427.010009765625,432.2900085449219,416.9013671875,80374400
2023-10-10,432.94000244140625,437.2200012207031,432.5299987792969,434.5400085449219,419.0712890625,78607300
2023-10-11,435.6400146484375,436.5799865722656,433.17999267578125,436.32000732421875,420.7878723144531,62451700
2023-10-12,436.95001220703125,437.3399963378906,431.2300109863281,433.6600036621094,418.22259521484375,81154200
2023-10-13,435.2099914550781,436.45001220703125,429.8800048828125,431.5,416.1394958496094,95143100
2023-10-16,433.82000732421875,437.1400146484375,433.57000732421875,436.0400085449219,420.5178527832031,75433200
2023-10-17,432.80999755859375,438.1400146484375,432.45001220703125,436.0199890136719,420.49853515625,75324700
2023-10-18,434.19000244140625,435.17999267578125,429.0899963378906,430.2099914550781,414.8953552246094,93559800
2023-10-19,430.95001220703125,432.82000732421875,425.7300109863281,426.42999267578125,411.2499694824219,121323000
2023-10-20,425.9800109863281,426.5400085449219,421.0799865722656,421.19000244140625,406.1965026855469,123919900
2023-10-23,419.6099853515625,424.45001220703125,417.79998779296875,420.4599914550781,405.4924621582031,92035100
2023-10-24,422.6499938964844,424.82000732421875,420.739990234375,423.6300048828125,408.5496520996094,78564200
2023-10-25,421.8900146484375,421.9200134277344,417.0199890136719,417.54998779296875,402.6860656738281,94223200
2023-10-26,416.45001220703125,417.3299865722656,411.6000061035156,412.54998779296875,397.864013671875,115156800
2023-10-27,414.19000244140625,414.6000061035156,409.2099914550781,410.67999267578125,396.06060791015625,107367700
2023-10-30,413.55999755859375,416.67999267578125,412.2200012207031,415.5899963378906,400.79583740234375,86562700
2023-10-31,416.17999267578125,418.5299987792969,414.2099914550781,418.20001220703125,403.31292724609375,79665200
2023-11-01,419.20001220703125,423.5,418.6499938964844,422.6600036621094,407.61419677734375,98068100
2023-11-02,426.5799865722656,430.9200134277344,426.55999755859375,430.760009765625,415.4258728027344,94938900
2023-11-03,433.1400146484375,436.2900085449219,433.010009765625,434.69000244140625,419.2158508300781,100167800
2023-11-06,435.4700012207031,436.1499938964844,433.67999267578125,435.69000244140625,420.1802978515625,67831700
2023-11-07,435.69000244140625,437.5899963378906,434.510009765625,436.92999267578125,421.3761291503906,64256100
2023-11-08,437.54998779296875,438.0899963378906,434.8699951171875,437.25,421.6847839355469,61746000
2023-11-09,438.42999267578125,438.4700012207031,433.3999938964844,433.8399963378906,418.3962097167969,83174400
2023-11-10,435.9800109863281,440.92999267578125,433.8299865722656,440.6099853515625,424.9251708984375,89462200
2023-11-13,439.2300109863281,441.3299865722656,438.4200134277344,440.19000244140625,424.5201416015625,52236100
2023-11-14,446.32000732421875,450.05999755859375,446.0899963378906,448.7300109863281,432.756103515625,97176900
2023-11-15,450.1099853515625,451.3800048828125,448.79998779296875,449.67999267578125,433.6722717285156,77327600
2023-11-16,449.2200012207031,450.55999755859375,448.1199951171875,450.2300109863281,434.2027282714844,66665800
2023-11-17,450.239990234375,451.4200134277344,449.2900085449219,450.7900085449219,434.7427673339844,83133200
2023-11-20,450.5299987792969,455.1300048828125,450.5199890136719,454.260009765625,438.0893249511719,69936200
2023-11-21,453.17999267578125,454.1300048828125,451.9599914550781,453.2699890136719,437.134521484375,49244600
2023-11-22,454.9800109863281,456.3800048828125,453.8900146484375,455.0199890136719,438.8222351074219,59394900
2023-11-24,455.07000732421875,455.5,454.7300109863281,455.29998779296875,439.0922546386719,29737400
2023-11-27,454.6499938964844,455.489990234375,454.0799865722656,454.4800109863281,438.30145263671875,50506000
2023-11-28,454.0799865722656,456.2699890136719,453.5,454.92999267578125,438.7353515625,62115000
2023-11-29,457.1499938964844,458.32000732421875,454.20001220703125,454.6099853515625,438.42681884765625,63146000
2023-11-30,455.4800109863281,456.760009765625,453.3399963378906,456.3999938964844,440.1531066894531,79752700
2023-12-01,455.7699890136719,459.6499938964844,455.1600036621094,459.1000061035156,442.7569885253906,89183400
2023-12-04,455.6000061035156,459.1199951171875,454.3399963378906,456.69000244140625,440.4327392578125,72430900
2023-12-05,455.260009765625,457.5899963378906,454.8699951171875,456.6000061035156,440.345947265625,69793500
2023-12-06,458.80999755859375,458.8399963378906,454.30999755859375,454.760009765625,438.5715026855469,69124700
2023-12-07,456.9100036621094,458.8999938964844,456.2900085449219,458.2300109863281,441.91796875,66995400
2023-12-08,457.4599914550781,460.75,457.2099914550781,460.20001220703125,443.8178405761719,83194400
2023-12-11,459.69000244140625,462.1700134277344,459.4700012207031,461.989990234375,445.5440673828125,65002200
2023-12-12,461.6300048828125,464.20001220703125,460.6000061035156,464.1000061035156,447.5789489746094,68327600
2023-12-13,464.489990234375,470.760009765625,464.1199951171875,470.5,453.7511291503906,93278000
2023-12-14,472.5,473.7300109863281,469.25,472.010009765625,455.2074279785156,119026000
2023-12-15,469.489990234375,470.70001220703125,467.42999267578125,469.3299865722656,454.4578857421875,141553700
2023-12-18,470.9800109863281,472.9800109863281,469.8900146484375,471.9700012207031,457.0142822265625,70375300
2023-12-19,472.5299987792969,474.9200134277344,472.45001220703125,474.8399963378906,459.7933044433594,55761800
2023-12-20,473.9599914550781,475.8999938964844,467.82000732421875,468.260009765625,453.42181396484375,102921000
2023-12-21,471.3299865722656,472.9800109863281,468.8399963378906,472.70001220703125,457.7211608886719,86667500
2023-12-22,473.8599853515625,475.3800048828125,471.70001220703125,473.6499938964844,458.6410827636719,67160400
2023-12-26,474.07000732421875,476.5799865722656,473.989990234375,475.6499938964844,460.5776672363281,55387000
2023-12-27,475.44000244140625,476.6600036621094,474.8900146484375,476.510009765625,461.4104309082031,68000300
2023-12-28,476.8800048828125,477.54998779296875,476.260009765625,476.69000244140625,461.584716796875,77158100
2023-12-29,476.489990234375,477.0299987792969,473.29998779296875,475.30999755859375,460.2484436035156,122283100
2024-01-02,472.1600036621094,473.6700134277344,470.489990234375,472.6499938964844,457.6727294921875,123623700
2024-01-03,470.42999267578125,471.19000244140625,468.1700134277344,468.7900085449219,453.93499755859375,103585900
2024-01-04,468.29998779296875,470.9599914550781,467.04998779296875,467.2799987792969,452.4729309082031,84232200
2024-01-05,467.489990234375,470.44000244140625,466.42999267578125,467.9200134277344,453.09259033203125,86118900
2024-01-08,468.42999267578125,474.75,468.29998779296875,474.6000061035156,459.5609436035156,74879100
2024-01-09,471.8699951171875,474.92999267578125,471.3500061035156,473.8800048828125,458.86376953125,65931400
2024-01-10,474.1600036621094,477.45001220703125,473.8699951171875,476.55999755859375,461.45880126953125,67310600
2024-01-11,477.5899963378906,478.1199951171875,472.260009765625,476.3500061035156,461.2554626464844,77940700
2024-01-12,477.8399963378906,478.6000061035156,475.2300109863281,476.67999267578125,461.57501220703125,58026400
2024-01-16,475.260009765625,476.6099853515625,473.05999755859375,474.92999267578125,459.8804626464844,85014900
2024-01-17,471.82000732421875,472.7900085449219,469.8699951171875,472.2900085449219,457.3241271972656,68843900
2024-01-18,474.010009765625,477.05999755859375,472.4200134277344,476.489990234375,461.3910217285156,91856200
2024-01-19,477.6499938964844,482.7200012207031,476.5400085449219,482.42999267578125,467.1427917480469,110834500
2024-01-22,484.010009765625,485.2200012207031,482.7799987792969,483.45001220703125,468.1304931640625,75844900
2024-01-23,484.010009765625,485.1099853515625,482.8900146484375,484.8599853515625,469.4957580566406,49945300
2024-01-24,487.80999755859375,488.7699890136719,484.8800048828125,485.3900146484375,470.009033203125,81765000
2024-01-25,487.5799865722656,488.30999755859375,485.3900146484375,488.0299987792969,472.5653991699219,72525000
2024-01-26,487.5899963378906,489.1199951171875,486.5400085449219,487.4100036621094,471.96502685546875,76641600
2024-01-29,487.7300109863281,491.4200134277344,487.1700134277344,491.2699890136719,475.7027282714844,61322800
2024-01-30,490.55999755859375,491.6199951171875,490.1099853515625,490.8900146484375,475.334716796875,58618400
2024-01-31,488.6199951171875,489.0799865722656,482.8599853515625,482.8800048828125,467.5785827636719,126011100
2024-02-01,484.6300048828125,489.2300109863281,483.79998779296875,489.20001220703125,473.69830322265625,91891600
2024-02-02,489.6499938964844,496.04998779296875,489.29998779296875,494.3500061035156,478.68511962890625,99228200
2024-02-05,493.70001220703125,494.3800048828125,490.2300109863281,492.54998779296875,476.9421081542969,75757100
2024-02-06,493.5199890136719,494.32000732421875,492.04998779296875,493.9800109863281,478.32684326171875,55918600
2024-02-07,496.2900085449219,498.5299987792969,495.3599853515625,498.1000061035156,482.3162536621094,70556500
2024-02-08,498.1000061035156,498.7099914550781,497.260009765625,498.32000732421875,482.5292053222656,52343600
2024-02-09,498.8399963378906,501.6499938964844,498.489990234375,501.20001220703125,485.3180847167969,63979400
2024-02-12,501.1700134277344,503.5,500.239990234375,500.9800109863281,485.10504150390625,56502300
2024-02-13,494.5299987792969,497.0899963378906,490.7200012207031,494.0799865722656,478.4236145019531,113099200
2024-02-14,496.7900085449219,499.07000732421875,494.3999938964844,498.57000732421875,482.7713623046875,68387800
2024-02-15,499.2900085449219,502.20001220703125,498.79998779296875,502.010009765625,486.1024169921875,61683000
2024-02-16,501.70001220703125,502.8699951171875,498.75,499.510009765625,483.681640625,75532900
2024-02-20,497.7200012207031,498.4100036621094,494.45001220703125,496.760009765625,481.01873779296875,71736700
2024-02-21,495.4200134277344,497.3699951171875,493.55999755859375,497.2099914550781,481.45440673828125,59293400
2024-02-22,504.010009765625,508.489990234375,503.0199890136719,507.5,491.4183654785156,76402500
2024-02-23,509.2699890136719,510.1300048828125,507.1000061035156,507.8500061035156,491.7573547363281,61321800
2024-02-26,508.29998779296875,508.75,505.8599853515625,505.989990234375,489.95623779296875,50386700
2024-02-27,506.70001220703125,507.1600036621094,504.75,506.92999267578125,490.8664855957031,48854500
2024-02-28,505.3299865722656,506.8599853515625,504.9599914550781,506.260009765625,490.2177429199219,56506600
2024-02-29,508.07000732421875,509.739990234375,505.3500061035156,508.0799865722656,491.98004150390625,83924800
2024-03-01,508.9800109863281,513.2899780273438,508.55999755859375,512.8499755859375,496.59881591796875,76844800
2024-03-04,512.030029296875,514.2000122070312,512.0,512.2999877929688,496.06634521484375,49799300
2024-03-05,510.239990234375,510.70001220703125,504.9100036621094,507.17999267578125,491.1085205078125,72855600
2024-03-06,510.54998779296875,512.0700073242188,508.4200134277344,509.75,493.59710693359375,68382400
2024-03-07,513.1400146484375,515.8900146484375,509.80999755859375,514.8099975585938,498.49676513671875,58652100
2024-03-08,515.4600219726562,518.219970703125,511.1300048828125,511.7200012207031,495.5046081542969,86532500
2024-03-11,510.4800109863281,511.8800048828125,508.5,511.2799987792969,495.07861328125,62557200
2024-03-12,513.4500122070312,517.3800048828125,510.8599853515625,516.780029296875,500.4044189453125,73114400
2024-03-13,517.1099853515625,517.2899780273438,514.489990234375,515.969970703125,499.6199645996094,55104100
2024-03-14,516.969970703125,517.1300048828125,511.82000732421875,514.9500122070312,498.63232421875,110171800
2024-03-15,510.2099914550781,511.70001220703125,508.1199951171875,509.8299865722656,495.2084045410156,107646300
2024-03-18,514.0,515.47998046875,512.4400024414062,512.8599853515625,498.15155029296875,88893300
2024-03-19,512.1500244140625,516.0,511.1199951171875,515.7100219726562,500.9197692871094,60755300
2024-03-20,515.77001953125,520.6199951171875,515.0800170898438,520.47998046875,505.552978515625,69594600
2024-03-21,523.3900146484375,524.1099853515625,521.9099731445312,522.2000122070312,507.2236633300781,60256100
2024-03-22,522.1099853515625,522.6099853515625,520.969970703125,521.2100219726562,506.26214599609375,79070800
2024-03-25,519.7999877929688,520.9500122070312,519.6099853515625,519.77001953125,504.8634033203125,48512100
2024-03-26,521.22998046875,521.5800170898438,518.4000244140625,518.8099975585938,503.9309387207031,65463700
2024-03-27,521.7100219726562,523.2100219726562,519.489990234375,523.1699829101562,508.1658630371094,82999800
2024-03-28,523.2100219726562,524.6099853515625,522.780029296875,523.0700073242188,508.0687561035156,96294900
2024-04-01,523.8300170898438,524.3800048828125,520.969970703125,522.1599731445312,507.1847839355469,62477500
2024-04-02,518.239990234375,518.97998046875,516.47998046875,518.8400268554688,503.9600830078125,74230300
2024-04-03,517.719970703125,520.9500122070312,517.6699829101562,519.4099731445312,504.51361083984375,59155800
2024-04-04,523.52001953125,523.8699951171875,512.760009765625,513.0700073242188,498.3554992675781,96858100
2024-04-05,514.4600219726562,520.4400024414062,514.010009765625,518.4299926757812,503.5617370605469,74546500
2024-04-08,519.1500244140625,520.1799926757812,517.8900146484375,518.719970703125,503.84344482421875,48401800
2024-04-09,520.5,520.75,514.3499755859375,519.3200073242188,504.42633056640625,68049200
2024-04-10,513.47998046875,516.1599731445312,512.0900268554688,514.1199951171875,499.37542724609375,82652800
2024-04-11,515.6799926757812,519.47998046875,512.0800170898438,518.0,503.1440734863281,70099000
2024-04-12,514.3699951171875,515.8200073242188,509.0799865722656,510.8500061035156,496.1991882324219,92561100
2024-04-15,515.1300048828125,515.2999877929688,503.5799865722656,504.45001220703125,489.98272705078125,92101400
2024-04-16,504.94000244140625,506.5,502.2099914550781,503.5299987792969,489.0890808105469,73484000
2024-04-17,506.04998779296875,506.2200012207031,499.1199951171875,500.54998779296875,486.19451904296875,75910300
2024-04-18,501.9800109863281,504.1300048828125,498.55999755859375,499.5199890136719,485.1941223144531,74548100
2024-04-19,499.44000244140625,500.4599914550781,493.8599853515625,495.1600036621094,480.95916748046875,102212600
2024-04-22,497.8299865722656,502.3800048828125,495.42999267578125,499.7200012207031,485.3883972167969,67961000
2024-04-23,501.7799987792969,506.0899963378906,499.5299987792969,505.6499938964844,491.14825439453125,64633600
2024-04-24,506.55999755859375,507.3699951171875,503.1300048828125,505.4100036621094,490.9151916503906,55928100
2024-04-25,499.17999267578125,504.2699890136719,497.489990234375,503.489990234375,489.05029296875,69122400
2024-04-26,506.3500061035156,509.8800048828125,505.70001220703125,508.260009765625,493.6834716796875,64306100
2024-04-29,510.0899963378906,510.75,507.25,510.05999755859375,495.43182373046875,46415400
2024-04-30,508.55999755859375,509.55999755859375,501.9800109863281,501.9800109863281,487.58355712890625,77483600
2024-05-01,501.3800048828125,508.19000244140625,499.8699951171875,500.3500061035156,486.00030517578125,80242800
2024-05-02,504.1499938964844,505.8900146484375,499.54998779296875,505.0299987792969,490.5461120605469,62550200
2024-05-03,511.1600036621094,512.5499877929688,508.55999755859375,511.2900085449219,496.6265563964844,72756700
2024-05-06,513.75,516.6099853515625,513.2999877929688,516.5700073242188,501.7552185058594,47264700
2024-05-07,517.5599975585938,518.5700073242188,516.4500122070312,517.1400146484375,502.3087463378906,52561300
2024-05-08,515.260009765625,517.739990234375,515.1400146484375,517.1900024414062,502.3573303222656,42047200
2024-05-09,517.3800048828125,520.2100219726562,516.7100219726562,520.1699829101562,505.2518310546875,43643700
2024-05-10,521.8099975585938,522.6400146484375,519.5900268554688,520.8400268554688,505.9027404785156,52233200
2024-05-13,522.5599975585938,522.6699829101562,519.739990234375,520.9099731445312,505.97064208984375,36716400
2024-05-14,521.1099853515625,523.8300170898438,520.5599975585938,523.2999877929688,508.2920227050781,57535900
2024-05-15,525.8300170898438,530.0800170898438,525.1799926757812,529.780029296875,514.5862426757812,59504900
2024-05-16,529.8800048828125,531.52001953125,528.5399780273438,528.6900024414062,513.5275268554688,50244800
2024-05-17,528.8099975585938,529.52001953125,527.3200073242188,529.4500122070312,514.2658081054688,59187600
2024-05-20,529.5700073242188,531.5599975585938,529.1699829101562,530.0599975585938,514.858154296875,37764200
2024-05-21,529.280029296875,531.52001953125,529.0700073242188,531.3599853515625,516.1209716796875,33437000
2024-05-22,530.6500244140625,531.3800048828125,527.5999755859375,529.8300170898438,514.634765625,48390000
2024-05-23,532.9600219726562,533.0700073242188,524.719970703125,525.9600219726562,510.87591552734375,57211200
2024-05-24,527.8499755859375,530.27001953125,526.8800048828125,529.4400024414062,514.2559204101562,41291100
2024-05-28,530.27001953125,530.510009765625,527.1099853515625,529.8099975585938,514.6154174804688,36269600
2024-05-29,525.6799926757812,527.3099975585938,525.3699951171875,526.0999755859375,511.0118713378906,45190300
2024-05-30,524.52001953125,525.2000122070312,521.3300170898438,522.6099853515625,507.6219177246094,46377600
2024-05-31,523.5900268554688,527.5,518.3599853515625,527.3699951171875,512.2454223632812,90785800
2024-06-03,529.02001953125,529.3099975585938,522.5999755859375,527.7999877929688,512.6629028320312,46835700
2024-06-04,526.4600219726562,529.1500244140625,524.9600219726562,528.3900146484375,513.2361450195312,34632700
2024-06-05,530.77001953125,534.6900024414062,528.72998046875,534.6699829101562,519.3359375,47610400
2024-06-06,534.97998046875,535.4199829101562,532.6799926757812,534.6599731445312,519.3262939453125,30808500
2024-06-07,533.6599731445312,536.8900146484375,532.5399780273438,534.010009765625,518.6951293945312,43224500
2024-06-10,533.1799926757812,535.989990234375,532.5700073242188,535.6599731445312,520.2975463867188,35686100
2024-06-11,534.0700073242188,537.010009765625,532.0499877929688,536.9500122070312,521.5506591796875,36383400
2024-06-12,541.6300048828125,544.1199951171875,540.2999877929688,541.3599853515625,525.8341064453125,63251300
2024-06-13,543.1500244140625,543.3300170898438,539.5900268554688,542.4500122070312,526.8928833007812,44760900
2024-06-14,540.8800048828125,542.8099975585938,539.8499755859375,542.780029296875,527.2134399414062,40089900
2024-06-17,542.0800170898438,548.530029296875,541.6099853515625,547.0999755859375,531.4096069335938,55839500
2024-06-18,547.1599731445312,548.6199951171875,546.72998046875,548.489990234375,532.7596435546875,41376400
2024-06-20,549.4400024414062,550.1199951171875,545.1799926757812,547.0,531.3124389648438,70328200
2024-06-21,544.4000244140625,545.6500244140625,543.02001953125,544.510009765625,530.60009765625,64338600
2024-06-24,544.3300170898438,546.9500122070312,542.6199951171875,542.739990234375,528.8753051757812,45528700
2024-06-25,543.989990234375,545.2000122070312,542.4400024414062,544.8300170898438,530.9119262695312,37936200
2024-06-26,543.6900024414062,546.239990234375,543.030029296875,545.510009765625,531.5746459960938,38550600
2024-06-27,545.3699951171875,546.9600219726562,544.6099853515625,546.3699951171875,532.4124755859375,35041500
2024-06-28,547.1599731445312,550.280029296875,542.9500122070312,544.219970703125,530.3175048828125,76144500
2024-07-01,545.6300048828125,545.8800048828125,542.52001953125,545.3400268554688,531.408935546875,40297800
2024-07-02,543.7000122070312,549.010009765625,543.6500244140625,549.010009765625,534.9851684570312,40434800
2024-07-03,548.6900024414062,551.8300170898438,548.6500244140625,551.4600219726562,537.3726196289062,32789900
2024-07-05,551.77001953125,555.0499877929688,551.1199951171875,554.6400146484375,540.4713134765625,41488400
2024-07-08,555.4400024414062,556.25,554.1900024414062,555.280029296875,541.094970703125,36110500
2024-07-09,556.260009765625,557.1799926757812,555.52001953125,555.8200073242188,541.6212768554688,27289700
2024-07-10,557.0700073242188,561.6699829101562,556.77001953125,561.3200073242188,546.9805908203125,38701200
2024-07-11,561.4400024414062,562.3300170898438,555.8300170898438,556.47998046875,542.2642211914062,53054200
2024-07-12,557.6300048828125,563.6699829101562,557.1500244140625,559.989990234375,545.6845092773438,53084400
2024-07-15,562.030029296875,564.8400268554688,559.6300048828125,561.530029296875,547.1853637695312,40584300
2024-07-16,562.8699951171875,565.1599731445312,562.0999755859375,564.8599853515625,550.4302368164062,36475300
2024-07-17,558.7999877929688,560.510009765625,556.6099853515625,556.9400024414062,542.7125244140625,57119000
2024-07-18,558.510009765625,559.52001953125,550.4299926757812,552.6599731445312,538.5419311523438,56270400
2024-07-19,552.4199829101562,554.0800170898438,547.9099731445312,548.989990234375,534.9656372070312,65509100
2024-07-22,553.0,555.27001953125,551.02001953125,554.6500244140625,540.4810180664062,43346700
2024-07-23,554.5399780273438,556.739990234375,553.280029296875,553.780029296875,539.6332397460938,34439600
2024-07-24,548.8599853515625,549.1699829101562,540.2899780273438,541.22998046875,527.4038696289062,74515300
2024-07-25,541.3499755859375,547.4600219726562,537.4500122070312,538.4099731445312,524.6558837890625,61158300
2024-07-26,542.280029296875,547.1900024414062,541.489990234375,544.4400024414062,530.5319213867188,53763800
2024-07-29,546.02001953125,547.0499877929688,542.719970703125,544.760009765625,530.8436279296875,39515800
2024-07-30,546.260009765625,547.3400268554688,538.52001953125,542.0,528.1541748046875,46853600
2024-07-31,548.97998046875,553.5,547.5800170898438,550.8099975585938,536.7391967773438,65663400
2024-08-01,552.5700073242188,554.8699951171875,539.4299926757812,543.010009765625,529.1384887695312,76428700
2024-08-02,535.75,536.989990234375,528.5999755859375,532.9000244140625,519.2867431640625,82789100
2024-08-05,511.6400146484375,523.5800170898438,510.2699890136719,517.3800048828125,504.1632080078125,146267400
2024-08-06,519.219970703125,529.75,517.8699951171875,522.1500244140625,508.8114013671875,84826300
2024-08-07,528.469970703125,531.5900268554688,518.0499877929688,518.6599731445312,505.4104309082031,70698300
2024-08-08,523.9099731445312,531.2899780273438,521.8400268554688,530.6500244140625,517.0941772460938,63276600
2024-08-09,529.8099975585938,534.510009765625,528.5599975585938,532.989990234375,519.3743286132812,45619600
2024-08-12,534.2100219726562,535.72998046875,530.9500122070312,533.27001953125,519.6472778320312,42542100
2024-08-13,536.530029296875,542.280029296875,536.280029296875,542.0399780273438,528.1931762695312,52333100
2024-08-14,542.8499755859375,544.9600219726562,540.1199951171875,543.75,529.8594360351562,42446900
2024-08-15,549.5,553.3599853515625,548.8800048828125,553.0700073242188,538.9414672851562,60846800
2024-08-16,551.4199829101562,555.02001953125,551.260009765625,554.3099975585938,540.1497802734375,44430700
2024-08-19,554.72998046875,559.6099853515625,553.8599853515625,559.6099853515625,545.3143310546875,39121800
2024-08-20,559.1500244140625,560.8400268554688,557.3300170898438,558.7000122070312,544.4276733398438,33732300
2024-08-21,559.77001953125,562.1099853515625,554.72998046875,560.6199951171875,546.2985229492188,41514600
2024-08-22,562.5599975585938,563.1799926757812,554.97998046875,556.219970703125,542.0109252929688,56121500
2024-08-23,559.530029296875,563.0900268554688,557.2899780273438,562.1300048828125,547.7699584960938,50639400
2024-08-26,563.1799926757812,563.9099731445312,559.0499877929688,560.7899780273438,546.4642944335938,35788600
2024-08-27,559.489990234375,562.0599975585938,558.3200073242188,561.5599975585938,547.214599609375,32693900
2024-08-28,561.2100219726562,561.6500244140625,555.0399780273438,558.2999877929688,544.0377807617188,41066000
2024-08-29,560.3099975585938,563.6799926757812,557.1799926757812,558.3499755859375,544.0865478515625,38715200
2024-08-30,560.77001953125,564.2000122070312,557.1400146484375,563.6799926757812,549.2803955078125,62700100
2024-09-03,560.469970703125,560.8099975585938,549.510009765625,552.0800170898438,537.9767456054688,60600100
2024-09-04,550.2000122070312,554.4299926757812,549.4600219726562,550.9500122070312,536.8756103515625,47224900
2024-09-05,550.8900146484375,553.7999877929688,547.0999755859375,549.6099853515625,535.56982421875,44264300
2024-09-06,549.9400024414062,551.5999755859375,539.4400024414062,540.3599853515625,526.5560913085938,68493800
2024-09-09,544.6500244140625,547.7100219726562,542.6799926757812,546.4099731445312,532.4515380859375,40445800
2024-09-10,548.3599853515625,549.1500244140625,543.3800048828125,548.7899780273438,534.770751953125,36394600
2024-09-11,548.7000122070312,555.3599853515625,539.9600219726562,554.4199829101562,540.2568969726562,75248600
2024-09-12,555.010009765625,559.4000244140625,552.739990234375,559.0900268554688,544.8076171875,51819600
2024-09-13,559.7100219726562,563.030029296875,559.4500122070312,562.010009765625,547.653076171875,39310500
2024-09-16,561.739990234375,563.1099853515625,559.9000244140625,562.8400268554688,548.4618530273438,36656100
2024-09-17,565.0999755859375,566.5800170898438,560.7899780273438,563.0700073242188,548.6859741210938,49321000
2024-09-18,563.739990234375,568.6900024414062,560.8300170898438,561.4000244140625,547.0586547851562,59044900
2024-09-19,571.010009765625,572.8800048828125,568.0800170898438,570.97998046875,556.3938598632812,75315500
2024-09-20,567.8400268554688,569.3099975585938,565.1699829101562,568.25,555.43212890625,77503100
2024-09-23,569.3400268554688,570.3300170898438,568.0999755859375,569.6699829101562,556.8200073242188,44116900
2024-09-24,570.47998046875,571.3599853515625,567.5999755859375,571.2999877929688,558.413330078125,46805700
2024-09-25,571.1400146484375,571.8900146484375,568.9099731445312,570.0399780273438,557.1817626953125,38428600
2024-09-26,574.3800048828125,574.7100219726562,569.9000244140625,572.2999877929688,559.3907470703125,48336000
2024-09-27,573.3900146484375,574.219970703125,570.4199829101562,571.469970703125,558.5794067382812,42100900
2024-09-30,570.4199829101562,574.3800048828125,568.0800170898438,573.760009765625,560.8178100585938,63557400
2024-10-01,573.4000244140625,574.0599975585938,566.0,568.6199951171875,555.7937622070312,72668800
2024-10-02,567.7100219726562,569.9000244140625,565.27001953125,568.8599853515625,556.0283203125,38097800
2024-10-03,567.3599853515625,569.7999877929688,565.489990234375,567.8200073242188,555.0118408203125,40846500
2024-10-04,572.3499755859375,573.3599853515625,568.0999755859375,572.97998046875,560.0553588867188,42939100
2024-10-07,571.2999877929688,571.9600219726562,566.6300048828125,567.7999877929688,554.9921875,49964700
2024-10-08,570.4199829101562,573.780029296875,569.530029296875,573.1699829101562,560.2410888671875,37398700
2024-10-09,573.1599731445312,577.7100219726562,572.5499877929688,577.1400146484375,564.12158203125,37912200
2024-10-10,575.77001953125,577.5800170898438,574.489990234375,576.1300048828125,563.1343994140625,44138100
2024-10-11,576.0499877929688,580.3300170898438,575.9099731445312,579.5800170898438,566.5065307617188,42268000
2024-10-14,581.219970703125,585.27001953125,580.72998046875,584.3200073242188,571.1395874023438,36217200
2024-10-15,584.5900268554688,584.9000244140625,578.5399780273438,579.780029296875,566.7019653320312,54203600
2024-10-16,579.780029296875,582.8300170898438,578.9600219726562,582.2999877929688,569.1652221679688,30725400
2024-10-17,585.9099731445312,586.1199951171875,582.1599731445312,582.3499755859375,569.2140502929688,34393700
2024-10-18,584.0700073242188,585.3900146484375,582.5800170898438,584.5900268554688,571.403564453125,37416800
2024-10-21,583.8499755859375,584.8499755859375,580.5999755859375,583.6300048828125,570.4652709960938,36439000
2024-10-22,581.0499877929688,584.5,580.3800048828125,583.3200073242188,570.1622924804688,34183800
2024-10-23,581.260009765625,581.7100219726562,574.4199829101562,577.989990234375,564.9524536132812,49314600
2024-10-24,579.97998046875,580.0599975585938,576.5700073242188,579.239990234375,566.1742553710938,34979900
2024-10-25,581.510009765625,584.4600219726562,578.0800170898438,579.0399780273438,565.9785766601562,47268200
2024-10-28,582.5800170898438,582.7100219726562,580.52001953125,580.8300170898438,567.728271484375,30174700
2024-10-29,579.8499755859375,582.9099731445312,578.4299926757812,581.77001953125,568.6470947265625,42899700
2024-10-30,581.2899780273438,583.3200073242188,579.2899780273438,580.010009765625,566.9268798828125,41435800
2024-10-31,575.5599975585938,575.6300048828125,568.4400024414062,568.6400146484375,555.8132934570312,60182500
2024-11-01,571.3200073242188,575.5499877929688,570.6199951171875,571.0399780273438,558.1591186523438,45667500
2024-11-04,571.1799926757812,572.5,567.8900146484375,569.8099975585938,556.9569091796875,38217000
2024-11-05,570.739990234375,576.739990234375,570.52001953125,576.7000122070312,563.6915893554688,39478300
2024-11-06,589.2000122070312,591.9299926757812,585.3900146484375,591.0399780273438,577.7080688476562,68182000
2024-11-07,593.0800170898438,596.6500244140625,593.0,595.6099853515625,582.175048828125,47233200
2024-11-08,596.1699829101562,599.6400146484375,596.1699829101562,598.1900024414062,584.6968383789062,46444900
2024-11-11,599.8099975585938,600.1699829101562,597.0,598.760009765625,585.25390625,37586800
2024-11-12,598.6799926757812,599.2899780273438,594.3699951171875,596.9000244140625,583.4358520507812,43006100
2024-11-13,597.3699951171875,599.22998046875,594.9600219726562,597.1900024414062,583.7193603515625,47388600
2024-11-14,597.3200073242188,597.8099975585938,592.6500244140625,593.3499755859375,579.9658203125,38904100
2024-11-15,589.719970703125,590.2000122070312,583.8599853515625,585.75,572.537353515625,75988800
2024-11-18,586.219970703125,589.489990234375,585.3400268554688,588.1500244140625,574.88330078125,37001700
2024-11-19,584.7100219726562,591.0399780273438,584.030029296875,590.2999877929688,576.9847412109375,49412000
2024-11-20,590.3800048828125,590.7899780273438,584.6300048828125,590.5,577.1802368164062,50032600
2024-11-21,593.4000244140625,595.1199951171875,587.4500122070312,593.6699829101562,580.2786865234375,46750300
2024-11-22,593.6599731445312,596.1500244140625,593.1500244140625,595.510009765625,582.0772094726562,38226400
2024-11-25,599.52001953125,600.8599853515625,595.2000122070312,597.530029296875,584.0516357421875,42441400
2024-11-26,598.7999877929688,601.3300170898438,598.0700073242188,600.6500244140625,587.1012573242188,45621300
2024-11-27,600.4600219726562,600.8499755859375,597.280029296875,598.8300170898438,585.3223266601562,34000200
2024-11-29,599.6599731445312,603.3499755859375,599.3800048828125,602.5499877929688,588.9583740234375,30177400
2024-12-02,602.969970703125,604.3200073242188,602.469970703125,603.6300048828125,590.0140380859375,31746000
2024-12-03,603.3900146484375,604.1599731445312,602.3400268554688,603.9099731445312,590.2877197265625,26906600
2024-12-04,605.6300048828125,607.9099731445312,604.9500122070312,607.6599731445312,593.9531860351562,42787600
2024-12-05,607.6599731445312,608.47998046875,606.2999877929688,606.6599731445312,592.9756469726562,28762200
2024-12-06,607.4400024414062,609.0700073242188,607.02001953125,607.8099975585938,594.0997924804688,31241500
2024-12-09,607.6900024414062,607.8599853515625,604.0800170898438,604.6799926757812,591.0404663085938,34742700
2024-12-10,605.3699951171875,605.7999877929688,602.1300048828125,602.7999877929688,589.2026977539062,37234500
2024-12-11,605.780029296875,608.4299926757812,605.5,607.4600219726562,593.7576293945312,28677700
2024-12-12,606.5800170898438,607.1599731445312,604.3300170898438,604.3300170898438,590.6982421875,31543800
2024-12-13,606.4000244140625,607.1300048828125,602.8099975585938,604.2100219726562,590.5809936523438,35904700
2024-12-16,606.0,607.780029296875,605.2100219726562,606.7899780273438,593.102783203125,43695200
2024-12-17,604.1900024414062,605.1699829101562,602.8900146484375,604.2899780273438,590.6591796875,55773500
2024-12-18,603.97998046875,606.4099731445312,585.8900146484375,586.280029296875,573.0554809570312,108248700
2024-12-19,591.3599853515625,593.0,585.8499755859375,586.0999755859375,572.8794555664062,85919500
2024-12-20,581.77001953125,595.75,580.9099731445312,591.1500244140625,579.7603149414062,125716700
2024-12-23,590.8900146484375,595.2999877929688,587.6599731445312,594.6900024414062,583.2320556640625,57635800
2024-12-24,596.0599975585938,601.3400268554688,595.469970703125,601.2999877929688,589.7146606445312,33160100
2024-12-26,599.5,602.47998046875,598.0800170898438,601.3400268554688,589.7539672851562,41219100
2024-12-27,597.5399780273438,597.780029296875,590.760009765625,595.010009765625,583.5458984375,64969300
2024-12-30,587.8900146484375,591.739990234375,584.4099731445312,588.219970703125,576.8866577148438,56578800
2024-12-31,589.9099731445312,590.6400146484375,584.4199829101562,586.0800170898438,574.7879638671875,57052700
2025-01-02,589.3900146484375,591.1300048828125,580.5,584.6400146484375,573.3756713867188,50204000
2025-01-03,587.530029296875,592.5999755859375,586.4299926757812,591.9500122070312,580.5448608398438,37888500
2025-01-06,596.27001953125,599.7000122070312,593.5999755859375,595.3599853515625,583.88916015625,47679400
2025-01-07,597.4199829101562,597.75,586.780029296875,588.6300048828125,577.288818359375,60393100
2025-01-08,588.7000122070312,590.5800170898438,585.2000122070312,589.489990234375,578.1322631835938,47304700
2025-01-10,585.8800048828125,585.9500122070312,578.5499877929688,580.489990234375,569.3056640625,73105000
2025-01-13,575.77001953125,581.75,575.3499755859375,581.3900146484375,570.1882934570312,47910100
2025-01-14,584.3599853515625,585.0,578.3499755859375,582.1900024414062,570.972900390625,48420600
2025-01-15,590.3300170898438,593.9400024414062,589.2000122070312,592.780029296875,581.35888671875,56900200
2025-01-16,594.1699829101562,594.3499755859375,590.9299926757812,591.6400146484375,580.2407836914062,43319700
2025-01-17,596.9600219726562,599.3599853515625,595.6099853515625,597.5800170898438,586.0664672851562,58070600
2025-01-21,600.6699829101562,603.0599975585938,598.6699829101562,603.0499877929688,591.4309692382812,42532900
2025-01-22,605.9199829101562,607.8200073242188,605.3599853515625,606.4400024414062,594.7556762695312,48196000
2025-01-23,605.7999877929688,609.75,605.52001953125,609.75,598.001953125,41152100
2025-01-24,609.8099975585938,610.780029296875,606.7999877929688,607.969970703125,596.2562255859375,34604700
2025-01-27,594.8099975585938,599.6900024414062,594.6400146484375,599.3699951171875,587.8219604492188,70361100
2025-01-28,600.6199951171875,605.3699951171875,597.25,604.52001953125,592.8726806640625,44433300
2025-01-29,603.719970703125,604.1300048828125,599.219970703125,601.8099975585938,590.2149047851562,37177400
2025-01-30,603.9600219726562,606.5999755859375,600.719970703125,605.0399780273438,593.3826904296875,39281300
2025-01-31,607.5,609.9600219726562,601.0499877929688,601.8200073242188,590.2246704101562,66566900
2025-02-03,592.6699829101562,600.2899780273438,590.489990234375,597.77001953125,586.2528076171875,65857200
2025-02-04,597.8300170898438,602.2999877929688,597.280029296875,601.780029296875,590.1854248046875,33457800
2025-02-05,600.6400146484375,604.3699951171875,598.5800170898438,604.219970703125,592.5784301757812,30653100
2025-02-06,605.989990234375,606.4500122070312,602.6300048828125,606.3200073242188,594.6380615234375,35771500
2025-02-07,606.8900146484375,608.1300048828125,600.0499877929688,600.77001953125,589.1950073242188,50788500
2025-02-10,604.030029296875,605.5,602.739990234375,604.8499755859375,593.1962890625,26048700
2025-02-11,602.5499877929688,605.8599853515625,602.4299926757812,605.3099975585938,593.6474609375,30056700
2025-02-12,599.2000122070312,604.5499877929688,598.510009765625,603.3599853515625,591.7349853515625,45076100
2025-02-13,604.47998046875,609.9400024414062,603.2000122070312,609.72998046875,597.9822998046875,40921300
2025-02-14,609.9400024414062,610.989990234375,609.0700073242188,609.7000122070312,597.9529418945312,26910400
2025-02-18,610.8800048828125,611.489990234375,608.3800048828125,611.489990234375,599.7084350585938,26749000
2025-02-19,610.0800170898438,613.22998046875,609.5599975585938,612.9299926757812,601.1206665039062,31011100
2025-02-20,611.5399780273438,611.6799926757812,607.02001953125,610.3800048828125,598.6197509765625,36554000
2025-02-21,610.1599731445312,610.2999877929688,599.469970703125,599.9400024414062,588.3809814453125,76519800
2025-02-24,602.02001953125,603.030029296875,596.489990234375,597.2100219726562,585.70361328125,50737200
2025-02-25,597.1500244140625,597.8900146484375,589.5599975585938,594.239990234375,582.7907104492188,58266500
2025-02-26,595.9299926757812,599.5800170898438,591.8599853515625,594.5399780273438,583.0849609375,43321600
2025-02-27,596.8499755859375,598.02001953125,584.6500244140625,585.0499877929688,573.7777709960938,74196700
2025-02-28,585.5599975585938,594.719970703125,582.4400024414062,594.1799926757812,582.73193359375,88744100
2025-03-03,596.1799926757812,597.3400268554688,579.9000244140625,583.77001953125,572.5225219726562,74249200
2025-03-04,579.7100219726562,585.3900146484375,572.25,576.8599853515625,565.7456665039062,109648200
2025-03-05,576.6900024414062,584.8800048828125,573.0800170898438,583.0599975585938,571.8262329101562,71230500
2025-03-06,575.47998046875,580.1699829101562,570.1199951171875,572.7100219726562,561.675537109375,80094900
2025-03-07,570.9000244140625,577.3900146484375,565.6300048828125,575.9199829101562,564.82373046875,81158800
2025-03-10,567.5900268554688,569.5399780273438,555.5900268554688,560.5800170898438,549.7792358398438,99326600
2025-03-11,559.4000244140625,564.02001953125,552.02001953125,555.9199829101562,545.2091064453125,88102100
2025-03-12,562.1699829101562,563.1099853515625,553.6900024414062,558.8699951171875,548.1022338867188,69588200
2025-03-13,558.489990234375,559.1099853515625,549.6799926757812,551.4199829101562,540.7957153320312,74079400
2025-03-14,556.1099853515625,563.8300170898438,551.489990234375,562.8099975585938,551.96630859375,62660300
2025-03-17,562.7899780273438,569.7100219726562,562.3499755859375,567.1500244140625,556.22265625,49008700
2025-03-18,564.7999877929688,565.02001953125,559.0599975585938,561.02001953125,550.2108154296875,66041400
2025-03-19,562.8300170898438,570.9500122070312,561.6300048828125,567.1300048828125,556.2030639648438,66556000
2025-03-20,563.3300170898438,570.5700073242188,562.5999755859375,565.489990234375,554.5947265625,62958200
2025-03-21,559.280029296875,564.8900146484375,558.030029296875,563.97998046875,554.7776489257812,83763000
2025-03-24,570.7999877929688,575.1500244140625,570.2000122070312,574.0800170898438,564.7129516601562,58766800
2025-03-25,575.2999877929688,576.4099731445312,573.6900024414062,575.4600219726562,566.0703735351562,38355700
2025-03-26,575.1900024414062,576.3300170898438,567.1900024414062,568.5900268554688,559.3124389648438,51848300
2025-03-27,567.1799926757812,570.9000244140625,564.9400024414062,567.0800170898438,557.8270874023438,42164200
2025-03-28,565.530029296875,566.27001953125,555.0700073242188,555.6599731445312,546.5933227539062,71662700
2025-03-31,549.8300170898438,560.7100219726562,546.8699951171875,559.3900146484375,550.2626342773438,95328200
2025-04-01,557.4500122070312,562.9400024414062,553.6799926757812,560.969970703125,551.8167114257812,54609600
2025-04-02,555.0499877929688,567.4199829101562,554.8099975585938,564.52001953125,555.3088989257812,76014500
2025-04-03,545.1099853515625,547.969970703125,536.7000122070312,536.7000122070312,527.94287109375,125986000
2025-04-04,523.6699829101562,525.8699951171875,505.05999755859375,505.2799987792969,497.0354309082031,217965100
2025-04-07,489.19000244140625,523.1699829101562,481.79998779296875,504.3800048828125,496.1501159667969,256611400
2025-04-08,521.8599853515625,524.97998046875,489.1600036621094,496.4800109863281,488.3790283203125,165816600
2025-04-09,493.44000244140625,548.6199951171875,493.04998779296875,548.6199951171875,539.6682739257812,241867300
2025-04-10,532.1699829101562,533.5,509.32000732421875,524.5800170898438,516.0205688476562,162331200
2025-04-11,523.010009765625,536.4299926757812,520.0700073242188,533.9400024414062,525.227783203125,97866300
2025-04-14,544.0499877929688,544.280029296875,533.8599853515625,539.1199951171875,530.3233032226562,68034000
2025-04-15,539.6699829101562,543.22998046875,536.8099975585938,537.6099853515625,528.837890625,56892900
2025-04-16,531.6799926757812,537.8900146484375,520.2899780273438,525.6599731445312,517.0828857421875,83484800
2025-04-17,527.6400146484375,531.1699829101562,523.9099731445312,526.4099731445312,517.8206787109375,79868100
2025-04-21,521.1599731445312,521.7000122070312,508.4599914550781,513.8800048828125,505.4951477050781,69368100
2025-04-22,520.1400146484375,529.2999877929688,519.1900024414062,527.25,518.64697265625,75948100
2025-04-23,540.4299926757812,545.4299926757812,533.8800048828125,535.4199829101562,526.6836547851562,90590700
2025-04-24,536.719970703125,547.4299926757812,535.4500122070312,546.6900024414062,537.769775390625,64150400
2025-04-25,546.6500244140625,551.0499877929688,543.6900024414062,550.6400146484375,541.6553344726562,61119600
2025-04-28,551.3900146484375,553.5499877929688,545.02001953125,550.8499755859375,541.86181640625,47613800
2025-04-29,548.9099731445312,555.4500122070312,548.5499877929688,554.3200073242188,545.2753295898438,47775100
2025-04-30,547.5700073242188,556.52001953125,541.52001953125,554.5399780273438,545.4916381835938,93101500
2025-05-01,560.3699951171875,564.0700073242188,557.8599853515625,558.469970703125,549.3574829101562,63186100
2025-05-02,564.72998046875,568.3800048828125,562.3800048828125,566.760009765625,557.5123291015625,60717300
2025-05-05,562.5700073242188,566.6500244140625,561.7000122070312,563.510009765625,554.3153076171875,38659200
2025-05-06,557.9299926757812,563.3499755859375,556.9600219726562,558.7999877929688,549.68212890625,48264700
2025-05-07,560.1500244140625,563.8200073242188,556.0399780273438,561.1500244140625,551.9938354492188,55588000
2025-05-08,565.239990234375,570.3099975585938,561.7000122070312,565.0599975585938,555.840087890625,65130800
2025-05-09,566.47998046875,567.5,562.760009765625,564.3400268554688,555.1318359375,37603400
2025-05-12,581.469970703125,583.0,577.0399780273438,582.989990234375,573.4775390625,78993600
2025-05-13,583.4099731445312,589.0800170898438,582.8400268554688,586.8400268554688,577.2647094726562,67947200
2025-05-14,587.8099975585938,588.97998046875,585.5399780273438,587.5900268554688,578.0023803710938,66283500
2025-05-15,585.5599975585938,590.969970703125,585.0999755859375,590.4600219726562,580.8256225585938,71268100
2025-05-16,591.25,594.5,589.280029296875,594.2000122070312,584.5045166015625,76052100
2025-05-19,588.0999755859375,595.5399780273438,588.0999755859375,594.8499755859375,585.1439819335938,68168500
2025-05-20,593.0900268554688,594.0499877929688,589.5999755859375,592.8499755859375,583.1765747070312,60614500
2025-05-21,588.4400024414062,592.5800170898438,581.8200073242188,582.8599853515625,573.3495483398438,95197700
2025-05-22,582.6599731445312,586.6199951171875,581.4099731445312,583.0900268554688,573.5758056640625,70860400
2025-05-23,575.97998046875,581.8099975585938,575.5999755859375,579.1099853515625,569.6607666015625,76029000
2025-05-27,586.0700073242188,591.3099975585938,578.4299926757812,591.1500244140625,581.50439453125,72588500
2025-05-28,591.5599975585938,592.77001953125,586.989990234375,587.72998046875,578.14013671875,68445500
2025-05-29,593.0599975585938,593.2000122070312,586.0700073242188,590.0499877929688,580.4222412109375,69973300
2025-05-30,588.9299926757812,591.1300048828125,583.239990234375,589.3900146484375,579.7730712890625,90601200
2025-06-02,587.760009765625,592.7899780273438,585.0599975585938,592.7100219726562,583.038818359375,61630500
2025-06-03,592.3400268554688,597.0800170898438,591.8499755859375,596.0900268554688,586.3637084960938,63606200
2025-06-04,596.9600219726562,597.9500122070312,595.489990234375,595.9299926757812,586.206298828125,57314200
2025-06-05,597.6300048828125,599.0,591.0499877929688,593.0499877929688,583.373291015625,92278700
2025-06-06,598.6599731445312,600.8300170898438,596.8599853515625,599.1400146484375,589.3639526367188,66588700
2025-06-09,599.719970703125,601.25,598.489990234375,599.6799926757812,589.8952026367188,53016400
2025-06-10,600.219970703125,603.469970703125,599.0900268554688,603.0800170898438,593.23974609375,66247000
2025-06-11,604.1900024414062,605.0599975585938,599.27001953125,601.3599853515625,591.547607421875,73658200
2025-06-12,600.010009765625,603.75,599.52001953125,603.75,593.8987426757812,64129000
2025-06-13,598.5,601.8499755859375,595.47998046875,597.0,587.2588500976562,89506000
2025-06-16,600.4000244140625,604.4500122070312,600.219970703125,602.6799926757812,592.84619140625,79984100
2025-06-17,600.2100219726562,601.75,596.760009765625,597.530029296875,587.7802734375,82209400
2025-06-18,598.4400024414062,601.219970703125,596.469970703125,597.4400024414062,587.6917724609375,76605000
2025-06-20,598.3800048828125,599.4600219726562,592.8599853515625,594.280029296875,586.3114624023438,94051400
2025-06-23,595.0399780273438,600.5399780273438,591.8900146484375,600.1500244140625,592.1027221679688,87426000
2025-06-24,604.3300170898438,607.8499755859375,603.4099731445312,606.780029296875,598.643798828125,67735300
2025-06-25,607.9099731445312,608.6099853515625,605.5399780273438,607.1199951171875,598.9793090820312,62114800
2025-06-26,608.989990234375,612.3099975585938,608.3699951171875,611.8699951171875,603.6656494140625,78548400
2025-06-27,612.8800048828125,616.3900146484375,610.8300170898438,614.9099731445312,606.6648559570312,86258400
2025-06-30,617.3800048828125,619.219970703125,615.0399780273438,617.8499755859375,609.5653686523438,92502500
2025-07-01,616.3599853515625,618.8300170898438,615.52001953125,617.6500244140625,609.3681030273438,70030100
2025-07-02,617.239990234375,620.489990234375,616.6099853515625,620.4500122070312,612.1305541992188,66510400
2025-07-03,622.4500122070312,626.280029296875,622.4299926757812,625.3400268554688,616.9549560546875,51065800
2025-07-07,623.3599853515625,624.030029296875,617.8699951171875,620.6799926757812,612.357421875,74814500
2025-07-08,621.3499755859375,622.1099853515625,619.52001953125,620.3400268554688,612.0220336914062,59024600
2025-07-09,622.77001953125,624.719970703125,620.9099731445312,624.0599975585938,615.692138671875,66113300
2025-07-10,624.2000122070312,626.8699951171875,623.010009765625,625.8200073242188,617.4285888671875,57529000
2025-07-11,622.739990234375,624.8599853515625,621.530029296875,623.6199951171875,615.2579956054688,63670200
2025-07-14,623.1599731445312,625.1599731445312,621.7999877929688,624.8099975585938,616.4320678710938,51898500
2025-07-15,627.52001953125,627.8599853515625,622.0599975585938,622.1400146484375,613.7978515625,74317300
2025-07-16,623.739990234375,624.72998046875,618.0499877929688,624.219970703125,615.8499755859375,88987500
2025-07-17,624.4000244140625,628.4000244140625,624.1799926757812,628.0399780273438,619.6187744140625,68885700
2025-07-18,629.2999877929688,629.469970703125,626.4600219726562,627.5800170898438,619.1649780273438,65621600
2025-07-21,628.77001953125,631.5399780273438,628.3400268554688,628.77001953125,620.3389892578125,63375000
2025-07-22,629.0999755859375,629.72998046875,626.1900024414062,628.8599853515625,620.427734375,60046300
2025-07-23,631.5499877929688,634.2100219726562,629.72998046875,634.2100219726562,625.7061157226562,70511000
2025-07-24,634.5999755859375,636.1500244140625,633.989990234375,634.4199829101562,625.9132690429688,71307100
2025-07-25,635.0900268554688,637.5800170898438,634.8400268554688,637.0999755859375,628.5572509765625,56865400
2025-07-28,637.47998046875,638.0399780273438,635.5399780273438,636.9400024414062,628.3994140625,54917100
2025-07-29,638.3499755859375,638.6699829101562,634.3400268554688,635.260009765625,626.7418823242188,60556300
2025-07-30,635.9199829101562,637.6799926757812,631.5399780273438,634.4600219726562,625.9526977539062,80418900
2025-07-31,639.4600219726562,639.8499755859375,630.77001953125,632.0800170898438,623.6046142578125,103385200
2025-08-01,626.2999877929688,626.3400268554688,619.2899780273438,621.719970703125,613.3834838867188,140103600
2025-08-04,625.6699829101562,631.219970703125,625.5800170898438,631.1699829101562,622.706787109375,73218000
2025-08-05,631.7899780273438,632.6099853515625,627.0399780273438,627.969970703125,619.5496215820312,68051400
2025-08-06,629.0499877929688,633.4400024414062,628.1300048828125,632.780029296875,624.2952270507812,64357500
2025-08-07,636.239990234375,636.97998046875,629.1099853515625,632.25,623.7723388671875,74205800
2025-08-08,634.0599975585938,637.6500244140625,633.739990234375,637.1799926757812,628.63623046875,64051600
2025-08-11,637.4600219726562,638.9500122070312,634.6599731445312,635.9199829101562,627.3931274414062,58742300
2025-08-12,638.2899780273438,642.8499755859375,636.7899780273438,642.6900024414062,634.072265625,64730800
2025-08-13,644.9099731445312,646.1900024414062,642.6799926757812,644.8900146484375,636.2428588867188,60092800
2025-08-14,642.7899780273438,645.6199951171875,642.3400268554688,644.9500122070312,636.302001953125,59327500
2025-08-15,645.989990234375,646.0900268554688,642.52001953125,643.4400024414062,634.812255859375,68592500
2025-08-18,642.8599853515625,644.0,642.1799926757812,643.2999877929688,634.6741333007812,43804900
2025-08-19,643.1199951171875,644.1099853515625,638.47998046875,639.8099975585938,631.23095703125,69750700
2025-08-20,639.4000244140625,639.6599731445312,632.9500122070312,638.1099853515625,629.5537109375,88890300
2025-08-21,636.280029296875,637.969970703125,633.8099975585938,635.5499877929688,627.0280151367188,54805800
2025-08-22,637.760009765625,646.5,637.25,645.3099975585938,636.6572265625,84083200
2025-08-25,644.0399780273438,645.2899780273438,642.3499755859375,642.469970703125,633.855224609375,51274300
2025-08-26,642.2000122070312,645.510009765625,641.5700073242188,645.1599731445312,636.5092163085938,51581600
2025-08-27,644.5700073242188,647.3699951171875,644.4199829101562,646.6300048828125,637.9595336914062,48341100
2025-08-28,647.239990234375,649.47998046875,645.3400268554688,648.9199829101562,640.21875,61519500
2025-08-29,647.469970703125,647.8400268554688,643.1400146484375,645.0499877929688,636.400634765625,74522200
2025-09-02,637.5,640.489990234375,634.9199829101562,640.27001953125,631.6847534179688,81983500
2025-09-03,642.6699829101562,644.2100219726562,640.4600219726562,643.739990234375,635.108154296875,70820900
2025-09-04,644.4199829101562,649.1500244140625,643.510009765625,649.1199951171875,640.4161376953125,65219200
2025-09-05,651.47998046875,652.2100219726562,643.3300170898438,647.239990234375,638.561279296875,85178900
2025-09-08,648.6199951171875,649.8400268554688,647.22998046875,648.8300170898438,640.1300659179688,63133100
2025-09-09,648.969970703125,650.8599853515625,647.219970703125,650.3300170898438,641.60986328125,66133900
2025-09-10,653.6199951171875,654.5499877929688,650.6300048828125,652.2100219726562,643.4647216796875,78034500
2025-09-11,654.1799926757812,658.3300170898438,653.5900268554688,657.6300048828125,648.81201171875,69934400
2025-09-12,657.5999755859375,659.1099853515625,656.9000244140625,657.4099731445312,648.5949096679688,72780100
2025-09-15,659.6400146484375,661.0399780273438,659.3400268554688,660.9099731445312,652.0479736328125,63772400
2025-09-16,661.469970703125,661.780029296875,659.2100219726562,660.0,651.1502075195312,61169000
2025-09-17,660.010009765625,661.719970703125,654.2999877929688,659.1799926757812,650.3412475585938,101952200
2025-09-18,661.8900146484375,664.8900146484375,660.27001953125,662.260009765625,653.3799438476562,90459200
2025-09-19,662.3300170898438,664.5499877929688,660.3699951171875,663.7000122070312,656.615966796875,97945600
2025-09-22,662.2000122070312,667.2899780273438,662.1699829101562,666.8400268554688,659.7225341796875,69452200
2025-09-23,666.719970703125,667.3400268554688,661.97998046875,663.2100219726562,656.1312255859375,81708900
2025-09-24,664.510009765625,664.6099853515625,659.6699829101562,661.0999755859375,654.043701171875,68082200
2025-09-25,657.9400024414062,659.4099731445312,654.4099731445312,658.0499877929688,651.0263061523438,89622100
2025-09-26,659.510009765625,662.3699951171875,657.8800048828125,661.8200073242188,654.756103515625,69179200
2025-09-29,664.3599853515625,665.280029296875,661.8599853515625,663.6799926757812,656.59619140625,73499000
2025-09-30,662.9299926757812,666.6500244140625,661.6099853515625,666.1799926757812,659.0695190429688,86288000
2025-10-01,663.1699829101562,669.3699951171875,663.0599975585938,668.4500122070312,661.3153686523438,72545400
2025-10-02,670.4500122070312,670.5700073242188,666.780029296875,669.219970703125,662.0769653320312,56896000
2025-10-03,669.989990234375,672.6799926757812,668.1599731445312,669.2100219726562,662.0672607421875,70494400
2025-10-06,671.6199951171875,672.510009765625,669.4600219726562,671.6099853515625,664.4415283203125,54623300
2025-10-07,672.5399780273438,672.989990234375,667.6699829101562,669.1199951171875,661.9780883789062,72020100
2025-10-08,670.25,673.2100219726562,669.4199829101562,673.1099853515625,665.925537109375,60702200
2025-10-09,673.530029296875,673.9400024414062,669.2100219726562,671.1599731445312,663.9963989257812,66501900
2025-10-10,672.1300048828125,673.9500122070312,652.8400268554688,653.02001953125,646.050048828125,159422600
2025-10-13,660.6500244140625,665.1300048828125,659.77001953125,663.0399780273438,655.9630126953125,79560500
2025-10-14,657.1699829101562,665.8300170898438,653.1699829101562,662.22998046875,655.1616821289062,88779600
2025-10-15,666.8200073242188,670.22998046875,658.9299926757812,665.1699829101562,658.0703125,81702600
2025-10-16,666.8200073242188,668.7100219726562,657.1099853515625,660.6400146484375,653.5886840820312,110563300
2025-10-17,659.5,665.760009765625,658.1400146484375,664.3900146484375,657.298583984375,96500900
2025-10-20,667.3200073242188,672.2100219726562,667.27001953125,671.2999877929688,664.1348266601562,60493400
2025-10-21,671.4400024414062,672.989990234375,669.97998046875,671.2899780273438,664.1249389648438,56249000
2025-10-22,672.0,672.0,663.2999877929688,667.7999877929688,660.6721801757812,80564000
2025-10-23,668.1199951171875,672.7100219726562,667.7999877929688,671.760009765625,664.5899658203125,65604500
2025-10-24,676.4600219726562,678.469970703125,675.6500244140625,677.25,670.0213623046875,74356500
2025-10-27,682.72998046875,685.5399780273438,682.1199951171875,685.239990234375,677.926025390625,63339800
2025-10-28,687.0499877929688,688.9099731445312,684.8300170898438,687.0599975585938,679.7266235351562,61738100
2025-10-29,688.719970703125,689.7000122070312,682.8699951171875,687.3900146484375,680.0531616210938,85657100
2025-10-30,683.9000244140625,685.9400024414062,679.8300170898438,679.8300170898438,672.5739135742188,76335800
2025-10-31,685.0399780273438,685.0800170898438,679.239990234375,682.0599975585938,674.780029296875,87164100
2025-11-03,685.6699829101562,685.7999877929688,679.9400024414062,683.3400268554688,676.0463256835938,57315000
2025-11-04,676.1099853515625,679.9600219726562,674.5800170898438,675.239990234375,668.0327758789062,78427000
2025-11-05,674.97998046875,680.8599853515625,674.1699829101562,677.5800170898438,670.3478393554688,74402400
2025-11-06,676.469970703125,677.3800048828125,668.719970703125,670.3099975585938,663.1553955078125,85035300
2025-11-07,667.9099731445312,671.0800170898438,661.2100219726562,670.969970703125,663.808349609375,100592400
2025-11-10,677.239990234375,682.1799926757812,675.030029296875,681.4400024414062,674.1665649414062,75842900
2025-11-11,679.9500122070312,683.5700073242188,678.72998046875,683.0,675.7099609375,58953400
2025-11-12,684.7899780273438,684.9600219726562,680.9500122070312,683.3800048828125,676.0859985351562,62312500
2025-11-13,680.5,680.8599853515625,670.52001953125,672.0399780273438,664.8670043945312,103457800
2025-11-14,665.3800048828125,675.6599731445312,663.27001953125,671.9299926757812,664.758056640625,96846700
2025-11-17,669.7000122070312,673.7100219726562,662.1699829101562,665.6699829101562,658.56494140625,90456100
2025-11-18,662.0999755859375,665.1199951171875,655.8599853515625,660.0800170898438,653.0346069335938,114467500
2025-11-19,660.780029296875,667.3400268554688,658.75,662.6300048828125,655.5574340820312,94703000
2025-11-20,672.9099731445312,675.5599975585938,651.8900146484375,652.530029296875,645.5652465820312,165293500
2025-11-21,655.0499877929688,664.5499877929688,650.8499755859375,659.030029296875,651.9959106445312,123956200
2025-11-24,662.6900024414062,670.0599975585938,661.5900268554688,668.72998046875,661.59228515625,80437900
2025-11-25,668.6300048828125,676.2100219726562,664.47998046875,675.02001953125,667.8152465820312,81077100
2025-11-26,677.6300048828125,681.7000122070312,676.719970703125,679.6799926757812,672.4254150390625,71879600
2025-11-28,680.8599853515625,683.6699829101562,680.5,683.3900146484375,676.0958251953125,49212000
2025-12-01,678.8099975585938,682.989990234375,678.739990234375,680.27001953125,673.0091552734375,61201200
2025-12-02,681.9199829101562,683.8200073242188,679.3300170898438,681.530029296875,674.2556762695312,62953800
2025-12-03,680.5700073242188,684.9099731445312,679.6900024414062,683.8900146484375,676.5905151367188,57238500
2025-12-04,685.2999877929688,685.3699951171875,681.3400268554688,684.3900146484375,677.085205078125,61970300
2025-12-05,685.469970703125,688.3900146484375,684.5800170898438,685.6900024414062,678.3712768554688,79241000
2025-12-08,686.5900268554688,686.6400146484375,681.5700073242188,683.6300048828125,676.3333129882812,55231500
2025-12-09,683.1500244140625,685.3900146484375,682.5900268554688,683.0399780273438,675.7495727539062,58310100
2025-12-10,682.5599975585938,688.969970703125,681.3099975585938,687.5700073242188,680.2312622070312,85671300
2025-12-11,685.1400146484375,689.25,682.1699829101562,689.1699829101562,681.8140869140625,86173700
2025-12-12,688.1699829101562,688.8800048828125,679.1699829101562,681.760009765625,674.4832153320312,113160300
2025-12-15,685.739990234375,685.760009765625,679.25,680.72998046875,673.4641723632812,90811000
2025-12-16,679.22998046875,681.0800170898438,674.97998046875,678.8699951171875,671.6240844726562,122030600
2025-12-17,679.8900146484375,680.4400024414062,671.2000122070312,671.4000244140625,664.23388671875,110625200
2025-12-18,677.5999755859375,680.739990234375,674.9000244140625,676.469970703125,669.2496337890625,108650100
2025-12-19,676.5900268554688,681.0900268554688,676.469970703125,680.5900268554688,675.3153686523438,103599500
2025-12-22,683.9400024414062,685.3599853515625,680.5900268554688,684.8300170898438,679.5225219726562,69556700
2025-12-23,683.9199829101562,688.2000122070312,683.8699951171875,687.9600219726562,682.6282348632812,64840000
2025-12-24,687.9500122070312,690.8300170898438,687.7999877929688,690.3800048828125,685.0294799804688,39445600
2025-12-26,690.6400146484375,691.6599731445312,689.27001953125,690.3099975585938,684.9600219726562,41613300
2025-12-29,687.5399780273438,689.2000122070312,686.0700073242188,687.8499755859375,682.51904296875,62559500
2025-12-30,687.4500122070312,688.5599975585938,686.5800170898438,687.010009765625,681.685546875,47160700
2025-12-31,687.1400146484375,687.3599853515625,681.7100219726562,681.9199829101562,676.635009765625,74144800
2026-01-02,685.7100219726562,686.8699951171875,679.8200073242188,683.1699829101562,677.8753051757812,89377200
2026-01-05,686.5399780273438,689.4299926757812,686.3800048828125,687.719970703125,682.3900756835938,71927200
2026-01-06,687.9299926757812,692.3200073242188,687.780029296875,691.8099975585938,686.4484252929688,69273800
2026-01-07,692.1900024414062,693.9600219726562,689.3200073242188,689.5800170898438,684.2356567382812,75588300
2026-01-08,688.8200073242188,690.6199951171875,687.489990234375,689.510009765625,684.1661987304688,64019200
2026-01-09,690.6300048828125,695.3099975585938,689.1799926757812,694.0700073242188,688.69091796875,80125500
2026-01-12,690.6799926757812,696.0900268554688,690.6300048828125,695.1599731445312,689.7723999023438,63976000
2026-01-13,695.489990234375,696.0900268554688,691.3499755859375,693.77001953125,688.3931884765625,78309700
2026-01-14,691.0,691.719970703125,686.0399780273438,690.3599853515625,685.009521484375,94676700
2026-01-15,694.5700073242188,695.4500122070312,691.25,692.239990234375,686.875,77862000
2026-01-16,693.6599731445312,694.25,690.0999755859375,691.6599731445312,686.299560546875,79289200
2026-01-20,681.489990234375,684.77001953125,676.5700073242188,677.5800170898438,672.3286743164062,111623300
2026-01-21,679.6500244140625,688.739990234375,678.1300048828125,685.4000244140625,680.088134765625,127844500
2026-01-22,689.8499755859375,691.1300048828125,686.9199829101562,688.97998046875,683.6402587890625,77112200
2026-01-23,688.1500244140625,690.9600219726562,687.1599731445312,689.22998046875,683.8883056640625,63059600
2026-01-26,690.489990234375,694.1300048828125,689.9199829101562,692.72998046875,687.3612060546875,60473800
2026-01-27,694.1799926757812,696.530029296875,693.5700073242188,695.489990234375,690.099853515625,55506100
2026-01-28,697.0499877929688,697.8400268554688,693.9400024414062,695.4199829101562,690.0303955078125,61172200
2026-01-29,696.3900146484375,697.0599975585938,684.8300170898438,694.0399780273438,688.6610717773438,97486200
2026-01-30,691.7899780273438,694.2100219726562,687.1199951171875,691.969970703125,686.6071166992188,101835100
2026-02-02,689.5800170898438,696.9299926757812,689.4199829101562,695.4099731445312,690.0203857421875,79286500
2026-02-03,696.2100219726562,696.9600219726562,684.030029296875,689.530029296875,684.18603515625,107904600
2026-02-04,690.3499755859375,691.4500122070312,681.760009765625,686.1900024414062,680.8719482421875,105204600
2026-02-05,680.9400024414062,683.6900024414062,675.7899780273438,677.6199951171875,672.3682861328125,113610800
2026-02-06,681.4600219726562,692.3099975585938,680.8499755859375,690.6199951171875,685.2676391601562,89127600
2026-02-09,689.4199829101562,695.8699951171875,688.3400268554688,693.9500122070312,688.5718383789062,73885200
2026-02-10,694.9500122070312,696.5399780273438,691.6599731445312,692.1199951171875,686.7559814453125,65185700
2026-02-11,696.3900146484375,697.1400146484375,689.1799926757812,691.9600219726562,686.5972290039062,76353900
2026-02-12,694.239990234375,695.3499755859375,680.3699951171875,681.27001953125,675.9900512695312,118829000
2026-02-13,681.6900024414062,686.280029296875,677.52001953125,681.75,676.4663696289062,96267500
2026-02-17,680.1400146484375,684.9400024414062,675.780029296875,682.8499755859375,677.5578002929688,81354700
2026-02-18,684.02001953125,689.1500244140625,682.8300170898438,686.2899780273438,680.9711303710938,73570300
2026-02-19,683.8400268554688,686.1799926757812,681.5499877929688,684.47998046875,679.1751098632812,58649400
2026-02-20,682.3200073242188,690.0599975585938,681.72998046875,689.4299926757812,684.0867919921875,100034000
2026-02-23,687.8300170898438,690.0,680.3699951171875,682.3900146484375,677.1013793945312,90558100
2026-02-24,681.9000244140625,688.3499755859375,680.0,687.3499755859375,682.02294921875,73798700
2026-02-25,690.1799926757812,693.6799926757812,690.0999755859375,693.1500244140625,687.7779541015625,56369500
2026-02-26,693.280029296875,693.2999877929688,684.3499755859375,689.2999877929688,683.957763671875,71671000
2026-02-27,683.0900268554688,686.8599853515625,681.6400146484375,685.989990234375,680.6734619140625,83308900
2026-03-02,678.7000122070312,688.6199951171875,678.02001953125,686.3800048828125,681.0604858398438,87477200
2026-03-03,675.0599975585938,682.6099853515625,669.6599731445312,680.3300170898438,675.057373046875,105003100
2026-03-04,681.6300048828125,687.0900268554688,679.6199951171875,685.1300048828125,679.8201904296875,79182200
2026-03-05,682.0800170898438,685.530029296875,675.6099853515625,681.3099975585938,676.0297241210938,106606500
2026-03-06,673.4099731445312,676.1099853515625,669.760009765625,672.3800048828125,667.1690063476562,100687000
2026-03-09,666.3900146484375,679.9199829101562,662.3900146484375,678.27001953125,673.0133056640625,102667700
2026-03-10,677.719970703125,683.3599853515625,674.760009765625,677.1799926757812,671.9317016601562,81505300
2026-03-11,677.5800170898438,680.0800170898438,673.3400268554688,676.3300170898438,671.08837890625,68441700
2026-03-12,671.1599731445312,671.6500244140625,665.8699951171875,666.0599975585938,660.89794921875,108882200
2026-03-13,669.27001953125,672.3400268554688,661.3599853515625,662.2899780273438,657.1571655273438,97200200
2026-03-16,668.3800048828125,672.0700073242188,667.1199951171875,669.030029296875,663.8449096679688,82023100
2026-03-17,672.3900146484375,674.4400024414062,669.7000122070312,670.7899780273438,665.5912475585938,87128000
2026-03-18,668.3599853515625,669.719970703125,661.1900024414062,661.4299926757812,656.3038330078125,82062600
2026-03-19,656.969970703125,662.97998046875,655.1699829101562,659.7999877929688,654.6864624023438,111272500
2026-03-20,656.510009765625,656.6900024414062,644.719970703125,648.5700073242188,645.3009643554688,163617500
2026-03-23,658.0700073242188,662.6199951171875,653.9400024414062,655.3800048828125,652.07666015625,134802700
2026-03-24,651.3200073242188,657.030029296875,649.8800048828125,653.1799926757812,649.8877563476562,96457500
2026-03-25,658.6699829101562,660.8900146484375,654.239990234375,656.8200073242188,653.5094604492188,90653800
2026-03-26,652.0599975585938,654.8499755859375,644.8200073242188,645.0900268554688,641.838623046875,96494400
2026-03-27,642.5,642.6599731445312,633.1099853515625,634.0900268554688,630.89404296875,103649400
2026-03-30,640.1099853515625,640.3699951171875,629.280029296875,631.969970703125,628.78466796875,99275900
2026-03-31,638.9400024414062,651.5399780273438,637.97998046875,650.3400268554688,647.0621337890625,152534100
2026-04-01,653.9000244140625,658.52001953125,653.0,655.239990234375,651.9373779296875,97841500
2026-04-02,646.4199829101562,658.2000122070312,645.1099853515625,655.8300170898438,652.5244750976562,68358700
2026-04-06,655.8599853515625,659.719970703125,655.52001953125,658.9299926757812,655.6087646484375,39105800
2026-04-07,656.6500244140625,659.6099853515625,651.0599975585938,659.219970703125,655.8972778320312,69980400
2026-04-08,676.3900146484375,677.0800170898438,671.4600219726562,676.010009765625,672.6027221679688,93606100
2026-04-09,674.8400268554688,681.1599731445312,673.77001953125,679.9099731445312,676.4830322265625,57134400
2026-04-10,681.3200073242188,682.030029296875,678.4500122070312,679.4600219726562,676.0353393554688,42253500
2026-04-13,677.4099731445312,686.2999877929688,676.5800170898438,686.0999755859375,682.6417846679688,54185800
2026-04-14,687.6900024414062,694.5800170898438,687.6599731445312,694.4600219726562,690.959716796875,63480500
2026-04-15,695.260009765625,700.280029296875,694.2000122070312,699.9400024414062,696.412109375,58240400
2026-04-16,701.0599975585938,702.780029296875,698.530029296875,701.6599731445312,698.1234130859375,49972400
2026-04-17,706.1400146484375,712.3900146484375,705.760009765625,710.1400146484375,706.5607299804688,70661900
2026-04-20,708.780029296875,709.9099731445312,706.1400146484375,708.719970703125,705.1477661132812,43546800
2026-04-21,710.280029296875,711.280029296875,702.6400146484375,704.0800170898438,700.53125,58941400
2026-04-22,709.1500244140625,711.4500122070312,708.219970703125,711.2100219726562,707.6253051757812,42518500
2026-04-23,709.5,712.3599853515625,702.280029296875,708.4500122070312,704.8792114257812,56174000
2026-04-24,710.75,714.469970703125,709.010009765625,713.9400024414062,710.3414916992188,45182000
2026-04-27,713.1699829101562,715.6300048828125,712.2999877929688,715.1699829101562,711.5653686523438,33135900
2026-04-28,711.8200073242188,712.8800048828125,709.25,711.6900024414062,708.1029052734375,43117400
2026-04-29,711.0,712.2000122070312,708.3699951171875,711.5800170898438,707.993408203125,41859200
2026-04-30,714.6300048828125,719.7899780273438,710.4500122070312,718.6599731445312,715.0377197265625,67240900
2026-05-01,721.25,724.8699951171875,720.469970703125,720.6500244140625,717.0177001953125,43049800
2026-05-04,720.0700073242188,722.1199951171875,714.989990234375,718.010009765625,714.3909912109375,51950600
2026-05-05,721.77001953125,725.0399780273438,721.489990234375,723.77001953125,720.1220092773438,36933200
2026-05-06,728.1599731445312,734.5900268554688,727.8200073242188,733.8300170898438,730.1312866210938,53288900
2026-05-07,735.0499877929688,736.1300048828125,729.75,731.5800170898438,727.8926391601562,51724600
2026-05-08,734.9299926757812,738.0800170898438,734.5700073242188,737.6199951171875,733.9021606445312,47227100
2026-05-11,736.4500122070312,740.7899780273438,736.4500122070312,739.2999877929688,735.5736694335938,44024000
2026-05-12,736.8900146484375,738.8400268554688,731.8300170898438,738.1799926757812,734.4593505859375,54185300
2026-05-13,738.469970703125,743.9099731445312,735.469970703125,742.3099975585938,738.5685424804688,44200200
2026-05-14,743.6500244140625,749.530029296875,743.5599975585938,748.1699829101562,744.3989868164062,45307600
2026-05-15,741.7899780273438,743.4600219726562,737.9600219726562,739.1699829101562,735.4443969726562,60410800
2026-05-18,739.8300170898438,741.4199829101562,733.3900146484375,738.6500244140625,734.927001953125,47843900
2026-05-19,734.780029296875,737.6500244140625,731.530029296875,733.72998046875,730.03173828125,54255900
2026-05-20,735.7100219726562,741.8699951171875,733.8900146484375,741.25,737.5138549804688,45768000
2026-05-21,738.6400146484375,744.8699951171875,737.030029296875,742.719970703125,738.9764404296875,43332200
2026-05-22,746.239990234375,748.9400024414062,744.47998046875,745.6400146484375,741.8817749023438,41762000
2026-05-26,750.010009765625,752.1300048828125,748.3699951171875,750.5900268554688,746.8068237304688,41123600
2026-05-27,750.8800048828125,751.3800048828125,748.219970703125,750.4600219726562,746.6774291992188,42106300
2026-05-28,750.25,755.1500244140625,749.22998046875,754.5999755859375,750.7965698242188,41562600
2026-05-29,755.9000244140625,758.0800170898438,754.6900024414062,756.47998046875,752.6671142578125,55075700
2026-06-01,755.3599853515625,760.280029296875,754.6900024414062,758.5399780273438,754.7166748046875,43634900
2026-06-02,757.030029296875,760.4000244140625,756.75,759.5700073242188,755.7415771484375,31581900
2026-06-03,758.1500244140625,758.7999877929688,753.5700073242188,754.239990234375,750.4384155273438,51402500
2026-06-04,752.0999755859375,758.3099975585938,751.469970703125,757.0900268554688,753.2740478515625,49923000
2026-06-05,752.3099975585938,752.8200073242188,735.530029296875,737.5499877929688,733.83251953125,93989400
2026-06-08,743.3599853515625,745.3400268554688,738.1900024414062,739.219970703125,735.4940795898438,49319100
2026-06-09,743.6300048828125,746.9000244140625,722.5900268554688,737.0499877929688,733.3350830078125,87683500
2026-06-10,733.3900146484375,738.3800048828125,725.3300170898438,725.4299926757812,721.7736206054688,60341300
2026-06-11,728.760009765625,740.0,724.4099731445312,737.760009765625,734.04150390625,86330500
2026-06-12,740.7100219726562,744.4400024414062,735.030029296875,741.75,738.0113525390625,57079500
2026-06-15,751.8499755859375,756.6799926757812,751.760009765625,754.8300170898438,751.0254516601562,60176400
2026-06-16,754.5499877929688,755.4400024414062,749.8800048828125,750.3300170898438,746.5481567382812,67093100
2026-06-17,751.2899780273438,752.1500244140625,739.219970703125,740.9600219726562,737.225341796875,85945200
2026-06-18,747.760009765625,748.22998046875,743.8599853515625,746.739990234375,744.8902587890625,80875700
2026-06-22,747.7000122070312,750.1799926757812,743.1300048828125,744.3900146484375,742.546142578125,46628100
2026-06-23,733.8099975585938,739.6300048828125,732.2999877929688,733.5800170898438,731.7628784179688,66846800
2026-06-24,735.1699829101562,739.9500122070312,730.8400268554688,733.239990234375,731.4237060546875,57439500
2026-06-25,738.9099731445312,739.3699951171875,729.5999755859375,734.2999877929688,732.4810791015625,53934400
2026-06-26,728.9500122070312,736.530029296875,716.5800170898438,728.989990234375,727.1842651367188,71034000
2026-06-29,736.530029296875,741.5599975585938,732.0900268554688,741.0,739.1644897460938,58035200
2026-06-30,741.2899780273438,748.02001953125,740.8900146484375,746.77001953125,744.9202270507812,55626000
2026-07-01,745.0,749.4400024414062,742.3800048828125,745.760009765625,743.9127197265625,47100900
2026-07-02,747.4000244140625,751.3099975585938,740.030029296875,744.780029296875,742.9351806640625,57447800
2026-07-06,748.739990234375,752.4099731445312,747.4099731445312,751.280029296875,749.4190673828125,50673300
2026-07-07,750.219970703125,750.9600219726562,745.2100219726562,747.7100219726562,745.85791015625,43721500
2026-07-08,743.1599731445312,746.1500244140625,739.510009765625,745.4000244140625,743.5536499023438,43767400
2026-07-09,747.3499755859375,751.969970703125,745.5900268554688,751.7100219726562,749.8480224609375,41441700
2026-07-10,752.0499877929688,755.4199829101562,748.0999755859375,754.9500122070312,753.0799560546875,42191300
2026-07-13,752.469970703125,753.9099731445312,748.0,749.1699829101562,747.3142700195312,44013600
2026-07-14,750.9099731445312,753.3400268554688,748.6599731445312,751.8300170898438,749.9677124023438,35143100
2026-07-15,754.239990234375,755.5800170898438,750.2000122070312,754.8099975585938,752.9403076171875,43844800
2026-07-16,752.760009765625,754.5700073242188,747.8800048828125,750.719970703125,748.8604125976562,46409800
2026-07-17,742.0800170898438,747.2899780273438,740.7999877929688,743.2899780273438,741.4487915039062,62651000
2026-07-20,747.0599975585938,748.72998046875,741.510009765625,742.0900268554688,740.2518310546875,50422300
2026-07-21,746.2899780273438,749.0399780273438,744.1799926757812,748.280029296875,746.426513671875,34324300
2026-07-22,746.6199951171875,750.02001953125,746.3699951171875,747.4099731445312,745.55859375,32836200
2026-07-23,739.3699951171875,742.5599975585938,735.2100219726562,738.1799926757812,736.3515014648438,55437300
2026-07-24,738.510009765625,743.719970703125,737.2899780273438,738.9299926757812,737.099609375,44782000
2026-07-27,744.9099731445312,745.530029296875,735.8699951171875,739.0900268554688,737.25927734375,41461200
2026-07-28,739.1900024414062,742.7899780273438,735.97998046875,740.8599853515625,739.0248413085938,47322200
2026-07-29,739.969970703125,742.6799926757812,729.0999755859375,729.4600219726562,727.6531372070312,70697200
2026-07-30,736.0499877929688,742.4500122070312,734.5900268554688,741.6900024414062,739.852783203125,66811300
2026-07-31,744.6799926757812,748.9000244140625,737.6799926757812,747.030029296875,745.1796264648438,62445900
2026-08-03,749.4400024414062,758.5800170898438,748.7999877929688,757.6699829101562,755.793212890625,59927500
2026-08-04,760.6300048828125,773.4099731445312,760.52001953125,771.3300170898438,769.4193725585938,69154800
2026-08-05,775.8499755859375,776.8499755859375,769.510009765625,769.7899780273438,767.8831787109375,44689100
2026-08-06,770.2100219726562,771.8200073242188,767.4600219726562,768.5599975585938,766.65625,38416900
2026-08-07,771.02001953125,773.9199829101562,769.6099853515625,773.260009765625,771.3446044921875,43586300
2026-08-10,772.5999755859375,775.0499877929688,771.6199951171875,773.030029296875,771.1151733398438,39249500
2026-08-11,774.530029296875,774.6099853515625,769.2000122070312,770.5599975585938,768.6513061523438,36740600
2026-08-12,774.7100219726562,774.9000244140625,771.280029296875,772.489990234375,770.5764770507812,33179100
2026-08-13,774.8699951171875,779.3699951171875,774.1099853515625,777.8800048828125,775.9531860351562,35634500
2026-08-14,778.5399780273438,778.7999877929688,775.4299926757812,776.3400268554688,774.4169921875,31367900
2026-08-17,776.1799926757812,776.780029296875,772.510009765625,772.6699829101562,770.7560424804688,34356600
2026-08-18,768.7000122070312,769.5,766.9199829101562,767.4500122070312,765.5490112304688,43920900
2026-08-19,770.3599853515625,772.469970703125,768.0999755859375,769.0599975585938,767.1549682617188,40306000
2026-08-20,765.9600219726562,768.1500244140625,762.0399780273438,762.5999755859375,760.7109985351562,45520300
2026-08-21,766.0499877929688,767.8499755859375,764.1699829101562,765.719970703125,763.8232421875,39188700
2026-08-24,764.780029296875,765.219970703125,762.0800170898438,763.469970703125,761.5787963867188,32430900
2026-08-25,766.1599731445312,766.780029296875,763.0499877929688,765.9099731445312,764.0127563476562,27422300
2026-08-26,764.72998046875,767.3499755859375,763.9299926757812,766.0800170898438,764.182373046875,28751600
2026-08-27,768.5,772.3599853515625,767.1599731445312,771.0999755859375,769.18994140625,34557100
2026-08-28,771.760009765625,775.2999877929688,768.3099975585938,769.3499755859375,767.4442749023438,36744300
2026-08-31,767.3300170898438,768.0,764.719970703125,767.0499877929688,765.1499633789062,38810800
2026-09-01,762.010009765625,764.6699829101562,759.47998046875,761.780029296875,759.89306640625,41126300
2026-09-02,762.4500122070312,766.4299926757812,761.72998046875,765.1599731445312,763.2646484375,29566200
2026-09-03,767.9000244140625,774.030029296875,767.4500122070312,773.1699829101562,771.2548217773438,43531600
2026-09-04,772.010009765625,772.8699951171875,769.0,770.1900024414062,768.2822265625,34054200
2026-09-08,769.0700073242188,769.7000122070312,765.1400146484375,765.9600219726562,764.0626831054688,44746100
2026-09-09,764.0800170898438,764.469970703125,760.9400024414062,762.4000244140625,760.5115356445312,32812400
2026-09-10,758.030029296875,760.1099853515625,756.6400146484375,757.8300170898438,755.9528198242188,42740400
2026-09-11,764.719970703125,766.3800048828125,763.5999755859375,764.2899780273438,762.3967895507812,45512700
2026-09-14,759.0,763.52001953125,757.9299926757812,760.8800048828125,758.9952392578125,43992400
2026-09-15,760.1199951171875,760.3499755859375,756.1500244140625,757.3900146484375,755.513916015625,46195000
2026-09-16,759.5,761.6699829101562,749.5999755859375,754.0499877929688,752.1821899414062,59217700
2026-09-17,763.1500244140625,763.5700073242188,759.9600219726562,762.5999755859375,760.7109985351562,49652800
2026-09-18,761.3099975585938,762.0,757.969970703125,761.6900024414062,761.6900024414062,65395100
2026-09-21,766.25,774.8900146484375,766.030029296875,773.5,773.5,50484700
2026-09-22,774.030029296875,775.1400146484375,772.5700073242188,773.3800048828125,773.3800048828125,34802300
2026-09-23,772.7899780273438,773.0499877929688,766.5,767.8099975585938,767.8099975585938,54931700
2026-09-24,764.0700073242188,768.9500122070312,763.25,767.1799926757812,767.1799926757812,43983700
2026-09-25,768.780029296875,772.280029296875,766.2899780273438,771.3499755859375,771.3499755859375,36666700
2026-09-28,768.3499755859375,769.5399780273438,763.719970703125,765.6099853515625,765.6099853515625,42694500
2026-09-29,766.8300170898438,766.97998046875,762.3499755859375,764.2000122070312,764.2000122070312,36910500
2026-09-30,766.4500122070312,769.4099731445312,762.1799926757812,762.6300048828125,762.6300048828125,62110000
2026-10-01,764.3599853515625,765.6500244140625,758.7899780273438,763.989990234375,763.989990234375,47708100
2026-10-02,770.5800170898438,772.6500244140625,767.1500244140625,769.6400146484375,769.6400146484375,46335300
2026-10-05,769.6900024414062,776.6099853515625,769.6300048828125,774.8300170898438,774.8300170898438,44840200
2026-10-06,778.1500244140625,781.6199951171875,777.9600219726562,779.0900268554688,779.0900268554688,36054300
2026-10-07,775.77001953125,779.0999755859375,773.6099853515625,777.219970703125,777.219970703125,30989200
2026-10-08,774.8599853515625,777.0900268554688,770.4400024414062,773.9299926757812,773.9299926757812,40351800
