Date,Open,High,Low,Close,Adj Close,Volume
1998-12-22,25.875,26.53125,25.875,26.5,13.79890251159668,150300
1998-12-23,26.796875,28.796875,26.6875,27.140625,14.132487297058105,44000
1998-12-24,27.140625,27.140625,27.0,27.09375,14.108078002929688,45500
1998-12-28,27.140625,27.15625,26.8125,26.9375,14.026715278625488,25400
1998-12-29,26.953125,27.5625,25.984375,27.53125,14.335882186889648,123500
1998-12-30,27.53125,27.609375,27.3125,27.359375,14.246383666992188,10200
1998-12-31,27.296875,27.421875,27.078125,27.15625,14.140616416931152,66300
1999-01-04,27.375,27.59375,26.734375,26.9375,14.026715278625488,50000
1999-01-05,27.09375,27.28125,27.015625,27.140625,14.132487297058105,27900
1999-01-06,27.328125,27.484375,27.15625,27.46875,14.303348541259766,118500
1999-01-07,27.265625,27.265625,26.953125,27.15625,14.140616416931152,43500
1999-01-08,27.15625,27.171875,26.625,27.046875,14.08366584777832,63800
1999-01-11,26.984375,26.984375,26.328125,26.5,13.79890251159668,65400
1999-01-12,26.484375,26.578125,26.25,26.296875,13.693132400512695,29400
1999-01-13,25.546875,26.484375,25.546875,26.34375,13.717537879943848,73800
1999-01-14,26.234375,26.328125,25.484375,25.84375,13.457183837890625,30800
1999-01-15,26.0625,26.21875,25.828125,26.125,13.603635787963867,39000
1999-01-19,26.328125,26.328125,25.65625,25.828125,13.449043273925781,39200
1999-01-20,25.984375,26.1875,25.78125,25.90625,13.489725112915039,480500
1999-01-21,25.796875,25.9375,25.359375,25.515625,13.2863187789917,42500
1999-01-22,25.359375,25.671875,25.21875,25.390625,13.221240043640137,75700
1999-01-25,25.390625,25.484375,25.109375,25.328125,13.18868350982666,179000
1999-01-26,25.34375,25.921875,25.296875,25.921875,13.49786376953125,85000
1999-01-27,26.171875,26.421875,26.09375,26.265625,13.676857948303223,50400
1999-01-28,26.296875,26.796875,26.265625,26.734375,13.920947074890137,57300
1999-01-29,26.8125,26.984375,26.4375,26.796875,13.953492164611816,167800
1999-02-01,26.984375,27.078125,26.671875,26.6875,13.896530151367188,57200
1999-02-02,26.78125,26.90625,26.53125,26.90625,14.01044750213623,81800
1999-02-03,26.78125,26.90625,26.546875,26.8125,13.961624145507812,65300
1999-02-04,26.703125,26.90625,26.5625,26.6875,13.896530151367188,34400
1999-02-05,26.6875,26.6875,26.25,26.28125,13.684993743896484,33000
1999-02-08,26.21875,26.375,26.015625,26.234375,13.660591125488281,83500
1999-02-09,26.171875,26.171875,25.71875,25.765625,13.416501998901367,44500
1999-02-10,25.890625,25.953125,25.625,25.953125,13.514139175415039,32000
1999-02-11,26.046875,26.40625,25.96875,26.390625,13.741950035095215,22400
1999-02-12,26.4375,26.515625,25.984375,26.171875,13.62803840637207,29600
1999-02-16,26.5,26.671875,26.40625,26.484375,13.790769577026367,37700
1999-02-17,26.46875,26.71875,26.03125,26.21875,13.65245246887207,26800
1999-02-18,26.3125,26.578125,26.265625,26.5,13.79890251159668,29400
1999-02-19,26.453125,26.625,26.34375,26.390625,13.741950035095215,30300
1999-02-22,26.5,27.125,26.421875,26.953125,14.034846305847168,183700
1999-02-23,26.984375,27.15625,26.78125,26.90625,14.01044750213623,35400
1999-02-24,27.09375,27.265625,26.59375,26.75,13.92907428741455,69000
1999-02-25,26.484375,26.625,26.078125,26.4375,13.766358375549316,28100
1999-02-26,26.375,26.59375,26.21875,26.515625,13.807035446166992,15100
1999-03-01,26.421875,26.515625,26.15625,26.390625,13.741950035095215,17500
1999-03-02,26.53125,26.703125,26.265625,26.3125,13.701262474060059,29700
1999-03-03,26.421875,26.421875,26.046875,26.3125,13.701262474060059,32000
1999-03-04,26.359375,26.71875,26.21875,26.671875,13.888401985168457,85300
1999-03-05,26.6875,27.234375,26.6875,27.078125,14.099936485290527,49100
1999-03-08,27.140625,27.203125,26.828125,27.203125,14.165031433105469,30700
1999-03-09,27.234375,27.390625,27.0,27.234375,14.18130111694336,23300
1999-03-10,27.125,27.125,26.84375,26.9375,14.026715278625488,32600
1999-03-11,27.140625,27.390625,27.015625,27.203125,14.165031433105469,55700
1999-03-12,27.453125,27.578125,27.25,27.4375,14.287073135375977,48100
1999-03-15,27.59375,27.875,27.5,27.671875,14.409112930297852,246400
1999-03-16,27.71875,27.953125,27.703125,27.796875,14.474199295043945,63700
1999-03-17,27.78125,27.78125,27.3125,27.328125,14.230113983154297,40900
1999-03-18,27.21875,27.796875,27.21875,27.796875,14.474199295043945,22300
1999-03-19,27.921875,27.921875,27.40625,27.625,14.41010856628418,174200
1999-03-22,27.484375,27.625,27.28125,27.609375,14.40195369720459,93400
1999-03-23,27.296875,27.484375,26.515625,26.828125,13.994425773620605,91600
1999-03-24,26.59375,26.859375,26.5,26.8125,13.986283302307129,46700
1999-03-25,27.0625,27.1875,26.765625,27.015625,14.092228889465332,46000
1999-03-26,26.765625,26.984375,26.703125,26.921875,14.043328285217285,20400
1999-03-29,27.1875,27.46875,27.1875,27.265625,14.222650527954102,18200
1999-03-30,26.71875,27.140625,26.71875,27.03125,14.100379943847656,45800
1999-03-31,27.234375,27.234375,26.40625,26.4375,13.790664672851562,45800
1999-04-01,26.71875,26.71875,26.375,26.484375,13.815119743347168,38500
1999-04-05,26.75,26.75,26.53125,26.625,13.88847541809082,32900
1999-04-06,26.421875,26.625,26.140625,26.328125,13.733613967895508,136600
1999-04-07,26.546875,26.546875,26.140625,26.296875,13.717314720153809,77800
1999-04-08,26.34375,26.96875,26.34375,26.90625,14.035189628601074,49100
1999-04-09,26.96875,27.125,26.640625,26.96875,14.067785263061523,61000
1999-04-12,27.0,27.546875,27.0,27.421875,14.304153442382812,28400
1999-04-13,27.625,27.671875,27.1875,27.515625,14.353056907653809,70200
1999-04-14,27.5,27.5,26.578125,26.6875,13.921075820922852,38700
1999-04-15,26.765625,26.765625,25.75,26.03125,13.578752517700195,292300
1999-04-16,26.15625,26.15625,25.875,26.140625,13.635807037353516,16800
1999-04-19,26.015625,26.1875,25.0,25.046875,13.06527042388916,71700
1999-04-20,25.3125,25.734375,25.125,25.515625,13.309782028198242,29400
1999-04-21,25.75,26.515625,25.609375,26.328125,13.733613967895508,92900
1999-04-22,26.3125,26.65625,26.296875,26.65625,13.904775619506836,29700
1999-04-23,26.671875,26.71875,26.390625,26.609375,13.880315780639648,16600
1999-04-26,26.625,26.625,26.234375,26.421875,13.782517433166504,51800
1999-04-27,26.71875,26.796875,26.453125,26.453125,13.798824310302734,39800
1999-04-28,26.28125,26.5625,25.59375,26.0625,13.595056533813477,110200
1999-04-29,26.109375,26.109375,25.75,25.859375,13.489104270935059,27100
1999-04-30,25.90625,25.96875,25.3125,25.515625,13.309782028198242,34700
1999-05-03,25.75,26.109375,25.59375,26.109375,13.619505882263184,46900
1999-05-04,26.25,26.3125,25.734375,25.890625,13.505393981933594,91200
1999-05-05,25.9375,26.140625,25.484375,26.140625,13.635807037353516,23500
1999-05-06,26.21875,26.25,25.734375,25.796875,13.456496238708496,28100
1999-05-07,25.796875,26.203125,25.75,26.015625,13.570606231689453,31900
1999-05-10,26.0,26.0,25.5625,25.609375,13.358696937561035,125400
1999-05-11,25.53125,26.0,25.53125,25.71875,13.41574478149414,59800
1999-05-12,25.703125,26.1875,25.671875,26.09375,13.611352920532227,38300
1999-05-13,26.25,26.3125,26.0,26.21875,13.67656135559082,173300
1999-05-14,25.734375,26.03125,25.515625,25.75,13.43204402923584,41600
1999-05-17,25.546875,25.96875,25.5,25.921875,13.521697044372559,36800
1999-05-18,25.921875,26.96875,25.359375,25.578125,13.342388153076172,95500
1999-05-19,25.703125,25.984375,25.625,25.9375,13.529851913452148,59400
1999-05-20,25.859375,26.171875,25.859375,26.0,13.56244945526123,150600
1999-05-21,25.953125,26.109375,25.734375,25.921875,13.521697044372559,78100
1999-05-24,25.765625,26.046875,25.25,25.25,13.17123031616211,20100
1999-05-25,25.328125,25.546875,25.0,25.0,13.040820121765137,33500
1999-05-26,25.21875,25.25,24.859375,25.0,13.040820121765137,67600
1999-05-27,24.78125,25.265625,24.765625,24.875,12.97561264038086,24400
1999-05-28,25.125,25.40625,25.0,25.25,13.17123031616211,16500
1999-06-01,25.296875,25.375,24.953125,25.34375,13.220125198364258,36700
1999-06-02,25.078125,25.328125,24.953125,24.953125,13.01636791229248,65200
1999-06-03,25.0,25.46875,25.0,25.1875,13.138625144958496,40600
1999-06-04,25.1875,26.0625,25.1875,26.0625,13.595056533813477,17400
1999-06-07,26.109375,26.109375,25.765625,25.84375,13.480950355529785,28400
1999-06-08,25.59375,25.828125,25.34375,25.484375,13.293482780456543,77100
1999-06-09,25.453125,25.671875,25.25,25.34375,13.220125198364258,18400
1999-06-10,25.0,25.234375,24.8125,24.875,12.97561264038086,71200
1999-06-11,25.25,25.3125,24.625,24.625,12.845203399658203,20400
1999-06-14,24.640625,24.84375,24.5625,24.703125,12.88596248626709,32300
1999-06-15,24.75,25.0,24.671875,24.765625,12.918567657470703,25600
1999-06-16,25.0,25.03125,24.71875,24.953125,13.01636791229248,46300
1999-06-17,24.875,25.375,24.875,25.15625,13.122322082519531,26300
1999-06-18,25.09375,25.15625,24.8125,25.046875,13.117414474487305,33600
1999-06-21,25.015625,25.015625,24.484375,24.765625,12.970123291015625,35900
1999-06-22,24.71875,25.0,24.71875,24.90625,13.043766975402832,85400
1999-06-23,24.609375,24.890625,24.515625,24.640625,12.904659271240234,17400
1999-06-24,24.546875,24.90625,24.5,24.5625,12.863741874694824,23000
1999-06-25,24.9375,25.0,24.40625,24.546875,12.855551719665527,149300
1999-06-28,24.84375,25.859375,24.515625,24.5625,12.863741874694824,21200
1999-06-29,24.625,25.21875,24.515625,25.0,13.092863082885742,46400
1999-06-30,25.21875,25.625,24.828125,25.59375,13.403816223144531,51000
1999-07-01,25.671875,25.96875,25.578125,25.78125,13.50201416015625,38400
1999-07-02,25.828125,26.0,25.71875,25.875,13.551115036010742,48500
1999-07-06,25.984375,26.234375,25.703125,25.859375,13.542932510375977,93000
1999-07-07,25.90625,25.921875,25.6875,25.75,13.485651969909668,17800
1999-07-08,25.484375,25.984375,25.484375,25.546875,13.379270553588867,34800
1999-07-09,25.90625,25.90625,25.625,25.671875,13.444743156433105,31900
1999-07-12,25.71875,25.75,25.546875,25.625,13.420182228088379,14300
1999-07-13,25.546875,26.0,25.46875,25.71875,13.46928596496582,22600
1999-07-14,25.75,25.890625,25.546875,25.640625,13.428373336791992,19100
1999-07-15,25.828125,26.21875,25.828125,25.921875,13.575665473937988,28000
1999-07-16,26.203125,26.203125,25.828125,25.875,13.551115036010742,23700
1999-07-19,26.25,26.25,25.59375,25.65625,13.436553955078125,33100
1999-07-20,25.984375,25.984375,25.328125,25.4375,13.321985244750977,35900
1999-07-21,25.625,25.71875,25.34375,25.546875,13.379270553588867,23700
1999-07-22,25.546875,25.65625,25.125,25.265625,13.231975555419922,24900
1999-07-23,25.21875,25.46875,25.0625,25.078125,13.133784294128418,37200
1999-07-26,25.15625,25.3125,25.015625,25.3125,13.256524085998535,82300
1999-07-27,25.421875,25.5625,25.09375,25.390625,13.297439575195312,38000
1999-07-28,25.234375,25.3125,25.03125,25.15625,13.174694061279297,20600
1999-07-29,25.0,25.0,24.546875,24.78125,12.978301048278809,115300
1999-07-30,24.78125,24.9375,24.625,24.640625,12.904659271240234,48700
1999-08-02,24.671875,24.96875,24.640625,24.640625,12.904659271240234,29600
1999-08-03,24.890625,24.953125,24.5625,24.828125,13.002857208251953,56300
1999-08-04,24.984375,24.984375,24.1875,24.375,12.765542984008789,57400
1999-08-05,24.375,24.5,23.859375,24.4375,12.798272132873535,85300
1999-08-06,24.28125,24.28125,23.796875,24.03125,12.585514068603516,18800
1999-08-09,24.125,24.1875,23.890625,23.96875,12.552790641784668,7400
1999-08-10,24.078125,24.078125,23.625,23.890625,12.511870384216309,29200
1999-08-11,23.96875,23.984375,23.5625,23.640625,12.380941390991211,38200
1999-08-12,23.734375,24.296875,23.734375,24.078125,12.610068321228027,27300
1999-08-13,24.3125,24.4375,24.109375,24.25,12.700080871582031,26200
1999-08-16,24.1875,24.5,24.171875,24.390625,12.773728370666504,37700
1999-08-17,24.53125,24.5625,24.234375,24.515625,12.839191436767578,24700
1999-08-18,24.515625,24.609375,24.171875,24.171875,12.659165382385254,33500
1999-08-19,24.015625,24.390625,24.015625,24.328125,12.740996360778809,15000
1999-08-20,24.265625,24.875,24.21875,24.8125,12.994668960571289,89300
1999-08-23,25.0,25.375,25.0,25.359375,13.281074523925781,56100
1999-08-24,25.09375,25.4375,25.09375,25.25,13.223801612854004,52800
1999-08-25,25.453125,26.0,25.359375,26.0,13.616579055786133,61900
1999-08-26,25.828125,26.046875,25.578125,25.578125,13.39564323425293,23800
1999-08-27,25.65625,25.828125,25.234375,25.25,13.223801612854004,66000
1999-08-30,25.375,25.5,25.125,25.28125,13.24015998840332,35700
1999-08-31,25.046875,25.375,24.890625,25.0625,13.12559986114502,14100
1999-09-01,24.984375,25.171875,24.828125,24.96875,13.076498985290527,19800
1999-09-02,24.96875,25.015625,24.625,24.9375,13.060139656066895,30000
1999-09-03,25.328125,25.5,25.203125,25.375,13.28925609588623,136200
1999-09-07,25.484375,25.5,25.046875,25.1875,13.191061973571777,225600
1999-09-08,25.046875,25.34375,24.921875,25.203125,13.19924545288086,63400
1999-09-09,24.875,25.03125,24.71875,24.84375,13.011034965515137,80300
1999-09-10,24.9375,25.125,24.75,24.875,13.027398109436035,32500
1999-09-13,24.875,24.875,24.625,24.84375,13.011034965515137,22200
1999-09-14,24.671875,24.671875,24.328125,24.4375,12.798272132873535,18400
1999-09-15,24.484375,24.84375,24.25,24.25,12.700080871582031,53700
1999-09-16,24.421875,24.421875,24.0,24.3125,12.732809066772461,44700
1999-09-17,24.375,24.578125,24.234375,24.296875,12.753477096557617,28100
1999-09-20,24.53125,24.5625,24.265625,24.390625,12.802688598632812,17200
1999-09-21,24.109375,24.21875,23.734375,23.96875,12.581250190734863,30400
1999-09-22,23.96875,24.109375,23.59375,23.953125,12.573040962219238,28000
1999-09-23,23.90625,23.90625,23.25,23.390625,12.277787208557129,43400
1999-09-24,23.328125,23.40625,23.0,23.265625,12.212175369262695,41800
1999-09-27,23.3125,23.5,23.1875,23.1875,12.171171188354492,30600
1999-09-28,23.265625,23.265625,22.53125,22.84375,11.990734100341797,117900
1999-09-29,22.59375,22.96875,22.25,22.25,11.679073333740234,95200
1999-09-30,22.703125,23.0,22.546875,22.75,11.941521644592285,25000
1999-10-01,22.8125,23.25,22.671875,23.125,12.138362884521484,67800
1999-10-04,23.375,23.484375,23.234375,23.390625,12.277787208557129,38300
1999-10-05,23.234375,23.53125,23.03125,23.109375,12.130166053771973,49200
1999-10-06,23.5625,24.015625,23.375,24.015625,12.605849266052246,36500
1999-10-07,23.8125,24.1875,23.734375,23.828125,12.507431983947754,43400
1999-10-08,24.125,24.71875,24.015625,24.46875,12.843700408935547,32600
1999-10-11,24.703125,24.703125,24.40625,24.5,12.860101699829102,49000
1999-10-12,24.4375,24.4375,24.0,24.03125,12.614047050476074,98600
1999-10-13,24.125,24.140625,23.546875,23.5625,12.368009567260742,19500
1999-10-14,23.421875,23.71875,23.265625,23.625,12.400809288024902,47100
1999-10-15,23.328125,23.328125,22.75,22.765625,11.949723243713379,68300
1999-10-18,22.984375,23.3125,22.859375,23.1875,12.171171188354492,15900
1999-10-19,23.828125,24.21875,23.65625,24.171875,12.687868118286133,88300
1999-10-20,24.203125,24.359375,23.921875,24.265625,12.737079620361328,186500
1999-10-21,24.125,24.4375,24.0625,24.4375,12.827291488647461,37800
1999-10-22,24.78125,24.78125,24.40625,24.59375,12.90931224822998,57100
1999-10-25,24.109375,24.640625,24.046875,24.3125,12.761679649353027,109900
1999-10-26,24.25,24.4375,23.78125,24.0,12.597644805908203,20100
1999-10-27,23.859375,24.296875,23.765625,24.296875,12.753477096557617,64900
1999-10-28,24.375,24.921875,24.375,24.734375,12.983126640319824,125200
1999-10-29,24.984375,25.28125,24.828125,24.828125,13.032333374023438,154600
1999-11-01,25.0625,25.1875,24.78125,24.875,13.056939125061035,116900
1999-11-02,24.640625,25.078125,24.390625,24.390625,12.802688598632812,276500
1999-11-03,24.65625,25.015625,24.65625,25.015625,13.130748748779297,92300
1999-11-04,25.3125,25.3125,24.796875,24.90625,13.073342323303223,36700
1999-11-05,25.15625,25.234375,24.90625,25.09375,13.171758651733398,55900
1999-11-08,24.90625,25.0625,24.8125,25.0625,13.15535831451416,22300
1999-11-09,25.171875,25.171875,24.515625,24.625,12.925715446472168,37900
1999-11-10,24.421875,24.75,24.421875,24.640625,12.933917045593262,33400
1999-11-11,24.640625,24.890625,24.546875,24.640625,12.933917045593262,26600
1999-11-12,24.640625,24.859375,24.4375,24.8125,13.024129867553711,31500
1999-11-15,24.703125,24.875,24.59375,24.703125,12.966719627380371,119600
1999-11-16,24.8125,25.171875,24.8125,25.171875,13.2127685546875,41100
1999-11-17,25.0,25.25,25.0,25.046875,13.147160530090332,45300
1999-11-18,24.984375,25.265625,24.859375,25.171875,13.2127685546875,99900
1999-11-19,25.109375,25.1875,24.828125,25.0,13.122549057006836,20800
1999-11-22,24.953125,25.375,24.9375,25.265625,13.261974334716797,39600
1999-11-23,25.3125,25.453125,25.109375,25.203125,13.22917652130127,33000
1999-11-24,25.375,25.5,25.15625,25.5,13.385007858276367,41400
1999-11-26,25.640625,25.640625,25.25,25.25,13.253778457641602,17200
1999-11-29,25.0625,25.359375,24.96875,25.234375,13.245572090148926,34200
1999-11-30,25.296875,25.296875,24.90625,24.90625,13.073342323303223,23500
1999-12-01,24.734375,24.953125,24.59375,24.8125,13.024129867553711,37500
1999-12-02,24.71875,24.9375,24.625,24.9375,13.089755058288574,64600
1999-12-03,24.796875,25.359375,24.796875,25.109375,13.179965019226074,93100
1999-12-06,24.875,24.921875,24.3125,24.390625,12.802688598632812,44700
1999-12-07,24.46875,24.46875,23.75,24.0,12.597644805908203,44600
1999-12-08,23.828125,23.9375,23.5,23.625,12.400809288024902,34600
1999-12-09,23.5625,23.796875,23.28125,23.59375,12.384413719177246,50700
1999-12-10,23.78125,23.78125,23.46875,23.71875,12.450019836425781,56700
1999-12-13,23.34375,23.546875,23.03125,23.21875,12.187570571899414,58800
1999-12-14,22.875,23.375,22.859375,23.1875,12.171171188354492,81200
1999-12-15,23.34375,23.625,23.078125,23.59375,12.384413719177246,88600
1999-12-16,23.359375,23.359375,22.90625,23.0,12.072752952575684,64100
1999-12-17,23.0,23.21875,22.875,23.0,12.108019828796387,1213100
1999-12-20,22.765625,22.953125,22.5,22.703125,11.951732635498047,905900
1999-12-21,22.765625,22.765625,22.390625,22.484375,11.836578369140625,1212300
1999-12-22,22.703125,23.09375,22.625,22.921875,12.066884994506836,750600
1999-12-23,23.125,23.46875,23.125,23.3125,12.272528648376465,431000
1999-12-27,23.53125,23.75,23.171875,23.46875,12.354787826538086,2693700
1999-12-28,23.421875,23.5625,23.171875,23.28125,12.256084442138672,75700
1999-12-29,23.25,23.421875,22.9375,23.0,12.108019828796387,62800
1999-12-30,23.046875,23.25,22.96875,23.015625,12.116240501403809,63400
1999-12-31,23.015625,23.1875,22.890625,23.03125,12.124473571777344,35400
2000-01-03,23.125,23.125,22.46875,22.75,11.976414680480957,634300
2000-01-04,22.3125,22.65625,22.078125,22.109375,11.639162063598633,172000
2000-01-05,22.265625,22.609375,22.09375,22.5,11.84479808807373,343600
2000-01-06,22.65625,23.0,22.484375,22.921875,12.066884994506836,420800
2000-01-07,23.328125,24.421875,23.265625,24.375,12.831869125366211,337100
2000-01-10,24.125,24.296875,23.734375,23.828125,12.543972969055176,451700
2000-01-11,23.9375,24.15625,23.765625,23.828125,12.543972969055176,142900
2000-01-12,24.0,24.1875,23.875,23.953125,12.609780311584473,84300
2000-01-13,24.09375,24.28125,23.765625,24.078125,12.675585746765137,233800
2000-01-14,24.46875,24.484375,23.875,24.15625,12.716705322265625,76100
2000-01-18,23.890625,24.046875,23.65625,23.75,12.502846717834473,218300
2000-01-19,23.859375,24.03125,23.703125,23.921875,12.593320846557617,137800
2000-01-20,24.046875,24.046875,23.390625,23.59375,12.420591354370117,425500
2000-01-21,23.734375,23.734375,23.125,23.328125,12.280754089355469,345000
2000-01-24,23.515625,23.515625,22.265625,22.65625,11.927053451538086,278200
2000-01-25,22.578125,22.65625,22.328125,22.375,11.778995513916016,85000
2000-01-26,22.515625,22.78125,22.421875,22.578125,11.885927200317383,385500
2000-01-27,22.578125,23.03125,22.390625,23.0,12.108019828796387,67800
2000-01-28,22.546875,23.03125,22.546875,22.8125,12.009309768676758,37100
2000-01-31,22.46875,23.234375,22.25,23.234375,12.231402397155762,195800
2000-02-01,23.046875,23.09375,22.640625,23.0,12.108019828796387,104000
2000-02-02,23.109375,23.171875,22.84375,23.046875,12.132695198059082,72700
2000-02-03,22.859375,23.03125,22.625,22.734375,11.96818733215332,87900
2000-02-04,23.109375,23.109375,22.609375,22.71875,11.959956169128418,137500
2000-02-07,22.625,22.8125,22.53125,22.6875,11.943509101867676,31600
2000-02-08,23.0,23.15625,22.84375,22.96875,12.091571807861328,314700
2000-02-09,22.984375,23.0,22.515625,22.765625,11.98463249206543,90900
2000-02-10,22.671875,22.671875,22.0,22.0,11.58158016204834,149100
2000-02-11,22.234375,22.234375,21.515625,21.578125,11.359496116638184,166800
2000-02-14,21.640625,21.859375,21.515625,21.6875,11.417069435119629,209200
2000-02-15,21.859375,22.1875,21.65625,22.171875,11.672067642211914,54500
2000-02-16,22.125,22.140625,21.6875,21.859375,11.50755500793457,315500
2000-02-17,21.875,22.0625,21.53125,21.53125,11.334822654724121,113700
2000-02-18,21.59375,21.625,21.0625,21.28125,11.20320987701416,191300
2000-02-22,21.46875,21.71875,21.109375,21.625,11.384166717529297,266600
2000-02-23,21.625,21.640625,21.109375,21.15625,11.13740348815918,103200
2000-02-24,21.171875,21.171875,20.453125,20.71875,10.907087326049805,166100
2000-02-25,20.578125,20.796875,20.09375,20.203125,10.635645866394043,258800
2000-02-28,20.453125,20.734375,20.109375,20.59375,10.841279983520508,222000
2000-02-29,20.734375,20.8125,20.5,20.515625,10.80015754699707,131300
2000-03-01,20.421875,20.625,20.25,20.328125,10.701443672180176,295500
2000-03-02,20.171875,20.46875,20.171875,20.375,10.726126670837402,1447500
2000-03-03,20.4375,20.5,20.1875,20.265625,10.668547630310059,220900
2000-03-06,20.078125,20.3125,19.78125,19.78125,10.413557052612305,315100
2000-03-07,19.203125,19.203125,18.34375,18.71875,9.854215621948242,224100
2000-03-08,18.9375,19.5,18.609375,19.296875,10.158562660217285,309900
2000-03-09,19.359375,19.96875,19.25,19.8125,10.430004119873047,1267300
2000-03-10,19.8125,20.0,19.4375,19.578125,10.306626319885254,1967700
2000-03-13,19.15625,19.578125,19.125,19.265625,10.142111778259277,1061900
2000-03-14,19.5,19.5,19.0,19.15625,10.084535598754883,552800
2000-03-15,19.171875,20.46875,19.03125,20.375,10.726126670837402,1582200
2000-03-16,21.0,21.625,20.75,21.25,11.186750411987305,580200
2000-03-17,21.625,21.640625,20.921875,21.09375,11.14015007019043,116000
2000-03-20,21.203125,21.203125,20.65625,20.90625,11.04112720489502,563400
2000-03-21,20.953125,21.296875,20.765625,21.296875,11.24742603302002,32600
2000-03-22,21.046875,21.1875,20.796875,21.125,11.156655311584473,132900
2000-03-23,21.109375,21.34375,20.84375,20.953125,11.06588363647461,126400
2000-03-24,21.0,21.15625,20.515625,20.578125,10.867835998535156,231100
2000-03-27,20.78125,20.78125,20.296875,20.3125,10.727554321289062,52200
2000-03-28,20.296875,20.65625,20.25,20.546875,10.851325035095215,71600
2000-03-29,20.6875,21.125,20.5625,21.046875,11.11539363861084,36200
2000-03-30,20.96875,21.5,20.96875,21.328125,11.263931274414062,62200
2000-03-31,21.0,21.5,20.9375,21.21875,11.206162452697754,439800
2000-04-03,21.625,22.1875,21.359375,22.1875,11.717788696289062,76600
2000-04-04,22.0625,23.0,21.921875,22.8125,12.047866821289062,823600
2000-04-05,22.75,22.75,22.34375,22.5,11.882821083068848,38800
2000-04-06,22.25,22.4375,21.828125,22.09375,11.668272018432617,55100
2000-04-07,22.28125,22.3125,21.75,21.8125,11.51973819732666,169700
2000-04-10,22.03125,22.453125,21.875,22.359375,11.808560371398926,55200
2000-04-11,22.5625,22.875,22.34375,22.75,12.014859199523926,60900
2000-04-12,22.859375,23.46875,22.671875,23.015625,12.15513801574707,76500
2000-04-13,22.5,23.0,22.453125,22.859375,12.07261848449707,506700
2000-04-14,22.1875,22.5625,21.546875,21.734375,11.478480339050293,62900
2000-04-17,22.328125,22.359375,21.71875,22.359375,11.808560371398926,139500
2000-04-18,22.0,22.5,22.0,22.5,11.882821083068848,129000
2000-04-19,22.609375,23.0,22.25,22.765625,12.023110389709473,39500
2000-04-20,22.703125,22.921875,22.59375,22.75,12.014859199523926,14300
2000-04-24,22.75,23.46875,22.75,23.375,12.344942092895508,75300
2000-04-25,23.375,23.4375,23.0,23.265625,12.287171363830566,51400
2000-04-26,23.3125,23.3125,22.796875,23.0,12.146892547607422,39100
2000-04-27,22.703125,23.0,22.671875,23.0,12.146892547607422,27900
2000-04-28,22.9375,22.9375,22.28125,22.34375,11.80030632019043,56400
2000-05-01,22.5,22.8125,22.15625,22.625,11.948843002319336,21200
2000-05-02,22.59375,22.78125,22.390625,22.6875,11.981847763061523,19000
2000-05-03,22.9375,22.96875,22.5,22.6875,11.981847763061523,309800
2000-05-04,22.75,22.9375,22.515625,22.6875,11.981847763061523,30600
2000-05-05,22.625,23.21875,22.625,23.21875,12.262419700622559,11600
2000-05-08,23.328125,23.703125,23.203125,23.703125,12.518227577209473,277200
2000-05-09,23.765625,23.8125,23.46875,23.8125,12.575990676879883,975200
2000-05-10,23.65625,23.71875,23.3125,23.65625,12.493467330932617,87000
2000-05-11,23.515625,23.703125,23.375,23.625,12.476968765258789,28800
2000-05-12,23.578125,23.578125,23.15625,23.3125,12.311928749084473,26400
2000-05-15,23.296875,23.984375,23.296875,23.890625,12.617254257202148,188200
2000-05-16,23.96875,23.96875,23.5,23.78125,12.55948543548584,1201000
2000-05-17,23.625,23.9375,23.625,23.859375,12.600747108459473,19000
2000-05-18,23.71875,23.984375,23.71875,23.8125,12.575990676879883,12100
2000-05-19,23.625,23.984375,23.53125,23.984375,12.666770935058594,17800
2000-05-22,23.84375,24.1875,23.5625,23.90625,12.625499725341797,41400
2000-05-23,23.6875,23.875,23.625,23.78125,12.55948543548584,17700
2000-05-24,24.03125,24.375,23.90625,24.296875,12.83179759979248,24700
2000-05-25,24.078125,24.34375,23.96875,24.234375,12.798797607421875,85400
2000-05-26,24.265625,24.453125,24.0625,24.3125,12.840055465698242,35500
2000-05-30,24.359375,24.359375,23.84375,24.171875,12.76578426361084,161300
2000-05-31,23.9375,24.28125,23.9375,23.9375,12.642008781433105,84900
2000-06-01,24.171875,24.4375,23.40625,24.0,12.67501163482666,96400
2000-06-02,24.0,24.015625,23.125,23.171875,12.237661361694336,1366300
2000-06-05,23.15625,23.421875,23.015625,23.140625,12.22115707397461,30800
2000-06-06,23.25,23.40625,23.03125,23.21875,12.262419700622559,32000
2000-06-07,23.578125,23.765625,23.359375,23.46875,12.394452095031738,38200
2000-06-08,23.46875,23.53125,23.078125,23.46875,12.394452095031738,40100
2000-06-09,23.359375,23.828125,23.359375,23.734375,12.534733772277832,85500
2000-06-12,23.578125,23.9375,23.5,23.703125,12.518227577209473,12700
2000-06-13,23.609375,24.21875,23.609375,23.96875,12.658519744873047,150000
2000-06-14,24.25,24.5,24.203125,24.28125,12.823552131652832,139100
2000-06-15,24.609375,24.734375,24.375,24.734375,13.062857627868652,144900
2000-06-16,24.703125,24.703125,24.21875,24.21875,12.820088386535645,24400
2000-06-19,24.265625,24.5,24.09375,24.265625,12.844893455505371,51500
2000-06-20,24.25,24.25,23.84375,23.84375,12.621581077575684,86100
2000-06-21,24.0,24.3125,23.96875,24.3125,12.869715690612793,96300
2000-06-22,24.0625,24.0625,23.71875,23.78125,12.588495254516602,48000
2000-06-23,23.84375,24.09375,23.828125,24.0625,12.737377166748047,87200
2000-06-26,23.9375,24.59375,23.9375,24.375,12.902795791625977,39900
2000-06-27,24.390625,24.75,24.390625,24.75,13.101303100585938,74100
2000-06-28,24.734375,24.75,24.3125,24.75,13.101303100585938,104300
2000-06-29,24.6875,25.03125,24.625,24.96875,13.217095375061035,42600
2000-06-30,24.78125,25.234375,24.59375,25.234375,13.357702255249023,111900
2000-07-03,25.078125,25.28125,24.90625,25.28125,13.382516860961914,59500
2000-07-05,25.453125,25.609375,25.203125,25.34375,13.41560173034668,72900
2000-07-06,25.46875,25.65625,25.21875,25.375,13.432149887084961,123700
2000-07-07,25.3125,25.3125,25.046875,25.203125,13.34115982055664,22300
2000-07-10,25.296875,25.4375,25.09375,25.4375,13.465221405029297,47900
2000-07-11,25.1875,25.46875,25.1875,25.453125,13.473495483398438,19700
2000-07-12,25.421875,25.421875,24.9375,24.9375,13.200557708740234,219900
2000-07-13,25.0,25.0,24.375,24.5625,13.00205135345459,53400
2000-07-14,24.40625,24.40625,23.96875,24.28125,12.853175163269043,39900
2000-07-17,24.28125,24.71875,24.140625,24.40625,12.919341087341309,55600
2000-07-18,24.640625,24.640625,24.296875,24.4375,12.93587875366211,114900
2000-07-19,24.59375,24.59375,24.28125,24.46875,12.952421188354492,37200
2000-07-20,24.3125,24.453125,24.0625,24.0625,12.737377166748047,11500
2000-07-21,24.078125,24.3125,24.03125,24.125,12.770456314086914,49100
2000-07-24,24.375,24.71875,24.375,24.625,13.035130500793457,210100
2000-07-25,24.03125,24.375,24.03125,24.1875,12.803545951843262,94600
2000-07-26,24.125,24.4375,24.03125,24.203125,12.811819076538086,36500
2000-07-27,24.234375,24.59375,24.171875,24.375,12.902795791625977,29600
2000-07-28,24.578125,24.6875,24.375,24.578125,13.010330200195312,106300
2000-07-31,24.5,24.578125,24.21875,24.3125,12.869715690612793,52000
2000-08-01,24.421875,25.125,24.421875,25.125,13.299809455871582,691600
2000-08-02,24.90625,25.28125,24.90625,25.109375,13.29153823852539,44500
2000-08-03,25.1875,25.34375,25.0625,25.25,13.365976333618164,67000
2000-08-04,25.15625,25.15625,24.765625,25.0625,13.26672077178955,60300
2000-08-07,25.03125,25.0625,24.75,24.75,13.101303100585938,25900
2000-08-08,24.625,25.0,24.625,24.859375,13.15919303894043,28300
2000-08-09,24.5625,25.046875,23.8125,23.84375,12.621581077575684,101500
2000-08-10,23.875,24.3125,23.875,24.265625,12.844893455505371,28700
2000-08-11,24.265625,24.65625,24.265625,24.4375,12.93587875366211,253300
2000-08-14,24.515625,24.609375,24.40625,24.515625,12.977235794067383,15600
2000-08-15,24.46875,24.75,24.46875,24.46875,12.952421188354492,30700
2000-08-16,24.46875,24.78125,24.46875,24.71875,13.084763526916504,17800
2000-08-17,24.8125,24.828125,24.5,24.578125,13.010330200195312,120100
2000-08-18,24.46875,24.46875,24.25,24.28125,12.853175163269043,18200
2000-08-21,24.4375,24.71875,24.4375,24.53125,12.985499382019043,19200
2000-08-22,24.546875,24.6875,24.4375,24.4375,12.93587875366211,8700
2000-08-23,24.3125,24.625,24.3125,24.59375,13.018598556518555,138200
2000-08-24,24.40625,24.59375,24.375,24.4375,12.93587875366211,11300
2000-08-25,24.5,24.53125,24.3125,24.53125,12.985499382019043,13300
2000-08-28,24.515625,24.71875,24.390625,24.453125,12.944147109985352,20300
2000-08-29,24.125,24.3125,24.0625,24.078125,12.745645523071289,30000
2000-08-30,23.96875,24.15625,23.875,23.96875,12.687760353088379,20500
2000-08-31,23.953125,24.15625,23.953125,24.015625,12.712562561035156,39000
2000-09-01,24.0625,24.1875,23.875,23.875,12.638117790222168,750400
2000-09-05,23.9375,23.9375,23.4375,23.796875,12.596773147583008,905400
2000-09-06,23.78125,23.78125,23.25,23.5,12.439620971679688,65100
2000-09-07,23.375,23.75,23.375,23.71875,12.555410385131836,41100
2000-09-08,23.578125,23.875,23.578125,23.703125,12.547142028808594,2931200
2000-09-11,23.75,23.875,23.65625,23.8125,12.605036735534668,1523600
2000-09-12,23.828125,24.0,23.71875,24.0,12.704292297363281,1444100
2000-09-13,24.015625,24.1875,23.9375,24.0,12.704292297363281,50100
2000-09-14,23.84375,24.0,23.625,23.75,12.571950912475586,55900
2000-09-15,23.75,23.875,23.5,23.625,12.55335807800293,194400
2000-09-18,23.46875,23.75,23.46875,23.65625,12.569962501525879,88400
2000-09-19,23.46875,23.78125,23.46875,23.6875,12.586568832397461,29800
2000-09-20,23.484375,23.5625,23.25,23.5,12.486939430236816,30900
2000-09-21,23.5,24.1875,23.5,24.125,12.819035530090332,35000
2000-09-22,24.5625,24.9375,24.40625,24.9375,13.250764846801758,54800
2000-09-25,24.59375,24.8125,24.546875,24.71875,13.134530067443848,60300
2000-09-26,24.46875,24.6875,24.328125,24.5,13.018293380737305,41100
2000-09-27,24.40625,24.703125,24.328125,24.515625,13.026598930358887,23300
2000-09-28,24.703125,25.09375,24.640625,24.890625,13.225858688354492,51500
2000-09-29,25.15625,25.25,24.953125,24.984375,13.275675773620605,71100
2000-10-02,24.828125,25.03125,24.703125,24.9375,13.250764846801758,22000
2000-10-03,24.9375,25.15625,24.6875,24.9375,13.250764846801758,15600
2000-10-04,24.984375,24.984375,24.578125,24.734375,13.142839431762695,6500
2000-10-05,24.9375,25.34375,24.84375,25.3125,13.45002555847168,542600
2000-10-06,25.359375,25.40625,24.8125,25.171875,13.375307083129883,20000
2000-10-09,25.09375,25.25,24.90625,25.0625,13.317185401916504,105100
2000-10-10,25.109375,25.59375,25.0625,25.421875,13.508147239685059,45600
2000-10-11,25.5625,25.75,25.34375,25.390625,13.49153995513916,84400
2000-10-12,25.3125,25.671875,25.125,25.546875,13.574565887451172,24800
2000-10-13,25.5,25.5,25.0,25.234375,13.408514976501465,47700
2000-10-16,25.265625,25.59375,25.25,25.59375,13.599469184875488,16600
2000-10-17,25.546875,25.921875,25.546875,25.8125,13.71570110321045,20600
2000-10-18,25.5625,25.84375,25.34375,25.796875,13.707402229309082,60800
2000-10-19,25.078125,25.5,25.015625,25.328125,13.458335876464844,24200
2000-10-20,25.1875,25.53125,25.15625,25.5,13.549647331237793,16900
2000-10-23,25.40625,26.0,25.40625,25.765625,13.690799713134766,30800
2000-10-24,25.671875,25.875,25.5,25.84375,13.73231315612793,26100
2000-10-25,25.96875,26.609375,25.96875,26.453125,14.056107521057129,39200
2000-10-26,26.15625,26.609375,26.125,26.5,14.081014633178711,184500
2000-10-27,26.234375,26.296875,25.890625,26.203125,13.923266410827637,17200
2000-10-30,26.453125,26.84375,26.25,26.8125,14.247063636779785,40400
2000-10-31,26.75,26.75,26.28125,26.71875,14.197251319885254,53500
2000-11-01,26.75,26.84375,26.453125,26.6875,14.180641174316406,39100
2000-11-02,26.625,26.640625,26.34375,26.484375,14.072715759277344,33700
2000-11-03,26.546875,26.546875,26.28125,26.34375,13.997993469238281,26700
2000-11-06,26.265625,26.953125,26.25,26.84375,14.263675689697266,118500
2000-11-07,26.984375,26.984375,26.5,26.578125,14.122526168823242,38500
2000-11-08,27.03125,27.359375,26.984375,27.1875,14.446329116821289,37100
2000-11-09,27.171875,27.265625,26.5,27.21875,14.462933540344238,57300
2000-11-10,27.234375,27.59375,27.015625,27.359375,14.5376558303833,107100
2000-11-13,27.171875,27.171875,26.34375,26.546875,14.105925559997559,45700
2000-11-14,26.484375,26.984375,26.25,26.875,14.28027629852295,32700
2000-11-15,26.9375,27.09375,26.6875,26.9375,14.313484191894531,175100
2000-11-16,26.96875,27.21875,26.8125,27.0,14.346700668334961,18800
2000-11-17,27.015625,27.3125,26.765625,27.0,14.346700668334961,27400
2000-11-20,27.0,27.125,26.875,26.921875,14.305180549621582,39600
2000-11-21,27.09375,27.40625,27.078125,27.375,14.545952796936035,37100
2000-11-22,27.0,27.5,27.0,27.28125,14.496129035949707,49900
2000-11-24,27.25,27.25,26.84375,27.0,14.346700668334961,25000
2000-11-27,27.109375,27.703125,26.875,27.546875,14.637284278869629,58500
2000-11-28,27.5625,27.9375,27.546875,27.84375,14.79503059387207,64600
2000-11-29,27.671875,28.3125,27.671875,28.125,14.944478034973145,66700
2000-11-30,28.34375,28.515625,27.640625,27.640625,14.687097549438477,472400
2000-12-01,27.53125,27.53125,27.046875,27.234375,14.471230506896973,57800
2000-12-04,27.1875,27.84375,27.15625,27.75,14.74521541595459,77400
2000-12-05,27.75,27.875,27.234375,27.53125,14.628981590270996,51900
2000-12-06,27.4375,27.53125,26.609375,27.0,14.346700668334961,65600
2000-12-07,27.25,27.40625,27.03125,27.390625,14.554256439208984,45100
2000-12-08,26.875,27.5,26.875,27.28125,14.496129035949707,62700
2000-12-11,27.03125,27.359375,26.890625,26.90625,14.296878814697266,66300
2000-12-12,26.859375,27.28125,26.859375,27.015625,14.354992866516113,20600
2000-12-13,27.09375,27.6875,27.09375,27.625,14.678791046142578,44000
2000-12-14,27.625,27.65625,27.34375,27.421875,14.570865631103516,21400
2000-12-15,27.375,27.375,27.09375,27.21875,14.505248069763184,31500
2000-12-18,27.015625,27.4375,27.015625,27.375,14.58852767944336,27300
2000-12-19,27.609375,28.0,27.484375,27.640625,14.73006820678711,47400
2000-12-20,27.75,28.109375,27.609375,27.703125,14.763381004333496,50000
2000-12-21,27.5,27.75,27.46875,27.609375,14.713418960571289,44300
2000-12-22,27.4375,27.546875,27.234375,27.5,14.655130386352539,60600
2000-12-26,27.5,28.0625,27.5,28.046875,14.946563720703125,51400
2000-12-27,27.921875,28.640625,27.921875,28.234375,15.046485900878906,37100
2000-12-28,28.53125,28.703125,28.375,28.65625,15.271313667297363,55900
2000-12-29,28.5625,28.875,28.5625,28.5625,15.221351623535156,34400
2001-01-02,28.625,28.75,28.046875,28.1875,15.021505355834961,164200
2001-01-03,28.359375,28.359375,26.890625,26.890625,14.3303861618042,316800
2001-01-04,26.125,26.328125,25.5,25.828125,13.764161109924316,271500
2001-01-05,25.875,26.34375,25.6875,26.0,13.855754852294922,64300
2001-01-08,26.0625,26.328125,25.9375,26.171875,13.947352409362793,39600
2001-01-09,26.0625,26.6875,26.0625,26.453125,14.097240447998047,56200
2001-01-10,26.65625,26.65625,26.0625,26.296875,14.01396369934082,36500
2001-01-11,26.125,26.1875,25.625,25.78125,13.73918342590332,49300
2001-01-12,25.640625,26.0,25.640625,25.75,13.722529411315918,69400
2001-01-16,25.78125,26.34375,25.703125,26.109375,13.914047241210938,139600
2001-01-17,25.9375,26.09375,25.703125,25.8125,13.755836486816406,56100
2001-01-18,25.78125,26.34375,25.78125,26.015625,13.864086151123047,63900
2001-01-19,26.0,26.0,25.625,25.8125,13.755836486816406,338600
2001-01-22,26.03125,26.1875,25.859375,25.96875,13.839105606079102,35000
2001-01-23,25.890625,26.21875,25.765625,26.140625,13.93069839477539,40200
2001-01-24,26.125,26.125,25.765625,26.046875,13.880746841430664,76600
2001-01-25,26.125,26.59375,26.015625,26.59375,14.1721773147583,53600
2001-01-26,26.734375,26.8125,26.328125,26.328125,14.030616760253906,45900
2001-01-29,26.610000610351562,26.6299991607666,26.030000686645508,26.110000610351562,13.914375305175781,48200
2001-01-30,26.18000030517578,26.450000762939453,26.010000228881836,26.40999984741211,14.074247360229492,59500
2001-01-31,26.5,26.549999237060547,26.0,26.479999542236328,14.111559867858887,139900
2001-02-01,26.6200008392334,26.850000381469727,26.5,26.709999084472656,14.234125137329102,53900
2001-02-02,27.049999237060547,27.049999237060547,26.760000228881836,26.8799991607666,14.324721336364746,63600
2001-02-05,27.020000457763672,27.100000381469727,26.84000015258789,26.860000610351562,14.314069747924805,108900
2001-02-06,27.040000915527344,27.049999237060547,26.799999237060547,26.979999542236328,14.378012657165527,90700
2001-02-07,27.100000381469727,27.200000762939453,26.889999389648438,27.030000686645508,14.404653549194336,34200
2001-02-08,26.950000762939453,27.149999618530273,26.8799991607666,26.950000762939453,14.362028121948242,62800
2001-02-09,27.149999618530273,27.25,27.0,27.170000076293945,14.479275703430176,1596600
2001-02-12,27.299999237060547,27.459999084472656,27.110000610351562,27.399999618530273,14.601838111877441,26800
2001-02-13,27.399999618530273,27.399999618530273,26.93000030517578,27.030000686645508,14.404653549194336,116400
2001-02-14,26.81999969482422,26.899999618530273,26.56999969482422,26.780000686645508,14.271431922912598,108800
2001-02-15,26.600000381469727,26.649999618530273,26.299999237060547,26.540000915527344,14.143535614013672,62800
2001-02-16,26.520000457763672,26.670000076293945,26.350000381469727,26.6299991607666,14.191490173339844,34900
2001-02-20,26.770000457763672,26.899999618530273,26.559999465942383,26.760000228881836,14.260772705078125,29000
2001-02-21,26.75,26.959999084472656,26.600000381469727,26.68000030517578,14.218145370483398,36300
2001-02-22,26.709999084472656,26.739999771118164,26.190000534057617,26.479999542236328,14.111559867858887,128700
2001-02-23,26.170000076293945,26.3799991607666,25.920000076293945,26.280000686645508,14.004979133605957,102800
2001-02-26,26.0,26.530000686645508,25.950000762939453,26.530000686645508,14.138202667236328,63500
2001-02-27,26.309999465942383,26.6299991607666,26.309999465942383,26.549999237060547,14.148865699768066,27400
2001-02-28,26.65999984741211,26.84000015258789,26.399999618530273,26.639999389648438,14.19682502746582,20300
2001-03-01,26.639999389648438,26.65999984741211,26.270000457763672,26.389999389648438,14.063591003417969,43600
2001-03-02,26.579999923706055,26.649999618530273,26.420000076293945,26.639999389648438,14.19682502746582,219200
2001-03-05,26.3799991607666,26.56999969482422,26.200000762939453,26.540000915527344,14.143535614013672,20400
2001-03-06,26.399999618530273,26.459999084472656,25.940000534057617,26.0,13.855754852294922,45800
2001-03-07,26.09000015258789,26.1299991607666,25.559999465942383,25.829999923706055,13.765156745910645,44300
2001-03-08,25.75,26.200000762939453,25.75,26.049999237060547,13.882406234741211,89800
2001-03-09,26.0,26.3799991607666,26.0,26.209999084472656,13.967672348022461,40500
2001-03-12,25.899999618530273,26.149999618530273,25.399999618530273,25.399999618530273,13.536011695861816,35600
2001-03-13,25.18000030517578,25.299999237060547,24.81999969482422,25.270000457763672,13.466733932495117,153600
2001-03-14,24.719999313354492,25.190000534057617,24.549999237060547,24.649999618530273,13.136323928833008,221500
2001-03-15,24.850000381469727,24.850000381469727,24.450000762939453,24.68000030517578,13.152307510375977,20100
2001-03-16,24.610000610351562,24.68000030517578,24.100000381469727,24.309999465942383,12.993040084838867,42600
2001-03-19,24.200000762939453,24.6200008392334,24.200000762939453,24.59000015258789,13.142699241638184,88800
2001-03-20,24.549999237060547,24.649999618530273,24.0,24.0,12.827351570129395,318400
2001-03-21,23.920000076293945,24.079999923706055,23.34000015258789,23.399999618530273,12.506669044494629,142600
2001-03-22,23.0,23.15999984741211,22.520000457763672,23.15999984741211,12.378395080566406,57400
2001-03-23,23.399999618530273,23.780000686645508,23.1299991607666,23.709999084472656,12.672361373901367,35200
2001-03-26,23.950000762939453,24.149999618530273,23.75,24.030000686645508,12.843390464782715,43900
2001-03-27,24.040000915527344,24.56999969482422,24.040000915527344,24.56999969482422,13.131998062133789,30300
2001-03-28,24.229999542236328,24.790000915527344,24.229999542236328,24.639999389648438,13.16942024230957,19300
2001-03-29,24.760000228881836,25.020000457763672,24.479999542236328,24.700000762939453,13.2014799118042,34400
2001-03-30,24.829999923706055,24.940000534057617,24.59000015258789,24.719999313354492,13.212180137634277,12900
2001-04-02,24.799999237060547,24.829999923706055,24.229999542236328,24.389999389648438,13.035794258117676,77500
2001-04-03,24.25,24.469999313354492,23.84000015258789,23.940000534057617,12.795292854309082,38200
2001-04-04,23.850000381469727,24.280000686645508,23.81999969482422,24.25,12.960972785949707,18800
2001-04-05,24.440000534057617,24.600000381469727,24.149999618530273,24.5,13.09458065032959,24200
2001-04-06,24.450000762939453,24.6200008392334,24.200000762939453,24.420000076293945,13.051831245422363,24800
2001-04-09,24.700000762939453,24.75,24.40999984741211,24.6299991607666,13.164072036743164,25300
2001-04-10,24.81999969482422,24.81999969482422,24.399999618530273,24.600000381469727,13.148039817810059,25100
2001-04-11,24.3799991607666,24.3799991607666,23.850000381469727,24.1299991607666,12.896838188171387,31300
2001-04-12,24.219999313354492,24.469999313354492,24.079999923706055,24.450000762939453,13.067862510681152,19100
2001-04-16,24.450000762939453,24.700000762939453,24.329999923706055,24.450000762939453,13.067862510681152,13600
2001-04-17,24.520000457763672,24.989999771118164,24.520000457763672,24.989999771118164,13.356480598449707,37900
2001-04-18,25.020000457763672,25.100000381469727,24.559999465942383,24.75,13.228203773498535,19700
2001-04-19,24.600000381469727,24.649999618530273,24.399999618530273,24.649999618530273,13.174760818481445,53600
2001-04-20,24.489999771118164,24.5,24.18000030517578,24.3799991607666,13.030450820922852,25000
2001-04-23,24.75,24.75,24.360000610351562,24.5,13.09458065032959,32800
2001-04-24,24.450000762939453,24.540000915527344,24.049999237060547,24.049999237060547,12.854073524475098,16300
2001-04-25,24.1200008392334,24.75,24.1200008392334,24.690000534057617,13.19614028930664,68100
2001-04-26,24.649999618530273,24.93000030517578,24.5,24.920000076293945,13.31906509399414,132600
2001-04-27,24.950000762939453,25.170000076293945,24.760000228881836,25.059999465942383,13.393887519836426,29600
2001-04-30,25.399999618530273,25.530000686645508,25.200000762939453,25.200000762939453,13.468724250793457,40200
2001-05-01,25.309999465942383,25.579999923706055,25.200000762939453,25.479999542236328,13.618370056152344,23000
2001-05-02,25.450000762939453,25.450000762939453,25.1299991607666,25.329999923706055,13.538203239440918,61900
2001-05-03,25.219999313354492,25.219999313354492,24.920000076293945,25.200000762939453,13.468724250793457,27700
2001-05-04,25.200000762939453,25.479999542236328,25.06999969482422,25.420000076293945,13.5863037109375,647300
2001-05-07,25.530000686645508,25.530000686645508,25.309999465942383,25.40999984741211,13.580961227416992,34400
2001-05-08,25.420000076293945,25.440000534057617,25.1200008392334,25.31999969482422,13.532857894897461,25500
2001-05-09,25.34000015258789,25.520000457763672,25.31999969482422,25.450000762939453,13.602341651916504,17900
2001-05-10,25.559999465942383,25.559999465942383,25.270000457763672,25.31999969482422,13.532857894897461,24500
2001-05-11,25.360000610351562,25.399999618530273,25.059999465942383,25.18000030517578,13.45803451538086,43300
2001-05-14,25.110000610351562,25.399999618530273,25.079999923706055,25.399999618530273,13.575617790222168,16400
2001-05-15,25.260000228881836,25.34000015258789,25.049999237060547,25.25,13.49544620513916,35000
2001-05-16,25.489999771118164,26.149999618530273,25.31999969482422,26.020000457763672,13.906988143920898,436700
2001-05-17,26.200000762939453,26.239999771118164,25.950000762939453,26.149999618530273,13.97646427154541,55800
2001-05-18,26.200000762939453,26.200000762939453,25.829999923706055,26.010000228881836,13.901642799377441,26500
2001-05-21,26.079999923706055,26.079999923706055,25.760000228881836,25.989999771118164,13.890951156616211,24300
2001-05-22,25.93000030517578,25.93000030517578,25.649999618530273,25.729999542236328,13.751989364624023,40100
2001-05-23,25.90999984741211,25.90999984741211,25.440000534057617,25.5,13.629059791564941,29100
2001-05-24,25.549999237060547,25.639999389648438,25.219999313354492,25.610000610351562,13.687851905822754,48200
2001-05-25,25.559999465942383,25.579999923706055,25.299999237060547,25.399999618530273,13.575617790222168,131600
2001-05-29,25.489999771118164,25.739999771118164,25.459999084472656,25.610000610351562,13.687851905822754,46000
2001-05-30,25.700000762939453,25.889999389648438,25.639999389648438,25.75,13.762679100036621,39100
2001-05-31,25.670000076293945,25.719999313354492,25.520000457763672,25.56999969482422,13.666467666625977,23600
2001-06-01,25.600000381469727,25.950000762939453,25.510000228881836,25.90999984741211,13.848194122314453,61700
2001-06-04,25.799999237060547,26.049999237060547,25.760000228881836,25.950000762939453,13.869579315185547,24100
2001-06-05,26.079999923706055,26.25,25.8700008392334,26.219999313354492,14.013886451721191,61400
2001-06-06,26.170000076293945,26.170000076293945,25.799999237060547,25.799999237060547,13.78940486907959,41900
2001-06-07,25.790000915527344,26.100000381469727,25.790000915527344,25.979999542236328,13.885601997375488,34300
2001-06-08,26.040000915527344,26.040000915527344,25.770000457763672,25.829999923706055,13.805432319641113,11700
2001-06-11,25.700000762939453,25.860000610351562,25.469999313354492,25.469999313354492,13.613025665283203,40100
2001-06-12,25.520000457763672,25.799999237060547,25.479999542236328,25.770000457763672,13.773375511169434,1029200
2001-06-13,25.6299991607666,25.729999542236328,25.56999969482422,25.56999969482422,13.666467666625977,50500
2001-06-14,25.6200008392334,25.75,25.540000915527344,25.549999237060547,13.655784606933594,26700
2001-06-15,25.299999237060547,25.510000228881836,25.260000228881836,25.31999969482422,13.575896263122559,22400
2001-06-18,25.270000457763672,25.559999465942383,25.219999313354492,25.399999618530273,13.61878776550293,24500
2001-06-19,25.31999969482422,25.479999542236328,25.280000686645508,25.479999542236328,13.6616849899292,34300
2001-06-20,25.579999923706055,25.850000381469727,25.579999923706055,25.6200008392334,13.736745834350586,17200
2001-06-21,25.75,25.940000534057617,25.549999237060547,25.84000015258789,13.854706764221191,18200
2001-06-22,25.420000076293945,25.420000076293945,25.059999465942383,25.1200008392334,13.46866226196289,430300
2001-06-25,25.350000381469727,25.350000381469727,24.90999984741211,24.989999771118164,13.398959159851074,52100
2001-06-26,25.0,25.06999969482422,24.850000381469727,24.989999771118164,13.398959159851074,31200
2001-06-27,25.06999969482422,25.06999969482422,24.600000381469727,24.799999237060547,13.297086715698242,47800
2001-06-28,24.84000015258789,25.020000457763672,24.739999771118164,24.959999084472656,13.382872581481934,23400
2001-06-29,24.8799991607666,24.920000076293945,24.309999465942383,24.309999465942383,13.034360885620117,188300
2001-07-02,24.6299991607666,24.8799991607666,24.530000686645508,24.8700008392334,13.334617614746094,207500
2001-07-03,24.719999313354492,24.729999542236328,24.600000381469727,24.670000076293945,13.227386474609375,8800
2001-07-05,24.65999984741211,24.68000030517578,24.40999984741211,24.520000457763672,13.146956443786621,15700
2001-07-06,24.450000762939453,24.450000762939453,24.200000762939453,24.229999542236328,12.991469383239746,112800
2001-07-09,24.450000762939453,24.600000381469727,24.329999923706055,24.600000381469727,13.189852714538574,48000
2001-07-10,24.600000381469727,24.6299991607666,24.399999618530273,24.399999618530273,13.082620620727539,25900
2001-07-11,24.600000381469727,24.600000381469727,24.190000534057617,24.270000457763672,13.012907028198242,65600
2001-07-12,24.25,24.25,23.959999084472656,24.1200008392334,12.93249225616455,29500
2001-07-13,24.040000915527344,24.420000076293945,24.040000915527344,24.299999237060547,13.028999328613281,17100
2001-07-16,24.399999618530273,24.399999618530273,24.100000381469727,24.1200008392334,12.93249225616455,72600
2001-07-17,24.1299991607666,24.6200008392334,24.1299991607666,24.479999542236328,13.12551498413086,45900
2001-07-18,24.6200008392334,25.18000030517578,24.6200008392334,25.18000030517578,13.500833511352539,52100
2001-07-19,25.079999923706055,25.200000762939453,24.899999618530273,24.940000534057617,13.372152328491211,19700
2001-07-20,25.200000762939453,25.309999465942383,25.100000381469727,25.280000686645508,13.554448127746582,59800
2001-07-23,25.100000381469727,25.1200008392334,24.649999618530273,24.690000534057617,13.238107681274414,55300
2001-07-24,24.739999771118164,24.739999771118164,24.399999618530273,24.5,13.136226654052734,33500
2001-07-25,24.450000762939453,24.709999084472656,24.450000762939453,24.68000030517578,13.232739448547363,43600
2001-07-26,24.549999237060547,24.799999237060547,24.5,24.690000534057617,13.238107681274414,20700
2001-07-27,24.700000762939453,24.8799991607666,24.6200008392334,24.690000534057617,13.238107681274414,30000
2001-07-30,24.809999465942383,25.0,24.610000610351562,25.0,13.404318809509277,27200
2001-07-31,24.799999237060547,25.479999542236328,24.799999237060547,25.049999237060547,13.43112850189209,28000
2001-08-01,25.25,25.280000686645508,24.979999542236328,25.049999237060547,13.43112850189209,32200
2001-08-02,25.049999237060547,25.299999237060547,24.899999618530273,24.899999618530273,13.350703239440918,70100
2001-08-03,25.139999389648438,25.139999389648438,24.8700008392334,25.079999923706055,13.4472074508667,19300
2001-08-06,25.149999618530273,25.149999618530273,24.81999969482422,24.950000762939453,13.377517700195312,16800
2001-08-07,25.0,25.1200008392334,24.90999984741211,25.0,13.404318809509277,18900
2001-08-08,25.1200008392334,25.1299991607666,24.770000457763672,24.899999618530273,13.350703239440918,15000
2001-08-09,24.799999237060547,25.0,24.719999313354492,24.979999542236328,13.393595695495605,30200
2001-08-10,25.100000381469727,25.25,25.0,25.06999969482422,13.441849708557129,24500
2001-08-13,25.139999389648438,25.350000381469727,25.110000610351562,25.290000915527344,13.55981159210205,84900
2001-08-14,25.239999771118164,25.459999084472656,25.239999771118164,25.25,13.53836441040039,23000
2001-08-15,25.479999542236328,25.56999969482422,25.200000762939453,25.200000762939453,13.511558532714844,24400
2001-08-16,25.299999237060547,25.450000762939453,25.170000076293945,25.450000762939453,13.645599365234375,253000
2001-08-17,25.350000381469727,25.459999084472656,25.209999084472656,25.459999084472656,13.650961875915527,15200
2001-08-20,25.5,25.65999984741211,25.3799991607666,25.43000030517578,13.634870529174805,19800
2001-08-21,25.549999237060547,25.8799991607666,25.549999237060547,25.65999984741211,13.758195877075195,122000
2001-08-22,25.600000381469727,25.799999237060547,25.3700008392334,25.770000457763672,13.817178726196289,172500
2001-08-23,25.75,25.860000610351562,25.59000015258789,25.690000534057617,13.774274826049805,71300
2001-08-24,25.670000076293945,26.100000381469727,25.670000076293945,26.0,13.940492630004883,26000
2001-08-27,25.979999542236328,26.059999465942383,25.8700008392334,25.950000762939453,13.913689613342285,327000
2001-08-28,25.90999984741211,25.90999984741211,25.559999465942383,25.639999389648438,13.747469902038574,20000
2001-08-29,25.6200008392334,25.690000534057617,25.25,25.25,13.53836441040039,62700
2001-08-30,25.469999313354492,25.600000381469727,25.18000030517578,25.360000610351562,13.597338676452637,402600
2001-08-31,25.350000381469727,25.350000381469727,25.0,25.170000076293945,13.495474815368652,23700
2001-09-04,25.200000762939453,25.760000228881836,25.200000762939453,25.200000762939453,13.511558532714844,79000
2001-09-05,25.149999618530273,26.100000381469727,25.149999618530273,26.100000381469727,13.99410343170166,74600
2001-09-06,25.850000381469727,25.850000381469727,25.299999237060547,25.299999237060547,13.565169334411621,26000
2001-09-07,25.06999969482422,25.440000534057617,24.899999618530273,24.899999618530273,13.350703239440918,225200
2001-09-10,24.75,25.450000762939453,24.75,25.450000762939453,13.645599365234375,251900
2001-09-17,24.899999618530273,25.43000030517578,24.700000762939453,25.43000030517578,13.634870529174805,2926100
2001-09-18,25.200000762939453,25.280000686645508,24.969999313354492,25.1200008392334,13.46866226196289,399100
2001-09-19,25.149999618530273,25.15999984741211,24.280000686645508,24.799999237060547,13.297086715698242,49600
2001-09-20,24.25,24.56999969482422,24.1299991607666,24.299999237060547,13.028999328613281,116800
2001-09-21,23.299999237060547,23.989999771118164,23.200000762939453,23.510000228881836,12.645488739013672,126700
2001-09-24,24.100000381469727,24.100000381469727,23.520000457763672,23.829999923706055,12.817614555358887,83600
2001-09-25,23.68000030517578,24.079999923706055,23.68000030517578,23.950000762939453,12.882161140441895,1107500
2001-09-26,24.200000762939453,24.3700008392334,24.030000686645508,24.360000610351562,13.102694511413574,171200
2001-09-27,24.469999313354492,25.049999237060547,24.3799991607666,24.84000015258789,13.360873222351074,79200
2001-09-28,25.25,25.299999237060547,24.850000381469727,25.059999465942383,13.479202270507812,86500
2001-10-01,25.200000762939453,25.350000381469727,25.040000915527344,25.270000457763672,13.592162132263184,45200
2001-10-02,25.09000015258789,25.479999542236328,25.059999465942383,25.450000762939453,13.688971519470215,68600
2001-10-03,25.280000686645508,25.299999237060547,25.100000381469727,25.239999771118164,13.576027870178223,92100
2001-10-04,25.399999618530273,25.399999618530273,25.040000915527344,25.149999618530273,13.527610778808594,47800
2001-10-05,25.149999618530273,25.43000030517578,25.079999923706055,25.420000076293945,13.67283821105957,83000
2001-10-08,25.420000076293945,25.479999542236328,25.139999389648438,25.3700008392334,13.645941734313965,67300
2001-10-09,25.3700008392334,25.3700008392334,25.100000381469727,25.239999771118164,13.576027870178223,47600
2001-10-10,25.350000381469727,25.65999984741211,25.190000534057617,25.549999237060547,13.742765426635742,96100
2001-10-11,25.600000381469727,25.600000381469727,25.15999984741211,25.3700008392334,13.645941734313965,41800
2001-10-12,25.170000076293945,25.3799991607666,25.079999923706055,25.350000381469727,13.6351900100708,83000
2001-10-15,25.149999618530273,25.489999771118164,25.149999618530273,25.459999084472656,13.694357872009277,36100
2001-10-16,25.459999084472656,25.68000030517578,25.260000228881836,25.31999969482422,13.61905288696289,68300
2001-10-17,25.5,25.510000228881836,25.110000610351562,25.110000610351562,13.506098747253418,178100
2001-10-18,25.25,25.440000534057617,25.219999313354492,25.299999237060547,13.608284950256348,22400
2001-10-19,25.450000762939453,25.600000381469727,25.25,25.600000381469727,13.7696533203125,25700
2001-10-22,25.520000457763672,25.950000762939453,25.520000457763672,25.850000381469727,13.904125213623047,1901300
2001-10-23,25.899999618530273,25.899999618530273,25.520000457763672,25.520000457763672,13.726632118225098,54800
2001-10-24,25.5,25.709999084472656,25.469999313354492,25.469999313354492,13.699728965759277,67200
2001-10-25,25.399999618530273,25.709999084472656,25.110000610351562,25.709999084472656,13.82882022857666,87000
2001-10-26,25.479999542236328,25.809999465942383,25.479999542236328,25.6200008392334,13.780409812927246,31600
2001-10-29,25.6200008392334,25.729999542236328,25.459999084472656,25.459999084472656,13.694357872009277,50700
2001-10-30,25.100000381469727,25.31999969482422,25.020000457763672,25.190000534057617,13.549131393432617,37600
2001-10-31,25.020000457763672,25.260000228881836,24.899999618530273,24.899999618530273,13.393142700195312,43000
2001-11-01,25.1299991607666,25.479999542236328,24.979999542236328,25.479999542236328,13.705116271972656,77200
2001-11-02,25.149999618530273,25.469999313354492,25.149999618530273,25.440000534057617,13.68359375,87700
2001-11-05,25.450000762939453,25.670000076293945,25.420000076293945,25.489999771118164,13.710490226745605,38700
2001-11-06,25.31999969482422,25.639999389648438,25.260000228881836,25.540000915527344,13.737385749816895,45200
2001-11-07,25.68000030517578,25.809999465942383,25.5,25.56999969482422,13.75351333618164,80300
2001-11-08,25.709999084472656,25.709999084472656,25.329999923706055,25.329999923706055,13.624427795410156,35600
2001-11-09,25.40999984741211,25.459999084472656,25.239999771118164,25.389999389648438,13.656702041625977,23000
2001-11-12,25.299999237060547,25.459999084472656,25.09000015258789,25.43000030517578,13.678217887878418,43300
2001-11-13,25.450000762939453,25.479999542236328,25.299999237060547,25.43000030517578,13.678217887878418,28300
2001-11-14,25.5,25.59000015258789,25.299999237060547,25.299999237060547,13.608284950256348,63700
2001-11-15,25.75,25.75,25.450000762939453,25.450000762939453,13.688971519470215,105200
2001-11-16,25.799999237060547,25.799999237060547,25.459999084472656,25.68000030517578,13.812688827514648,49500
2001-11-19,25.799999237060547,25.850000381469727,25.559999465942383,25.75,13.850334167480469,35700
2001-11-20,25.649999618530273,25.920000076293945,25.649999618530273,25.719999313354492,13.834202766418457,83700
2001-11-21,25.719999313354492,26.049999237060547,25.719999313354492,26.049999237060547,14.011693000793457,49500
2001-11-23,25.850000381469727,26.149999618530273,25.850000381469727,26.1299991607666,14.054734230041504,35800
2001-11-26,25.899999618530273,26.25,25.899999618530273,26.149999618530273,14.065485954284668,1186300
2001-11-27,26.149999618530273,26.200000762939453,25.81999969482422,25.860000610351562,13.90949821472168,134600
2001-11-28,25.799999237060547,25.969999313354492,25.549999237060547,25.549999237060547,13.742765426635742,54600
2001-11-29,25.84000015258789,26.040000915527344,25.729999542236328,26.040000915527344,14.006325721740723,25500
2001-11-30,26.0,26.059999465942383,25.829999923706055,26.0,13.984804153442383,43000
2001-12-03,26.0,26.06999969482422,25.81999969482422,25.989999771118164,13.979427337646484,23300
2001-12-04,25.899999618530273,26.0,25.75,26.0,13.984804153442383,40200
2001-12-05,26.0,26.0,25.760000228881836,25.760000228881836,13.855724334716797,86700
2001-12-06,25.90999984741211,26.0,25.6200008392334,25.700000762939453,13.823442459106445,53600
2001-12-07,25.799999237060547,25.829999923706055,25.649999618530273,25.81999969482422,13.887993812561035,29900
2001-12-10,25.670000076293945,25.770000457763672,25.31999969482422,25.31999969482422,13.61905288696289,59800
2001-12-11,25.440000534057617,25.59000015258789,25.049999237060547,25.049999237060547,13.473817825317383,123600
2001-12-12,25.139999389648438,25.149999618530273,24.75,25.100000381469727,13.500716209411621,125700
2001-12-13,25.0,25.25,24.84000015258789,24.850000381469727,13.366252899169922,37800
2001-12-14,24.84000015258789,25.170000076293945,24.75,24.75,13.312459945678711,71100
2001-12-17,25.0,25.3799991607666,25.0,25.3799991607666,13.651326179504395,39100
2001-12-18,25.010000228881836,25.420000076293945,25.010000228881836,25.239999771118164,13.576027870178223,227900
2001-12-19,25.399999618530273,25.68000030517578,25.229999542236328,25.549999237060547,13.742765426635742,41900
2001-12-20,25.649999618530273,25.780000686645508,25.5,25.59000015258789,13.764275550842285,69300
2001-12-21,25.670000076293945,25.760000228881836,25.520000457763672,25.760000228881836,13.904618263244629,87200
2001-12-24,25.600000381469727,25.84000015258789,25.600000381469727,25.75,13.899216651916504,16700
2001-12-26,25.600000381469727,25.950000762939453,25.600000381469727,25.81999969482422,13.937006950378418,34600
2001-12-27,25.719999313354492,25.719999313354492,25.540000915527344,25.65999984741211,13.850635528564453,24800
2001-12-28,25.799999237060547,25.84000015258789,25.549999237060547,25.549999237060547,13.791264533996582,17500
2001-12-31,25.399999618530273,25.649999618530273,25.399999618530273,25.399999618530273,13.710304260253906,45400
2002-01-02,25.200000762939453,25.3700008392334,24.920000076293945,25.309999465942383,13.661718368530273,412500
2002-01-03,25.15999984741211,25.31999969482422,25.030000686645508,25.229999542236328,13.618537902832031,146200
2002-01-04,25.280000686645508,25.280000686645508,24.899999618530273,25.15999984741211,13.580759048461914,76200
2002-01-07,25.0,25.1299991607666,24.860000610351562,24.969999313354492,13.47819995880127,173700
2002-01-08,24.81999969482422,24.979999542236328,24.799999237060547,24.84000015258789,13.408023834228516,66000
2002-01-09,24.899999618530273,25.18000030517578,24.84000015258789,24.93000030517578,13.4566011428833,528500
2002-01-10,24.899999618530273,25.079999923706055,24.809999465942383,24.969999313354492,13.47819995880127,41100
2002-01-11,25.049999237060547,25.270000457763672,25.010000228881836,25.030000686645508,13.51058292388916,41100
2002-01-14,25.110000610351562,25.350000381469727,24.139999389648438,25.229999542236328,13.618537902832031,49800
2002-01-15,25.420000076293945,25.43000030517578,25.010000228881836,25.260000228881836,13.634733200073242,49100
2002-01-16,25.350000381469727,25.3700008392334,25.020000457763672,25.020000457763672,13.505187034606934,125700
2002-01-17,25.229999542236328,25.270000457763672,25.030000686645508,25.25,13.629339218139648,51600
2002-01-18,25.059999465942383,25.329999923706055,25.010000228881836,25.149999618530273,13.575358390808105,37100
2002-01-22,25.229999542236328,25.43000030517578,25.06999969482422,25.43000030517578,13.726489067077637,89300
2002-01-23,25.3799991607666,25.579999923706055,25.309999465942383,25.520000457763672,13.775070190429688,80200
2002-01-24,25.5,25.5,25.1299991607666,25.149999618530273,13.575358390808105,2455900
2002-01-25,25.100000381469727,25.309999465942383,25.09000015258789,25.100000381469727,13.548368453979492,46400
2002-01-28,25.149999618530273,25.229999542236328,25.010000228881836,25.100000381469727,13.548368453979492,48700
2002-01-29,25.229999542236328,25.280000686645508,24.709999084472656,24.790000915527344,13.381038665771484,50700
2002-01-30,24.899999618530273,25.1299991607666,24.81999969482422,25.09000015258789,13.542975425720215,73300
2002-01-31,25.15999984741211,25.280000686645508,25.010000228881836,25.229999542236328,13.618537902832031,74000
2002-02-01,25.510000228881836,25.510000228881836,25.25,25.25,13.629339218139648,43700
2002-02-04,25.25,25.389999389648438,24.93000030517578,24.979999542236328,13.483587265014648,71700
2002-02-05,25.149999618530273,25.399999618530273,25.030000686645508,25.270000457763672,13.640130996704102,307000
2002-02-06,25.209999084472656,25.209999084472656,24.84000015258789,25.149999618530273,13.575358390808105,190300
2002-02-07,25.0,25.09000015258789,24.799999237060547,24.8799991607666,13.429614067077637,246000
2002-02-08,24.68000030517578,25.059999465942383,24.6200008392334,24.940000534057617,13.462008476257324,32900
2002-02-11,25.200000762939453,25.34000015258789,25.059999465942383,25.34000015258789,13.67790699005127,160000
2002-02-12,25.270000457763672,25.450000762939453,25.170000076293945,25.329999923706055,13.672513961791992,31200
2002-02-13,25.489999771118164,25.56999969482422,25.389999389648438,25.489999771118164,13.758885383605957,139900
2002-02-14,25.5,25.670000076293945,25.399999618530273,25.489999771118164,13.758885383605957,58300
2002-02-15,25.559999465942383,25.690000534057617,25.5,25.5,13.764277458190918,53300
2002-02-19,25.420000076293945,25.59000015258789,25.18000030517578,25.18000030517578,13.59154987335205,211800
2002-02-20,25.479999542236328,25.729999542236328,25.280000686645508,25.690000534057617,13.866827011108398,170300
2002-02-21,25.729999542236328,25.969999313354492,25.3700008392334,25.3700008392334,13.694112777709961,93800
2002-02-22,25.549999237060547,25.899999618530273,25.5,25.790000915527344,13.920807838439941,104100
2002-02-25,25.93000030517578,25.950000762939453,25.700000762939453,25.829999923706055,13.942407608032227,257500
2002-02-26,25.950000762939453,25.950000762939453,25.649999618530273,25.81999969482422,13.937006950378418,90700
2002-02-27,25.950000762939453,26.100000381469727,25.75,25.850000381469727,13.953190803527832,1063300
2002-02-28,25.81999969482422,26.06999969482422,25.760000228881836,25.760000228881836,13.904618263244629,884000
2002-03-01,25.920000076293945,26.360000610351562,25.780000686645508,26.25,14.169113159179688,208600
2002-03-04,26.329999923706055,26.329999923706055,26.049999237060547,26.260000228881836,14.174510955810547,350800
2002-03-05,26.0,26.200000762939453,25.760000228881836,25.799999237060547,13.926206588745117,209200
2002-03-06,25.8799991607666,26.15999984741211,25.850000381469727,26.010000228881836,14.039559364318848,269100
2002-03-07,26.049999237060547,26.049999237060547,25.799999237060547,26.0,14.03416633605957,3031200
2002-03-08,25.969999313354492,26.079999923706055,25.780000686645508,25.90999984741211,13.985587120056152,100700
2002-03-11,25.899999618530273,25.950000762939453,25.709999084472656,25.90999984741211,13.985587120056152,513700
2002-03-12,25.860000610351562,26.049999237060547,25.75,25.899999618530273,13.980185508728027,47000
2002-03-13,26.010000228881836,26.18000030517578,26.010000228881836,26.100000381469727,14.088142395019531,108900
2002-03-14,26.139999389648438,26.219999313354492,26.030000686645508,26.030000686645508,14.050354957580566,224000
2002-03-15,26.260000228881836,26.450000762939453,26.239999771118164,26.43000030517578,14.30749797821045,55300
2002-03-18,26.350000381469727,26.450000762939453,26.200000762939453,26.350000381469727,14.264188766479492,41200
2002-03-19,26.299999237060547,26.5,26.299999237060547,26.450000762939453,14.31832218170166,67700
2002-03-20,26.399999618530273,26.399999618530273,25.93000030517578,25.93000030517578,14.03682804107666,220000
2002-03-21,26.100000381469727,26.18000030517578,25.899999618530273,26.1299991607666,14.145090103149414,117800
2002-03-22,26.149999618530273,26.34000015258789,26.079999923706055,26.15999984741211,14.161325454711914,59700
2002-03-25,26.149999618530273,26.260000228881836,25.899999618530273,25.899999618530273,14.02057933807373,71300
2002-03-26,25.979999542236328,26.1299991607666,25.950000762939453,26.100000381469727,14.128852844238281,193500
2002-03-27,26.020000457763672,26.1299991607666,25.950000762939453,26.020000457763672,14.085546493530273,76200
2002-03-28,26.010000228881836,26.139999389648438,26.0,26.100000381469727,14.128852844238281,152900
2002-04-01,25.979999542236328,26.09000015258789,25.8799991607666,26.049999237060547,14.101789474487305,33900
2002-04-02,25.950000762939453,26.0,25.8700008392334,25.8700008392334,14.004345893859863,33600
2002-04-03,26.06999969482422,26.06999969482422,25.690000534057617,25.889999389648438,14.015177726745605,104600
2002-04-04,25.459999084472656,25.639999389648438,25.43000030517578,25.59000015258789,13.852766990661621,98600
2002-04-05,25.700000762939453,25.700000762939453,25.260000228881836,25.3799991607666,13.739092826843262,439100
2002-04-08,25.299999237060547,25.510000228881836,25.299999237060547,25.459999084472656,13.782391548156738,156500
2002-04-09,25.579999923706055,25.579999923706055,25.43000030517578,25.440000534057617,13.771570205688477,35500
2002-04-10,25.469999313354492,25.8700008392334,25.469999313354492,25.860000610351562,13.998934745788574,98300
2002-04-11,26.0,26.0,25.510000228881836,25.510000228881836,13.809463500976562,41200
2002-04-12,25.540000915527344,25.760000228881836,25.5,25.649999618530273,13.885251998901367,27200
2002-04-15,25.719999313354492,25.719999313354492,25.520000457763672,25.6299991607666,13.87442684173584,108200
2002-04-16,25.700000762939453,25.90999984741211,25.670000076293945,25.899999618530273,14.02057933807373,19400
2002-04-17,25.850000381469727,25.850000381469727,25.510000228881836,25.520000457763672,13.8148775100708,289200
2002-04-18,25.670000076293945,25.799999237060547,25.5,25.780000686645508,13.95562744140625,218000
2002-04-19,25.850000381469727,25.860000610351562,25.719999313354492,25.829999923706055,13.982693672180176,142200
2002-04-22,25.799999237060547,25.8799991607666,25.6299991607666,25.68000030517578,13.901491165161133,79600
2002-04-23,25.690000534057617,25.700000762939453,25.420000076293945,25.469999313354492,13.787808418273926,33600
2002-04-24,25.610000610351562,25.649999618530273,25.360000610351562,25.360000610351562,13.728271484375,57000
2002-04-25,25.420000076293945,25.600000381469727,25.350000381469727,25.440000534057617,13.771570205688477,46300
2002-04-26,25.5,25.5,25.229999542236328,25.280000686645508,13.684955596923828,259500
2002-04-29,25.18000030517578,25.190000534057617,24.959999084472656,25.020000457763672,13.544207572937012,364500
2002-04-30,24.959999084472656,25.209999084472656,24.899999618530273,25.1299991607666,13.603754997253418,510700
2002-05-01,25.170000076293945,25.5,25.100000381469727,25.489999771118164,13.798638343811035,70900
2002-05-02,25.440000534057617,25.559999465942383,25.420000076293945,25.489999771118164,13.798638343811035,26400
2002-05-03,25.489999771118164,25.5,25.1299991607666,25.25,13.668720245361328,202700
2002-05-06,25.25,25.350000381469727,25.06999969482422,25.06999969482422,13.57127571105957,142600
2002-05-07,25.1299991607666,25.1299991607666,24.719999313354492,24.719999313354492,13.381804466247559,51500
2002-05-08,24.809999465942383,25.190000534057617,24.729999542236328,25.170000076293945,13.625411033630371,143500
2002-05-09,25.149999618530273,25.18000030517578,24.90999984741211,24.90999984741211,13.484662055969238,61100
2002-05-10,25.020000457763672,25.100000381469727,24.790000915527344,24.860000610351562,13.457598686218262,54400
2002-05-13,24.889999389648438,25.110000610351562,24.860000610351562,25.110000610351562,13.592926979064941,65600
2002-05-14,25.200000762939453,25.270000457763672,25.059999465942383,25.209999084472656,13.647065162658691,142500
2002-05-15,25.010000228881836,25.110000610351562,24.829999923706055,24.84000015258789,13.44676685333252,81400
2002-05-16,24.739999771118164,24.8700008392334,24.639999389648438,24.8700008392334,13.463013648986816,63100
2002-05-17,24.780000686645508,25.200000762939453,24.780000686645508,25.15999984741211,13.620002746582031,130800
2002-05-20,25.1200008392334,25.18000030517578,24.959999084472656,25.040000915527344,13.555036544799805,49100
2002-05-21,24.969999313354492,25.100000381469727,24.790000915527344,24.829999923706055,13.441352844238281,174600
2002-05-22,24.889999389648438,25.049999237060547,24.829999923706055,25.049999237060547,13.560453414916992,294900
2002-05-23,25.079999923706055,25.1299991607666,24.84000015258789,25.1299991607666,13.603754997253418,18200
2002-05-24,25.1200008392334,25.239999771118164,24.81999969482422,24.84000015258789,13.44676685333252,31000
2002-05-28,24.969999313354492,24.969999313354492,24.68000030517578,24.75,13.398050308227539,42800
2002-05-29,24.700000762939453,24.8799991607666,24.700000762939453,24.829999923706055,13.441352844238281,30400
2002-05-30,24.559999465942383,24.799999237060547,24.530000686645508,24.719999313354492,13.381804466247559,37300
2002-05-31,24.770000457763672,25.059999465942383,24.770000457763672,24.850000381469727,13.452188491821289,341700
2002-06-03,24.899999618530273,24.969999313354492,24.25,24.280000686645508,13.1436185836792,282800
2002-06-04,24.31999969482422,24.329999923706055,24.030000686645508,24.25,13.127381324768066,76200
2002-06-05,24.200000762939453,24.530000686645508,24.190000534057617,24.530000686645508,13.278948783874512,176900
2002-06-06,24.3799991607666,24.399999618530273,23.920000076293945,23.979999542236328,12.981225967407227,107400
2002-06-07,23.709999084472656,24.079999923706055,23.709999084472656,23.979999542236328,12.981225967407227,303400
2002-06-10,23.899999618530273,24.31999969482422,23.899999618530273,24.25,13.127381324768066,59400
2002-06-11,24.079999923706055,24.079999923706055,23.600000381469727,23.600000381469727,12.775517463684082,62500
2002-06-12,23.5,23.68000030517578,23.350000381469727,23.579999923706055,12.764684677124023,70000
2002-06-13,23.670000076293945,23.809999465942383,23.510000228881836,23.510000228881836,12.726794242858887,42400
2002-06-14,23.34000015258789,23.670000076293945,23.09000015258789,23.610000610351562,12.780929565429688,241900
2002-06-17,23.719999313354492,24.059999465942383,23.719999313354492,24.059999465942383,13.024523735046387,79800
2002-06-18,23.979999542236328,24.1200008392334,23.889999389648438,24.0,12.992051124572754,42700
2002-06-19,23.899999618530273,24.18000030517578,23.81999969482422,23.90999984741211,12.943326950073242,27700
2002-06-20,23.920000076293945,23.920000076293945,23.700000762939453,23.700000762939453,12.829645156860352,42900
2002-06-21,23.600000381469727,23.6200008392334,22.799999237060547,22.989999771118164,12.483226776123047,246300
2002-06-24,23.0,23.110000610351562,22.65999984741211,22.760000228881836,12.358338356018066,274400
2002-06-25,22.950000762939453,22.950000762939453,22.149999618530273,22.290000915527344,12.103135108947754,68600
2002-06-26,22.0,22.34000015258789,21.829999923706055,22.25,12.081413269042969,98600
2002-06-27,22.329999923706055,22.5,22.1200008392334,22.420000076293945,12.173723220825195,172800
2002-06-28,22.540000915527344,22.700000762939453,22.25,22.25,12.081413269042969,58100
2002-07-01,22.299999237060547,22.649999618530273,22.299999237060547,22.469999313354492,12.200867652893066,81700
2002-07-02,22.450000762939453,22.559999465942383,22.25,22.31999969482422,12.11941909790039,87200
2002-07-03,22.139999389648438,22.3799991607666,21.93000030517578,22.170000076293945,12.037976264953613,84600
2002-07-05,21.950000762939453,22.459999084472656,21.950000762939453,22.459999084472656,12.195439338684082,27300
2002-07-08,22.530000686645508,22.600000381469727,22.399999618530273,22.420000076293945,12.173723220825195,46100
2002-07-09,22.43000030517578,22.56999969482422,22.0,22.049999237060547,11.972822189331055,40800
2002-07-10,21.899999618530273,22.049999237060547,21.56999969482422,21.600000381469727,11.728471755981445,154700
2002-07-11,21.200000762939453,21.440000534057617,20.940000534057617,21.239999771118164,11.533000946044922,138700
2002-07-12,21.100000381469727,21.139999389648438,20.610000610351562,20.790000915527344,11.288656234741211,79000
2002-07-15,20.469999313354492,20.559999465942383,19.850000381469727,20.489999771118164,11.125763893127441,141700
2002-07-16,20.469999313354492,20.479999542236328,20.0,20.170000076293945,10.952009201049805,61300
2002-07-17,20.200000762939453,20.639999389648438,20.200000762939453,20.260000228881836,11.000874519348145,221500
2002-07-18,20.350000381469727,20.479999542236328,19.760000228881836,19.799999237060547,10.75109577178955,50200
2002-07-19,19.299999237060547,19.5,18.719999313354492,18.8799991607666,10.251551628112793,140700
2002-07-22,18.799999237060547,19.34000015258789,18.739999771118164,19.040000915527344,10.338434219360352,205700
2002-07-23,19.100000381469727,19.329999923706055,18.969999313354492,19.1299991607666,10.387298583984375,84800
2002-07-24,18.889999389648438,20.110000610351562,18.889999389648438,20.110000610351562,10.919424057006836,205200
2002-07-25,20.09000015258789,20.489999771118164,19.84000015258789,20.360000610351562,11.05517292022705,146100
2002-07-26,20.260000228881836,20.469999313354492,20.170000076293945,20.450000762939453,11.104043960571289,29000
2002-07-29,20.549999237060547,21.149999618530273,20.549999237060547,21.040000915527344,11.424400329589844,140600
2002-07-30,21.010000228881836,21.040000915527344,20.709999084472656,20.829999923706055,11.310373306274414,81100
2002-07-31,20.8799991607666,21.299999237060547,20.8799991607666,21.299999237060547,11.565576553344727,62800
2002-08-01,21.200000762939453,21.3700008392334,20.260000228881836,21.100000381469727,11.456982612609863,53500
2002-08-02,21.059999465942383,21.3700008392334,20.93000030517578,21.059999465942383,11.435262680053711,43200
2002-08-05,21.0,21.079999923706055,20.770000457763672,20.770000457763672,11.277798652648926,69300
2002-08-06,20.950000762939453,21.280000686645508,20.790000915527344,20.790000915527344,11.288656234741211,96700
2002-08-07,21.100000381469727,21.270000457763672,20.799999237060547,21.270000457763672,11.54928970336914,296600
2002-08-08,21.100000381469727,21.799999237060547,20.610000610351562,21.760000228881836,11.815352439880371,126100
2002-08-09,21.520000457763672,21.93000030517578,21.520000457763672,21.860000610351562,11.869647026062012,83700
2002-08-12,21.5,21.84000015258789,21.5,21.790000915527344,11.831639289855957,62600
2002-08-13,21.600000381469727,22.0,21.579999923706055,21.579999923706055,11.717609405517578,45300
2002-08-14,21.700000762939453,22.299999237060547,21.5,22.290000915527344,12.103135108947754,81400
2002-08-15,22.299999237060547,22.34000015258789,21.979999542236328,22.09000015258789,11.994537353515625,80800
2002-08-16,22.049999237060547,22.190000534057617,21.899999618530273,21.989999771118164,11.940239906311035,72600
2002-08-19,21.950000762939453,22.200000762939453,21.90999984741211,22.15999984741211,12.032546043395996,98100
2002-08-20,22.0,22.170000076293945,21.8799991607666,22.059999465942383,11.978243827819824,27200
2002-08-21,22.170000076293945,22.170000076293945,21.799999237060547,22.030000686645508,11.961953163146973,75700
2002-08-22,22.040000915527344,22.209999084472656,21.940000534057617,22.139999389648438,12.021687507629395,46000
2002-08-23,21.940000534057617,22.049999237060547,21.780000686645508,21.790000915527344,11.831639289855957,28700
2002-08-26,21.829999923706055,21.950000762939453,21.610000610351562,21.84000015258789,11.858793258666992,86000
2002-08-27,21.889999389648438,21.989999771118164,21.670000076293945,21.780000686645508,11.82620906829834,35800
2002-08-28,21.799999237060547,21.799999237060547,21.489999771118164,21.549999237060547,11.701326370239258,280800
2002-08-29,21.350000381469727,21.489999771118164,21.260000228881836,21.309999465942383,11.57101058959961,146900
2002-08-30,21.239999771118164,21.84000015258789,21.239999771118164,21.469999313354492,11.65788745880127,55100
2002-09-03,21.25,21.3799991607666,21.0,21.0,11.402684211730957,75000
2002-09-04,21.020000457763672,21.18000030517578,21.0,21.170000076293945,11.494989395141602,51700
2002-09-05,21.0,21.3799991607666,21.0,21.15999984741211,11.489558219909668,33500
2002-09-06,21.280000686645508,21.280000686645508,21.049999237060547,21.15999984741211,11.489558219909668,65400
2002-09-09,21.059999465942383,21.579999923706055,21.059999465942383,21.579999923706055,11.717609405517578,37500
2002-09-10,21.549999237060547,21.610000610351562,21.389999389648438,21.56999969482422,11.712182998657227,119900
2002-09-11,21.6200008392334,21.700000762939453,21.530000686645508,21.530000686645508,11.690464973449707,68500
2002-09-12,21.399999618530273,21.43000030517578,21.18000030517578,21.25,11.53842544555664,146500
2002-09-13,21.149999618530273,21.479999542236328,21.149999618530273,21.3700008392334,11.603588104248047,54600
2002-09-16,21.31999969482422,21.700000762939453,21.31999969482422,21.68000030517578,11.771910667419434,36300
2002-09-17,21.809999465942383,21.81999969482422,21.1299991607666,21.1299991607666,11.473268508911133,237100
2002-09-18,21.049999237060547,21.200000762939453,20.829999923706055,21.139999389648438,11.478703498840332,79100
2002-09-19,20.850000381469727,20.860000610351562,20.530000686645508,20.530000686645508,11.147479057312012,355100
2002-09-20,20.420000076293945,20.450000762939453,20.280000686645508,20.399999618530273,11.148571968078613,93100
2002-09-23,20.280000686645508,20.360000610351562,20.100000381469727,20.31999969482422,11.104851722717285,70700
2002-09-24,20.079999923706055,20.219999313354492,19.93000030517578,19.989999771118164,10.92451286315918,91100
2002-09-25,20.0,20.31999969482422,19.8799991607666,20.149999618530273,11.01194953918457,121000
2002-09-26,20.200000762939453,20.610000610351562,20.200000762939453,20.610000610351562,11.26333999633789,52100
2002-09-27,20.299999237060547,20.360000610351562,20.0,20.0,10.929977416992188,53500
2002-09-30,19.75,19.959999084472656,19.5,19.790000915527344,10.815207481384277,134300
2002-10-01,19.889999389648438,20.389999389648438,19.889999389648438,20.3799991607666,11.137643814086914,137600
2002-10-02,20.280000686645508,20.520000457763672,20.25,20.270000457763672,11.077528953552246,204000
2002-10-03,20.110000610351562,20.540000915527344,20.110000610351562,20.219999313354492,11.050201416015625,108900
2002-10-04,20.299999237060547,20.40999984741211,19.920000076293945,20.0,10.929977416992188,154900
2002-10-07,20.06999969482422,20.360000610351562,19.93000030517578,19.959999084472656,10.90811824798584,198000
2002-10-08,20.0,20.59000015258789,20.0,20.3799991607666,11.137643814086914,200800
2002-10-09,20.360000610351562,20.399999618530273,20.09000015258789,20.1200008392334,10.995549201965332,311600
2002-10-10,20.149999618530273,20.34000015258789,19.90999984741211,20.209999084472656,11.044736862182617,110100
2002-10-11,20.329999923706055,20.639999389648438,20.239999771118164,20.440000534057617,11.170429229736328,144500
2002-10-14,20.579999923706055,20.8700008392334,20.450000762939453,20.780000686645508,11.356245994567871,124600
2002-10-15,21.0,21.09000015258789,20.81999969482422,20.959999084472656,11.454611778259277,288700
2002-10-16,20.899999618530273,20.899999618530273,20.5,20.520000457763672,11.214153289794922,426200
2002-10-17,20.889999389648438,20.889999389648438,20.469999313354492,20.610000610351562,11.26333999633789,460300
2002-10-18,20.450000762939453,20.860000610351562,20.450000762939453,20.850000381469727,11.394500732421875,233100
2002-10-21,20.780000686645508,21.3799991607666,20.780000686645508,21.3700008392334,11.67867660522461,226000
2002-10-22,21.350000381469727,21.360000610351562,20.8799991607666,21.0,11.476470947265625,161300
2002-10-23,21.020000457763672,21.09000015258789,20.719999313354492,21.0,11.476470947265625,117100
2002-10-24,21.049999237060547,21.100000381469727,20.68000030517578,20.690000534057617,11.30705451965332,165000
2002-10-25,20.600000381469727,20.899999618530273,20.600000381469727,20.829999923706055,11.383564949035645,159400
2002-10-28,20.860000610351562,20.860000610351562,20.290000915527344,20.3700008392334,11.132177352905273,362900
2002-10-29,20.489999771118164,20.719999313354492,20.280000686645508,20.65999984741211,11.290664672851562,193900
2002-10-30,20.75,20.81999969482422,20.579999923706055,20.75,11.339847564697266,189600
2002-10-31,20.68000030517578,20.729999542236328,20.399999618530273,20.559999465942383,11.236018180847168,116800
2002-11-01,20.5,20.829999923706055,20.399999618530273,20.81999969482422,11.378097534179688,120700
2002-11-04,20.719999313354492,20.739999771118164,20.25,20.350000381469727,11.121247291564941,96100
2002-11-05,20.299999237060547,20.649999618530273,20.299999237060547,20.549999237060547,11.230548858642578,45800
2002-11-06,20.670000076293945,20.670000076293945,20.25,20.469999313354492,11.186826705932617,70300
2002-11-07,20.56999969482422,20.56999969482422,20.299999237060547,20.420000076293945,11.159502983093262,367600
2002-11-08,20.3799991607666,20.649999618530273,20.229999542236328,20.290000915527344,11.088462829589844,172900
2002-11-11,20.299999237060547,20.3799991607666,20.149999618530273,20.229999542236328,11.055667877197266,74300
2002-11-12,20.18000030517578,20.309999465942383,19.600000381469727,19.6299991607666,10.727765083312988,159000
2002-11-13,19.799999237060547,20.1200008392334,19.649999618530273,19.920000076293945,10.886253356933594,72100
2002-11-14,20.15999984741211,20.229999542236328,19.959999084472656,20.190000534057617,11.033809661865234,196500
2002-11-15,20.18000030517578,20.350000381469727,20.100000381469727,20.329999923706055,11.110316276550293,63000
2002-11-18,20.399999618530273,20.399999618530273,20.18000030517578,20.239999771118164,11.061131477355957,181300
2002-11-19,20.1200008392334,20.59000015258789,20.1200008392334,20.360000610351562,11.126714706420898,168900
2002-11-20,20.299999237060547,20.459999084472656,20.149999618530273,20.34000015258789,11.115781784057617,29100
2002-11-21,20.450000762939453,20.450000762939453,20.020000457763672,20.09000015258789,10.979156494140625,75800
2002-11-22,20.200000762939453,20.239999771118164,20.06999969482422,20.09000015258789,10.979156494140625,127500
2002-11-25,20.149999618530273,20.149999618530273,19.850000381469727,19.959999084472656,10.90811824798584,123800
2002-11-26,19.860000610351562,19.979999542236328,19.75,19.829999923706055,10.837069511413574,88200
2002-11-27,19.729999542236328,20.1200008392334,19.729999542236328,20.110000610351562,10.990087509155273,104300
2002-11-29,20.0,20.049999237060547,19.940000534057617,19.989999771118164,10.92451286315918,25500
2002-12-02,20.100000381469727,20.110000610351562,19.760000228881836,19.829999923706055,10.837069511413574,636400
2002-12-03,19.8799991607666,19.979999542236328,19.799999237060547,19.950000762939453,10.902647018432617,146100
2002-12-04,20.049999237060547,20.389999389648438,19.899999618530273,20.25,11.06660270690918,71300
2002-12-05,20.350000381469727,20.350000381469727,19.989999771118164,20.049999237060547,10.957303047180176,66200
2002-12-06,20.049999237060547,20.290000915527344,19.969999313354492,20.209999084472656,11.044736862182617,82800
2002-12-09,20.209999084472656,20.270000457763672,20.049999237060547,20.149999618530273,11.01194953918457,29200
2002-12-10,20.200000762939453,20.420000076293945,20.170000076293945,20.420000076293945,11.159502983093262,77300
2002-12-11,20.450000762939453,20.450000762939453,20.209999084472656,20.299999237060547,11.093924522399902,89300
2002-12-12,20.200000762939453,20.350000381469727,20.1200008392334,20.170000076293945,11.022881507873535,45600
2002-12-13,20.100000381469727,20.260000228881836,19.969999313354492,20.18000030517578,11.02834415435791,31300
2002-12-16,20.18000030517578,20.280000686645508,20.059999465942383,20.280000686645508,11.082991600036621,81500
2002-12-17,20.200000762939453,20.299999237060547,20.020000457763672,20.06999969482422,10.968231201171875,572200
2002-12-18,20.079999923706055,20.110000610351562,19.969999313354492,20.040000915527344,10.951830863952637,176700
2002-12-19,20.100000381469727,20.100000381469727,19.770000457763672,19.780000686645508,10.809746742248535,237300
2002-12-20,19.93000030517578,20.020000457763672,19.81999969482422,20.010000228881836,10.99380111694336,302400
2002-12-23,20.049999237060547,20.209999084472656,19.979999542236328,20.06999969482422,11.026762008666992,336700
2002-12-24,20.06999969482422,20.100000381469727,20.0,20.06999969482422,11.026762008666992,18800
2002-12-26,20.1200008392334,20.25,20.059999465942383,20.059999465942383,11.021268844604492,40200
2002-12-27,20.030000686645508,20.06999969482422,19.809999465942383,19.899999618530273,10.933364868164062,46800
2002-12-30,19.899999618530273,20.059999465942383,19.860000610351562,20.020000457763672,10.999296188354492,36700
2002-12-31,20.0,20.049999237060547,19.719999313354492,19.940000534057617,10.955337524414062,61100
2003-01-02,20.010000228881836,20.350000381469727,20.010000228881836,20.31999969482422,11.164115905761719,365000
2003-01-03,20.420000076293945,20.420000076293945,20.190000534057617,20.299999237060547,11.15312671661377,364100
2003-01-06,20.280000686645508,20.459999084472656,20.0,20.450000762939453,11.235544204711914,76100
2003-01-07,20.350000381469727,20.40999984741211,20.219999313354492,20.270000457763672,11.136646270751953,46100
2003-01-08,20.25,20.3700008392334,20.06999969482422,20.149999618530273,11.07071304321289,36000
2003-01-09,20.229999542236328,20.420000076293945,20.219999313354492,20.350000381469727,11.1806001663208,50800
2003-01-10,20.299999237060547,20.450000762939453,20.290000915527344,20.40999984741211,11.213565826416016,37300
2003-01-13,20.350000381469727,20.540000915527344,20.329999923706055,20.459999084472656,11.241035461425781,96500
2003-01-14,20.3799991607666,20.520000457763672,20.3700008392334,20.520000457763672,11.27399730682373,81700
2003-01-15,20.479999542236328,20.479999542236328,20.25,20.31999969482422,11.164115905761719,86000
2003-01-16,20.299999237060547,20.649999618530273,20.299999237060547,20.6200008392334,11.328939437866211,107100
2003-01-17,20.5,20.68000030517578,20.489999771118164,20.5,11.26301383972168,16000
2003-01-21,20.600000381469727,20.68000030517578,20.299999237060547,20.350000381469727,11.1806001663208,65900
2003-01-22,20.3700008392334,20.469999313354492,20.110000610351562,20.110000610351562,11.048736572265625,56100
2003-01-23,20.100000381469727,20.219999313354492,19.889999389648438,19.969999313354492,10.971820831298828,111700
2003-01-24,19.899999618530273,20.0,19.530000686645508,19.530000686645508,10.730080604553223,67100
2003-01-27,19.549999237060547,19.549999237060547,19.15999984741211,19.270000457763672,10.587233543395996,441700
2003-01-28,19.299999237060547,19.450000762939453,19.25,19.329999923706055,10.620193481445312,76100
2003-01-29,19.299999237060547,19.299999237060547,18.889999389648438,19.1200008392334,10.504820823669434,114500
2003-01-30,19.149999618530273,19.149999618530273,18.760000228881836,18.770000457763672,10.31252670288086,197800
2003-01-31,18.969999313354492,19.260000228881836,18.8799991607666,19.260000228881836,10.581735610961914,560200
2003-02-03,19.34000015258789,19.3799991607666,19.219999313354492,19.329999923706055,10.620193481445312,265400
2003-02-04,19.219999313354492,19.34000015258789,19.06999969482422,19.34000015258789,10.625687599182129,167900
2003-02-05,19.450000762939453,19.479999542236328,19.170000076293945,19.200000762939453,10.5487699508667,281200
2003-02-06,19.18000030517578,19.18000030517578,18.950000762939453,19.049999237060547,10.466360092163086,267800
2003-02-07,19.100000381469727,19.209999084472656,18.850000381469727,18.920000076293945,10.394932746887207,231900
2003-02-10,18.940000534057617,19.049999237060547,18.809999465942383,19.049999237060547,10.466360092163086,611900
2003-02-11,19.0,19.15999984741211,18.690000534057617,18.690000534057617,10.268566131591797,135800
2003-02-12,18.719999313354492,18.889999389648438,18.690000534057617,18.690000534057617,10.268566131591797,164300
2003-02-13,18.690000534057617,18.8700008392334,18.510000228881836,18.709999084472656,10.279560089111328,116200
2003-02-14,18.799999237060547,19.049999237060547,18.739999771118164,19.049999237060547,10.466360092163086,181400
2003-02-18,19.200000762939453,19.299999237060547,19.049999237060547,19.18000030517578,10.53778076171875,236600
2003-02-19,19.18000030517578,19.200000762939453,18.899999618530273,19.030000686645508,10.455367088317871,152300
2003-02-20,19.040000915527344,19.040000915527344,18.770000457763672,18.84000015258789,10.350979804992676,64100
2003-02-21,18.850000381469727,19.06999969482422,18.809999465942383,18.950000762939453,10.411419868469238,18900
2003-02-24,18.899999618530273,18.899999618530273,18.690000534057617,18.690000534057617,10.268566131591797,52900
2003-02-25,18.610000610351562,18.899999618530273,18.5,18.829999923706055,10.345488548278809,179500
2003-02-26,18.780000686645508,18.889999389648438,18.670000076293945,18.729999542236328,10.290546417236328,17900
2003-02-27,18.729999542236328,18.860000610351562,18.639999389648438,18.75,10.301535606384277,160800
2003-02-28,18.799999237060547,18.90999984741211,18.6299991607666,18.670000076293945,10.257579803466797,99300
2003-03-03,18.770000457763672,18.8799991607666,18.5,18.520000457763672,10.175172805786133,96400
2003-03-04,18.579999923706055,18.579999923706055,18.31999969482422,18.360000610351562,10.087259292602539,190300
2003-03-05,18.3700008392334,18.389999389648438,18.0,18.219999313354492,10.010344505310059,374600
2003-03-06,18.149999618530273,18.299999237060547,18.079999923706055,18.100000381469727,9.944414138793945,184500
2003-03-07,17.889999389648438,18.170000076293945,17.850000381469727,18.1200008392334,9.955404281616211,304200
2003-03-10,18.1299991607666,18.1299991607666,17.81999969482422,17.81999969482422,9.79057788848877,464200
2003-03-11,17.850000381469727,18.200000762939453,17.850000381469727,18.0,9.889471054077148,105400
2003-03-12,17.899999618530273,18.18000030517578,17.899999618530273,18.139999389648438,9.966387748718262,196900
2003-03-13,18.299999237060547,18.540000915527344,18.25,18.540000915527344,10.186162948608398,135400
2003-03-14,18.56999969482422,18.709999084472656,18.459999084472656,18.510000228881836,10.169675827026367,187000
2003-03-17,18.40999984741211,19.06999969482422,18.40999984741211,19.040000915527344,10.460868835449219,335100
2003-03-18,19.079999923706055,19.079999923706055,18.719999313354492,18.899999618530273,10.383947372436523,350600
2003-03-19,19.09000015258789,19.219999313354492,18.979999542236328,19.219999313354492,10.559765815734863,660500
2003-03-20,19.239999771118164,19.270000457763672,18.969999313354492,19.18000030517578,10.53778076171875,925700
2003-03-21,19.190000534057617,19.489999771118164,19.079999923706055,19.489999771118164,10.767045021057129,158400
2003-03-24,19.040000915527344,19.100000381469727,18.780000686645508,18.969999313354492,10.479772567749023,273700
2003-03-25,18.950000762939453,19.100000381469727,18.799999237060547,18.979999542236328,10.485301971435547,286800
2003-03-26,18.899999618530273,19.049999237060547,18.8700008392334,18.90999984741211,10.44663143157959,398400
2003-03-27,18.799999237060547,19.06999969482422,18.649999618530273,18.950000762939453,10.468729972839355,996500
2003-03-28,18.950000762939453,18.950000762939453,18.649999618530273,18.75,10.35823917388916,296500
2003-03-31,18.350000381469727,18.700000762939453,18.170000076293945,18.56999969482422,10.258795738220215,94500
2003-04-01,18.350000381469727,18.56999969482422,18.350000381469727,18.510000228881836,10.225653648376465,332800
2003-04-02,18.81999969482422,18.979999542236328,18.729999542236328,18.899999618530273,10.441104888916016,883700
2003-04-03,18.979999542236328,18.979999542236328,18.68000030517578,18.770000457763672,10.369292259216309,335000
2003-04-04,18.770000457763672,18.860000610351562,18.670000076293945,18.850000381469727,10.413483619689941,333300
2003-04-07,19.059999465942383,19.219999313354492,18.75,18.75,10.35823917388916,79800
2003-04-08,18.889999389648438,19.0,18.81999969482422,18.969999313354492,10.479772567749023,65200
2003-04-09,19.049999237060547,19.200000762939453,18.809999465942383,18.81999969482422,10.396918296813965,250000
2003-04-10,18.920000076293945,18.920000076293945,18.760000228881836,18.8799991607666,10.430054664611816,357200
2003-04-11,19.049999237060547,19.079999923706055,18.889999389648438,18.920000076293945,10.452155113220215,124500
2003-04-14,18.969999313354492,19.25,18.969999313354492,19.25,10.634459495544434,437500
2003-04-15,19.360000610351562,19.360000610351562,19.15999984741211,19.31999969482422,10.673129081726074,203400
2003-04-16,19.06999969482422,19.139999389648438,18.729999542236328,18.770000457763672,10.369292259216309,1049300
2003-04-17,18.850000381469727,19.100000381469727,18.760000228881836,19.100000381469727,10.551589965820312,195900
2003-04-21,19.1299991607666,19.149999618530273,18.93000030517578,18.959999084472656,10.474255561828613,49000
2003-04-22,18.899999618530273,19.299999237060547,18.8799991607666,19.299999237060547,10.66208553314209,305600
2003-04-23,19.309999465942383,19.309999465942383,19.15999984741211,19.260000228881836,10.639989852905273,278400
2003-04-24,19.200000762939453,19.200000762939453,18.950000762939453,19.1299991607666,10.568166732788086,38300
2003-04-25,19.100000381469727,19.100000381469727,18.81999969482422,18.84000015258789,10.407959938049316,102100
2003-04-28,18.84000015258789,19.219999313354492,18.829999923706055,19.110000610351562,10.557119369506836,349300
2003-04-29,19.229999542236328,19.329999923706055,19.110000610351562,19.280000686645508,10.651034355163574,182700
2003-04-30,19.18000030517578,19.239999771118164,19.110000610351562,19.1200008392334,10.562642097473145,73900
2003-05-01,19.06999969482422,19.110000610351562,18.799999237060547,19.100000381469727,10.551589965820312,64000
2003-05-02,19.020000457763672,19.25,19.0,19.25,10.634459495544434,71600
2003-05-05,19.260000228881836,19.270000457763672,19.09000015258789,19.1299991607666,10.568166732788086,74100
2003-05-06,19.1299991607666,19.299999237060547,19.1299991607666,19.229999542236328,10.6234130859375,411900
2003-05-07,19.329999923706055,19.43000030517578,19.25,19.280000686645508,10.651034355163574,456100
2003-05-08,19.149999618530273,19.299999237060547,19.149999618530273,19.190000534057617,10.601312637329102,132700
2003-05-09,19.350000381469727,19.489999771118164,19.200000762939453,19.43000030517578,10.733901023864746,90900
2003-05-12,19.489999771118164,19.700000762939453,19.360000610351562,19.600000381469727,10.827814102172852,339300
2003-05-13,19.600000381469727,19.6200008392334,19.450000762939453,19.510000228881836,10.77808952331543,252100
2003-05-14,19.6299991607666,19.6299991607666,19.360000610351562,19.360000610351562,10.69522476196289,135300
2003-05-15,19.530000686645508,19.540000915527344,19.3799991607666,19.510000228881836,10.77808952331543,176000
2003-05-16,19.450000762939453,19.579999923706055,19.329999923706055,19.399999618530273,10.717326164245605,882200
2003-05-19,19.290000915527344,19.299999237060547,19.139999389648438,19.209999084472656,10.612360954284668,69000
2003-05-20,19.25,19.420000076293945,19.219999313354492,19.329999923706055,10.6786527633667,284600
2003-05-21,19.260000228881836,19.510000228881836,19.260000228881836,19.479999542236328,10.76152515411377,173000
2003-05-22,19.389999389648438,19.799999237060547,19.389999389648438,19.739999771118164,10.905153274536133,233900
2003-05-23,19.700000762939453,19.760000228881836,19.600000381469727,19.639999389648438,10.849910736083984,354600
2003-05-27,19.600000381469727,19.8799991607666,19.59000015258789,19.829999923706055,10.954875946044922,816000
2003-05-28,19.920000076293945,19.979999542236328,19.809999465942383,19.950000762939453,11.02116584777832,258600
2003-05-29,19.969999313354492,20.09000015258789,19.809999465942383,19.850000381469727,10.965922355651855,474500
2003-05-30,19.969999313354492,20.139999389648438,19.920000076293945,20.059999465942383,11.081930160522461,792600
2003-06-02,20.200000762939453,20.239999771118164,20.010000228881836,20.020000457763672,11.059839248657227,338400
2003-06-03,20.100000381469727,20.219999313354492,20.040000915527344,20.219999313354492,11.170327186584473,258800
2003-06-04,20.280000686645508,20.440000534057617,20.18000030517578,20.3700008392334,11.253191947937012,192400
2003-06-05,20.450000762939453,20.469999313354492,20.299999237060547,20.389999389648438,11.264241218566895,262400
2003-06-06,20.489999771118164,20.549999237060547,20.260000228881836,20.31999969482422,11.22557258605957,681600
2003-06-09,20.3799991607666,20.389999389648438,20.209999084472656,20.280000686645508,11.203479766845703,269000
2003-06-10,20.31999969482422,20.420000076293945,20.260000228881836,20.34000015258789,11.236613273620605,323100
2003-06-11,20.43000030517578,20.510000228881836,20.360000610351562,20.489999771118164,11.31948471069336,164700
2003-06-12,20.600000381469727,20.600000381469727,20.299999237060547,20.559999465942383,11.358154296875,58900
2003-06-13,20.5,20.579999923706055,20.31999969482422,20.360000610351562,11.247673034667969,43100
2003-06-16,20.549999237060547,20.770000457763672,20.450000762939453,20.770000457763672,11.474165916442871,116200
2003-06-17,20.780000686645508,20.799999237060547,20.56999969482422,20.639999389648438,11.402355194091797,117700
2003-06-18,20.6299991607666,20.719999313354492,20.5,20.610000610351562,11.38577651977539,372300
2003-06-19,20.610000610351562,20.68000030517578,20.360000610351562,20.3799991607666,11.258715629577637,116700
2003-06-20,20.3799991607666,20.43000030517578,20.219999313354492,20.290000915527344,11.259833335876465,121100
2003-06-23,20.239999771118164,20.239999771118164,20.040000915527344,20.18000030517578,11.198784828186035,108700
2003-06-24,20.170000076293945,20.450000762939453,20.170000076293945,20.399999618530273,11.320869445800781,366200
2003-06-25,20.399999618530273,20.469999313354492,20.110000610351562,20.110000610351562,11.159940719604492,147900
2003-06-26,20.100000381469727,20.25,20.030000686645508,20.239999771118164,11.232078552246094,43600
2003-06-27,20.299999237060547,20.360000610351562,20.06999969482422,20.1299991607666,11.171034812927246,85400
2003-06-30,20.149999618530273,20.260000228881836,20.09000015258789,20.15999984741211,11.187685012817383,40500
2003-07-01,20.010000228881836,20.329999923706055,19.950000762939453,20.329999923706055,11.282026290893555,127500
2003-07-02,20.260000228881836,20.469999313354492,20.260000228881836,20.459999084472656,11.354162216186523,114000
2003-07-03,20.329999923706055,20.479999542236328,20.25,20.34000015258789,11.287568092346191,13800
2003-07-07,20.450000762939453,20.56999969482422,20.43000030517578,20.489999771118164,11.370814323425293,172000
2003-07-08,20.420000076293945,20.510000228881836,20.350000381469727,20.510000228881836,11.381921768188477,67700
2003-07-09,20.479999542236328,20.479999542236328,20.15999984741211,20.239999771118164,11.232078552246094,79600
2003-07-10,20.229999542236328,20.229999542236328,20.06999969482422,20.15999984741211,11.187685012817383,418300
2003-07-11,20.25,20.420000076293945,20.18000030517578,20.299999237060547,11.265378952026367,98600
2003-07-14,20.40999984741211,20.520000457763672,20.219999313354492,20.25,11.237625122070312,90100
2003-07-15,20.360000610351562,20.40999984741211,20.25,20.360000610351562,11.298677444458008,247700
2003-07-16,20.360000610351562,20.3799991607666,20.09000015258789,20.149999618530273,11.182130813598633,159100
2003-07-17,20.219999313354492,20.34000015258789,20.059999465942383,20.079999923706055,11.143287658691406,97800
2003-07-18,20.190000534057617,20.299999237060547,20.079999923706055,20.260000228881836,11.243178367614746,148400
2003-07-21,20.290000915527344,20.290000915527344,20.059999465942383,20.09000015258789,11.148834228515625,121800
2003-07-22,20.100000381469727,20.360000610351562,20.049999237060547,20.299999237060547,11.265378952026367,155900
2003-07-23,20.360000610351562,20.360000610351562,20.110000610351562,20.209999084472656,11.215428352355957,110800
2003-07-24,20.31999969482422,20.350000381469727,20.06999969482422,20.06999969482422,11.137739181518555,133800
2003-07-25,20.030000686645508,20.25,19.950000762939453,20.229999542236328,11.226531982421875,58300
2003-07-28,20.280000686645508,20.299999237060547,20.079999923706055,20.110000610351562,11.159940719604492,48900
2003-07-29,20.209999084472656,20.229999542236328,19.959999084472656,20.0,11.098895072937012,81200
2003-07-30,20.059999465942383,20.139999389648438,20.030000686645508,20.1299991607666,11.171034812927246,23200
2003-07-31,20.260000228881836,20.459999084472656,20.100000381469727,20.1299991607666,11.171034812927246,72500
2003-08-01,19.959999084472656,20.049999237060547,19.850000381469727,19.93000030517578,11.060043334960938,123600
2003-08-04,19.920000076293945,20.100000381469727,19.760000228881836,20.010000228881836,11.104449272155762,142100
2003-08-05,19.979999542236328,20.0,19.760000228881836,19.770000457763672,10.971259117126465,378200
2003-08-06,19.739999771118164,19.959999084472656,19.700000762939453,19.889999389648438,11.037843704223633,165300
2003-08-07,19.899999618530273,20.09000015258789,19.899999618530273,20.059999465942383,11.132184028625488,45000
2003-08-08,20.139999389648438,20.190000534057617,20.040000915527344,20.18000030517578,11.198784828186035,152000
2003-08-11,20.25,20.280000686645508,20.079999923706055,20.149999618530273,11.182130813598633,137900
2003-08-12,20.200000762939453,20.350000381469727,20.139999389648438,20.309999465942383,11.270926475524902,28800
2003-08-13,20.3700008392334,20.3700008392334,20.190000534057617,20.239999771118164,11.232078552246094,256200
2003-08-14,20.280000686645508,20.43000030517578,20.219999313354492,20.350000381469727,11.293121337890625,160100
2003-08-15,20.420000076293945,20.420000076293945,20.31999969482422,20.420000076293945,11.331969261169434,9500
2003-08-18,20.360000610351562,20.479999542236328,20.360000610351562,20.459999084472656,11.354162216186523,33200
2003-08-19,20.329999923706055,20.43000030517578,20.229999542236328,20.350000381469727,11.293121337890625,389700
2003-08-20,20.299999237060547,20.3700008392334,20.25,20.280000686645508,11.25428295135498,182700
2003-08-21,20.290000915527344,20.420000076293945,20.25,20.350000381469727,11.293121337890625,436200
2003-08-22,20.420000076293945,20.420000076293945,20.149999618530273,20.170000076293945,11.193231582641602,106700
2003-08-25,20.139999389648438,20.290000915527344,20.139999389648438,20.290000915527344,11.259833335876465,278300
2003-08-26,20.209999084472656,20.360000610351562,20.1200008392334,20.31999969482422,11.276476860046387,68800
2003-08-27,20.299999237060547,20.420000076293945,20.299999237060547,20.399999618530273,11.320869445800781,157500
2003-08-28,20.450000762939453,20.520000457763672,20.290000915527344,20.459999084472656,11.354162216186523,37000
2003-08-29,20.3799991607666,20.530000686645508,20.3799991607666,20.469999313354492,11.35971450805664,937500
2003-09-02,20.440000534057617,20.770000457763672,20.440000534057617,20.700000762939453,11.487351417541504,126000
2003-09-03,20.780000686645508,20.81999969482422,20.670000076293945,20.75,11.515097618103027,327800
2003-09-04,20.84000015258789,20.899999618530273,20.760000228881836,20.850000381469727,11.570596694946289,292700
2003-09-05,20.719999313354492,20.780000686645508,20.600000381469727,20.6299991607666,11.448509216308594,95700
2003-09-08,20.709999084472656,20.709999084472656,20.559999465942383,20.690000534057617,11.481807708740234,126600
2003-09-09,20.600000381469727,20.600000381469727,20.40999984741211,20.459999084472656,11.354162216186523,624800
2003-09-10,20.479999542236328,20.6200008392334,20.43000030517578,20.450000762939453,11.348620414733887,451000
2003-09-11,20.549999237060547,20.68000030517578,20.549999237060547,20.559999465942383,11.409660339355469,94400
2003-09-12,20.559999465942383,20.6299991607666,20.40999984741211,20.610000610351562,11.437407493591309,94400
2003-09-15,20.59000015258789,20.6299991607666,20.520000457763672,20.59000015258789,11.426310539245605,90600
2003-09-16,20.600000381469727,20.639999389648438,20.450000762939453,20.600000381469727,11.431857109069824,59600
2003-09-17,20.68000030517578,20.75,20.600000381469727,20.700000762939453,11.487351417541504,259600
2003-09-18,20.68000030517578,20.889999389648438,20.68000030517578,20.829999923706055,11.559497833251953,111200
2003-09-19,20.729999542236328,20.770000457763672,20.639999389648438,20.709999084472656,11.532210350036621,86300
2003-09-22,20.600000381469727,20.600000381469727,20.420000076293945,20.540000915527344,11.437553405761719,126700
2003-09-23,20.610000610351562,20.68000030517578,20.5,20.65999984741211,11.504375457763672,152200
2003-09-24,20.68000030517578,20.68000030517578,20.420000076293945,20.479999542236328,11.40413761138916,271800
2003-09-25,20.459999084472656,20.600000381469727,20.459999084472656,20.459999084472656,11.392996788024902,170700
2003-09-26,20.389999389648438,20.459999084472656,20.350000381469727,20.40999984741211,11.365157127380371,226800
2003-09-29,20.479999542236328,20.479999542236328,20.34000015258789,20.40999984741211,11.365157127380371,111200
2003-09-30,20.399999618530273,20.450000762939453,20.200000762939453,20.31999969482422,11.315045356750488,105000
2003-10-01,20.34000015258789,20.709999084472656,20.34000015258789,20.690000534057617,11.521081924438477,191100
2003-10-02,20.670000076293945,20.780000686645508,20.670000076293945,20.690000534057617,11.521081924438477,222000
2003-10-03,20.989999771118164,21.0,20.799999237060547,20.850000381469727,11.61016845703125,707100
2003-10-06,20.8700008392334,20.959999084472656,20.809999465942383,20.920000076293945,11.649152755737305,209600
2003-10-07,20.90999984741211,21.100000381469727,20.860000610351562,21.030000686645508,11.710405349731445,300900
2003-10-08,21.040000915527344,21.059999465942383,20.93000030517578,20.969999313354492,11.676987648010254,134400
2003-10-09,21.200000762939453,21.219999313354492,20.969999313354492,21.0,11.693696975708008,267100
2003-10-10,20.979999542236328,21.049999237060547,20.93000030517578,20.989999771118164,11.688127517700195,522100
2003-10-13,21.010000228881836,21.15999984741211,21.0,21.06999969482422,11.732673645019531,123900
2003-10-14,21.100000381469727,21.190000534057617,21.010000228881836,21.18000030517578,11.793928146362305,247700
2003-10-15,21.149999618530273,21.200000762939453,21.040000915527344,21.149999618530273,11.7772216796875,632100
2003-10-16,21.030000686645508,21.190000534057617,21.0,21.18000030517578,11.793928146362305,107500
2003-10-17,21.209999084472656,21.209999084472656,21.0,21.049999237060547,11.721540451049805,127000
2003-10-20,21.059999465942383,21.059999465942383,20.889999389648438,21.059999465942383,11.727106094360352,164000
2003-10-21,21.110000610351562,21.15999984741211,21.0,21.030000686645508,11.710405349731445,84700
2003-10-22,20.950000762939453,21.040000915527344,20.829999923706055,20.93000030517578,11.654714584350586,274600
2003-10-23,20.799999237060547,20.969999313354492,20.799999237060547,20.93000030517578,11.654714584350586,289000
2003-10-24,20.920000076293945,20.920000076293945,20.6299991607666,20.90999984741211,11.643579483032227,289900
2003-10-27,21.030000686645508,21.049999237060547,20.829999923706055,20.899999618530273,11.638007164001465,166600
2003-10-28,20.899999618530273,21.139999389648438,20.899999618530273,21.1299991607666,11.766085624694824,907000
2003-10-29,21.059999465942383,21.229999542236328,21.059999465942383,21.229999542236328,11.821771621704102,109300
2003-10-30,21.299999237060547,21.299999237060547,21.079999923706055,21.200000762939453,11.805063247680664,63500
2003-10-31,21.299999237060547,21.31999969482422,21.200000762939453,21.239999771118164,11.827338218688965,222600
2003-11-03,21.34000015258789,21.469999313354492,21.34000015258789,21.43000030517578,11.933135986328125,96700
2003-11-04,21.399999618530273,21.40999984741211,21.299999237060547,21.299999237060547,11.860748291015625,36700
2003-11-05,21.34000015258789,21.34000015258789,21.139999389648438,21.270000457763672,11.844040870666504,33100
2003-11-06,21.229999542236328,21.440000534057617,21.190000534057617,21.399999618530273,11.91642951965332,47900
2003-11-07,21.440000534057617,21.5,21.350000381469727,21.399999618530273,11.91642951965332,71500
2003-11-10,21.350000381469727,21.43000030517578,21.270000457763672,21.34000015258789,11.88302230834961,53800
2003-11-11,21.3700008392334,21.3799991607666,21.290000915527344,21.360000610351562,11.894161224365234,181900
2003-11-12,21.399999618530273,21.530000686645508,21.31999969482422,21.520000457763672,11.983250617980957,345300
2003-11-13,21.34000015258789,21.34000015258789,21.170000076293945,21.270000457763672,11.844040870666504,66100
2003-11-14,21.309999465942383,21.350000381469727,21.059999465942383,21.149999618530273,11.7772216796875,250800
2003-11-17,21.020000457763672,21.209999084472656,20.979999542236328,21.170000076293945,11.788359642028809,492100
2003-11-18,21.219999313354492,21.229999542236328,21.030000686645508,21.09000015258789,11.743810653686523,89100
2003-11-19,21.09000015258789,21.239999771118164,21.049999237060547,21.200000762939453,11.805063247680664,45600
2003-11-20,21.200000762939453,21.270000457763672,21.040000915527344,21.049999237060547,11.721540451049805,320500
2003-11-21,21.049999237060547,21.18000030517578,21.030000686645508,21.100000381469727,11.749381065368652,76900
2003-11-24,21.239999771118164,21.40999984741211,21.190000534057617,21.389999389648438,11.910861015319824,140900
2003-11-25,21.399999618530273,21.479999542236328,21.309999465942383,21.440000534057617,11.938712120056152,108200
2003-11-26,21.540000915527344,21.540000915527344,21.299999237060547,21.40999984741211,11.922002792358398,79200
2003-11-28,21.440000534057617,21.5,21.399999618530273,21.489999771118164,11.966547966003418,17600
2003-12-01,21.40999984741211,21.489999771118164,21.309999465942383,21.450000762939453,11.944276809692383,79000
2003-12-02,21.450000762939453,21.450000762939453,21.25,21.260000228881836,11.838480949401855,304500
2003-12-03,21.329999923706055,21.420000076293945,21.260000228881836,21.270000457763672,11.844040870666504,323500
2003-12-04,21.290000915527344,21.360000610351562,21.200000762939453,21.360000610351562,11.894161224365234,103500
2003-12-05,21.31999969482422,21.40999984741211,21.229999542236328,21.290000915527344,11.855181694030762,359600
2003-12-08,21.360000610351562,21.440000534057617,21.219999313354492,21.34000015258789,11.88302230834961,109600
2003-12-09,21.299999237060547,21.399999618530273,21.239999771118164,21.260000228881836,11.838480949401855,341100
2003-12-10,21.290000915527344,21.350000381469727,21.18000030517578,21.280000686645508,11.849617958068848,183900
2003-12-11,21.350000381469727,21.389999389648438,21.270000457763672,21.270000457763672,11.844040870666504,85300
2003-12-12,21.3799991607666,21.43000030517578,21.200000762939453,21.40999984741211,11.922002792358398,114000
2003-12-15,21.549999237060547,21.549999237060547,21.25,21.270000457763672,11.844040870666504,277300
2003-12-16,21.309999465942383,21.510000228881836,21.270000457763672,21.479999542236328,11.960976600646973,86900
2003-12-17,21.489999771118164,21.559999465942383,21.440000534057617,21.459999084472656,11.94983959197998,397600
2003-12-18,21.600000381469727,21.610000610351562,21.489999771118164,21.56999969482422,12.01109790802002,458700
2003-12-19,21.530000686645508,21.540000915527344,21.329999923706055,21.399999618530273,11.966917991638184,62900
2003-12-22,21.399999618530273,21.520000457763672,21.399999618530273,21.520000457763672,12.034026145935059,134400
2003-12-23,21.440000534057617,21.59000015258789,21.43000030517578,21.530000686645508,12.039615631103516,259900
2003-12-24,21.530000686645508,21.530000686645508,21.43000030517578,21.459999084472656,12.000469207763672,52600
2003-12-26,21.399999618530273,21.520000457763672,21.399999618530273,21.479999542236328,12.011650085449219,29800
2003-12-29,21.559999465942383,21.65999984741211,21.450000762939453,21.6200008392334,12.089945793151855,319700
2003-12-30,21.639999389648438,21.719999313354492,21.600000381469727,21.649999618530273,12.106722831726074,479000
2003-12-31,21.739999771118164,21.780000686645508,21.65999984741211,21.780000686645508,12.179417610168457,256000
2004-01-02,21.75,21.8799991607666,21.479999542236328,21.520000457763672,12.034026145935059,356900
2004-01-05,21.700000762939453,21.700000762939453,21.459999084472656,21.65999984741211,12.112309455871582,235700
2004-01-06,21.65999984741211,21.739999771118164,21.600000381469727,21.709999084472656,12.140277862548828,140300
2004-01-07,21.600000381469727,21.670000076293945,21.5,21.6200008392334,12.089945793151855,550600
2004-01-08,21.770000457763672,21.770000457763672,21.5,21.59000015258789,12.073163986206055,728900
2004-01-09,21.579999923706055,21.610000610351562,21.389999389648438,21.43000030517578,11.983697891235352,741400
2004-01-12,21.399999618530273,21.530000686645508,21.3799991607666,21.530000686645508,12.039615631103516,599900
2004-01-13,21.559999465942383,21.559999465942383,21.34000015258789,21.5,12.022844314575195,458800
2004-01-14,21.540000915527344,21.639999389648438,21.510000228881836,21.579999923706055,12.067577362060547,391900
2004-01-15,21.59000015258789,21.610000610351562,21.40999984741211,21.600000381469727,12.078755378723145,288600
2004-01-16,21.649999618530273,21.649999618530273,21.510000228881836,21.59000015258789,12.073163986206055,118800
2004-01-20,21.59000015258789,21.59000015258789,21.43000030517578,21.520000457763672,12.034026145935059,114400
2004-01-21,21.549999237060547,21.649999618530273,21.479999542236328,21.610000610351562,12.084352493286133,210100
2004-01-22,21.65999984741211,21.65999984741211,21.510000228881836,21.540000915527344,12.045208930969238,128700
2004-01-23,21.6200008392334,21.739999771118164,21.549999237060547,21.719999313354492,12.145864486694336,208600
2004-01-26,21.760000228881836,21.940000534057617,21.719999313354492,21.93000030517578,12.26329517364502,449000
2004-01-27,21.950000762939453,21.959999084472656,21.81999969482422,21.81999969482422,12.201786041259766,224500
2004-01-28,21.860000610351562,21.920000076293945,21.56999969482422,21.600000381469727,12.078755378723145,402100
2004-01-29,21.700000762939453,21.940000534057617,21.649999618530273,21.899999618530273,12.246521949768066,833100
2004-01-30,21.8799991607666,21.8799991607666,21.729999542236328,21.780000686645508,12.179417610168457,155000
2004-02-02,21.780000686645508,21.959999084472656,21.770000457763672,21.8700008392334,12.229742050170898,104100
2004-02-03,21.780000686645508,22.010000228881836,21.780000686645508,21.979999542236328,12.291254997253418,227300
2004-02-04,21.979999542236328,22.18000030517578,21.940000534057617,22.110000610351562,12.363953590393066,378700
2004-02-05,22.190000534057617,22.290000915527344,22.100000381469727,22.25,12.442243576049805,494500
2004-02-06,22.34000015258789,22.440000534057617,22.200000762939453,22.420000076293945,12.537303924560547,480900
2004-02-09,22.399999618530273,22.5,22.350000381469727,22.450000762939453,12.554084777832031,405400
2004-02-10,22.3799991607666,22.549999237060547,22.3799991607666,22.540000915527344,12.604412078857422,289600
2004-02-11,22.479999542236328,22.600000381469727,22.399999618530273,22.510000228881836,12.58763313293457,362300
2004-02-12,22.549999237060547,22.600000381469727,22.469999313354492,22.549999237060547,12.610000610351562,225100
2004-02-13,22.5,22.59000015258789,22.329999923706055,22.40999984741211,12.531713485717773,484800
2004-02-17,22.600000381469727,22.639999389648438,22.510000228881836,22.610000610351562,12.643553733825684,207300
2004-02-18,22.59000015258789,22.6299991607666,22.5,22.579999923706055,12.62678050994873,492700
2004-02-19,22.729999542236328,22.850000381469727,22.649999618530273,22.690000534057617,12.688291549682617,341000
2004-02-20,22.780000686645508,22.90999984741211,22.709999084472656,22.8700008392334,12.788948059082031,526200
2004-02-23,22.8799991607666,23.020000457763672,22.850000381469727,23.0,12.861640930175781,809000
2004-02-24,22.989999771118164,22.989999771118164,22.75,22.860000610351562,12.783356666564941,750000
2004-02-25,22.899999618530273,22.969999313354492,22.84000015258789,22.93000030517578,12.822504997253418,744700
2004-02-26,22.93000030517578,22.979999542236328,22.84000015258789,22.93000030517578,12.822504997253418,269700
2004-02-27,22.979999542236328,23.110000610351562,22.899999618530273,23.020000457763672,12.872827529907227,341000
2004-03-01,23.1200008392334,23.280000686645508,23.040000915527344,23.280000686645508,13.01822566986084,345600
2004-03-02,23.209999084472656,23.239999771118164,23.0,23.049999237060547,12.889601707458496,830100
2004-03-03,23.049999237060547,23.18000030517578,22.969999313354492,23.170000076293945,12.956701278686523,262500
2004-03-04,23.18000030517578,23.18000030517578,23.040000915527344,23.1200008392334,12.928749084472656,134200
2004-03-05,23.079999923706055,23.309999465942383,23.0,23.1299991607666,12.934340476989746,426100
2004-03-08,23.15999984741211,23.25,23.1200008392334,23.1200008392334,12.928749084472656,233500
2004-03-09,23.100000381469727,23.18000030517578,22.969999313354492,23.1200008392334,12.928749084472656,278700
2004-03-10,23.200000762939453,23.299999237060547,23.020000457763672,23.059999465942383,12.89519214630127,730500
2004-03-11,22.8799991607666,22.979999542236328,22.56999969482422,22.6200008392334,12.649145126342773,886700
2004-03-12,22.610000610351562,22.649999618530273,22.459999084472656,22.6200008392334,12.649145126342773,280200
2004-03-15,22.649999618530273,22.649999618530273,22.360000610351562,22.399999618530273,12.526118278503418,359400
2004-03-16,22.489999771118164,22.559999465942383,22.270000457763672,22.440000534057617,12.548486709594727,600900
2004-03-17,22.510000228881836,22.760000228881836,22.479999542236328,22.709999084472656,12.699471473693848,158500
2004-03-18,22.600000381469727,22.84000015258789,22.549999237060547,22.700000762939453,12.69388484954834,389000
2004-03-19,22.670000076293945,22.68000030517578,22.5,22.56999969482422,12.666938781738281,179600
2004-03-22,22.399999618530273,22.399999618530273,22.200000762939453,22.270000457763672,12.498573303222656,355300
2004-03-23,22.3700008392334,22.389999389648438,22.200000762939453,22.229999542236328,12.476127624511719,277900
2004-03-24,22.25,22.3799991607666,22.15999984741211,22.290000915527344,12.509795188903809,176600
2004-03-25,22.469999313354492,22.6299991607666,22.389999389648438,22.600000381469727,12.683778762817383,308900
2004-03-26,22.610000610351562,22.6299991607666,22.469999313354492,22.469999313354492,12.610824584960938,101000
2004-03-29,22.6299991607666,22.829999923706055,22.579999923706055,22.739999771118164,12.762353897094727,212300
2004-03-30,22.799999237060547,22.889999389648438,22.719999313354492,22.8799991607666,12.840923309326172,190900
2004-03-31,22.829999923706055,22.920000076293945,22.690000534057617,22.8799991607666,12.840923309326172,305100
2004-04-01,22.829999923706055,22.8700008392334,22.729999542236328,22.790000915527344,12.790414810180664,360900
2004-04-02,23.030000686645508,23.040000915527344,22.770000457763672,22.81999969482422,12.807247161865234,772900
2004-04-05,22.780000686645508,22.950000762939453,22.780000686645508,22.899999618530273,12.852147102355957,148600
2004-04-06,22.950000762939453,23.049999237060547,22.889999389648438,23.010000228881836,12.913885116577148,70200
2004-04-07,23.040000915527344,23.040000915527344,22.8799991607666,22.950000762939453,12.880207061767578,87100
2004-04-08,23.030000686645508,23.030000686645508,22.68000030517578,22.829999923706055,12.812858581542969,588400
2004-04-12,22.829999923706055,22.93000030517578,22.81999969482422,22.920000076293945,12.863371849060059,264100
2004-04-13,22.959999084472656,22.959999084472656,22.639999389648438,22.690000534057617,12.734291076660156,132900
2004-04-14,22.690000534057617,22.850000381469727,22.600000381469727,22.850000381469727,12.824085235595703,534600
2004-04-15,22.899999618530273,22.969999313354492,22.790000915527344,22.920000076293945,12.863371849060059,761800
2004-04-16,23.040000915527344,23.1299991607666,22.959999084472656,23.079999923706055,12.953167915344238,415700
2004-04-19,23.0,23.200000762939453,23.0,23.149999618530273,12.992459297180176,188600
2004-04-20,23.239999771118164,23.239999771118164,22.969999313354492,22.969999313354492,12.891432762145996,720100
2004-04-21,22.899999618530273,23.09000015258789,22.81999969482422,23.020000457763672,12.919495582580566,655500
2004-04-22,23.040000915527344,23.25,22.90999984741211,23.25,13.048574447631836,282900
2004-04-23,23.100000381469727,23.309999465942383,23.079999923706055,23.270000457763672,13.05980396270752,300600
2004-04-26,23.299999237060547,23.350000381469727,23.139999389648438,23.219999313354492,13.031742095947266,142800
2004-04-27,23.270000457763672,23.389999389648438,23.219999313354492,23.280000686645508,13.065418243408203,323600
2004-04-28,23.260000228881836,23.270000457763672,23.010000228881836,23.010000228881836,12.913885116577148,476600
2004-04-29,23.1299991607666,23.219999313354492,23.010000228881836,23.1299991607666,12.981236457824707,152900
2004-04-30,23.270000457763672,23.389999389648438,23.15999984741211,23.18000030517578,13.009288787841797,589100
2004-05-03,23.299999237060547,23.360000610351562,23.200000762939453,23.31999969482422,13.087864875793457,1041000
2004-05-04,23.3799991607666,23.3799991607666,23.100000381469727,23.219999313354492,13.031742095947266,799500
2004-05-05,23.219999313354492,23.270000457763672,23.149999618530273,23.260000228881836,13.054192543029785,754600
2004-05-06,23.260000228881836,23.260000228881836,23.010000228881836,23.15999984741211,12.998066902160645,425000
2004-05-07,23.100000381469727,23.18000030517578,22.860000610351562,22.940000534057617,12.87459945678711,374000
2004-05-10,22.75,22.93000030517578,22.719999313354492,22.829999923706055,12.812858581542969,661800
2004-05-11,22.899999618530273,22.90999984741211,22.639999389648438,22.790000915527344,12.790414810180664,443400
2004-05-12,22.739999771118164,22.739999771118164,22.389999389648438,22.670000076293945,12.72307014465332,1116500
2004-05-13,22.700000762939453,22.739999771118164,22.530000686645508,22.6299991607666,12.700611114501953,862900
2004-05-14,22.600000381469727,22.799999237060547,22.520000457763672,22.719999313354492,12.751123428344727,983700
2004-05-17,22.530000686645508,22.690000534057617,22.459999084472656,22.56999969482422,12.666938781738281,412400
2004-05-18,22.700000762939453,22.770000457763672,22.649999618530273,22.700000762939453,12.739899635314941,554900
2004-05-19,22.799999237060547,22.84000015258789,22.540000915527344,22.579999923706055,12.672547340393066,660200
2004-05-20,22.559999465942383,22.700000762939453,22.510000228881836,22.65999984741211,12.717453002929688,1020900
2004-05-21,22.739999771118164,22.81999969482422,22.6299991607666,22.670000076293945,12.72307014465332,142600
2004-05-24,22.700000762939453,22.770000457763672,22.5,22.579999923706055,12.672547340393066,578500
2004-05-25,22.579999923706055,22.8700008392334,22.450000762939453,22.850000381469727,12.824085235595703,418000
2004-05-26,22.81999969482422,22.8799991607666,22.75,22.8700008392334,12.835308074951172,92600
2004-05-27,23.059999465942383,23.149999618530273,22.950000762939453,23.139999389648438,12.986841201782227,762500
2004-05-28,23.149999618530273,23.149999618530273,23.010000228881836,23.049999237060547,12.936332702636719,521400
2004-06-01,23.049999237060547,23.06999969482422,22.899999618530273,23.049999237060547,12.936332702636719,158200
2004-06-02,23.149999618530273,23.270000457763672,23.059999465942383,23.239999771118164,13.04296588897705,101000
2004-06-03,23.209999084472656,23.3799991607666,23.190000534057617,23.190000534057617,13.014908790588379,1102300
2004-06-04,23.31999969482422,23.360000610351562,23.170000076293945,23.229999542236328,13.037360191345215,206200
2004-06-07,23.309999465942383,23.450000762939453,23.229999542236328,23.43000030517578,13.14959716796875,770700
2004-06-08,23.43000030517578,23.559999465942383,23.350000381469727,23.540000915527344,13.21133041381836,678500
2004-06-09,23.530000686645508,23.559999465942383,23.420000076293945,23.450000762939453,13.16082763671875,538100
2004-06-10,23.479999542236328,23.479999542236328,23.350000381469727,23.450000762939453,13.16082763671875,146300
2004-06-14,23.399999618530273,23.399999618530273,23.25,23.329999923706055,13.093478202819824,283700
2004-06-15,23.5,23.5,23.350000381469727,23.440000534057617,13.1552095413208,319300
2004-06-16,23.440000534057617,23.450000762939453,23.350000381469727,23.40999984741211,13.138378143310547,318500
2004-06-17,23.420000076293945,23.420000076293945,23.299999237060547,23.31999969482422,13.087864875793457,161300
2004-06-18,23.100000381469727,23.299999237060547,23.100000381469727,23.229999542236328,13.086179733276367,518500
2004-06-21,23.1299991607666,23.34000015258789,23.1299991607666,23.200000762939453,13.069273948669434,211500
2004-06-22,23.18000030517578,23.270000457763672,23.049999237060547,23.209999084472656,13.07491397857666,148800
2004-06-23,23.229999542236328,23.280000686645508,23.040000915527344,23.239999771118164,13.091809272766113,308500
2004-06-24,23.15999984741211,23.670000076293945,23.09000015258789,23.149999618530273,13.04111099243164,200900
2004-06-25,23.1299991607666,23.18000030517578,22.90999984741211,22.93000030517578,12.917170524597168,393800
2004-06-28,22.8700008392334,23.1200008392334,22.8700008392334,22.93000030517578,12.917170524597168,695900
2004-06-29,22.959999084472656,23.030000686645508,22.93000030517578,22.950000762939453,12.928438186645508,706700
2004-06-30,22.93000030517578,23.110000610351562,22.93000030517578,23.09000015258789,13.007309913635254,314700
2004-07-01,23.139999389648438,23.149999618530273,22.790000915527344,22.860000610351562,12.877745628356934,539900
2004-07-02,22.790000915527344,22.989999771118164,22.790000915527344,22.860000610351562,12.877745628356934,165100
2004-07-06,22.84000015258789,22.950000762939453,22.790000915527344,22.8700008392334,12.883371353149414,705100
2004-07-07,22.860000610351562,22.950000762939453,22.84000015258789,22.889999389648438,12.894648551940918,294000
2004-07-08,22.780000686645508,22.989999771118164,22.780000686645508,22.860000610351562,12.877745628356934,158000
2004-07-09,22.8799991607666,22.950000762939453,22.860000610351562,22.920000076293945,12.911540985107422,339000
2004-07-12,22.899999618530273,22.989999771118164,22.809999465942383,22.950000762939453,12.928438186645508,354500
2004-07-13,22.979999542236328,23.020000457763672,22.8799991607666,22.979999542236328,12.945343971252441,451900
2004-07-14,22.860000610351562,23.100000381469727,22.829999923706055,22.969999313354492,12.939705848693848,970900
2004-07-15,23.040000915527344,23.040000915527344,22.739999771118164,22.81999969482422,12.855205535888672,246900
2004-07-16,22.989999771118164,23.100000381469727,22.799999237060547,22.809999465942383,12.84958267211914,601600
2004-07-19,22.829999923706055,22.940000534057617,22.770000457763672,22.81999969482422,12.855205535888672,166600
2004-07-20,22.739999771118164,23.020000457763672,22.739999771118164,22.829999923706055,12.860838890075684,187900
2004-07-21,22.920000076293945,22.920000076293945,22.520000457763672,22.520000457763672,12.686209678649902,1546900
2004-07-22,22.3700008392334,22.520000457763672,22.309999465942383,22.450000762939453,12.646775245666504,1137800
2004-07-23,22.420000076293945,22.420000076293945,22.030000686645508,22.1200008392334,12.4608736038208,301400
2004-07-26,22.200000762939453,22.200000762939453,21.950000762939453,22.040000915527344,12.415810585021973,128100
2004-07-27,22.149999618530273,22.280000686645508,22.049999237060547,22.270000457763672,12.545374870300293,299800
2004-07-28,22.190000534057617,22.299999237060547,21.93000030517578,22.209999084472656,12.511574745178223,437800
2004-07-29,22.25,22.25,21.8799991607666,21.950000762939453,12.365114212036133,720400
2004-07-30,21.8799991607666,21.979999542236328,21.829999923706055,21.950000762939453,12.365114212036133,416900
2004-08-02,21.860000610351562,22.239999771118164,21.860000610351562,22.170000076293945,12.489045143127441,551400
2004-08-03,22.1200008392334,22.149999618530273,22.010000228881836,22.079999923706055,12.438345909118652,112000
2004-08-04,21.920000076293945,22.219999313354492,21.920000076293945,22.1299991607666,12.466509819030762,129700
2004-08-05,22.209999084472656,22.209999084472656,21.829999923706055,21.8700008392334,12.320052146911621,238200
2004-08-06,21.739999771118164,21.790000915527344,21.600000381469727,21.600000381469727,12.167943954467773,580700
2004-08-09,21.68000030517578,21.719999313354492,21.6299991607666,21.68000030517578,12.21300983428955,310500
2004-08-10,21.670000076293945,21.860000610351562,21.670000076293945,21.850000381469727,12.30877685546875,231000
2004-08-11,21.799999237060547,22.040000915527344,21.75,22.020000457763672,12.404548645019531,201400
2004-08-12,22.139999389648438,22.149999618530273,21.969999313354492,21.969999313354492,12.37637996673584,229300
2004-08-13,22.079999923706055,22.110000610351562,21.959999084472656,22.06999969482422,12.432711601257324,1228200
2004-08-16,22.1200008392334,22.209999084472656,22.010000228881836,22.209999084472656,12.511574745178223,707300
2004-08-17,22.350000381469727,22.350000381469727,22.15999984741211,22.229999542236328,12.522848129272461,245100
2004-08-18,22.309999465942383,22.3799991607666,22.229999542236328,22.3799991607666,12.607344627380371,414600
2004-08-19,22.420000076293945,22.420000076293945,22.200000762939453,22.270000457763672,12.545374870300293,154800
2004-08-20,22.299999237060547,22.3700008392334,22.219999313354492,22.3700008392334,12.60171127319336,64600
2004-08-23,22.389999389648438,22.399999618530273,22.200000762939453,22.290000915527344,12.556639671325684,98100
2004-08-24,22.290000915527344,22.3799991607666,22.270000457763672,22.299999237060547,12.56227970123291,44900
2004-08-25,22.190000534057617,22.450000762939453,22.18000030517578,22.43000030517578,12.635510444641113,109600
2004-08-26,22.34000015258789,22.469999313354492,22.34000015258789,22.469999313354492,12.65804672241211,60300
2004-08-27,22.459999084472656,22.489999771118164,22.399999618530273,22.43000030517578,12.635510444641113,96000
2004-08-30,22.450000762939453,22.459999084472656,22.31999969482422,22.31999969482422,12.5735445022583,57000
2004-08-31,22.229999542236328,22.399999618530273,22.200000762939453,22.34000015258789,12.584814071655273,141000
2004-09-01,22.31999969482422,22.420000076293945,22.219999313354492,22.34000015258789,12.584814071655273,315000
2004-09-02,22.450000762939453,22.610000610351562,22.3700008392334,22.600000381469727,12.731276512145996,164600
2004-09-03,22.68000030517578,22.780000686645508,22.670000076293945,22.700000762939453,12.787606239318848,70500
2004-09-07,22.790000915527344,22.790000915527344,22.600000381469727,22.700000762939453,12.787606239318848,119700
2004-09-08,22.549999237060547,22.639999389648438,22.43000030517578,22.459999084472656,12.6524076461792,181600
2004-09-09,22.420000076293945,22.469999313354492,22.299999237060547,22.3700008392334,12.60171127319336,400600
2004-09-10,22.25,22.43000030517578,22.209999084472656,22.389999389648438,12.6129789352417,208000
2004-09-13,22.350000381469727,22.479999542236328,22.350000381469727,22.40999984741211,12.624241828918457,487200
2004-09-14,22.450000762939453,22.469999313354492,22.329999923706055,22.420000076293945,12.629878997802734,273400
2004-09-15,22.350000381469727,22.350000381469727,22.139999389648438,22.200000762939453,12.50594425201416,279100
2004-09-16,22.209999084472656,22.229999542236328,22.040000915527344,22.079999923706055,12.438345909118652,641400
2004-09-17,22.06999969482422,22.18000030517578,22.0,22.09000015258789,12.496613502502441,150500
2004-09-20,21.799999237060547,21.829999923706055,21.649999618530273,21.719999313354492,12.287294387817383,736100
2004-09-21,21.65999984741211,21.719999313354492,21.59000015258789,21.639999389648438,12.242044448852539,525100
2004-09-22,21.649999618530273,21.649999618530273,21.420000076293945,21.469999313354492,12.145868301391602,493200
2004-09-23,21.549999237060547,21.6200008392334,21.469999313354492,21.549999237060547,12.191123008728027,2347300
2004-09-24,21.56999969482422,21.579999923706055,21.479999542236328,21.530000686645508,12.179810523986816,428300
2004-09-27,21.459999084472656,21.549999237060547,21.40999984741211,21.440000534057617,12.128896713256836,621300
2004-09-28,21.549999237060547,21.559999465942383,21.40999984741211,21.549999237060547,12.191123008728027,735500
2004-09-29,21.540000915527344,21.6299991607666,21.360000610351562,21.610000610351562,12.225069046020508,928100
2004-09-30,21.610000610351562,21.690000534057617,21.600000381469727,21.65999984741211,12.2533597946167,715300
2004-10-01,21.65999984741211,21.940000534057617,21.65999984741211,21.8799991607666,12.37781810760498,582500
2004-10-04,21.950000762939453,22.0,21.809999465942383,21.829999923706055,12.349523544311523,396200
2004-10-05,21.81999969482422,21.90999984741211,21.780000686645508,21.829999923706055,12.349523544311523,736200
2004-10-06,21.780000686645508,21.93000030517578,21.780000686645508,21.93000030517578,12.406097412109375,698400
2004-10-07,21.989999771118164,22.0,21.75,21.760000228881836,12.309929847717285,498100
2004-10-08,21.700000762939453,21.780000686645508,21.559999465942383,21.610000610351562,12.225069046020508,219400
2004-10-11,21.559999465942383,21.6299991607666,21.559999465942383,21.600000381469727,12.219412803649902,173900
2004-10-12,21.5,21.579999923706055,21.479999542236328,21.540000915527344,12.18547248840332,257700
2004-10-13,21.520000457763672,21.6200008392334,21.40999984741211,21.450000762939453,12.134560585021973,597300
2004-10-14,21.479999542236328,21.530000686645508,21.3700008392334,21.3700008392334,12.0892972946167,697500
2004-10-15,21.450000762939453,21.6299991607666,21.450000762939453,21.510000228881836,12.168498039245605,2318500
2004-10-18,21.459999084472656,21.610000610351562,21.440000534057617,21.59000015258789,12.213756561279297,1275800
2004-10-19,21.610000610351562,21.649999618530273,21.459999084472656,21.459999084472656,12.140213966369629,202700
2004-10-20,21.420000076293945,21.520000457763672,21.3700008392334,21.520000457763672,12.174156188964844,353700
2004-10-21,21.450000762939453,21.600000381469727,21.399999618530273,21.520000457763672,12.174156188964844,356100
2004-10-22,21.65999984741211,21.68000030517578,21.3799991607666,21.3799991607666,12.094953536987305,382300
2004-10-25,21.489999771118164,21.489999771118164,21.200000762939453,21.260000228881836,12.027070999145508,486300
2004-10-26,21.200000762939453,21.540000915527344,21.18000030517578,21.489999771118164,12.157184600830078,893800
2004-10-27,21.3700008392334,21.719999313354492,21.34000015258789,21.719999313354492,12.287294387817383,405800
2004-10-28,21.610000610351562,21.899999618530273,21.610000610351562,21.81999969482422,12.343868255615234,492500
2004-10-29,21.81999969482422,21.889999389648438,21.739999771118164,21.799999237060547,12.332548141479492,714100
2004-11-01,21.809999465942383,21.84000015258789,21.700000762939453,21.75,12.30427074432373,202900
2004-11-02,21.780000686645508,22.049999237060547,21.75,21.889999389648438,12.383475303649902,1323100
2004-11-03,22.100000381469727,22.110000610351562,21.969999313354492,22.059999465942383,12.47964096069336,366600
2004-11-04,22.049999237060547,22.649999618530273,22.049999237060547,22.649999618530273,12.813410758972168,234800
2004-11-05,22.790000915527344,22.81999969482422,22.649999618530273,22.75,12.869982719421387,751500
2004-11-08,22.700000762939453,22.770000457763672,22.6299991607666,22.709999084472656,12.847357749938965,1681800
2004-11-09,22.739999771118164,22.770000457763672,22.610000610351562,22.700000762939453,12.84170150756836,132900
2004-11-10,22.700000762939453,22.860000610351562,22.670000076293945,22.729999542236328,12.858668327331543,345800
2004-11-11,22.729999542236328,22.899999618530273,22.700000762939453,22.899999618530273,12.954842567443848,568300
2004-11-12,22.90999984741211,22.989999771118164,22.809999465942383,22.969999313354492,12.994441986083984,274100
2004-11-15,22.969999313354492,23.059999465942383,22.90999984741211,23.040000915527344,13.034032821655273,607700
2004-11-16,22.81999969482422,22.950000762939453,22.81999969482422,22.889999389648438,12.949189186096191,258100
2004-11-17,22.940000534057617,23.040000915527344,22.850000381469727,22.90999984741211,12.960494041442871,469800
2004-11-18,22.850000381469727,22.989999771118164,22.850000381469727,22.899999618530273,12.954842567443848,577400
2004-11-19,22.850000381469727,22.850000381469727,22.610000610351562,22.649999618530273,12.813410758972168,1000400
2004-11-22,22.600000381469727,22.809999465942383,22.59000015258789,22.799999237060547,12.89826774597168,248100
2004-11-23,22.75,22.760000228881836,22.59000015258789,22.75,12.869982719421387,459700
2004-11-24,22.75,22.809999465942383,22.68000030517578,22.739999771118164,12.864334106445312,186600
2004-11-26,22.690000534057617,22.809999465942383,22.690000534057617,22.739999771118164,12.864334106445312,73500
2004-11-29,22.68000030517578,22.68000030517578,22.450000762939453,22.510000228881836,12.734210014343262,442300
2004-11-30,22.530000686645508,22.530000686645508,22.329999923706055,22.34000015258789,12.638040542602539,557300
2004-12-01,22.350000381469727,22.690000534057617,22.350000381469727,22.639999389648438,12.807751655578613,626400
2004-12-02,22.559999465942383,22.889999389648438,22.540000915527344,22.850000381469727,12.926557540893555,2301600
2004-12-03,22.809999465942383,22.969999313354492,22.75,22.809999465942383,12.903925895690918,5691900
2004-12-06,22.850000381469727,22.850000381469727,22.6200008392334,22.65999984741211,12.819060325622559,152500
2004-12-07,22.559999465942383,22.739999771118164,22.540000915527344,22.600000381469727,12.785126686096191,346100
2004-12-08,22.510000228881836,22.65999984741211,22.469999313354492,22.610000610351562,12.790786743164062,204300
2004-12-09,22.690000534057617,22.920000076293945,22.549999237060547,22.8700008392334,12.937870979309082,345900
2004-12-10,22.770000457763672,22.959999084472656,22.760000228881836,22.90999984741211,12.960494041442871,185400
2004-12-13,22.90999984741211,23.0,22.799999237060547,22.959999084472656,12.988786697387695,2296700
2004-12-14,23.020000457763672,23.209999084472656,22.940000534057617,23.170000076293945,13.107583045959473,305900
2004-12-15,23.18000030517578,23.200000762939453,22.969999313354492,23.15999984741211,13.101926803588867,323500
2004-12-16,23.010000228881836,23.290000915527344,23.0,23.100000381469727,13.067986488342285,538500
2004-12-17,23.09000015258789,23.100000381469727,22.780000686645508,22.829999923706055,12.968574523925781,1798800
2004-12-20,23.030000686645508,23.040000915527344,22.760000228881836,22.84000015258789,12.974254608154297,476400
2004-12-21,22.84000015258789,23.0,22.81999969482422,23.0,13.065141677856445,175900
2004-12-22,23.030000686645508,23.1299991607666,22.950000762939453,23.09000015258789,13.116268157958984,197800
2004-12-23,23.010000228881836,23.1299991607666,23.0,23.040000915527344,13.087867736816406,200600
2004-12-27,23.149999618530273,23.15999984741211,22.93000030517578,23.020000457763672,13.076498031616211,202900
2004-12-28,23.079999923706055,23.170000076293945,23.030000686645508,23.15999984741211,13.156026840209961,469100
2004-12-29,23.15999984741211,23.15999984741211,23.049999237060547,23.110000610351562,13.127629280090332,172200
2004-12-30,23.25,23.25,23.1299991607666,23.15999984741211,13.156026840209961,111200
2004-12-31,23.18000030517578,23.190000534057617,23.079999923706055,23.079999923706055,13.11058521270752,226200
2005-01-03,23.299999237060547,23.40999984741211,23.020000457763672,23.079999923706055,13.11058521270752,813900
2005-01-04,23.010000228881836,23.18000030517578,22.8700008392334,23.0,13.065141677856445,2075600
2005-01-05,23.0,23.030000686645508,22.8799991607666,22.8799991607666,12.996973991394043,1772000
2005-01-06,22.979999542236328,23.06999969482422,22.829999923706055,22.989999771118164,13.059459686279297,594900
2005-01-07,23.100000381469727,23.170000076293945,22.979999542236328,23.100000381469727,13.121949195861816,325800
2005-01-10,23.200000762939453,23.34000015258789,23.049999237060547,23.239999771118164,13.201471328735352,357500
2005-01-11,23.100000381469727,23.229999542236328,23.079999923706055,23.139999389648438,13.144670486450195,639100
2005-01-12,23.200000762939453,23.25,23.030000686645508,23.209999084472656,13.184432029724121,586700
2005-01-13,23.299999237060547,23.299999237060547,23.0,23.059999465942383,13.099221229553223,358800
2005-01-14,23.149999618530273,23.200000762939453,23.049999237060547,23.190000534057617,13.173070907592773,253000
2005-01-18,22.959999084472656,23.43000030517578,22.959999084472656,23.43000030517578,13.309406280517578,759600
2005-01-19,23.489999771118164,23.520000457763672,23.389999389648438,23.389999389648438,13.286684036254883,567200
2005-01-20,23.299999237060547,23.440000534057617,23.290000915527344,23.3700008392334,13.275312423706055,1052900
2005-01-21,23.450000762939453,23.450000762939453,23.1299991607666,23.170000076293945,13.161710739135742,909900
2005-01-24,23.219999313354492,23.219999313354492,23.059999465942383,23.079999923706055,13.11058521270752,415700
2005-01-25,23.25,23.260000228881836,23.149999618530273,23.170000076293945,13.161710739135742,1014000
2005-01-26,23.270000457763672,23.290000915527344,23.139999389648438,23.149999618530273,13.150349617004395,621300
2005-01-27,23.100000381469727,23.299999237060547,23.059999465942383,23.280000686645508,13.224196434020996,212600
2005-01-28,23.280000686645508,23.34000015258789,23.149999618530273,23.290000915527344,13.229875564575195,1183000
2005-01-31,23.520000457763672,23.520000457763672,23.260000228881836,23.350000381469727,13.263959884643555,867100
2005-02-01,23.399999618530273,23.399999618530273,23.239999771118164,23.360000610351562,13.269639015197754,1059900
2005-02-02,23.3700008392334,23.549999237060547,23.350000381469727,23.549999237060547,13.377568244934082,423600
2005-02-03,23.549999237060547,23.56999969482422,23.469999313354492,23.510000228881836,13.354850769042969,599100
2005-02-04,23.59000015258789,23.690000534057617,23.510000228881836,23.639999389648438,13.428691864013672,951200
2005-02-07,23.600000381469727,23.690000534057617,23.59000015258789,23.59000015258789,13.400290489196777,1953800
2005-02-08,23.729999542236328,23.729999542236328,23.540000915527344,23.6200008392334,13.417335510253906,1028200
2005-02-09,23.479999542236328,23.600000381469727,23.3799991607666,23.40999984741211,13.298041343688965,473500
2005-02-10,23.489999771118164,23.489999771118164,23.329999923706055,23.399999618530273,13.292360305786133,591400
2005-02-11,23.469999313354492,23.579999923706055,23.350000381469727,23.540000915527344,13.371889114379883,411500
2005-02-14,23.6299991607666,23.6299991607666,23.489999771118164,23.549999237060547,13.377568244934082,348500
2005-02-15,23.6200008392334,23.799999237060547,23.530000686645508,23.59000015258789,13.400290489196777,1124800
2005-02-16,23.700000762939453,23.700000762939453,23.600000381469727,23.649999618530273,13.434375762939453,567600
2005-02-17,23.700000762939453,23.700000762939453,23.469999313354492,23.5,13.349167823791504,216300
2005-02-18,23.420000076293945,23.510000228881836,23.399999618530273,23.469999313354492,13.33212661743164,465000
2005-02-22,23.469999313354492,23.469999313354492,23.100000381469727,23.1200008392334,13.133310317993164,449400
2005-02-23,23.25,23.25,23.059999465942383,23.18000030517578,13.167389869689941,1091800
2005-02-24,23.25,23.299999237060547,23.079999923706055,23.290000915527344,13.229875564575195,839200
2005-02-25,23.350000381469727,23.389999389648438,23.219999313354492,23.3700008392334,13.275312423706055,432500
2005-02-28,23.5,23.5,23.280000686645508,23.31999969482422,13.246918678283691,985000
2005-03-01,23.440000534057617,23.559999465942383,23.420000076293945,23.510000228881836,13.354850769042969,438100
2005-03-02,23.3700008392334,23.59000015258789,23.3700008392334,23.450000762939453,13.320762634277344,409200
2005-03-03,23.639999389648438,23.690000534057617,23.530000686645508,23.610000610351562,13.411652565002441,283600
2005-03-04,23.799999237060547,23.799999237060547,23.68000030517578,23.729999542236328,13.47982120513916,2885400
2005-03-07,23.729999542236328,23.770000457763672,23.6299991607666,23.65999984741211,13.440053939819336,289100
2005-03-08,23.709999084472656,23.709999084472656,23.5,23.549999237060547,13.377568244934082,253200
2005-03-09,23.549999237060547,23.549999237060547,23.309999465942383,23.3799991607666,13.281002044677734,244100
2005-03-10,23.329999923706055,23.530000686645508,23.31999969482422,23.43000030517578,13.309406280517578,596200
2005-03-11,23.309999465942383,23.459999084472656,23.200000762939453,23.25,13.207154273986816,2529400
2005-03-14,23.34000015258789,23.3700008392334,23.25,23.31999969482422,13.246918678283691,386500
2005-03-15,23.450000762939453,23.450000762939453,23.18000030517578,23.18000030517578,13.167389869689941,250500
2005-03-16,23.06999969482422,23.200000762939453,23.020000457763672,23.1200008392334,13.133310317993164,482800
2005-03-17,23.200000762939453,23.229999542236328,23.030000686645508,23.200000762939453,13.178752899169922,185500
2005-03-18,23.020000457763672,23.200000762939453,22.950000762939453,23.030000686645508,13.136539459228516,402100
2005-03-21,23.1200008392334,23.1200008392334,22.8799991607666,22.899999618530273,13.06239128112793,353200
2005-03-22,23.0,23.0,22.770000457763672,22.770000457763672,12.988236427307129,727400
2005-03-23,22.75,22.989999771118164,22.649999618530273,22.920000076293945,13.073797225952148,465800
2005-03-24,23.0,23.0,22.8700008392334,22.90999984741211,13.068093299865723,396700
2005-03-28,22.950000762939453,23.030000686645508,22.850000381469727,22.93000030517578,13.079499244689941,325000
2005-03-29,22.850000381469727,23.010000228881836,22.829999923706055,22.8799991607666,13.050984382629395,673400
2005-03-30,22.989999771118164,23.200000762939453,22.950000762939453,23.18000030517578,13.222101211547852,2248800
2005-03-31,23.15999984741211,23.15999984741211,23.0,23.020000457763672,13.130834579467773,264300
2005-04-01,23.200000762939453,23.200000762939453,22.739999771118164,22.799999237060547,13.005348205566406,2099100
2005-04-04,22.950000762939453,22.969999313354492,22.780000686645508,22.93000030517578,13.079499244689941,511900
2005-04-05,22.959999084472656,23.1200008392334,22.940000534057617,23.100000381469727,13.176471710205078,240400
2005-04-06,23.170000076293945,23.170000076293945,23.010000228881836,23.040000915527344,13.14224910736084,265200
2005-04-07,23.1299991607666,23.200000762939453,22.979999542236328,23.200000762939453,13.233512878417969,1957700
2005-04-08,23.219999313354492,23.219999313354492,23.059999465942383,23.09000015258789,13.170766830444336,210000
2005-04-11,23.200000762939453,23.200000762939453,23.059999465942383,23.149999618530273,13.204988479614258,166600
2005-04-12,23.149999618530273,23.270000457763672,22.940000534057617,23.239999771118164,13.256321907043457,452100
2005-04-13,23.25,23.270000457763672,23.0,23.1299991607666,13.19357967376709,672600
2005-04-14,23.25,23.25,23.049999237060547,23.079999923706055,13.165064811706543,642100
2005-04-15,23.100000381469727,23.100000381469727,22.799999237060547,22.860000610351562,13.039572715759277,518800
2005-04-18,22.899999618530273,22.950000762939453,22.649999618530273,22.709999084472656,12.954011917114258,1227800
2005-04-19,22.899999618530273,22.899999618530273,22.65999984741211,22.770000457763672,12.988236427307129,802900
2005-04-20,22.81999969482422,22.84000015258789,22.459999084472656,22.479999542236328,12.822818756103516,1104100
2005-04-21,22.719999313354492,22.8700008392334,22.6299991607666,22.860000610351562,13.039572715759277,939800
2005-04-22,22.84000015258789,22.850000381469727,22.510000228881836,22.6200008392334,12.902673721313477,438200
2005-04-25,22.739999771118164,22.860000610351562,22.65999984741211,22.860000610351562,13.039572715759277,568000
2005-04-26,22.700000762939453,22.850000381469727,22.68000030517578,22.690000534057617,12.942605018615723,370100
2005-04-27,22.700000762939453,22.81999969482422,22.489999771118164,22.770000457763672,12.988236427307129,840700
2005-04-28,22.81999969482422,22.920000076293945,22.6299991607666,22.719999313354492,12.959716796875,3187700
2005-04-29,22.639999389648438,22.799999237060547,22.469999313354492,22.780000686645508,12.993937492370605,2003700
2005-05-02,22.8700008392334,22.969999313354492,22.809999465942383,22.950000762939453,13.090909957885742,212400
2005-05-03,22.979999542236328,23.139999389648438,22.899999618530273,23.049999237060547,13.14794921875,520100
2005-05-04,23.149999618530273,23.239999771118164,23.079999923706055,23.200000762939453,13.233512878417969,662200
2005-05-05,23.239999771118164,23.280000686645508,23.049999237060547,23.15999984741211,13.210694313049316,1124000
2005-05-06,23.34000015258789,23.34000015258789,23.06999969482422,23.06999969482422,13.159358978271484,1518900
2005-05-09,23.170000076293945,23.260000228881836,23.09000015258789,23.209999084472656,13.239209175109863,435900
2005-05-10,23.219999313354492,23.219999313354492,23.0,23.079999923706055,13.165064811706543,895500
2005-05-11,23.18000030517578,23.18000030517578,22.90999984741211,23.15999984741211,13.210694313049316,1590500
2005-05-12,22.950000762939453,23.190000534057617,22.950000762939453,23.049999237060547,13.14794921875,497300
2005-05-13,23.079999923706055,23.079999923706055,22.739999771118164,22.850000381469727,13.0338716506958,343100
2005-05-16,22.950000762939453,23.100000381469727,22.920000076293945,23.06999969482422,13.159358978271484,781500
2005-05-17,23.030000686645508,23.209999084472656,23.0,23.190000534057617,13.227808952331543,270500
2005-05-18,23.31999969482422,23.459999084472656,23.25,23.40999984741211,13.353297233581543,726400
2005-05-19,23.459999084472656,23.549999237060547,23.389999389648438,23.549999237060547,13.43315315246582,308800
2005-05-20,23.549999237060547,23.559999465942383,23.399999618530273,23.520000457763672,13.41604232788086,384100
2005-05-23,23.600000381469727,23.649999618530273,23.5,23.559999465942383,13.438859939575195,507500
2005-05-24,23.559999465942383,23.559999465942383,23.43000030517578,23.520000457763672,13.41604232788086,2247200
2005-05-25,23.5,23.5,23.329999923706055,23.440000534057617,13.37040901184082,388700
2005-05-26,23.530000686645508,23.530000686645508,23.420000076293945,23.459999084472656,13.381817817687988,290300
2005-05-27,23.549999237060547,23.559999465942383,23.290000915527344,23.389999389648438,13.341894149780273,319900
2005-05-31,23.479999542236328,23.479999542236328,23.260000228881836,23.309999465942383,13.296258926391602,424400
2005-06-01,23.299999237060547,23.510000228881836,23.260000228881836,23.469999313354492,13.387518882751465,455500
2005-06-02,23.5,23.549999237060547,23.3799991607666,23.530000686645508,13.421741485595703,328800
2005-06-03,23.530000686645508,23.530000686645508,23.280000686645508,23.34000015258789,13.313369750976562,503800
2005-06-06,23.3700008392334,23.3700008392334,23.270000457763672,23.350000381469727,13.319076538085938,739500
2005-06-07,23.34000015258789,23.56999969482422,23.34000015258789,23.440000534057617,13.37040901184082,511400
2005-06-08,23.399999618530273,23.510000228881836,23.350000381469727,23.3799991607666,13.336179733276367,181000
2005-06-09,23.3799991607666,23.459999084472656,23.309999465942383,23.389999389648438,13.341894149780273,659500
2005-06-10,23.43000030517578,23.459999084472656,23.25,23.3700008392334,13.330477714538574,599600
2005-06-13,23.450000762939453,23.5,23.280000686645508,23.450000762939453,13.376110076904297,636100
2005-06-14,23.3799991607666,23.489999771118164,23.31999969482422,23.40999984741211,13.353297233581543,220700
2005-06-15,23.43000030517578,23.479999542236328,23.280000686645508,23.420000076293945,13.359004020690918,283000
2005-06-16,23.450000762939453,23.450000762939453,23.34000015258789,23.350000381469727,13.319076538085938,371200
2005-06-17,23.31999969482422,23.40999984741211,23.260000228881836,23.299999237060547,13.354615211486816,820900
2005-06-20,23.299999237060547,23.329999923706055,23.18000030517578,23.290000915527344,13.348876953125,644800
2005-06-21,23.299999237060547,23.34000015258789,23.209999084472656,23.239999771118164,13.32021713256836,750500
2005-06-22,23.360000610351562,23.3700008392334,23.190000534057617,23.260000228881836,13.331686019897461,859200
2005-06-23,23.25,23.25,22.950000762939453,22.969999313354492,13.165470123291016,2179300
2005-06-24,22.90999984741211,22.959999084472656,22.719999313354492,22.739999771118164,13.033645629882812,328900
2005-06-27,22.770000457763672,22.790000915527344,22.670000076293945,22.719999313354492,13.022175788879395,629400
2005-06-28,22.809999465942383,23.030000686645508,22.799999237060547,23.010000228881836,13.188395500183105,1095000
2005-06-29,23.030000686645508,23.059999465942383,22.90999984741211,22.950000762939453,13.154008865356445,551900
2005-06-30,22.90999984741211,22.989999771118164,22.729999542236328,22.75,13.039372444152832,503100
2005-07-01,22.850000381469727,22.899999618530273,22.760000228881836,22.829999923706055,13.085227012634277,428700
2005-07-05,22.790000915527344,23.010000228881836,22.780000686645508,22.959999084472656,13.159735679626465,864100
2005-07-06,23.0,23.0,22.729999542236328,22.739999771118164,13.033645629882812,1169000
2005-07-07,22.649999618530273,22.729999542236328,22.549999237060547,22.700000762939453,13.010712623596191,510500
2005-07-08,22.700000762939453,23.020000457763672,22.65999984741211,23.0,13.182660102844238,380300
2005-07-11,23.079999923706055,23.149999618530273,23.0,23.1299991607666,13.257168769836426,888100
2005-07-12,23.139999389648438,23.239999771118164,23.1299991607666,23.149999618530273,13.268634796142578,287200
2005-07-13,23.18000030517578,23.260000228881836,23.1200008392334,23.239999771118164,13.32021713256836,310700
2005-07-14,23.360000610351562,23.479999542236328,23.329999923706055,23.3700008392334,13.394729614257812,564300
2005-07-15,23.3700008392334,23.389999389648438,23.299999237060547,23.360000610351562,13.389002799987793,259200
2005-07-18,23.31999969482422,23.420000076293945,23.25,23.25,13.32595443725586,1033500
2005-07-19,23.309999465942383,23.3799991607666,23.209999084472656,23.209999084472656,13.303025245666504,1161500
2005-07-20,23.049999237060547,23.329999923706055,23.049999237060547,23.299999237060547,13.354615211486816,632300
2005-07-21,23.299999237060547,23.350000381469727,23.170000076293945,23.209999084472656,13.303025245666504,1640100
2005-07-22,23.25,23.350000381469727,23.18000030517578,23.280000686645508,13.34314250946045,2361400
2005-07-25,23.389999389648438,23.389999389648438,23.200000762939453,23.200000762939453,13.297296524047852,552400
2005-07-26,23.25,23.399999618530273,23.25,23.31999969482422,13.366070747375488,507400
2005-07-27,23.399999618530273,23.43000030517578,23.329999923706055,23.3799991607666,13.40046215057373,678100
2005-07-28,23.43000030517578,23.6299991607666,23.34000015258789,23.579999923706055,13.515092849731445,1786200
2005-07-29,23.579999923706055,23.6200008392334,23.469999313354492,23.479999542236328,13.457779884338379,1326100
2005-08-01,23.510000228881836,23.510000228881836,23.329999923706055,23.360000610351562,13.389002799987793,916400
2005-08-02,23.350000381469727,23.489999771118164,23.350000381469727,23.440000534057617,13.434853553771973,404600
2005-08-03,23.479999542236328,23.489999771118164,23.360000610351562,23.489999771118164,13.46351146697998,3065000
2005-08-04,23.3799991607666,23.420000076293945,23.239999771118164,23.290000915527344,13.348876953125,479900
2005-08-05,23.229999542236328,23.25,23.1200008392334,23.139999389648438,13.262907981872559,1371300
2005-08-08,23.1200008392334,23.200000762939453,23.06999969482422,23.100000381469727,13.239975929260254,807900
2005-08-09,23.170000076293945,23.209999084472656,23.079999923706055,23.139999389648438,13.262907981872559,806400
2005-08-10,23.239999771118164,23.3799991607666,23.059999465942383,23.100000381469727,13.239975929260254,2009700
2005-08-11,23.149999618530273,23.200000762939453,23.020000457763672,23.15999984741211,13.274365425109863,1102400
2005-08-12,23.1200008392334,23.149999618530273,22.989999771118164,23.079999923706055,13.22851848602295,1271600
2005-08-15,23.040000915527344,23.239999771118164,23.040000915527344,23.190000534057617,13.291559219360352,1384600
2005-08-16,23.1200008392334,23.15999984741211,22.950000762939453,22.959999084472656,13.159735679626465,2445700
2005-08-17,22.860000610351562,23.010000228881836,22.860000610351562,22.950000762939453,13.154008865356445,1438000
2005-08-18,22.899999618530273,23.280000686645508,22.899999618530273,23.209999084472656,13.303025245666504,1489300
2005-08-19,23.170000076293945,23.280000686645508,23.170000076293945,23.18000030517578,13.285828590393066,1737600
2005-08-22,23.149999618530273,23.3799991607666,23.139999389648438,23.25,13.32595443725586,1082600
2005-08-23,23.25,23.270000457763672,23.15999984741211,23.190000534057617,13.291559219360352,1114700
2005-08-24,23.1299991607666,23.219999313354492,22.969999313354492,22.979999542236328,13.171196937561035,1031200
2005-08-25,23.040000915527344,23.200000762939453,22.940000534057617,23.010000228881836,13.188395500183105,434500
2005-08-26,22.969999313354492,23.219999313354492,22.899999618530273,22.950000762939453,13.154008865356445,229400
2005-08-29,22.899999618530273,23.149999618530273,22.84000015258789,23.110000610351562,13.245713233947754,271600
2005-08-30,23.06999969482422,23.06999969482422,22.809999465942383,22.989999771118164,13.176926612854004,729800
2005-08-31,22.940000534057617,23.100000381469727,22.829999923706055,23.06999969482422,13.222784042358398,391200
2005-09-01,23.1299991607666,23.190000534057617,23.010000228881836,23.040000915527344,13.205588340759277,421500
2005-09-02,23.049999237060547,23.200000762939453,23.030000686645508,23.079999923706055,13.22851848602295,873300
2005-09-06,23.1200008392334,23.360000610351562,23.1200008392334,23.329999923706055,13.371796607971191,636300
2005-09-07,23.329999923706055,23.360000610351562,23.209999084472656,23.350000381469727,13.383275032043457,3038100
2005-09-08,23.399999618530273,23.399999618530273,23.15999984741211,23.260000228881836,13.331686019897461,1408900
2005-09-09,23.200000762939453,23.459999084472656,23.149999618530273,23.360000610351562,13.389002799987793,2431600
2005-09-12,23.299999237060547,23.43000030517578,23.299999237060547,23.40999984741211,13.41765308380127,827100
2005-09-13,23.25,23.299999237060547,23.1299991607666,23.190000534057617,13.291559219360352,1381000
2005-09-14,23.190000534057617,23.200000762939453,23.020000457763672,23.040000915527344,13.205588340759277,1794500
2005-09-15,23.1299991607666,23.149999618530273,23.030000686645508,23.1299991607666,13.257168769836426,990300
2005-09-16,23.200000762939453,23.200000762939453,23.030000686645508,23.079999923706055,13.294618606567383,1479300
2005-09-19,23.1200008392334,23.200000762939453,22.889999389648438,22.940000534057617,13.213969230651855,2017400
2005-09-20,22.940000534057617,23.09000015258789,22.75,22.799999237060547,13.133332252502441,987100
2005-09-21,22.65999984741211,22.65999984741211,22.5,22.520000457763672,12.972038269042969,1848300
2005-09-22,22.399999618530273,22.700000762939453,22.399999618530273,22.690000534057617,13.069960594177246,912500
2005-09-23,22.600000381469727,22.799999237060547,22.600000381469727,22.729999542236328,13.09300422668457,971500
2005-09-26,22.8700008392334,22.8700008392334,22.600000381469727,22.649999618530273,13.046924591064453,1083100
2005-09-27,22.639999389648438,22.940000534057617,22.639999389648438,22.889999389648438,13.185171127319336,847300
2005-09-28,22.850000381469727,23.100000381469727,22.850000381469727,22.920000076293945,13.202447891235352,1363600
2005-09-29,22.799999237060547,23.1299991607666,22.799999237060547,23.1200008392334,13.317654609680176,2294300
2005-09-30,23.079999923706055,23.280000686645508,23.020000457763672,23.280000686645508,13.409818649291992,830200
2005-10-03,23.200000762939453,23.350000381469727,23.200000762939453,23.25,13.392535209655762,977200
2005-10-04,23.309999465942383,23.34000015258789,23.149999618530273,23.149999618530273,13.334935188293457,702400
2005-10-05,23.200000762939453,23.200000762939453,22.959999084472656,22.989999771118164,13.242773056030273,1138700
2005-10-06,22.950000762939453,23.1299991607666,22.719999313354492,22.860000610351562,13.167890548706055,1163100
2005-10-07,22.860000610351562,22.93000030517578,22.770000457763672,22.84000015258789,13.156373023986816,1034200
2005-10-10,22.950000762939453,22.969999313354492,22.739999771118164,22.760000228881836,13.110285758972168,769900
2005-10-11,22.75,22.899999618530273,22.75,22.760000228881836,13.110285758972168,755700
2005-10-12,22.760000228881836,22.829999923706055,22.600000381469727,22.68000030517578,13.064205169677734,1411400
2005-10-13,22.68000030517578,22.690000534057617,22.520000457763672,22.6200008392334,13.029641151428223,1125500
2005-10-14,22.649999618530273,22.799999237060547,22.549999237060547,22.75,13.104531288146973,818700
2005-10-17,22.649999618530273,23.020000457763672,22.600000381469727,23.0,13.24853229522705,2232100
2005-10-18,22.950000762939453,22.959999084472656,22.829999923706055,22.829999923706055,13.150609016418457,1156000
2005-10-19,22.719999313354492,23.079999923706055,22.709999084472656,23.06999969482422,13.288857460021973,1571900
2005-10-20,23.190000534057617,23.200000762939453,22.809999465942383,22.889999389648438,13.185171127319336,913300
2005-10-21,22.950000762939453,22.989999771118164,22.770000457763672,22.8700008392334,13.1736478805542,643600
2005-10-24,22.850000381469727,23.09000015258789,22.850000381469727,23.06999969482422,13.288857460021973,856900
2005-10-25,22.950000762939453,23.040000915527344,22.850000381469727,22.989999771118164,13.242773056030273,225400
2005-10-26,23.100000381469727,23.1200008392334,22.889999389648438,22.920000076293945,13.202447891235352,1013300
2005-10-27,22.8700008392334,22.8700008392334,22.68000030517578,22.700000762939453,13.075726509094238,1063600
2005-10-28,22.799999237060547,23.110000610351562,22.799999237060547,23.079999923706055,13.294618606567383,635600
2005-10-31,23.200000762939453,23.280000686645508,23.09000015258789,23.170000076293945,13.346453666687012,1661000
2005-11-01,23.329999923706055,23.329999923706055,23.030000686645508,23.040000915527344,13.271574974060059,603800
2005-11-02,23.030000686645508,23.1299991607666,22.959999084472656,23.100000381469727,13.306135177612305,1015300
2005-11-03,23.270000457763672,23.360000610351562,23.1299991607666,23.190000534057617,13.357976913452148,680100
2005-11-04,23.229999542236328,23.25,23.09000015258789,23.18000030517578,13.352210998535156,374100
2005-11-07,23.290000915527344,23.290000915527344,23.100000381469727,23.229999542236328,13.381020545959473,1065100
2005-11-08,23.059999465942383,23.209999084472656,23.059999465942383,23.15999984741211,13.340693473815918,660900
2005-11-09,23.1200008392334,23.309999465942383,23.100000381469727,23.200000762939453,13.363734245300293,695500
2005-11-10,23.200000762939453,23.530000686645508,23.200000762939453,23.469999313354492,13.519256591796875,1720200
2005-11-11,23.489999771118164,23.520000457763672,23.40999984741211,23.5,13.536541938781738,355200
2005-11-14,23.5,23.520000457763672,23.389999389648438,23.40999984741211,13.484697341918945,988100
2005-11-15,23.31999969482422,23.420000076293945,23.25,23.290000915527344,13.415576934814453,690800
2005-11-16,23.290000915527344,23.360000610351562,23.239999771118164,23.350000381469727,13.45014762878418,1767000
2005-11-17,23.389999389648438,23.389999389648438,23.270000457763672,23.34000015258789,13.44438648223877,536400
2005-11-18,23.489999771118164,23.489999771118164,23.25,23.399999618530273,13.47894287109375,602600
2005-11-21,23.3700008392334,23.489999771118164,23.350000381469727,23.43000030517578,13.496222496032715,780200
2005-11-22,23.43000030517578,23.600000381469727,23.43000030517578,23.59000015258789,13.58838939666748,1184800
2005-11-23,23.600000381469727,23.700000762939453,23.549999237060547,23.68000030517578,13.640230178833008,1633000
2005-11-25,23.75,23.780000686645508,23.690000534057617,23.700000762939453,13.651747703552246,92000
2005-11-28,23.639999389648438,23.719999313354492,23.56999969482422,23.59000015258789,13.58838939666748,504900
2005-11-29,23.68000030517578,23.729999542236328,23.559999465942383,23.56999969482422,13.576868057250977,887100
2005-11-30,23.600000381469727,23.700000762939453,23.3799991607666,23.3799991607666,13.467415809631348,1106800
2005-12-01,23.600000381469727,23.600000381469727,23.420000076293945,23.540000915527344,13.559584617614746,805000
2005-12-02,23.3799991607666,23.559999465942383,23.3799991607666,23.530000686645508,13.55381965637207,495900
2005-12-05,23.43000030517578,23.5,23.389999389648438,23.440000534057617,13.501981735229492,1266300
2005-12-06,23.420000076293945,23.559999465942383,23.399999618530273,23.420000076293945,13.490464210510254,1036600
2005-12-07,23.5,23.5,23.290000915527344,23.360000610351562,13.455906867980957,1170900
2005-12-08,23.399999618530273,23.459999084472656,23.25,23.31999969482422,13.432859420776367,660800
2005-12-09,23.450000762939453,23.450000762939453,23.329999923706055,23.360000610351562,13.455906867980957,1264400
2005-12-12,23.389999389648438,23.520000457763672,23.3700008392334,23.40999984741211,13.484697341918945,924800
2005-12-13,23.399999618530273,23.770000457763672,23.399999618530273,23.700000762939453,13.651747703552246,1959500
2005-12-14,23.690000534057617,23.959999084472656,23.649999618530273,23.899999618530273,13.766953468322754,1652000
2005-12-15,23.799999237060547,24.030000686645508,23.799999237060547,23.940000534057617,13.789998054504395,1622300
2005-12-16,23.81999969482422,23.979999542236328,23.790000915527344,23.799999237060547,13.77840805053711,1228600
2005-12-19,23.709999084472656,23.8799991607666,23.709999084472656,23.760000228881836,13.755257606506348,749700
2005-12-20,23.68000030517578,23.75,23.579999923706055,23.6200008392334,13.674206733703613,873200
2005-12-21,23.799999237060547,23.799999237060547,23.6299991607666,23.690000534057617,13.71473503112793,1353700
2005-12-22,23.65999984741211,23.719999313354492,23.59000015258789,23.709999084472656,13.726312637329102,1340600
2005-12-23,23.709999084472656,23.709999084472656,23.649999618530273,23.670000076293945,13.703158378601074,318000
2005-12-27,23.700000762939453,23.709999084472656,23.459999084472656,23.510000228881836,13.610525131225586,852900
2005-12-28,23.59000015258789,23.600000381469727,23.510000228881836,23.540000915527344,13.627889633178711,754400
2005-12-29,23.459999084472656,23.56999969482422,23.43000030517578,23.479999542236328,13.593156814575195,735100
2005-12-30,23.3799991607666,23.459999084472656,23.290000915527344,23.290000915527344,13.48316478729248,277900
2006-01-03,23.309999465942383,23.469999313354492,23.18000030517578,23.440000534057617,13.570003509521484,1372800
2006-01-04,23.450000762939453,23.530000686645508,23.450000762939453,23.520000457763672,13.616314888000488,1124300
2006-01-05,23.540000915527344,23.56999969482422,23.3700008392334,23.399999618530273,13.546846389770508,1806300
2006-01-06,23.489999771118164,23.510000228881836,23.350000381469727,23.5,13.604738235473633,1131600
2006-01-09,23.469999313354492,23.6299991607666,23.450000762939453,23.610000610351562,13.668416976928711,1714100
2006-01-10,23.549999237060547,23.579999923706055,23.469999313354492,23.549999237060547,13.633688926696777,1144600
2006-01-11,23.5,23.59000015258789,23.489999771118164,23.56999969482422,13.645264625549316,722700
2006-01-12,23.479999542236328,23.579999923706055,23.450000762939453,23.510000228881836,13.610525131225586,1491000
2006-01-13,23.5,23.600000381469727,23.440000534057617,23.479999542236328,13.593156814575195,1385600
2006-01-17,23.299999237060547,23.43000030517578,23.299999237060547,23.389999389648438,13.541058540344238,788800
2006-01-18,23.360000610351562,23.5,23.350000381469727,23.489999771118164,13.59895133972168,1169200
2006-01-19,23.3799991607666,23.540000915527344,23.3799991607666,23.510000228881836,13.610525131225586,1162400
2006-01-20,23.549999237060547,23.549999237060547,23.170000076293945,23.170000076293945,13.413691520690918,8322800
2006-01-23,23.219999313354492,23.299999237060547,23.15999984741211,23.190000534057617,13.425270080566406,1426300
2006-01-24,23.309999465942383,23.31999969482422,23.190000534057617,23.270000457763672,13.471586227416992,1194900
2006-01-25,23.309999465942383,23.31999969482422,23.209999084472656,23.290000915527344,13.48316478729248,1130900
2006-01-26,23.350000381469727,23.469999313354492,23.290000915527344,23.34000015258789,13.512117385864258,1229300
2006-01-27,23.440000534057617,23.549999237060547,23.309999465942383,23.530000686645508,13.622100830078125,1052000
2006-01-30,23.399999618530273,23.56999969482422,23.399999618530273,23.440000534057617,13.570003509521484,766200
2006-01-31,23.3799991607666,23.420000076293945,23.260000228881836,23.329999923706055,13.506318092346191,945800
2006-02-01,23.260000228881836,23.440000534057617,23.260000228881836,23.389999389648438,13.541058540344238,1696000
2006-02-02,23.479999542236328,23.5,23.290000915527344,23.3799991607666,13.535264015197754,2180800
2006-02-03,23.15999984741211,23.34000015258789,23.15999984741211,23.229999542236328,13.448429107666016,1563800
2006-02-06,23.149999618530273,23.280000686645508,23.1299991607666,23.18000030517578,13.419482231140137,1004800
2006-02-07,23.15999984741211,23.190000534057617,23.030000686645508,23.06999969482422,13.355802536010742,1043600
2006-02-08,23.010000228881836,23.229999542236328,23.010000228881836,23.170000076293945,13.413691520690918,1782700
2006-02-09,23.190000534057617,23.31999969482422,23.1200008392334,23.239999771118164,13.454215049743652,1260300
2006-02-10,23.18000030517578,23.290000915527344,23.1200008392334,23.209999084472656,13.436853408813477,515700
2006-02-13,23.209999084472656,23.280000686645508,23.059999465942383,23.18000030517578,13.419482231140137,724300
2006-02-14,23.170000076293945,23.469999313354492,23.170000076293945,23.469999313354492,13.587362289428711,793900
2006-02-15,23.3700008392334,23.6200008392334,23.3700008392334,23.6200008392334,13.674206733703613,1513200
2006-02-16,23.5,23.729999542236328,23.5,23.729999542236328,13.737895011901855,826200
2006-02-17,23.649999618530273,23.75,23.6200008392334,23.6299991607666,13.679990768432617,703500
2006-02-21,23.6299991607666,23.690000534057617,23.510000228881836,23.600000381469727,13.662632942199707,1126200
2006-02-22,23.610000610351562,23.809999465942383,23.610000610351562,23.790000915527344,13.772626876831055,1692500
2006-02-23,23.829999923706055,23.8799991607666,23.709999084472656,23.799999237060547,13.77840805053711,1307200
2006-02-24,23.700000762939453,23.770000457763672,23.639999389648438,23.68000030517578,13.70894718170166,486200
2006-02-27,23.899999618530273,23.899999618530273,23.739999771118164,23.850000381469727,13.807366371154785,736500
2006-02-28,23.899999618530273,23.899999618530273,23.520000457763672,23.530000686645508,13.622100830078125,1044800
2006-03-01,23.649999618530273,23.649999618530273,23.530000686645508,23.6200008392334,13.674206733703613,454800
2006-03-02,23.600000381469727,23.6200008392334,23.440000534057617,23.489999771118164,13.59895133972168,763500
2006-03-03,23.459999084472656,23.709999084472656,23.450000762939453,23.549999237060547,13.633688926696777,1047000
2006-03-06,23.520000457763672,23.59000015258789,23.450000762939453,23.469999313354492,13.587362289428711,1464300
2006-03-07,23.489999771118164,23.639999389648438,23.479999542236328,23.6299991607666,13.679990768432617,2089000
2006-03-08,23.540000915527344,23.899999618530273,23.5,23.889999389648438,13.830513954162598,2036100
2006-03-09,23.8799991607666,24.030000686645508,23.860000610351562,23.93000030517578,13.853673934936523,2680800
2006-03-10,23.979999542236328,24.489999771118164,23.959999084472656,24.149999618530273,13.981040000915527,2637700
2006-03-13,24.1200008392334,24.25,24.09000015258789,24.170000076293945,13.992621421813965,1294300
2006-03-14,23.670000076293945,24.15999984741211,23.670000076293945,24.110000610351562,13.9578857421875,1859000
2006-03-15,24.09000015258789,24.18000030517578,23.920000076293945,24.020000457763672,13.90577507019043,1268000
2006-03-16,24.059999465942383,24.110000610351562,24.0,24.100000381469727,13.952093124389648,1419900
2006-03-17,24.079999923706055,24.09000015258789,23.920000076293945,23.959999084472656,13.943943977355957,983100
2006-03-20,24.139999389648438,24.149999618530273,23.959999084472656,24.100000381469727,14.025422096252441,1038100
2006-03-21,24.049999237060547,24.170000076293945,23.93000030517578,23.940000534057617,13.932308197021484,1600600
2006-03-22,24.010000228881836,24.15999984741211,23.950000762939453,24.15999984741211,14.060338973999023,1350200
2006-03-23,24.049999237060547,24.399999618530273,23.979999542236328,23.979999542236328,13.955583572387695,2017400
2006-03-24,24.049999237060547,24.06999969482422,23.8799991607666,23.979999542236328,13.955583572387695,1189900
2006-03-27,23.969999313354492,24.030000686645508,23.889999389648438,23.899999618530273,13.909028053283691,952800
2006-03-28,23.84000015258789,23.920000076293945,23.709999084472656,23.709999084472656,13.798452377319336,1222900
2006-03-29,23.81999969482422,23.889999389648438,23.670000076293945,23.8799991607666,13.89738655090332,608200
2006-03-30,23.809999465942383,23.8799991607666,23.600000381469727,23.690000534057617,13.786816596984863,1429900
2006-03-31,23.739999771118164,23.790000915527344,23.579999923706055,23.600000381469727,13.734440803527832,535800
2006-04-03,23.75,23.770000457763672,23.6299991607666,23.68000030517578,13.780997276306152,1250100
2006-04-04,23.610000610351562,23.739999771118164,23.600000381469727,23.65999984741211,13.769354820251465,1517500
2006-04-05,23.639999389648438,23.760000228881836,23.6200008392334,23.709999084472656,13.798452377319336,1118600
2006-04-06,23.610000610351562,23.739999771118164,23.600000381469727,23.6200008392334,13.746075630187988,1286900
2006-04-07,23.610000610351562,23.75,23.40999984741211,23.40999984741211,13.623857498168945,2276400
2006-04-10,23.469999313354492,23.549999237060547,23.389999389648438,23.440000534057617,13.64132308959961,895900
2006-04-11,23.479999542236328,23.5,23.190000534057617,23.219999313354492,13.513286590576172,944300
2006-04-12,23.219999313354492,23.360000610351562,23.200000762939453,23.299999237060547,13.559849739074707,1419300
2006-04-13,23.200000762939453,23.3700008392334,23.200000762939453,23.260000228881836,13.536569595336914,705100
2006-04-17,23.329999923706055,23.329999923706055,23.079999923706055,23.1299991607666,13.46091079711914,552700
2006-04-18,23.1299991607666,23.3799991607666,23.1299991607666,23.350000381469727,13.588949203491211,1128600
2006-04-19,23.290000915527344,23.40999984741211,23.280000686645508,23.3799991607666,13.606400489807129,1313400
2006-04-20,23.299999237060547,23.540000915527344,23.280000686645508,23.420000076293945,13.629682540893555,845000
2006-04-21,23.420000076293945,23.559999465942383,23.329999923706055,23.420000076293945,13.629682540893555,762200
2006-04-24,23.40999984741211,23.530000686645508,23.31999969482422,23.520000457763672,13.68787956237793,933800
2006-04-25,23.530000686645508,23.610000610351562,23.469999313354492,23.520000457763672,13.68787956237793,986400
2006-04-26,23.5,23.75,23.5,23.739999771118164,13.815917015075684,450400
2006-04-27,23.6299991607666,23.8799991607666,23.420000076293945,23.770000457763672,13.83337116241455,601000
2006-04-28,23.709999084472656,23.84000015258789,23.690000534057617,23.829999923706055,13.868294715881348,1265800
2006-05-01,23.889999389648438,24.0,23.790000915527344,23.81999969482422,13.862468719482422,738600
2006-05-02,23.850000381469727,23.989999771118164,23.760000228881836,23.959999084472656,13.943943977355957,1027800
2006-05-03,23.729999542236328,23.81999969482422,23.649999618530273,23.799999237060547,13.850823402404785,542800
2006-05-04,23.729999542236328,23.899999618530273,23.729999542236328,23.84000015258789,13.874106407165527,568700
2006-05-05,23.8799991607666,24.100000381469727,23.81999969482422,24.059999465942383,14.002140998840332,685600
2006-05-08,24.059999465942383,24.200000762939453,24.020000457763672,24.190000534057617,14.077804565429688,649600
2006-05-09,24.15999984741211,24.260000228881836,24.15999984741211,24.260000228881836,14.118529319763184,761200
2006-05-10,24.170000076293945,24.229999542236328,24.1200008392334,24.15999984741211,14.060338973999023,373600
2006-05-11,24.09000015258789,24.09000015258789,23.829999923706055,23.860000610351562,13.88575267791748,1816400
2006-05-12,23.75,23.93000030517578,23.639999389648438,23.670000076293945,13.775177955627441,1861500
2006-05-15,23.600000381469727,23.950000762939453,23.559999465942383,23.93000030517578,13.926485061645508,926900
2006-05-16,23.979999542236328,24.079999923706055,23.940000534057617,24.020000457763672,13.978858947753906,2268400
2006-05-17,23.850000381469727,23.979999542236328,23.690000534057617,23.719999313354492,13.80427360534668,2725100
2006-05-18,23.700000762939453,23.809999465942383,23.56999969482422,23.600000381469727,13.734440803527832,982000
2006-05-19,23.649999618530273,23.68000030517578,23.479999542236328,23.6200008392334,13.746075630187988,888500
2006-05-22,23.649999618530273,23.770000457763672,23.5,23.690000534057617,13.786816596984863,1843300
2006-05-23,23.850000381469727,23.8700008392334,23.670000076293945,23.68000030517578,13.780997276306152,740400
2006-05-24,23.649999618530273,23.93000030517578,23.600000381469727,23.860000610351562,13.88575267791748,1785200
2006-05-25,24.049999237060547,24.100000381469727,23.899999618530273,24.09000015258789,14.019604682922363,1404100
2006-05-26,24.229999542236328,24.229999542236328,24.040000915527344,24.09000015258789,14.019604682922363,3487700
2006-05-30,24.149999618530273,24.149999618530273,23.760000228881836,23.790000915527344,13.845010757446289,1479000
2006-05-31,23.809999465942383,23.93000030517578,23.700000762939453,23.8799991607666,13.89738655090332,728700
2006-06-01,23.8799991607666,24.010000228881836,23.850000381469727,24.010000228881836,13.973041534423828,680700
2006-06-02,24.06999969482422,24.09000015258789,23.84000015258789,23.959999084472656,13.943943977355957,1794300
2006-06-05,24.049999237060547,24.049999237060547,23.610000610351562,23.6200008392334,13.746075630187988,870100
2006-06-06,23.600000381469727,23.739999771118164,23.5,23.690000534057617,13.786816596984863,2695900
2006-06-07,23.739999771118164,23.90999984741211,23.6299991607666,23.68000030517578,13.780997276306152,2101200
2006-06-08,23.68000030517578,23.809999465942383,23.510000228881836,23.760000228881836,13.827550888061523,2283100
2006-06-09,23.899999618530273,23.899999618530273,23.709999084472656,23.780000686645508,13.839190483093262,2168800
2006-06-12,23.739999771118164,23.899999618530273,23.639999389648438,23.639999389648438,13.757719993591309,2327700
2006-06-13,23.739999771118164,23.780000686645508,23.540000915527344,23.559999465942383,13.71115779876709,1350600
2006-06-14,23.43000030517578,23.670000076293945,23.43000030517578,23.65999984741211,13.769354820251465,1369900
2006-06-15,23.75,23.8799991607666,23.59000015258789,23.850000381469727,13.87993335723877,1259000
2006-06-16,23.739999771118164,23.81999969482422,23.690000534057617,23.75,13.895729064941406,1392600
2006-06-19,23.739999771118164,23.93000030517578,23.59000015258789,23.65999984741211,13.843070030212402,1478300
2006-06-20,23.700000762939453,23.889999389648438,23.700000762939453,23.829999923706055,13.942538261413574,871800
2006-06-21,23.950000762939453,23.989999771118164,23.829999923706055,23.920000076293945,13.995187759399414,908300
2006-06-22,23.799999237060547,23.920000076293945,23.790000915527344,23.8799991607666,13.971786499023438,1221200
2006-06-23,23.760000228881836,23.950000762939453,23.760000228881836,23.799999237060547,13.924976348876953,369700
2006-06-26,23.799999237060547,23.950000762939453,23.780000686645508,23.93000030517578,14.0010404586792,734100
2006-06-27,23.8799991607666,23.950000762939453,23.75,23.81999969482422,13.936681747436523,752400
2006-06-28,23.700000762939453,23.93000030517578,23.700000762939453,23.93000030517578,14.0010404586792,1940400
2006-06-29,24.09000015258789,24.309999465942383,23.959999084472656,24.309999465942383,14.223373413085938,1585000
2006-06-30,24.43000030517578,24.43000030517578,24.18000030517578,24.190000534057617,14.153168678283691,5448200
2006-07-03,24.239999771118164,24.329999923706055,24.18000030517578,24.329999923706055,14.23507308959961,535400
2006-07-05,24.299999237060547,24.299999237060547,24.040000915527344,24.1299991607666,14.118060111999512,1175000
2006-07-06,24.209999084472656,24.520000457763672,24.079999923706055,24.40999984741211,14.281879425048828,3086700
2006-07-07,24.389999389648438,24.440000534057617,24.299999237060547,24.360000610351562,14.252625465393066,813000
2006-07-10,24.450000762939453,24.59000015258789,24.450000762939453,24.510000228881836,14.340392112731934,1721200
2006-07-11,24.56999969482422,24.670000076293945,24.450000762939453,24.639999389648438,14.416449546813965,2270600
2006-07-12,24.639999389648438,24.65999984741211,24.399999618530273,24.440000534057617,14.299439430236816,2125600
2006-07-13,24.270000457763672,24.399999618530273,24.18000030517578,24.239999771118164,14.182419776916504,839300
2006-07-14,24.190000534057617,24.299999237060547,23.90999984741211,24.0,14.041997909545898,3464600
2006-07-17,23.940000534057617,24.1299991607666,23.940000534057617,24.059999465942383,14.07710075378418,1180900
2006-07-18,24.059999465942383,24.170000076293945,23.90999984741211,24.170000076293945,14.14146614074707,1581100
2006-07-19,24.149999618530273,24.5,24.149999618530273,24.469999313354492,14.316983222961426,2522600
2006-07-20,24.600000381469727,24.6299991607666,24.489999771118164,24.489999771118164,14.328685760498047,498600
2006-07-21,24.5,24.559999465942383,24.389999389648438,24.440000534057617,14.299439430236816,796900
2006-07-24,24.479999542236328,24.6200008392334,24.440000534057617,24.6200008392334,14.404759407043457,1962500
2006-07-25,24.579999923706055,24.790000915527344,24.489999771118164,24.739999771118164,14.474954605102539,4859200
2006-07-26,24.75,24.75,24.56999969482422,24.6200008392334,14.404759407043457,1902400
2006-07-27,24.6200008392334,24.719999313354492,24.440000534057617,24.459999084472656,14.311142921447754,4074200
2006-07-28,24.540000915527344,24.729999542236328,24.5,24.690000534057617,14.445711135864258,2108400
2006-07-31,24.690000534057617,24.690000534057617,24.540000915527344,24.56999969482422,14.375492095947266,943900
2006-08-01,24.649999618530273,24.649999618530273,24.360000610351562,24.450000762939453,14.305280685424805,1266500
2006-08-02,24.579999923706055,24.690000534057617,24.5,24.670000076293945,14.434005737304688,916300
2006-08-03,24.6200008392334,24.770000457763672,24.600000381469727,24.729999542236328,14.46910285949707,1275900
2006-08-04,24.90999984741211,24.90999984741211,24.639999389648438,24.739999771118164,14.474954605102539,679600
2006-08-07,24.75,24.75,24.59000015258789,24.68000030517578,14.43985366821289,968500
2006-08-08,24.799999237060547,24.8700008392334,24.709999084472656,24.790000915527344,14.504216194152832,5638000
2006-08-09,24.899999618530273,24.899999618530273,24.600000381469727,24.6299991607666,14.410605430603027,3860500
2006-08-10,24.6200008392334,24.90999984741211,24.549999237060547,24.889999389648438,14.562715530395508,1278000
2006-08-11,24.940000534057617,24.940000534057617,24.760000228881836,24.84000015258789,14.533462524414062,658200
2006-08-14,24.979999542236328,25.09000015258789,24.860000610351562,24.889999389648438,14.562715530395508,2429600
2006-08-15,25.139999389648438,25.139999389648438,24.969999313354492,25.049999237060547,14.65633773803711,932200
2006-08-16,25.0,25.200000762939453,24.93000030517578,25.079999923706055,14.673888206481934,4637200
2006-08-17,25.020000457763672,25.149999618530273,24.989999771118164,25.040000915527344,14.650493621826172,3013400
2006-08-18,25.149999618530273,25.200000762939453,25.040000915527344,25.190000534057617,14.738241195678711,1070900
2006-08-21,25.209999084472656,25.270000457763672,25.170000076293945,25.25,14.773347854614258,852300
2006-08-22,25.239999771118164,25.260000228881836,25.139999389648438,25.229999542236328,14.761648178100586,562100
2006-08-23,25.200000762939453,25.25,25.09000015258789,25.149999618530273,14.714836120605469,1693000
2006-08-24,25.219999313354492,25.280000686645508,25.15999984741211,25.280000686645508,14.79089641571045,1625700
2006-08-25,25.280000686645508,25.280000686645508,25.149999618530273,25.239999771118164,14.767495155334473,1062900
2006-08-28,25.209999084472656,25.40999984741211,25.200000762939453,25.34000015258789,14.826005935668945,1744800
2006-08-29,25.440000534057617,25.450000762939453,25.309999465942383,25.43000030517578,14.878669738769531,2319200
2006-08-30,25.520000457763672,25.540000915527344,25.40999984741211,25.5,14.919621467590332,859500
2006-08-31,25.530000686645508,25.530000686645508,25.43000030517578,25.520000457763672,14.931325912475586,1773700
2006-09-01,25.600000381469727,25.670000076293945,25.510000228881836,25.65999984741211,15.013232231140137,754600
2006-09-05,25.760000228881836,26.559999465942383,25.489999771118164,25.56999969482422,14.960578918457031,2118400
2006-09-06,25.489999771118164,25.530000686645508,25.450000762939453,25.5,14.919621467590332,1714600
2006-09-07,25.540000915527344,25.600000381469727,25.360000610351562,25.40999984741211,14.866964340209961,3359800
2006-09-08,25.520000457763672,25.559999465942383,25.40999984741211,25.540000915527344,14.943020820617676,534900
2006-09-11,25.450000762939453,25.729999542236328,25.450000762939453,25.729999542236328,15.054195404052734,1554000
2006-09-12,25.790000915527344,25.799999237060547,25.649999618530273,25.739999771118164,15.060044288635254,3268200
2006-09-13,25.799999237060547,25.799999237060547,25.510000228881836,25.549999237060547,14.948874473571777,1795600
2006-09-14,25.559999465942383,25.690000534057617,25.479999542236328,25.68000030517578,15.024938583374023,953800
2006-09-15,25.520000457763672,25.700000762939453,25.510000228881836,25.579999923706055,15.041404724121094,1597200
2006-09-18,25.65999984741211,25.65999984741211,25.389999389648438,25.479999542236328,14.9826021194458,1403000
2006-09-19,25.479999542236328,25.549999237060547,25.420000076293945,25.540000915527344,15.017887115478516,1275700
2006-09-20,25.59000015258789,25.719999313354492,25.5,25.690000534057617,15.106087684631348,2111200
2006-09-21,25.600000381469727,25.700000762939453,25.3799991607666,25.459999084472656,14.970841407775879,1811200
2006-09-22,25.440000534057617,25.479999542236328,25.3799991607666,25.479999542236328,14.9826021194458,1364600
2006-09-25,25.469999313354492,25.469999313354492,25.18000030517578,25.31999969482422,14.888516426086426,2822700
2006-09-26,25.389999389648438,25.420000076293945,25.15999984741211,25.350000381469727,14.906155586242676,3256000
2006-09-27,25.40999984741211,25.549999237060547,25.350000381469727,25.510000228881836,15.000246047973633,2751300
2006-09-28,25.579999923706055,25.579999923706055,25.329999923706055,25.450000762939453,14.964953422546387,1040400
2006-09-29,25.450000762939453,25.549999237060547,25.329999923706055,25.3799991607666,14.923798561096191,1591600
2006-10-02,25.200000762939453,25.40999984741211,25.18000030517578,25.209999084472656,14.823834419250488,1928900
2006-10-03,25.239999771118164,25.309999465942383,25.15999984741211,25.239999771118164,14.841474533081055,2918800
2006-10-04,25.100000381469727,25.510000228881836,24.34000015258789,25.510000228881836,15.000246047973633,3268900
2006-10-05,25.5,25.520000457763672,25.34000015258789,25.40999984741211,14.941438674926758,1116100
2006-10-06,25.420000076293945,25.43000030517578,25.200000762939453,25.270000457763672,14.859114646911621,1665800
2006-10-09,25.299999237060547,25.360000610351562,25.190000534057617,25.360000610351562,14.912038803100586,1622600
2006-10-10,25.299999237060547,25.389999389648438,25.149999618530273,25.270000457763672,14.859114646911621,2463400
2006-10-11,25.18000030517578,25.31999969482422,25.100000381469727,25.309999465942383,14.882635116577148,2001800
2006-10-12,25.440000534057617,25.450000762939453,25.290000915527344,25.350000381469727,14.906155586242676,1496100
2006-10-13,25.399999618530273,25.40999984741211,25.18000030517578,25.299999237060547,14.876752853393555,638000
2006-10-16,25.25,25.350000381469727,25.170000076293945,25.34000015258789,14.900278091430664,2616300
2006-10-17,25.190000534057617,25.360000610351562,25.170000076293945,25.290000915527344,14.870878219604492,1097600
2006-10-18,25.25,25.43000030517578,25.25,25.389999389648438,14.929675102233887,2107700
2006-10-19,25.43000030517578,25.459999084472656,25.34000015258789,25.450000762939453,14.964953422546387,1283800
2006-10-20,25.510000228881836,25.549999237060547,25.40999984741211,25.540000915527344,15.017887115478516,2572000
2006-10-23,25.549999237060547,25.84000015258789,25.489999771118164,25.790000915527344,15.164885520935059,2048700
2006-10-24,25.81999969482422,25.81999969482422,25.6299991607666,25.709999084472656,15.117844581604004,997200
2006-10-25,25.649999618530273,25.969999313354492,25.649999618530273,25.8799991607666,15.21780776977539,2033200
2006-10-26,25.950000762939453,26.049999237060547,25.8700008392334,26.049999237060547,15.317768096923828,1450400
2006-10-27,26.020000457763672,26.020000457763672,25.8700008392334,25.959999084472656,15.264851570129395,1698100
2006-10-30,25.799999237060547,25.920000076293945,25.799999237060547,25.850000381469727,15.200169563293457,2902200
2006-10-31,25.850000381469727,25.8799991607666,25.770000457763672,25.829999923706055,15.18840503692627,835700
2006-11-01,25.860000610351562,25.860000610351562,25.610000610351562,25.6299991607666,15.07080078125,2555100
2006-11-02,25.600000381469727,25.639999389648438,25.5,25.59000015258789,15.047282218933105,1346600
2006-11-03,25.610000610351562,25.65999984741211,25.3799991607666,25.469999313354492,14.976717948913574,1916400
2006-11-06,25.399999618530273,25.6200008392334,25.399999618530273,25.559999465942383,15.029641151428223,1083700
2006-11-07,25.670000076293945,25.670000076293945,25.549999237060547,25.600000381469727,15.0531644821167,1737200
2006-11-08,25.549999237060547,25.739999771118164,25.549999237060547,25.690000534057617,15.106087684631348,808500
2006-11-09,25.75,25.75,25.489999771118164,25.540000915527344,15.017887115478516,1308100
2006-11-10,25.450000762939453,25.579999923706055,25.450000762939453,25.549999237060547,15.023761749267578,458700
2006-11-13,25.489999771118164,25.56999969482422,25.40999984741211,25.469999313354492,14.976717948913574,1030900
2006-11-14,25.440000534057617,25.610000610351562,25.420000076293945,25.540000915527344,15.017887115478516,911000
2006-11-15,25.600000381469727,25.770000457763672,25.600000381469727,25.670000076293945,15.094318389892578,635600
2006-11-16,25.649999618530273,25.8799991607666,25.649999618530273,25.850000381469727,15.200169563293457,1568700
2006-11-17,25.770000457763672,25.989999771118164,25.75,25.889999389648438,15.223690032958984,9636200
2006-11-20,25.899999618530273,25.93000030517578,25.799999237060547,25.809999465942383,15.176643371582031,10016300
2006-11-21,25.81999969482422,25.829999923706055,25.719999313354492,25.770000457763672,15.153120040893555,1950100
2006-11-22,25.700000762939453,25.829999923706055,25.68000030517578,25.829999923706055,15.18840503692627,1168500
2006-11-24,25.690000534057617,25.780000686645508,25.649999618530273,25.729999542236328,15.129603385925293,262700
2006-11-27,25.670000076293945,25.670000076293945,25.389999389648438,25.40999984741211,14.941438674926758,2513900
2006-11-28,25.40999984741211,25.56999969482422,25.360000610351562,25.520000457763672,15.006123542785645,1844000
2006-11-29,25.510000228881836,25.739999771118164,25.510000228881836,25.739999771118164,15.135485649108887,1200800
2006-11-30,25.649999618530273,25.729999542236328,25.510000228881836,25.610000610351562,15.059040069580078,1155500
2006-12-01,25.690000534057617,25.690000534057617,25.389999389648438,25.530000686645508,15.012006759643555,889300
2006-12-04,25.549999237060547,25.940000534057617,25.549999237060547,25.899999618530273,15.229568481445312,1077500
2006-12-05,25.950000762939453,26.040000915527344,25.899999618530273,26.040000915527344,15.3118896484375,1180200
2006-12-06,25.940000534057617,26.09000015258789,25.940000534057617,26.06999969482422,15.3295259475708,870700
2006-12-07,26.100000381469727,26.18000030517578,26.010000228881836,26.020000457763672,15.300131797790527,712700
2006-12-08,25.950000762939453,26.190000534057617,25.920000076293945,26.06999969482422,15.3295259475708,1684000
2006-12-11,26.200000762939453,26.200000762939453,26.020000457763672,26.1200008392334,15.358924865722656,554200
2006-12-12,26.1200008392334,26.1299991607666,25.979999542236328,26.059999465942383,15.323647499084473,1277000
2006-12-13,26.149999618530273,26.200000762939453,25.989999771118164,26.049999237060547,15.317768096923828,2534800
2006-12-14,26.049999237060547,26.25,26.040000915527344,26.149999618530273,15.376569747924805,740500
2006-12-15,26.1299991607666,26.15999984741211,26.040000915527344,26.059999465942383,15.401391983032227,3579600
2006-12-18,26.139999389648438,26.139999389648438,26.030000686645508,26.040000915527344,15.389573097229004,1136200
2006-12-19,25.979999542236328,26.139999389648438,25.979999542236328,26.059999465942383,15.401391983032227,1170400
2006-12-20,26.049999237060547,26.139999389648438,26.049999237060547,26.079999923706055,15.41321086883545,778300
2006-12-21,26.020000457763672,26.18000030517578,26.020000457763672,26.09000015258789,15.419123649597168,2009800
2006-12-22,26.219999313354492,26.229999542236328,26.0,26.06999969482422,15.407301902770996,512400
2006-12-26,26.100000381469727,26.170000076293945,26.020000457763672,26.170000076293945,15.466402053833008,549200
2006-12-27,26.270000457763672,26.280000686645508,26.1200008392334,26.260000228881836,15.519590377807617,983500
2006-12-28,26.299999237060547,26.299999237060547,26.18000030517578,26.25,15.513679504394531,736600
2006-12-29,26.149999618530273,26.280000686645508,26.100000381469727,26.1200008392334,15.436848640441895,959500
2007-01-03,26.06999969482422,26.40999984741211,26.06999969482422,26.290000915527344,15.537323951721191,2059700
2007-01-04,26.239999771118164,26.350000381469727,26.139999389648438,26.329999923706055,15.560957908630371,845300
2007-01-05,26.34000015258789,26.34000015258789,26.06999969482422,26.139999389648438,15.448673248291016,1360200
2007-01-08,26.059999465942383,26.219999313354492,26.040000915527344,26.18000030517578,15.472311973571777,965200
2007-01-09,26.200000762939453,26.290000915527344,26.15999984741211,26.239999771118164,15.507768630981445,2437600
2007-01-10,26.239999771118164,26.399999618530273,26.100000381469727,26.350000381469727,15.57278060913086,1042000
2007-01-11,26.510000228881836,26.600000381469727,26.290000915527344,26.549999237060547,15.69097900390625,1823700
2007-01-12,26.600000381469727,26.600000381469727,26.469999313354492,26.510000228881836,15.667350769042969,1333300
2007-01-16,26.5,26.59000015258789,26.469999313354492,26.530000686645508,15.679166793823242,1941800
2007-01-17,26.559999465942383,26.670000076293945,26.540000915527344,26.610000610351562,15.726438522338867,1573700
2007-01-18,26.670000076293945,26.670000076293945,26.540000915527344,26.56999969482422,15.70280933380127,664400
2007-01-19,26.520000457763672,26.649999618530273,26.520000457763672,26.610000610351562,15.726438522338867,773400
2007-01-22,26.5,26.6200008392334,26.479999542236328,26.579999923706055,15.708709716796875,2141800
2007-01-23,26.59000015258789,26.690000534057617,26.540000915527344,26.6299991607666,15.738250732421875,646700
2007-01-24,26.700000762939453,26.729999542236328,26.579999923706055,26.729999542236328,15.797368049621582,2088000
2007-01-25,26.790000915527344,26.790000915527344,26.510000228881836,26.559999465942383,15.696887016296387,2132700
2007-01-26,26.520000457763672,26.59000015258789,26.40999984741211,26.489999771118164,15.655512809753418,3047100
2007-01-29,26.610000610351562,26.68000030517578,26.510000228881836,26.559999465942383,15.696887016296387,1363700
2007-01-30,26.450000762939453,26.59000015258789,26.440000534057617,26.540000915527344,15.68507194519043,2545300
2007-01-31,26.56999969482422,26.68000030517578,26.469999313354492,26.649999618530273,15.750078201293945,1858800
2007-02-01,26.729999542236328,26.84000015258789,26.690000534057617,26.75,15.809187889099121,2725800
2007-02-02,26.809999465942383,26.860000610351562,26.739999771118164,26.799999237060547,15.838732719421387,1108000
2007-02-05,26.739999771118164,26.760000228881836,26.670000076293945,26.709999084472656,15.785536766052246,1195900
2007-02-06,26.799999237060547,26.799999237060547,26.639999389648438,26.670000076293945,15.7619047164917,1561800
2007-02-07,26.6299991607666,26.729999542236328,26.579999923706055,26.610000610351562,15.726438522338867,1713200
2007-02-08,26.579999923706055,26.610000610351562,26.489999771118164,26.559999465942383,15.696887016296387,1844200
2007-02-09,26.579999923706055,26.639999389648438,26.420000076293945,26.520000457763672,15.673253059387207,782700
2007-02-12,26.549999237060547,26.549999237060547,26.450000762939453,26.459999084472656,15.637786865234375,922300
2007-02-13,26.450000762939453,26.649999618530273,26.450000762939453,26.549999237060547,15.69097900390625,770000
2007-02-14,26.639999389648438,26.739999771118164,26.59000015258789,26.709999084472656,15.785536766052246,1683400
2007-02-15,26.649999618530273,26.889999389648438,26.649999618530273,26.8700008392334,15.880098342895508,980100
2007-02-16,26.829999923706055,26.90999984741211,26.780000686645508,26.90999984741211,15.903739929199219,1131100
2007-02-20,27.270000457763672,27.270000457763672,26.81999969482422,27.049999237060547,15.986474990844727,1113900
2007-02-21,27.030000686645508,27.040000915527344,26.889999389648438,26.899999618530273,15.897825241088867,837200
2007-02-22,26.850000381469727,26.93000030517578,26.729999542236328,26.799999237060547,15.838732719421387,2054600
2007-02-23,26.81999969482422,26.81999969482422,26.709999084472656,26.81999969482422,15.850556373596191,1364800
2007-02-26,26.81999969482422,26.84000015258789,26.700000762939453,26.809999465942383,15.844636917114258,989400
2007-02-27,26.690000534057617,26.709999084472656,25.809999465942383,26.200000762939453,15.484128952026367,4679900
2007-02-28,26.149999618530273,26.360000610351562,25.969999313354492,26.239999771118164,15.507768630981445,2056300
2007-03-01,25.799999237060547,26.299999237060547,25.799999237060547,26.299999237060547,15.543238639831543,2121100
2007-03-02,26.06999969482422,26.18000030517578,25.850000381469727,25.889999389648438,15.300923347473145,2159900
2007-03-05,25.729999542236328,26.049999237060547,25.5,25.799999237060547,15.247734069824219,2645300
2007-03-06,25.860000610351562,26.100000381469727,25.850000381469727,26.0,15.365934371948242,2027700
2007-03-07,26.110000610351562,26.110000610351562,25.899999618530273,25.899999618530273,15.306831359863281,1882900
2007-03-08,25.739999771118164,26.8700008392334,25.690000534057617,26.139999389648438,15.448673248291016,1756100
2007-03-09,26.219999313354492,26.239999771118164,26.079999923706055,26.219999313354492,15.495952606201172,1510500
2007-03-12,26.229999542236328,26.290000915527344,26.15999984741211,26.25,15.513679504394531,1086800
2007-03-13,26.149999618530273,26.18000030517578,25.75,25.75,15.218180656433105,1423300
2007-03-14,25.860000610351562,25.93000030517578,25.56999969482422,25.799999237060547,15.247734069824219,2661600
2007-03-15,25.889999389648438,26.1299991607666,25.889999389648438,26.1299991607666,15.442763328552246,1459600
2007-03-16,26.0,26.059999465942383,25.860000610351562,25.93000030517578,15.400591850280762,1909800
2007-03-19,26.0,26.139999389648438,26.0,26.100000381469727,15.501557350158691,785600
2007-03-20,26.100000381469727,26.350000381469727,26.079999923706055,26.350000381469727,15.650043487548828,1460200
2007-03-21,26.350000381469727,26.6200008392334,26.229999542236328,26.600000381469727,15.7985258102417,1103200
2007-03-22,26.670000076293945,26.729999542236328,26.56999969482422,26.729999542236328,15.875743865966797,2610500
2007-03-23,26.6200008392334,26.790000915527344,26.530000686645508,26.790000915527344,15.91137409210205,1196200
2007-03-26,26.68000030517578,26.68000030517578,26.469999313354492,26.600000381469727,15.7985258102417,1162600
2007-03-27,26.600000381469727,26.600000381469727,26.40999984741211,26.479999542236328,15.727251052856445,1892100
2007-03-28,26.420000076293945,26.559999465942383,26.290000915527344,26.43000030517578,15.697559356689453,1289100
2007-03-29,26.530000686645508,26.6200008392334,26.3799991607666,26.579999923706055,15.786646842956543,1844700
2007-03-30,26.559999465942383,26.68000030517578,25.90999984741211,26.649999618530273,15.828218460083008,2088700
2007-04-02,26.6299991607666,26.75,26.59000015258789,26.719999313354492,15.86979866027832,1076000
2007-04-03,26.780000686645508,26.969999313354492,26.729999542236328,26.899999618530273,15.976703643798828,2240000
2007-04-04,26.850000381469727,27.040000915527344,26.850000381469727,27.020000457763672,16.047977447509766,2778800
2007-04-05,27.030000686645508,27.09000015258789,26.920000076293945,27.09000015258789,16.089553833007812,794800
2007-04-09,27.100000381469727,27.15999984741211,27.020000457763672,27.020000457763672,16.047977447509766,326500
2007-04-10,27.1299991607666,27.149999618530273,27.049999237060547,27.149999618530273,16.12518310546875,1157200
2007-04-11,27.049999237060547,27.1299991607666,26.8799991607666,26.969999313354492,16.018274307250977,1958500
2007-04-12,26.90999984741211,27.09000015258789,26.8700008392334,27.0,16.03609848022461,735700
2007-04-13,27.040000915527344,27.100000381469727,26.979999542236328,27.09000015258789,16.089553833007812,632600
2007-04-16,27.239999771118164,27.239999771118164,27.100000381469727,27.149999618530273,16.12518310546875,1402900
2007-04-17,27.270000457763672,27.399999618530273,27.229999542236328,27.399999618530273,16.273670196533203,957500
2007-04-18,27.280000686645508,27.34000015258789,27.239999771118164,27.329999923706055,16.232091903686523,717400
2007-04-19,27.18000030517578,27.360000610351562,27.18000030517578,27.350000381469727,16.243968963623047,256000
2007-04-20,27.399999618530273,27.600000381469727,27.399999618530273,27.600000381469727,16.392457962036133,1448400
2007-04-23,27.530000686645508,27.6200008392334,27.459999084472656,27.540000915527344,16.356828689575195,2432500
2007-04-24,27.489999771118164,27.600000381469727,27.350000381469727,27.530000686645508,16.350879669189453,695900
2007-04-25,27.649999618530273,27.719999313354492,27.579999923706055,27.670000076293945,16.43402671813965,811800
2007-04-26,27.690000534057617,27.690000534057617,27.489999771118164,27.559999465942383,16.368703842163086,995100
2007-04-27,27.459999084472656,27.520000457763672,26.770000457763672,27.5,16.33306121826172,675400
2007-04-30,27.489999771118164,27.65999984741211,27.399999618530273,27.399999618530273,16.273670196533203,836300
2007-05-01,27.389999389648438,27.389999389648438,27.18000030517578,27.290000915527344,16.208337783813477,2412700
2007-05-02,27.360000610351562,27.479999542236328,27.299999237060547,27.299999237060547,16.21427345275879,1805700
2007-05-03,27.479999542236328,27.579999923706055,27.31999969482422,27.399999618530273,16.273670196533203,2078200
2007-05-04,27.450000762939453,27.450000762939453,27.290000915527344,27.399999618530273,16.273670196533203,3004200
2007-05-07,27.40999984741211,27.520000457763672,27.389999389648438,27.450000762939453,16.30336570739746,2766900
2007-05-08,27.350000381469727,27.360000610351562,27.260000228881836,27.260000228881836,16.19051742553711,1690900
2007-05-09,27.299999237060547,27.3799991607666,27.239999771118164,27.299999237060547,16.21427345275879,1094500
2007-05-10,27.270000457763672,27.299999237060547,27.049999237060547,27.1299991607666,16.113313674926758,1547100
2007-05-11,27.110000610351562,27.200000762939453,27.040000915527344,27.200000762939453,16.15488052368164,657500
2007-05-14,27.25,27.25,27.100000381469727,27.100000381469727,16.09549331665039,1065800
2007-05-15,27.100000381469727,27.3799991607666,27.100000381469727,27.280000686645508,16.202394485473633,1898400
2007-05-16,27.350000381469727,27.559999465942383,27.270000457763672,27.559999465942383,16.368703842163086,918400
2007-05-17,27.530000686645508,27.530000686645508,27.15999984741211,27.489999771118164,16.32712173461914,1185600
2007-05-18,27.549999237060547,27.690000534057617,27.489999771118164,27.690000534057617,16.44590950012207,1166300
2007-05-21,27.65999984741211,27.65999984741211,27.440000534057617,27.479999542236328,16.321186065673828,2122600
2007-05-22,27.510000228881836,27.56999969482422,27.420000076293945,27.530000686645508,16.350879669189453,1093400
2007-05-23,27.5,27.65999984741211,27.450000762939453,27.450000762939453,16.30336570739746,3732200
2007-05-24,27.469999313354492,27.6200008392334,27.329999923706055,27.329999923706055,16.232091903686523,1728300
2007-05-25,27.559999465942383,27.559999465942383,27.450000762939453,27.5,16.33306121826172,407300
2007-05-29,27.450000762939453,27.729999542236328,27.450000762939453,27.600000381469727,16.392457962036133,1502800
2007-05-30,27.56999969482422,27.790000915527344,27.559999465942383,27.729999542236328,16.469669342041016,1061400
2007-05-31,27.790000915527344,27.8799991607666,27.729999542236328,27.770000457763672,16.493419647216797,1545300
2007-06-01,27.809999465942383,28.030000686645508,27.790000915527344,27.899999618530273,16.57063102722168,1677500
2007-06-04,27.90999984741211,28.020000457763672,27.8799991607666,28.0,16.63002586364746,511100
2007-06-05,27.8700008392334,27.920000076293945,27.770000457763672,27.829999923706055,16.529062271118164,1942000
2007-06-06,27.670000076293945,27.780000686645508,27.610000610351562,27.649999618530273,16.422155380249023,2511600
2007-06-07,27.450000762939453,27.68000030517578,27.299999237060547,27.299999237060547,16.21427345275879,2088500
2007-06-08,27.299999237060547,27.559999465942383,27.280000686645508,27.459999084472656,16.309307098388672,626700
2007-06-11,27.549999237060547,27.6200008392334,27.459999084472656,27.610000610351562,16.39838981628418,1237600
2007-06-12,27.350000381469727,27.520000457763672,27.280000686645508,27.350000381469727,16.243968963623047,1028900
2007-06-13,27.510000228881836,27.6200008392334,27.350000381469727,27.559999465942383,16.368703842163086,1587400
2007-06-14,27.600000381469727,27.6200008392334,27.479999542236328,27.600000381469727,16.392457962036133,1942000
2007-06-15,27.56999969482422,27.59000015258789,27.450000762939453,27.489999771118164,16.427715301513672,2190900
2007-06-18,27.420000076293945,27.530000686645508,27.350000381469727,27.350000381469727,16.344051361083984,850300
2007-06-19,27.350000381469727,27.350000381469727,27.149999618530273,27.149999618530273,16.224531173706055,1081800
2007-06-20,27.309999465942383,27.3700008392334,27.0,27.1200008392334,16.206605911254883,1084800
2007-06-21,27.030000686645508,27.290000915527344,27.0,27.200000762939453,16.25440788269043,1541500
2007-06-22,27.25,27.25,26.93000030517578,27.049999237060547,16.164762496948242,1672700
2007-06-25,27.049999237060547,27.149999618530273,26.860000610351562,26.93000030517578,16.093061447143555,792900
2007-06-26,27.049999237060547,27.100000381469727,26.84000015258789,26.860000610351562,16.051231384277344,1164400
2007-06-27,26.739999771118164,27.1200008392334,26.709999084472656,27.06999969482422,16.176729202270508,712700
2007-06-28,27.0,27.209999084472656,27.0,27.020000457763672,16.146841049194336,824100
2007-06-29,27.09000015258789,27.260000228881836,26.90999984741211,27.049999237060547,16.164762496948242,1666500
2007-07-02,27.1299991607666,27.479999542236328,27.1299991607666,27.270000457763672,16.296249389648438,4223600
2007-07-03,27.3700008392334,27.389999389648438,27.200000762939453,27.260000228881836,16.290267944335938,1070800
2007-07-05,27.229999542236328,27.290000915527344,26.40999984741211,27.239999771118164,16.2783145904541,2972900
2007-07-06,27.15999984741211,27.399999618530273,27.149999618530273,27.399999618530273,16.37393569946289,655400
2007-07-09,27.399999618530273,27.399999618530273,27.280000686645508,27.399999618530273,16.37393569946289,1885900
2007-07-10,27.239999771118164,27.309999465942383,27.010000228881836,27.149999618530273,16.224531173706055,1853600
2007-07-11,26.920000076293945,27.280000686645508,26.920000076293945,27.280000686645508,16.302215576171875,1142700
2007-07-12,27.260000228881836,27.6299991607666,27.239999771118164,27.510000228881836,16.439664840698242,1291000
2007-07-13,27.5,27.709999084472656,27.420000076293945,27.700000762939453,16.553213119506836,1355600
2007-07-16,27.639999389648438,27.780000686645508,27.549999237060547,27.59000015258789,16.487472534179688,700700
2007-07-17,27.670000076293945,27.790000915527344,27.450000762939453,27.459999084472656,16.409788131713867,1364200
2007-07-18,27.489999771118164,27.5,27.31999969482422,27.469999313354492,16.41575813293457,693700
2007-07-19,27.479999542236328,27.610000610351562,27.469999313354492,27.559999465942383,16.469539642333984,1249500
2007-07-20,27.459999084472656,27.510000228881836,27.239999771118164,27.399999618530273,16.37393569946289,1204400
2007-07-23,27.139999389648438,27.549999237060547,27.1200008392334,27.399999618530273,16.37393569946289,1333100
2007-07-24,27.309999465942383,27.5,27.06999969482422,27.200000762939453,16.25440788269043,2000500
2007-07-25,27.479999542236328,27.479999542236328,27.040000915527344,27.200000762939453,16.25440788269043,1806400
2007-07-26,26.889999389648438,27.280000686645508,26.559999465942383,26.799999237060547,16.015377044677734,2815100
2007-07-27,26.850000381469727,26.850000381469727,26.43000030517578,26.440000534057617,15.800240516662598,3511200
2007-07-30,26.459999084472656,26.649999618530273,26.270000457763672,26.5,15.83609390258789,1047900
2007-07-31,26.56999969482422,26.809999465942383,26.280000686645508,26.280000686645508,15.704633712768555,3203400
2007-08-01,26.450000762939453,26.729999542236328,26.309999465942383,26.670000076293945,15.937686920166016,1454300
2007-08-02,26.709999084472656,26.889999389648438,26.6200008392334,26.700000762939453,15.95561408996582,1618700
2007-08-03,26.81999969482422,26.93000030517578,26.450000762939453,26.649999618530273,15.925740242004395,4452800
2007-08-06,26.709999084472656,27.34000015258789,26.610000610351562,27.34000015258789,16.33807373046875,3826700
2007-08-07,26.940000534057617,27.56999969482422,26.940000534057617,27.270000457763672,16.296249389648438,3275100
2007-08-08,27.450000762939453,27.75,27.31999969482422,27.75,16.583086013793945,4770200
2007-08-09,27.360000610351562,27.510000228881836,27.030000686645508,27.25,16.2842960357666,1764900
2007-08-10,26.989999771118164,27.34000015258789,26.729999542236328,27.100000381469727,16.19464683532715,2941300
2007-08-13,27.030000686645508,27.170000076293945,26.809999465942383,27.020000457763672,16.146841049194336,1353100
2007-08-14,26.93000030517578,26.93000030517578,26.549999237060547,26.59000015258789,15.889883995056152,1639400
2007-08-15,26.459999084472656,26.84000015258789,26.309999465942383,26.450000762939453,15.806221008300781,1755700
2007-08-16,26.25,26.520000457763672,26.020000457763672,26.520000457763672,15.848051071166992,2661200
2007-08-17,26.8799991607666,27.0,26.479999542236328,26.649999618530273,15.925740242004395,4028900
2007-08-20,26.860000610351562,26.989999771118164,26.56999969482422,26.850000381469727,16.045251846313477,1448700
2007-08-21,26.600000381469727,26.850000381469727,26.600000381469727,26.850000381469727,16.045251846313477,558100
2007-08-22,26.8799991607666,26.93000030517578,26.770000457763672,26.920000076293945,16.08708381652832,2922400
2007-08-23,27.049999237060547,27.049999237060547,26.780000686645508,26.93000030517578,16.093061447143555,1035200
2007-08-24,26.899999618530273,27.149999618530273,26.899999618530273,27.1200008392334,16.206605911254883,1351700
2007-08-27,27.100000381469727,27.18000030517578,26.989999771118164,27.0,16.134891510009766,1260800
2007-08-28,26.93000030517578,26.989999771118164,26.59000015258789,26.690000534057617,15.949634552001953,2099100
2007-08-29,26.700000762939453,27.010000228881836,26.649999618530273,26.920000076293945,16.08708381652832,1167800
2007-08-30,26.760000228881836,26.93000030517578,26.729999542236328,26.829999923706055,16.033302307128906,1027300
2007-08-31,26.969999313354492,27.139999389648438,26.84000015258789,26.899999618530273,16.075132369995117,1578700
2007-09-04,27.040000915527344,27.190000534057617,26.959999084472656,27.190000534057617,16.248437881469727,1787300
2007-09-05,26.700000762939453,26.940000534057617,26.700000762939453,26.940000534057617,16.099044799804688,1866800
2007-09-06,26.90999984741211,27.030000686645508,26.799999237060547,26.8700008392334,16.057209014892578,1298300
2007-09-07,26.770000457763672,26.8700008392334,26.6299991607666,26.75,15.98550033569336,4722100
2007-09-10,26.75,26.889999389648438,26.6200008392334,26.81999969482422,16.02733039855957,5018500
2007-09-11,26.850000381469727,27.110000610351562,26.81999969482422,27.0,16.134891510009766,3407600
2007-09-12,27.049999237060547,27.25,27.0,27.139999389648438,16.21855926513672,2135800
2007-09-13,27.3799991607666,27.3799991607666,27.209999084472656,27.219999313354492,16.26636505126953,2333000
2007-09-14,27.219999313354492,27.3799991607666,27.149999618530273,27.3799991607666,16.361982345581055,2344400
2007-09-17,27.25,27.290000915527344,27.190000534057617,27.219999313354492,16.26636505126953,603300
2007-09-18,27.350000381469727,27.75,27.270000457763672,27.75,16.583086013793945,1828300
2007-09-19,27.809999465942383,27.8700008392334,27.6299991607666,27.770000457763672,16.59503746032715,3788300
2007-09-20,27.790000915527344,27.809999465942383,27.670000076293945,27.799999237060547,16.612972259521484,1412200
2007-09-21,27.690000534057617,27.799999237060547,27.610000610351562,27.65999984741211,16.62137222290039,2317300
2007-09-24,27.690000534057617,27.719999313354492,27.530000686645508,27.639999389648438,16.609355926513672,951200
2007-09-25,27.510000228881836,27.670000076293945,27.43000030517578,27.600000381469727,16.585325241088867,6076300
2007-09-26,27.68000030517578,27.899999618530273,27.6299991607666,27.790000915527344,16.699493408203125,2808800
2007-09-27,27.84000015258789,27.950000762939453,27.799999237060547,27.889999389648438,16.759586334228516,1408500
2007-09-28,27.899999618530273,27.979999542236328,27.850000381469727,27.979999542236328,16.813671112060547,825300
2007-10-01,27.899999618530273,27.950000762939453,27.719999313354492,27.899999618530273,16.76560401916504,5794400
2007-10-02,27.90999984741211,27.920000076293945,27.780000686645508,27.90999984741211,16.7716064453125,2038300
2007-10-03,27.860000610351562,27.899999618530273,27.75,27.84000015258789,16.72953987121582,6854900
2007-10-04,27.850000381469727,27.90999984741211,27.790000915527344,27.899999618530273,16.76560401916504,5732400
2007-10-05,27.959999084472656,28.020000457763672,27.8700008392334,28.0,16.825681686401367,3707600
2007-10-08,27.780000686645508,27.920000076293945,27.780000686645508,27.81999969482422,16.7175235748291,2909100
2007-10-09,27.90999984741211,28.010000228881836,27.81999969482422,27.979999542236328,16.813671112060547,4467400
2007-10-10,27.84000015258789,28.1200008392334,27.84000015258789,28.100000381469727,16.885787963867188,2556900
2007-10-11,28.290000915527344,28.309999465942383,28.030000686645508,28.170000076293945,16.927846908569336,6015200
2007-10-12,28.719999313354492,28.719999313354492,28.1299991607666,28.229999542236328,16.96390724182129,3744700
2007-10-15,27.729999542236328,28.3700008392334,27.729999542236328,28.139999389648438,16.90981101989746,3811300
2007-10-16,28.059999465942383,28.1299991607666,27.969999313354492,28.020000457763672,16.83770751953125,3147400
2007-10-17,28.1299991607666,28.200000762939453,27.950000762939453,28.1200008392334,16.89780616760254,7207900
2007-10-18,28.030000686645508,28.1299991607666,28.0,28.020000457763672,16.83770751953125,12642300
2007-10-19,28.040000915527344,28.06999969482422,27.700000762939453,27.729999542236328,16.663442611694336,7279600
2007-10-22,27.639999389648438,27.959999084472656,27.6200008392334,27.90999984741211,16.7716064453125,1933100
2007-10-23,27.989999771118164,28.0,27.81999969482422,28.0,16.825681686401367,1506200
2007-10-24,27.93000030517578,28.020000457763672,27.700000762939453,27.920000076293945,16.777618408203125,2160100
2007-10-25,28.059999465942383,28.209999084472656,27.989999771118164,28.149999618530273,16.91583251953125,2888900
2007-10-26,28.040000915527344,28.350000381469727,28.040000915527344,28.34000015258789,17.030004501342773,1332300
2007-10-29,28.350000381469727,28.450000762939453,28.270000457763672,28.350000381469727,17.036012649536133,1526300
2007-10-30,28.190000534057617,28.34000015258789,28.1299991607666,28.229999542236328,16.96390724182129,1542000
2007-10-31,28.09000015258789,28.450000762939453,28.09000015258789,28.40999984741211,17.072067260742188,2189400
2007-11-01,28.5,28.5,27.84000015258789,27.850000381469727,16.735549926757812,2617800
2007-11-02,27.760000228881836,28.030000686645508,27.760000228881836,28.030000686645508,16.843717575073242,2537000
2007-11-05,27.510000228881836,28.190000534057617,27.510000228881836,28.06999969482422,16.867752075195312,1753700
2007-11-06,28.0,28.260000228881836,28.0,28.260000228881836,16.981924057006836,1129500
2007-11-07,28.0,28.190000534057617,27.809999465942383,27.950000762939453,16.795652389526367,2671300
2007-11-08,28.18000030517578,28.219999313354492,27.729999542236328,28.149999618530273,16.91583251953125,3227300
2007-11-09,27.950000762939453,28.149999618530273,27.8700008392334,27.8799991607666,16.753585815429688,2385800
2007-11-12,27.670000076293945,28.15999984741211,27.639999389648438,27.899999618530273,16.76560401916504,2307100
2007-11-13,28.3799991607666,28.440000534057617,28.040000915527344,28.31999969482422,17.01797866821289,1602400
2007-11-14,28.459999084472656,28.65999984741211,28.360000610351562,28.459999084472656,17.102109909057617,2915100
2007-11-15,28.149999618530273,28.6299991607666,28.149999618530273,28.440000534057617,17.090097427368164,4579100
2007-11-16,28.549999237060547,28.649999618530273,28.3799991607666,28.56999969482422,17.168210983276367,1555800
2007-11-19,28.65999984741211,28.65999984741211,28.34000015258789,28.3700008392334,17.048030853271484,2718600
2007-11-20,28.940000534057617,28.940000534057617,28.309999465942383,28.600000381469727,17.186250686645508,3525100
2007-11-21,28.489999771118164,28.6200008392334,28.229999542236328,28.25,16.975915908813477,3356900
2007-11-23,28.59000015258789,28.59000015258789,28.350000381469727,28.540000915527344,17.150184631347656,686700
2007-11-26,28.799999237060547,28.799999237060547,28.18000030517578,28.25,16.975915908813477,2987300
2007-11-27,28.25,28.68000030517578,28.25,28.549999237060547,17.156198501586914,2612400
2007-11-28,28.799999237060547,29.049999237060547,28.579999923706055,29.0,17.426597595214844,4534000
2007-11-29,28.709999084472656,29.309999465942383,28.709999084472656,29.149999618530273,17.516742706298828,2780900
2007-11-30,29.299999237060547,29.299999237060547,29.030000686645508,29.190000534057617,17.540781021118164,2794800
2007-12-03,29.3700008392334,29.3700008392334,29.030000686645508,29.079999923706055,17.474681854248047,5158900
2007-12-04,29.049999237060547,29.149999618530273,29.0,29.040000915527344,17.450653076171875,2187800
2007-12-05,29.389999389648438,29.389999389648438,29.09000015258789,29.15999984741211,17.522754669189453,1632500
2007-12-06,29.329999923706055,29.459999084472656,29.149999618530273,29.149999618530273,17.516742706298828,3177400
2007-12-07,29.399999618530273,29.600000381469727,29.309999465942383,29.459999084472656,17.703035354614258,3010100
2007-12-10,29.770000457763672,29.770000457763672,29.450000762939453,29.489999771118164,17.7210636138916,980600
2007-12-11,29.729999542236328,29.729999542236328,29.079999923706055,29.170000076293945,17.528770446777344,3657200
2007-12-12,29.700000762939453,29.739999771118164,29.030000686645508,29.25,17.57683563232422,2379800
2007-12-13,29.450000762939453,29.450000762939453,29.049999237060547,29.3799991607666,17.65495491027832,3219400
2007-12-14,29.0,29.43000030517578,28.979999542236328,29.020000457763672,17.43862533569336,2749000
2007-12-17,28.760000228881836,28.989999771118164,28.709999084472656,28.81999969482422,17.318435668945312,2978300
2007-12-18,29.15999984741211,29.15999984741211,28.6299991607666,28.690000534057617,17.240324020385742,4009900
2007-12-19,28.540000915527344,29.010000228881836,28.540000915527344,28.93000030517578,17.38454246520996,1922700
2007-12-20,29.3799991607666,29.3799991607666,28.799999237060547,28.799999237060547,17.306425094604492,1720800
2007-12-21,28.770000457763672,29.34000015258789,28.770000457763672,29.34000015258789,17.721370697021484,2275200
2007-12-24,29.469999313354492,29.469999313354492,29.209999084472656,29.299999237060547,17.69721031188965,882300
2007-12-26,29.360000610351562,29.360000610351562,29.1299991607666,29.200000762939453,17.636817932128906,1349100
2007-12-27,29.360000610351562,29.360000610351562,28.920000076293945,28.920000076293945,17.46769905090332,2449500
2007-12-28,29.209999084472656,29.209999084472656,28.950000762939453,29.030000686645508,17.534133911132812,725400
2007-12-31,29.020000457763672,29.020000457763672,28.610000610351562,28.799999237060547,17.39521598815918,1763300
2008-01-02,28.530000686645508,28.719999313354492,28.260000228881836,28.389999389648438,17.14757537841797,10122700
2008-01-03,28.399999618530273,28.5,28.200000762939453,28.239999771118164,17.05697250366211,4379600
2008-01-04,28.010000228881836,28.34000015258789,28.010000228881836,28.1200008392334,16.984493255615234,4172500
2008-01-07,28.100000381469727,28.549999237060547,28.100000381469727,28.450000762939453,17.183809280395508,3826400
2008-01-08,28.6299991607666,28.860000610351562,28.239999771118164,28.239999771118164,17.05697250366211,5549600
2008-01-09,28.489999771118164,28.6299991607666,28.290000915527344,28.6200008392334,17.2864933013916,4759000
2008-01-10,28.59000015258789,28.90999984741211,28.510000228881836,28.670000076293945,17.316696166992188,5023700
2008-01-11,28.670000076293945,28.709999084472656,28.15999984741211,28.270000457763672,17.075088500976562,4456400
2008-01-14,28.219999313354492,28.3700008392334,28.110000610351562,28.149999618530273,17.00261116027832,7331400
2008-01-15,28.0,28.020000457763672,27.75,27.850000381469727,16.821413040161133,2611500
2008-01-16,27.65999984741211,28.059999465942383,27.65999984741211,27.75,16.761003494262695,8980400
2008-01-17,27.959999084472656,27.969999313354492,27.420000076293945,27.549999237060547,16.64021110534668,4250400
2008-01-18,27.729999542236328,27.729999542236328,27.0,27.149999618530273,16.39860725402832,6034900
2008-01-22,25.18000030517578,27.020000457763672,24.3799991607666,26.8700008392334,16.2294864654541,12101600
2008-01-23,26.389999389648438,27.25,26.270000457763672,27.200000762939453,16.42881202697754,10402400
2008-01-24,27.3799991607666,27.3799991607666,26.84000015258789,27.06999969482422,16.350299835205078,3787300
2008-01-25,27.170000076293945,27.18000030517578,26.639999389648438,26.700000762939453,16.126815795898438,2960800
2008-01-28,26.719999313354492,27.049999237060547,26.639999389648438,26.90999984741211,16.253646850585938,4415300
2008-01-29,27.229999542236328,27.229999542236328,26.829999923706055,26.989999771118164,16.301971435546875,1733400
2008-01-30,27.06999969482422,27.25,26.770000457763672,26.799999237060547,16.187213897705078,4867300
2008-01-31,26.729999542236328,27.350000381469727,26.709999084472656,27.200000762939453,16.42881202697754,3030900
2008-02-01,27.200000762939453,27.56999969482422,27.200000762939453,27.469999313354492,16.591888427734375,4343600
2008-02-04,27.610000610351562,27.6200008392334,27.280000686645508,27.299999237060547,16.489215850830078,2560900
2008-02-05,27.290000915527344,27.290000915527344,26.799999237060547,26.93000030517578,16.26572608947754,4559300
2008-02-06,27.0,27.020000457763672,26.719999313354492,26.81999969482422,16.19930076599121,3143200
2008-02-07,26.709999084472656,27.1200008392334,26.700000762939453,27.100000381469727,16.368408203125,2395300
2008-02-08,26.969999313354492,27.100000381469727,26.799999237060547,26.799999237060547,16.187213897705078,2827600
2008-02-11,26.799999237060547,27.149999618530273,26.799999237060547,27.139999389648438,16.392562866210938,3441600
2008-02-12,27.329999923706055,27.5,27.239999771118164,27.5,16.610013961791992,5154200
2008-02-13,27.860000610351562,27.860000610351562,27.3700008392334,27.3700008392334,16.531490325927734,1872500
2008-02-14,27.559999465942383,27.6200008392334,27.149999618530273,27.229999542236328,16.44693374633789,3391700
2008-02-15,27.25,27.3799991607666,27.1200008392334,27.350000381469727,16.519411087036133,3103300
2008-02-19,27.940000534057617,27.940000534057617,27.31999969482422,27.790000915527344,16.785173416137695,3689200
2008-02-20,27.3700008392334,27.700000762939453,27.15999984741211,27.200000762939453,16.42881202697754,3547400
2008-02-21,27.459999084472656,27.559999465942383,27.25,27.299999237060547,16.489215850830078,4037100
2008-02-22,27.399999618530273,27.600000381469727,27.1299991607666,27.600000381469727,16.670412063598633,3101600
2008-02-25,27.600000381469727,27.68000030517578,27.450000762939453,27.639999389648438,16.6945743560791,2436400
2008-02-26,27.690000534057617,27.979999542236328,27.610000610351562,27.979999542236328,16.899932861328125,2379500
2008-02-27,27.959999084472656,27.959999084472656,27.600000381469727,27.600000381469727,16.670412063598633,2402500
2008-02-28,27.540000915527344,27.75,27.540000915527344,27.649999618530273,16.700611114501953,3234200
2008-02-29,27.520000457763672,27.520000457763672,27.1200008392334,27.1299991607666,16.38652992248535,4405200
2008-03-03,26.959999084472656,27.399999618530273,26.950000762939453,27.399999618530273,16.54961395263672,3034200
2008-03-04,27.290000915527344,27.450000762939453,27.0,27.3799991607666,16.537532806396484,4349600
2008-03-05,27.5,27.600000381469727,27.260000228881836,27.450000762939453,16.579818725585938,2130000
2008-03-06,27.18000030517578,27.450000762939453,27.049999237060547,27.200000762939453,16.42881202697754,1865600
2008-03-07,27.110000610351562,27.270000457763672,26.979999542236328,27.06999969482422,16.350299835205078,5307900
2008-03-10,27.239999771118164,27.239999771118164,26.899999618530273,26.93000030517578,16.26572608947754,4282300
2008-03-11,27.489999771118164,27.5,27.1200008392334,27.5,16.610013961791992,3677600
2008-03-12,27.40999984741211,27.649999618530273,27.329999923706055,27.43000030517578,16.56772804260254,4541800
2008-03-13,27.229999542236328,27.459999084472656,27.040000915527344,27.43000030517578,16.56772804260254,8384400
2008-03-14,27.670000076293945,27.68000030517578,26.809999465942383,26.959999084472656,16.283849716186523,4151100
2008-03-17,26.5,27.1200008392334,26.299999237060547,26.809999465942383,16.193248748779297,5314200
2008-03-18,27.139999389648438,27.549999237060547,27.010000228881836,27.299999237060547,16.489215850830078,3908900
2008-03-19,27.530000686645508,27.760000228881836,27.350000381469727,27.450000762939453,16.579818725585938,5407800
2008-03-20,27.290000915527344,27.690000534057617,27.25,27.6200008392334,16.771703720092773,3946600
2008-03-24,27.850000381469727,27.940000534057617,27.739999771118164,27.93000030517578,16.959932327270508,4827000
2008-03-25,27.950000762939453,28.040000915527344,27.850000381469727,28.0,17.00243377685547,3438100
2008-03-26,28.110000610351562,28.110000610351562,27.770000457763672,27.770000457763672,16.862777709960938,2154900
2008-03-27,28.079999923706055,28.09000015258789,27.829999923706055,27.90999984741211,16.947792053222656,2448900
2008-03-28,28.010000228881836,28.059999465942383,27.81999969482422,27.8799991607666,16.92957878112793,2735200
2008-03-31,27.93000030517578,28.079999923706055,27.850000381469727,27.860000610351562,16.917434692382812,2037900
2008-04-01,28.1200008392334,28.3700008392334,27.959999084472656,28.200000762939453,17.123889923095703,7419700
2008-04-02,28.389999389648438,28.459999084472656,28.110000610351562,28.209999084472656,17.12996482849121,3273700
2008-04-03,28.200000762939453,28.219999313354492,28.059999465942383,28.1299991607666,17.081375122070312,2664100
2008-04-04,28.229999542236328,28.3700008392334,28.110000610351562,28.3700008392334,17.22712516784668,2220400
2008-04-07,28.329999923706055,28.3799991607666,28.149999618530273,28.190000534057617,17.11781883239746,1447600
2008-04-08,28.09000015258789,28.18000030517578,28.040000915527344,28.18000030517578,17.111743927001953,1648600
2008-04-09,28.149999618530273,28.149999618530273,27.81999969482422,27.899999618530273,16.941722869873047,1823100
2008-04-10,27.950000762939453,28.110000610351562,27.90999984741211,27.969999313354492,16.984228134155273,1958500
2008-04-11,27.889999389648438,27.950000762939453,27.649999618530273,27.790000915527344,16.874923706054688,2347900
2008-04-14,27.799999237060547,27.850000381469727,27.729999542236328,27.780000686645508,16.868854522705078,2333500
2008-04-15,27.959999084472656,27.959999084472656,27.760000228881836,27.950000762939453,16.972084045410156,1360900
2008-04-16,28.049999237060547,28.110000610351562,27.920000076293945,28.110000610351562,17.069244384765625,3858400
2008-04-17,28.06999969482422,28.149999618530273,27.899999618530273,28.149999618530273,17.09352684020996,2294600
2008-04-18,28.3799991607666,28.3799991607666,27.940000534057617,27.959999084472656,16.978158950805664,3737100
2008-04-21,27.920000076293945,28.1200008392334,27.90999984741211,28.040000915527344,17.026735305786133,2343000
2008-04-22,28.040000915527344,28.079999923706055,27.760000228881836,27.8700008392334,16.923513412475586,2750400
2008-04-23,27.899999618530273,28.209999084472656,27.899999618530273,28.049999237060547,17.032806396484375,1418600
2008-04-24,28.200000762939453,28.219999313354492,27.920000076293945,28.09000015258789,17.057092666625977,2711400
2008-04-25,28.209999084472656,28.209999084472656,27.75,27.93000030517578,16.959932327270508,5969300
2008-04-28,28.020000457763672,28.149999618530273,28.0,28.100000381469727,17.063167572021484,3097900
2008-04-29,28.079999923706055,28.219999313354492,27.940000534057617,28.1299991607666,17.081375122070312,2731600
2008-04-30,28.260000228881836,28.40999984741211,27.649999618530273,27.649999618530273,16.789915084838867,2611400
2008-05-01,27.81999969482422,28.229999542236328,27.81999969482422,28.149999618530273,17.09352684020996,4348500
2008-05-02,28.350000381469727,28.350000381469727,28.06999969482422,28.110000610351562,17.069244384765625,3967100
2008-05-05,28.170000076293945,28.18000030517578,28.010000228881836,28.010000228881836,17.00851821899414,983300
2008-05-06,28.18000030517578,28.229999542236328,27.950000762939453,28.190000534057617,17.11781883239746,770600
2008-05-07,28.219999313354492,28.290000915527344,27.90999984741211,27.920000076293945,16.95386505126953,2367900
2008-05-08,27.920000076293945,28.110000610351562,27.920000076293945,28.0,17.00243377685547,1377100
2008-05-09,27.719999313354492,28.010000228881836,27.540000915527344,27.84000015258789,16.90529441833496,2844500
2008-05-12,27.860000610351562,28.149999618530273,27.84000015258789,28.149999618530273,17.09352684020996,1344100
2008-05-13,28.209999084472656,28.209999084472656,27.950000762939453,28.049999237060547,17.032806396484375,2549400
2008-05-14,28.139999389648438,28.350000381469727,28.139999389648438,28.15999984741211,17.099599838256836,3384800
2008-05-15,28.200000762939453,28.5,28.110000610351562,28.5,17.306053161621094,984300
2008-05-16,28.5,28.540000915527344,28.31999969482422,28.489999771118164,17.29999351501465,2458000
2008-05-19,28.510000228881836,28.649999618530273,28.3700008392334,28.649999618530273,17.397146224975586,2167500
2008-05-20,28.309999465942383,28.399999618530273,28.15999984741211,28.219999313354492,17.136035919189453,3690100
2008-05-21,28.290000915527344,28.329999923706055,27.889999389648438,27.93000030517578,16.959932327270508,2266800
2008-05-22,28.079999923706055,28.260000228881836,27.950000762939453,28.229999542236328,17.142108917236328,1783500
2008-05-23,28.200000762939453,28.200000762939453,28.049999237060547,28.079999923706055,17.051013946533203,2510500
2008-05-27,28.030000686645508,28.280000686645508,28.030000686645508,28.15999984741211,17.099599838256836,1573500
2008-05-28,28.329999923706055,28.329999923706055,28.049999237060547,28.200000762939453,17.123889923095703,1392300
2008-05-29,28.229999542236328,28.520000457763672,28.059999465942383,28.309999465942383,17.190685272216797,3419300
2008-05-30,28.510000228881836,28.540000915527344,28.34000015258789,28.489999771118164,17.29999351501465,2311100
2008-06-02,28.489999771118164,28.489999771118164,28.06999969482422,28.239999771118164,17.148178100585938,2447200
2008-06-03,28.1299991607666,28.389999389648438,28.059999465942383,28.389999389648438,17.2392578125,2637800
2008-06-04,28.260000228881836,28.3700008392334,28.170000076293945,28.3700008392334,17.22712516784668,2180200
2008-06-05,28.40999984741211,28.670000076293945,28.3799991607666,28.65999984741211,17.40321922302246,1662500
2008-06-06,28.579999923706055,28.579999923706055,27.920000076293945,27.950000762939453,16.972084045410156,2102100
2008-06-09,28.040000915527344,28.1299991607666,27.860000610351562,28.049999237060547,17.032806396484375,2487000
2008-06-10,27.860000610351562,28.299999237060547,27.860000610351562,28.100000381469727,17.063167572021484,3032700
2008-06-11,28.200000762939453,28.200000762939453,27.760000228881836,27.950000762939453,16.972084045410156,6986300
2008-06-12,28.030000686645508,28.270000457763672,27.93000030517578,28.139999389648438,17.087453842163086,2360800
2008-06-13,28.06999969482422,28.219999313354492,27.950000762939453,28.1200008392334,17.075313568115234,4316400
2008-06-16,27.889999389648438,27.920000076293945,27.68000030517578,27.81999969482422,16.89313507080078,6055500
2008-06-17,27.8700008392334,27.920000076293945,27.6299991607666,27.729999542236328,16.838483810424805,3046800
2008-06-18,27.639999389648438,27.690000534057617,27.3799991607666,27.420000076293945,16.650253295898438,3251800
2008-06-19,27.360000610351562,27.579999923706055,27.360000610351562,27.510000228881836,16.704898834228516,2159400
2008-06-20,27.18000030517578,27.329999923706055,26.979999542236328,27.079999923706055,16.515230178833008,5297400
2008-06-23,27.149999618530273,27.15999984741211,26.90999984741211,26.979999542236328,16.454248428344727,1515300
2008-06-24,26.920000076293945,27.219999313354492,26.84000015258789,27.06999969482422,16.50913429260254,2343100
2008-06-25,27.170000076293945,27.68000030517578,27.110000610351562,27.68000030517578,16.881153106689453,4769100
2008-06-26,27.200000762939453,27.290000915527344,26.75,26.84000015258789,16.368860244750977,2229000
2008-06-27,26.770000457763672,26.899999618530273,26.360000610351562,26.559999465942383,16.198102951049805,3321100
2008-06-30,26.479999542236328,26.829999923706055,26.43000030517578,26.75,16.31398582458496,2226600
2008-07-01,26.360000610351562,26.719999313354492,26.290000915527344,26.719999313354492,16.29568099975586,7943400
2008-07-02,26.690000534057617,26.770000457763672,26.59000015258789,26.690000534057617,16.277381896972656,2999000
2008-07-03,26.670000076293945,26.8799991607666,26.6299991607666,26.670000076293945,16.26518440246582,1730600
2008-07-07,26.84000015258789,27.010000228881836,26.610000610351562,26.940000534057617,16.42985725402832,3255100
2008-07-08,26.940000534057617,27.290000915527344,26.829999923706055,27.290000915527344,16.643310546875,6431100
2008-07-09,27.280000686645508,27.34000015258789,27.020000457763672,27.020000457763672,16.478639602661133,3225300
2008-07-10,27.09000015258789,27.219999313354492,26.8799991607666,27.219999313354492,16.60061264038086,4386200
2008-07-11,27.030000686645508,27.209999084472656,26.829999923706055,26.93000030517578,16.423751831054688,4209700
2008-07-14,26.829999923706055,27.260000228881836,26.829999923706055,26.950000762939453,16.435949325561523,3935500
2008-07-15,26.75,27.15999984741211,26.56999969482422,26.899999618530273,16.40545654296875,8632500
2008-07-16,26.860000610351562,27.260000228881836,26.860000610351562,27.239999771118164,16.612808227539062,3588800
2008-07-17,27.200000762939453,27.290000915527344,26.770000457763672,27.290000915527344,16.643310546875,5109800
2008-07-18,27.299999237060547,27.299999237060547,26.829999923706055,26.829999923706055,16.362770080566406,2963700
2008-07-21,26.899999618530273,27.100000381469727,26.760000228881836,26.770000457763672,16.3261775970459,3792900
2008-07-22,26.799999237060547,27.31999969482422,26.799999237060547,27.239999771118164,16.612808227539062,1357800
2008-07-23,27.280000686645508,27.440000534057617,27.139999389648438,27.43000030517578,16.728681564331055,3088500
2008-07-24,27.3799991607666,27.479999542236328,27.1200008392334,27.260000228881836,16.625009536743164,3320100
2008-07-25,27.309999465942383,27.309999465942383,27.06999969482422,27.110000610351562,16.533531188964844,5232900
2008-07-28,26.920000076293945,27.170000076293945,26.8799991607666,26.8799991607666,16.39325523376465,1859900
2008-07-29,27.020000457763672,27.510000228881836,27.0,27.510000228881836,16.777475357055664,2977700
2008-07-30,27.6299991607666,27.899999618530273,27.510000228881836,27.829999923706055,16.972631454467773,3801500
2008-07-31,27.579999923706055,27.729999542236328,27.34000015258789,27.399999618530273,16.710391998291016,5016200
2008-08-01,27.489999771118164,27.540000915527344,27.280000686645508,27.350000381469727,16.67989730834961,4155300
2008-08-04,27.399999618530273,27.799999237060547,27.360000610351562,27.600000381469727,16.832366943359375,2253600
2008-08-05,27.8799991607666,28.350000381469727,27.770000457763672,28.079999923706055,17.12510108947754,3395900
2008-08-06,27.8700008392334,28.43000030517578,27.81999969482422,28.3799991607666,17.308059692382812,5259100
2008-08-07,28.209999084472656,28.229999542236328,27.829999923706055,27.829999923706055,16.972631454467773,3992700
2008-08-08,27.81999969482422,28.540000915527344,27.809999465942383,28.40999984741211,17.326364517211914,3085300
2008-08-11,28.459999084472656,28.770000457763672,28.399999618530273,28.65999984741211,17.478824615478516,2905000
2008-08-12,28.709999084472656,28.860000610351562,28.520000457763672,28.860000610351562,17.60079574584961,3044200
2008-08-13,28.729999542236328,28.75,28.43000030517578,28.56999969482422,17.423933029174805,4616900
2008-08-14,28.540000915527344,28.889999389648438,28.350000381469727,28.700000762939453,17.503215789794922,4390900
2008-08-15,28.719999313354492,29.020000457763672,28.649999618530273,28.979999542236328,17.673978805541992,1962000
2008-08-18,28.989999771118164,28.989999771118164,28.600000381469727,28.860000610351562,17.60079574584961,2579900
2008-08-19,28.520000457763672,28.6200008392334,28.389999389648438,28.469999313354492,17.362951278686523,2744300
2008-08-20,28.43000030517578,28.549999237060547,28.170000076293945,28.479999542236328,17.369047164916992,2201400
2008-08-21,28.110000610351562,28.350000381469727,28.030000686645508,28.170000076293945,17.17998695373535,1888600
2008-08-22,28.350000381469727,28.809999465942383,28.350000381469727,28.68000030517578,17.491024017333984,2801800
2008-08-25,28.459999084472656,28.559999465942383,28.1299991607666,28.219999313354492,17.210481643676758,3148400
2008-08-26,28.1200008392334,28.290000915527344,28.010000228881836,28.110000610351562,17.143404006958008,1495600
2008-08-27,28.09000015258789,28.270000457763672,28.040000915527344,28.239999771118164,17.22267723083496,1247800
2008-08-28,28.360000610351562,28.459999084472656,28.18000030517578,28.420000076293945,17.332456588745117,1487500
2008-08-29,28.420000076293945,28.450000762939453,28.079999923706055,28.139999389648438,17.161691665649414,1667000
2008-09-02,28.450000762939453,28.700000762939453,28.34000015258789,28.450000762939453,17.350751876831055,3601000
2008-09-03,28.360000610351562,28.520000457763672,28.239999771118164,28.239999771118164,17.22267723083496,2136900
2008-09-04,28.479999542236328,28.479999542236328,28.040000915527344,28.059999465942383,17.112899780273438,3137300
2008-09-05,28.059999465942383,28.399999618530273,27.920000076293945,28.31999969482422,17.271465301513672,8917700
2008-09-08,28.770000457763672,29.1299991607666,28.579999923706055,28.920000076293945,17.63739013671875,4121100
2008-09-09,29.260000228881836,29.290000915527344,28.719999313354492,28.770000457763672,17.545913696289062,4849300
2008-09-10,28.979999542236328,28.979999542236328,28.739999771118164,28.969999313354492,17.667879104614258,5140700
2008-09-11,28.799999237060547,29.229999542236328,28.559999465942383,29.09000015258789,17.74106788635254,4499000
2008-09-12,29.020000457763672,29.15999984741211,28.90999984741211,29.149999618530273,17.77765655517578,3219200
2008-09-15,29.049999237060547,29.15999984741211,28.59000015258789,28.799999237060547,17.564208984375,7420400
2008-09-16,28.989999771118164,28.989999771118164,27.93000030517578,28.799999237060547,17.564208984375,7878800
2008-09-17,28.34000015258789,28.56999969482422,27.75,27.770000457763672,16.93604278564453,8617900
2008-09-18,28.489999771118164,28.579999923706055,27.780000686645508,27.950000762939453,17.04581642150879,11022500
2008-09-19,29.489999771118164,30.290000915527344,27.700000762939453,27.700000762939453,17.008359909057617,6403500
2008-09-22,27.780000686645508,29.3799991607666,27.3700008392334,27.549999237060547,16.9162654876709,5088600
2008-09-23,27.549999237060547,27.81999969482422,27.18000030517578,27.18000030517578,16.689071655273438,3901800
2008-09-24,27.209999084472656,27.489999771118164,27.049999237060547,27.1299991607666,16.658367156982422,4509800
2008-09-25,27.329999923706055,27.899999618530273,27.239999771118164,27.799999237060547,17.069766998291016,7749500
2008-09-26,27.450000762939453,27.959999084472656,27.450000762939453,27.700000762939453,17.008359909057617,2529400
2008-09-29,27.889999389648438,27.950000762939453,26.65999984741211,26.65999984741211,16.369779586791992,9894400
2008-09-30,27.010000228881836,27.600000381469727,26.979999542236328,27.600000381469727,16.946962356567383,2583600
2008-10-01,27.530000686645508,28.079999923706055,26.979999542236328,27.799999237060547,17.069766998291016,8520100
2008-10-02,27.850000381469727,27.850000381469727,27.34000015258789,27.450000762939453,16.854856491088867,5136400
2008-10-03,28.549999237060547,28.75,27.200000762939453,27.229999542236328,16.719776153564453,5895100
2008-10-06,26.540000915527344,27.020000457763672,25.5,26.440000534057617,16.234697341918945,9393600
2008-10-07,27.31999969482422,27.31999969482422,25.350000381469727,25.600000381469727,15.718921661376953,6318900
2008-10-08,24.309999465942383,25.81999969482422,24.309999465942383,24.899999618530273,15.289106369018555,8482800
2008-10-09,25.170000076293945,25.43000030517578,23.3799991607666,23.399999618530273,14.36807918548584,13186900
2008-10-10,22.739999771118164,24.260000228881836,21.6299991607666,23.600000381469727,14.490880012512207,14753000
2008-10-13,25.520000457763672,25.520000457763672,23.770000457763672,24.700000762939453,15.166304588317871,6320300
2008-10-14,26.239999771118164,26.239999771118164,23.940000534057617,24.75,15.197005271911621,15789900
2008-10-15,24.440000534057617,24.440000534057617,22.780000686645508,23.899999618530273,14.675086975097656,7790100
2008-10-16,24.100000381469727,24.1299991607666,22.209999084472656,24.1299991607666,14.81631088256836,11936300
2008-10-17,23.850000381469727,24.649999618530273,23.350000381469727,24.309999465942383,14.926827430725098,6180600
2008-10-20,24.81999969482422,24.8799991607666,24.0,24.510000228881836,15.049644470214844,5524900
2008-10-21,24.8700008392334,24.8700008392334,24.200000762939453,24.280000686645508,14.908414840698242,4127400
2008-10-22,24.510000228881836,24.510000228881836,22.979999542236328,23.899999618530273,14.675086975097656,7026600
2008-10-23,23.5,24.0,22.469999313354492,24.0,14.736488342285156,8948500
2008-10-24,22.25,23.170000076293945,22.25,22.799999237060547,13.999669075012207,7992500
2008-10-27,22.149999618530273,23.049999237060547,22.1299991607666,22.219999313354492,13.643527030944824,4859300
2008-10-28,22.809999465942383,24.25,22.219999313354492,23.75,14.582980155944824,4701100
2008-10-29,24.219999313354492,24.639999389648438,23.25,23.290000915527344,14.300535202026367,7062500
2008-10-30,23.84000015258789,24.479999542236328,23.809999465942383,24.270000457763672,14.902280807495117,6944000
2008-10-31,24.760000228881836,24.93000030517578,24.010000228881836,24.1200008392334,14.810166358947754,12867200
2008-11-03,24.579999923706055,24.770000457763672,24.3799991607666,24.489999771118164,15.037358283996582,7543100
2008-11-04,25.209999084472656,25.360000610351562,24.65999984741211,24.850000381469727,15.258411407470703,4796900
2008-11-05,25.31999969482422,25.31999969482422,24.34000015258789,24.40999984741211,14.988228797912598,5030000
2008-11-06,24.399999618530273,24.649999618530273,23.5,24.149999618530273,14.828591346740723,6801000
2008-11-07,24.0,24.309999465942383,23.8799991607666,24.260000228881836,14.896130561828613,4683300
2008-11-10,24.729999542236328,24.729999542236328,23.920000076293945,24.329999923706055,14.939111709594727,3000200
2008-11-11,24.200000762939453,24.229999542236328,23.610000610351562,23.780000686645508,14.601405143737793,4558400
2008-11-12,23.540000915527344,23.610000610351562,23.0,23.270000457763672,14.288254737854004,6267000
2008-11-13,23.110000610351562,24.200000762939453,22.540000915527344,24.200000762939453,14.859292030334473,7828700
2008-11-14,23.860000610351562,24.329999923706055,23.389999389648438,23.479999542236328,14.41719913482666,6104600
2008-11-17,23.31999969482422,23.719999313354492,22.950000762939453,23.170000076293945,14.226850509643555,4648600
2008-11-18,23.920000076293945,23.920000076293945,22.75,23.329999923706055,14.325100898742676,6971200
2008-11-19,23.350000381469727,23.799999237060547,22.65999984741211,22.729999542236328,13.956682205200195,6407700
2008-11-20,22.729999542236328,23.290000915527344,21.709999084472656,21.940000534057617,13.47160530090332,11979400
2008-11-21,22.030000686645508,22.989999771118164,21.399999618530273,22.989999771118164,14.116329193115234,16419700
2008-11-24,23.31999969482422,23.889999389648438,22.81999969482422,23.280000686645508,14.294391632080078,7532900
2008-11-25,24.139999389648438,24.139999389648438,23.010000228881836,23.40999984741211,14.374216079711914,7972400
2008-11-26,23.1200008392334,23.719999313354492,22.889999389648438,23.709999084472656,14.558425903320312,10189000
2008-11-28,23.459999084472656,24.06999969482422,23.459999084472656,24.06999969482422,14.779470443725586,2234600
2008-12-01,23.59000015258789,23.670000076293945,22.649999618530273,22.739999771118164,13.962823867797852,7280700
2008-12-02,22.950000762939453,23.209999084472656,22.459999084472656,23.06999969482422,14.165450096130371,8265800
2008-12-03,22.5,23.43000030517578,22.469999313354492,23.350000381469727,14.337376594543457,8389700
2008-12-04,23.329999923706055,23.549999237060547,22.81999969482422,23.049999237060547,14.153170585632324,7789600
2008-12-05,22.889999389648438,23.8700008392334,22.610000610351562,23.700000762939453,14.552273750305176,8089400
2008-12-08,24.479999542236328,24.479999542236328,23.579999923706055,23.84000015258789,14.638239860534668,8635700
2008-12-09,23.700000762939453,23.790000915527344,23.1200008392334,23.3799991607666,14.355796813964844,10381200
2008-12-10,23.530000686645508,23.530000686645508,23.06999969482422,23.3700008392334,14.349653244018555,7463700
2008-12-11,23.0,23.549999237060547,23.0,23.110000610351562,14.190009117126465,7506700
2008-12-12,22.700000762939453,23.25,22.6200008392334,23.139999389648438,14.208431243896484,6598500
2008-12-15,23.309999465942383,23.309999465942383,22.8700008392334,23.1200008392334,14.196146011352539,4743000
2008-12-16,23.65999984741211,23.739999771118164,23.1299991607666,23.65999984741211,14.52772331237793,8487100
2008-12-17,23.399999618530273,23.760000228881836,23.360000610351562,23.540000915527344,14.454044342041016,6419600
2008-12-18,23.739999771118164,23.979999542236328,23.3799991607666,23.6200008392334,14.503162384033203,7119600
2008-12-19,23.739999771118164,23.860000610351562,23.219999313354492,23.229999542236328,14.385501861572266,9227600
2008-12-22,23.3799991607666,23.3799991607666,22.969999313354492,23.290000915527344,14.42265796661377,4339700
2008-12-23,23.329999923706055,23.479999542236328,23.010000228881836,23.100000381469727,14.304996490478516,5958200
2008-12-24,23.219999313354492,23.350000381469727,23.170000076293945,23.299999237060547,14.428847312927246,780900
2008-12-26,23.450000762939453,23.450000762939453,23.219999313354492,23.31999969482422,14.441232681274414,2630500
2008-12-29,23.31999969482422,23.360000610351562,23.010000228881836,23.270000457763672,14.410270690917969,1985100
2008-12-30,23.389999389648438,23.65999984741211,23.3799991607666,23.639999389648438,14.639398574829102,3071400
2008-12-31,23.65999984741211,23.979999542236328,23.65999984741211,23.8700008392334,14.781822204589844,2815100
2009-01-02,23.940000534057617,24.329999923706055,23.799999237060547,24.209999084472656,14.992379188537598,3757900
2009-01-05,24.110000610351562,24.309999465942383,24.049999237060547,24.309999465942383,15.054302215576172,6645500
2009-01-06,24.399999618530273,24.43000030517578,23.81999969482422,23.950000762939453,14.83137321472168,8797400
2009-01-07,23.690000534057617,23.899999618530273,23.56999969482422,23.709999084472656,14.682754516601562,4228700
2009-01-08,23.420000076293945,23.489999771118164,23.170000076293945,23.399999618530273,14.490775108337402,6252100
2009-01-09,23.350000381469727,23.420000076293945,23.0,23.0,14.243067741394043,6061400
2009-01-12,23.049999237060547,23.18000030517578,22.899999618530273,23.010000228881836,14.249258995056152,6542400
2009-01-13,23.020000457763672,23.25,23.0,23.149999618530273,14.335956573486328,9802600
2009-01-14,22.75,22.920000076293945,22.489999771118164,22.639999389648438,14.02012825012207,5902500
2009-01-15,22.510000228881836,22.780000686645508,22.31999969482422,22.739999771118164,14.082061767578125,7621300
2009-01-16,23.079999923706055,23.09000015258789,22.760000228881836,22.950000762939453,14.212104797363281,3835100
2009-01-20,23.0,23.15999984741211,22.6299991607666,22.68000030517578,14.044905662536621,11335300
2009-01-21,22.950000762939453,22.989999771118164,22.360000610351562,22.790000915527344,14.113024711608887,6566600
2009-01-22,22.549999237060547,22.850000381469727,22.360000610351562,22.770000457763672,14.10063362121582,8119600
2009-01-23,22.3799991607666,22.670000076293945,22.290000915527344,22.549999237060547,13.964391708374023,6117100
2009-01-26,22.670000076293945,22.959999084472656,22.549999237060547,22.700000762939453,14.057291030883789,6673000
2009-01-27,22.799999237060547,23.020000457763672,22.700000762939453,22.81999969482422,14.131600379943848,8160500
2009-01-28,23.1299991607666,23.3700008392334,22.889999389648438,23.049999237060547,14.274031639099121,6032700
2009-01-29,22.950000762939453,23.190000534057617,22.790000915527344,22.850000381469727,14.150178909301758,4191700
2009-01-30,22.770000457763672,22.780000686645508,22.010000228881836,22.149999618530273,13.716689109802246,8398800
2009-02-02,21.90999984741211,22.110000610351562,21.75,21.959999084472656,13.599037170410156,5575100
2009-02-03,21.969999313354492,22.530000686645508,21.8700008392334,22.440000534057617,13.896276473999023,5450500
2009-02-04,22.399999618530273,22.399999618530273,21.780000686645508,21.829999923706055,13.518524169921875,7962600
2009-02-05,21.790000915527344,22.219999313354492,21.719999313354492,22.139999389648438,13.710504531860352,12049300
2009-02-06,22.229999542236328,22.600000381469727,22.100000381469727,22.520000457763672,13.945823669433594,7266500
2009-02-09,22.469999313354492,22.479999542236328,22.190000534057617,22.299999237060547,13.809585571289062,4804700
2009-02-10,22.100000381469727,22.190000534057617,21.450000762939453,21.579999923706055,13.363713264465332,7240500
2009-02-11,21.68000030517578,21.799999237060547,21.559999465942383,21.700000762939453,13.438023567199707,5428200
2009-02-12,21.5,21.93000030517578,21.389999389648438,21.899999618530273,13.561877250671387,7142700
2009-02-13,21.959999084472656,21.959999084472656,21.559999465942383,21.559999465942383,13.351330757141113,3946500
2009-02-17,21.219999313354492,21.510000228881836,21.09000015258789,21.25,13.159357070922852,5893400
2009-02-18,21.43000030517578,21.450000762939453,21.170000076293945,21.360000610351562,13.2274808883667,6997100
2009-02-19,21.59000015258789,21.799999237060547,21.540000915527344,21.6299991607666,13.394675254821777,5025900
2009-02-20,21.110000610351562,21.59000015258789,21.110000610351562,21.299999237060547,13.190319061279297,7591400
2009-02-23,21.290000915527344,21.459999084472656,20.739999771118164,20.75,12.849724769592285,5494700
2009-02-24,20.920000076293945,21.229999542236328,20.770000457763672,21.149999618530273,13.097430229187012,6059900
2009-02-25,21.079999923706055,21.239999771118164,20.81999969482422,20.950000762939453,12.973575592041016,5797200
2009-02-26,21.100000381469727,21.110000610351562,20.459999084472656,20.489999771118164,12.688720703125,5424000
2009-02-27,20.3700008392334,20.75,20.280000686645508,20.360000610351562,12.608219146728516,5643200
2009-03-02,20.139999389648438,20.34000015258789,19.889999389648438,19.969999313354492,12.366695404052734,6964600
2009-03-03,20.149999618530273,20.149999618530273,19.649999618530273,19.729999542236328,12.218074798583984,6351300
2009-03-04,19.989999771118164,20.350000381469727,19.729999542236328,20.110000610351562,12.45339584350586,5214900
2009-03-05,19.989999771118164,20.030000686645508,19.440000534057617,19.649999618530273,12.168534278869629,7268000
2009-03-06,19.700000762939453,19.940000534057617,19.309999465942383,19.709999084472656,12.205694198608398,6911800
2009-03-09,19.68000030517578,19.81999969482422,19.280000686645508,19.40999984741211,12.019911766052246,4769800
2009-03-10,19.459999084472656,19.84000015258789,19.450000762939453,19.770000457763672,12.242846488952637,4260500
2009-03-11,19.90999984741211,20.010000228881836,19.65999984741211,19.75,12.230460166931152,5810500
2009-03-12,19.75,20.309999465942383,19.649999618530273,20.260000228881836,12.546282768249512,4139200
2009-03-13,20.420000076293945,20.670000076293945,20.25,20.559999465942383,12.732063293457031,3651100
2009-03-16,20.809999465942383,21.1200008392334,20.719999313354492,20.8799991607666,12.930224418640137,4294300
2009-03-17,20.969999313354492,21.270000457763672,20.799999237060547,21.270000457763672,13.17174243927002,3795800
2009-03-18,21.079999923706055,21.3700008392334,20.850000381469727,21.15999984741211,13.103623390197754,5077200
2009-03-19,21.200000762939453,21.239999771118164,20.690000534057617,20.889999389648438,12.936415672302246,5382900
2009-03-20,20.84000015258789,20.899999618530273,20.56999969482422,20.56999969482422,12.813698768615723,3539900
2009-03-23,20.90999984741211,21.489999771118164,20.860000610351562,21.469999313354492,13.37433910369873,6526400
2009-03-24,21.389999389648438,21.559999465942383,21.270000457763672,21.3700008392334,13.312043190002441,4791400
2009-03-25,21.40999984741211,21.790000915527344,21.25,21.579999923706055,13.442862510681152,4945200
2009-03-26,21.770000457763672,21.81999969482422,21.479999542236328,21.81999969482422,13.592370986938477,6675200
2009-03-27,21.610000610351562,21.770000457763672,21.489999771118164,21.610000610351562,13.461549758911133,4300400
2009-03-30,21.389999389648438,21.389999389648438,20.8700008392334,21.139999389648438,13.168778419494629,5073600
2009-03-31,21.290000915527344,21.3799991607666,20.979999542236328,21.100000381469727,13.143861770629883,6137700
2009-04-01,20.989999771118164,21.5,20.81999969482422,21.459999084472656,13.368108749389648,3698800
2009-04-02,21.709999084472656,22.1299991607666,21.65999984741211,21.90999984741211,13.648432731628418,7864100
2009-04-03,21.84000015258789,22.049999237060547,21.6299991607666,21.81999969482422,13.592370986938477,5373200
2009-04-06,21.700000762939453,21.8799991607666,21.559999465942383,21.8799991607666,13.629745483398438,5334200
2009-04-07,21.440000534057617,21.700000762939453,21.43000030517578,21.479999542236328,13.380573272705078,4710900
2009-04-08,21.56999969482422,21.739999771118164,21.479999542236328,21.65999984741211,13.492697715759277,2856100
2009-04-09,21.950000762939453,21.959999084472656,21.549999237060547,21.670000076293945,13.498929023742676,3632600
2009-04-13,21.59000015258789,21.739999771118164,21.530000686645508,21.610000610351562,13.461549758911133,4532300
2009-04-14,21.610000610351562,21.670000076293945,21.229999542236328,21.309999465942383,13.274674415588379,3846300
2009-04-15,21.299999237060547,21.690000534057617,21.209999084472656,21.690000534057617,13.511385917663574,3849300
2009-04-16,21.809999465942383,22.030000686645508,21.549999237060547,21.979999542236328,13.692039489746094,7116700
2009-04-17,22.079999923706055,22.15999984741211,21.93000030517578,22.09000015258789,13.760563850402832,4750600
2009-04-20,21.739999771118164,22.059999465942383,21.65999984741211,21.65999984741211,13.492697715759277,10397000
2009-04-21,21.700000762939453,21.940000534057617,21.56999969482422,21.8799991607666,13.629745483398438,5797100
2009-04-22,21.690000534057617,21.8700008392334,21.549999237060547,21.59000015258789,13.449094772338867,7322600
2009-04-23,21.59000015258789,21.68000030517578,21.299999237060547,21.59000015258789,13.449094772338867,7898900
2009-04-24,21.700000762939453,21.739999771118164,21.43000030517578,21.5,13.393034934997559,9407500
2009-04-27,21.309999465942383,21.84000015258789,21.309999465942383,21.6299991607666,13.474008560180664,5371200
2009-04-28,21.34000015258789,21.81999969482422,21.34000015258789,21.729999542236328,13.536299705505371,4986700
2009-04-29,21.799999237060547,22.25,21.780000686645508,22.09000015258789,13.760563850402832,5567900
2009-04-30,22.18000030517578,22.200000762939453,21.860000610351562,22.0,13.70450210571289,6801500
2009-05-01,22.06999969482422,22.09000015258789,21.75,22.09000015258789,13.760563850402832,4343700
2009-05-04,22.229999542236328,22.5,22.09000015258789,22.43000030517578,13.9723539352417,5021200
2009-05-05,22.3799991607666,22.56999969482422,22.18000030517578,22.239999771118164,13.853995323181152,7102300
2009-05-06,22.31999969482422,22.479999542236328,22.25,22.3799991607666,13.941208839416504,8046700
2009-05-07,22.56999969482422,22.65999984741211,22.399999618530273,22.469999313354492,13.997267723083496,6841600
2009-05-08,22.549999237060547,22.780000686645508,22.549999237060547,22.760000228881836,14.177924156188965,7584100
2009-05-11,22.6200008392334,22.68000030517578,22.40999984741211,22.649999618530273,14.109402656555176,5549500
2009-05-12,22.639999389648438,22.950000762939453,22.559999465942383,22.920000076293945,14.277593612670898,5243100
2009-05-13,22.75,22.75,22.489999771118164,22.5,14.015965461730957,5287800
2009-05-14,22.68000030517578,22.729999542236328,22.559999465942383,22.579999923706055,14.06579875946045,6371400
2009-05-15,22.559999465942383,22.719999313354492,22.3700008392334,22.3700008392334,13.934986114501953,7032500
2009-05-18,22.90999984741211,22.93000030517578,22.510000228881836,22.84000015258789,14.227760314941406,6592300
2009-05-19,22.850000381469727,23.020000457763672,22.809999465942383,22.969999313354492,14.308740615844727,6450900
2009-05-20,23.110000610351562,23.219999313354492,22.979999542236328,23.0,14.32742977142334,10199200
2009-05-21,22.809999465942383,22.899999618530273,22.65999984741211,22.790000915527344,14.196611404418945,5724300
2009-05-22,22.760000228881836,23.1299991607666,22.760000228881836,22.93000030517578,14.283821105957031,6040400
2009-05-26,22.920000076293945,23.25,22.780000686645508,23.219999313354492,14.464476585388184,5478700
2009-05-27,23.200000762939453,23.260000228881836,22.6299991607666,22.6299991607666,14.096940994262695,6976400
2009-05-28,22.760000228881836,23.0,22.56999969482422,22.8700008392334,14.24644660949707,7246000
2009-05-29,22.93000030517578,23.18000030517578,22.84000015258789,23.1200008392334,14.402173042297363,6894700
2009-06-01,23.34000015258789,23.65999984741211,23.290000915527344,23.579999923706055,14.688730239868164,7258800
2009-06-02,23.610000610351562,23.920000076293945,23.450000762939453,23.81999969482422,14.838233947753906,6547300
2009-06-03,23.799999237060547,23.799999237060547,23.540000915527344,23.700000762939453,14.763477325439453,6743400
2009-06-04,23.670000076293945,23.809999465942383,23.469999313354492,23.739999771118164,14.788399696350098,6186500
2009-06-05,23.899999618530273,23.959999084472656,23.530000686645508,23.6200008392334,14.713647842407227,4533800
2009-06-08,23.479999542236328,23.81999969482422,23.440000534057617,23.709999084472656,14.769719123840332,4605900
2009-06-09,23.799999237060547,23.799999237060547,23.5,23.5,14.638893127441406,5158100
2009-06-10,23.59000015258789,23.68000030517578,23.18000030517578,23.239999771118164,14.476935386657715,6272400
2009-06-11,23.299999237060547,23.6299991607666,23.280000686645508,23.34000015258789,14.539227485656738,4375100
2009-06-12,23.260000228881836,23.520000457763672,23.229999542236328,23.520000457763672,14.651358604431152,5717100
2009-06-15,23.40999984741211,23.40999984741211,22.950000762939453,22.950000762939453,14.296282768249512,6131200
2009-06-16,23.0,23.020000457763672,22.649999618530273,22.649999618530273,14.109402656555176,5372600
2009-06-17,22.770000457763672,23.0,22.700000762939453,22.8799991607666,14.252673149108887,6575000
2009-06-18,22.8799991607666,23.309999465942383,22.809999465942383,23.299999237060547,14.514305114746094,5950200
2009-06-19,23.200000762939453,23.299999237060547,22.81999969482422,22.889999389648438,14.368051528930664,6319200
2009-06-22,22.81999969482422,22.899999618530273,22.690000534057617,22.799999237060547,14.31155776977539,3974800
2009-06-23,22.760000228881836,22.889999389648438,22.65999984741211,22.65999984741211,14.223690032958984,3668200
2009-06-24,22.829999923706055,22.8799991607666,22.639999389648438,22.719999313354492,14.261341094970703,6364800
2009-06-25,22.700000762939453,23.15999984741211,22.639999389648438,23.110000610351562,14.506150245666504,6931400
2009-06-26,23.219999313354492,23.219999313354492,22.90999984741211,23.030000686645508,14.455931663513184,3293400
2009-06-29,23.139999389648438,23.25,23.020000457763672,23.170000076293945,14.54380989074707,2135000
2009-06-30,23.1299991607666,23.520000457763672,22.899999618530273,22.989999771118164,14.430829048156738,3496300
2009-07-01,23.09000015258789,23.520000457763672,23.09000015258789,23.3799991607666,14.675626754760742,6946000
2009-07-02,23.18000030517578,23.3799991607666,22.889999389648438,22.889999389648438,14.368051528930664,4945400
2009-07-06,22.850000381469727,23.360000610351562,22.81999969482422,23.360000610351562,14.663071632385254,5522100
2009-07-07,23.280000686645508,23.3799991607666,23.059999465942383,23.06999969482422,14.481040954589844,4595800
2009-07-08,23.09000015258789,23.260000228881836,23.049999237060547,23.170000076293945,14.54380989074707,6933200
2009-07-09,23.170000076293945,23.290000915527344,22.940000534057617,23.0,14.437102317810059,3680700
2009-07-10,23.020000457763672,23.1299991607666,22.850000381469727,22.889999389648438,14.368051528930664,3175600
2009-07-13,22.8799991607666,23.309999465942383,22.8799991607666,23.299999237060547,14.625408172607422,2694400
2009-07-14,23.280000686645508,23.3799991607666,23.209999084472656,23.3700008392334,14.669344902038574,4135000
2009-07-15,23.559999465942383,23.799999237060547,23.40999984741211,23.75,14.907876968383789,4629300
2009-07-16,23.75,23.920000076293945,23.649999618530273,23.90999984741211,15.008310317993164,4606500
2009-07-17,23.90999984741211,23.959999084472656,23.799999237060547,23.93000030517578,15.020853996276855,3502200
2009-07-20,24.059999465942383,24.059999465942383,23.75,24.0,15.064803123474121,5113400
2009-07-21,24.100000381469727,24.18000030517578,23.770000457763672,23.969999313354492,15.045970916748047,6419500
2009-07-22,24.040000915527344,24.110000610351562,23.93000030517578,23.979999542236328,15.05224609375,4032400
2009-07-23,24.079999923706055,24.479999542236328,23.950000762939453,24.309999465942383,15.25938606262207,5286800
2009-07-24,24.299999237060547,24.530000686645508,24.239999771118164,24.530000686645508,15.397479057312012,2274500
2009-07-27,24.40999984741211,24.530000686645508,24.239999771118164,24.440000534057617,15.340991020202637,4539400
2009-07-28,24.290000915527344,24.520000457763672,24.290000915527344,24.469999313354492,15.359816551208496,4661900
2009-07-29,24.329999923706055,24.649999618530273,24.329999923706055,24.600000381469727,15.441415786743164,3655900
2009-07-30,24.799999237060547,24.889999389648438,24.56999969482422,24.56999969482422,15.422587394714355,4899200
2009-07-31,24.649999618530273,24.81999969482422,24.510000228881836,24.520000457763672,15.39120101928711,4421900
2009-08-03,24.6299991607666,24.75,24.389999389648438,24.549999237060547,15.410037994384766,5843300
2009-08-04,24.520000457763672,24.770000457763672,24.489999771118164,24.59000015258789,15.435149192810059,4355100
2009-08-05,24.540000915527344,24.56999969482422,24.280000686645508,24.43000030517578,15.334715843200684,4473800
2009-08-06,24.40999984741211,24.450000762939453,24.079999923706055,24.18000030517578,15.17778491973877,6181200
2009-08-07,24.209999084472656,24.350000381469727,24.139999389648438,24.280000686645508,15.240558624267578,6299400
2009-08-10,24.280000686645508,24.329999923706055,24.149999618530273,24.299999237060547,15.2531099319458,4821500
2009-08-11,24.309999465942383,24.3700008392334,24.25,24.299999237060547,15.2531099319458,2614000
2009-08-12,24.219999313354492,24.469999313354492,24.209999084472656,24.290000915527344,15.246834754943848,2812100
2009-08-13,24.350000381469727,24.43000030517578,24.170000076293945,24.43000030517578,15.334715843200684,5435200
2009-08-14,24.389999389648438,24.510000228881836,24.18000030517578,24.399999618530273,15.31588077545166,2435000
2009-08-17,24.100000381469727,24.270000457763672,24.079999923706055,24.149999618530273,15.158953666687012,3634800
2009-08-18,24.100000381469727,24.270000457763672,24.020000457763672,24.190000534057617,15.184064865112305,3225100
2009-08-19,24.049999237060547,24.399999618530273,24.049999237060547,24.350000381469727,15.284494400024414,2962300
2009-08-20,24.290000915527344,24.540000915527344,24.290000915527344,24.469999313354492,15.359816551208496,2855400
2009-08-21,24.579999923706055,24.829999923706055,24.549999237060547,24.739999771118164,15.529296875,3033200
2009-08-24,24.8700008392334,24.889999389648438,24.68000030517578,24.75,15.535579681396484,1557900
2009-08-25,24.75,25.010000228881836,24.729999542236328,24.790000915527344,15.560681343078613,4690600
2009-08-26,24.81999969482422,24.989999771118164,24.770000457763672,24.8700008392334,15.610899925231934,3094100
2009-08-27,24.940000534057617,24.940000534057617,24.690000534057617,24.8700008392334,15.610899925231934,3329500
2009-08-28,24.90999984741211,24.940000534057617,24.65999984741211,24.770000457763672,15.548133850097656,2780300
2009-08-31,24.719999313354492,24.850000381469727,24.6299991607666,24.81999969482422,15.579516410827637,3750000
2009-09-01,24.709999084472656,24.93000030517578,24.520000457763672,24.59000015258789,15.435149192810059,5901800
2009-09-02,24.549999237060547,24.670000076293945,24.479999542236328,24.610000610351562,15.447693824768066,4708600
2009-09-03,24.850000381469727,24.850000381469727,24.510000228881836,24.65999984741211,15.479085922241211,4783500
2009-09-04,24.700000762939453,24.889999389648438,24.670000076293945,24.84000015258789,15.592066764831543,4520400
2009-09-08,24.969999313354492,25.110000610351562,24.90999984741211,25.049999237060547,15.723883628845215,9057200
2009-09-09,25.100000381469727,25.149999618530273,24.969999313354492,25.040000915527344,15.717605590820312,4949400
2009-09-10,25.100000381469727,25.260000228881836,25.09000015258789,25.219999313354492,15.830585479736328,5525000
2009-09-11,25.3799991607666,25.3799991607666,25.209999084472656,25.329999923706055,15.89964485168457,6393000
2009-09-14,25.1200008392334,25.360000610351562,25.100000381469727,25.270000457763672,15.861984252929688,3836600
2009-09-15,25.360000610351562,25.3700008392334,25.06999969482422,25.139999389648438,15.780372619628906,4470400
2009-09-16,25.25,25.34000015258789,25.079999923706055,25.34000015258789,15.905919075012207,6051700
2009-09-17,25.360000610351562,25.440000534057617,25.229999542236328,25.25,15.8494291305542,7982900
2009-09-18,25.219999313354492,25.43000030517578,25.170000076293945,25.399999618530273,16.05741310119629,10221900
2009-09-21,25.3700008392334,25.389999389648438,25.229999542236328,25.31999969482422,16.0068416595459,5289600
2009-09-22,25.440000534057617,25.440000534057617,25.25,25.3700008392334,16.038442611694336,3232900
2009-09-23,25.440000534057617,25.68000030517578,25.3700008392334,25.3700008392334,16.038442611694336,5099700
2009-09-24,25.40999984741211,25.5,25.219999313354492,25.239999771118164,15.956266403198242,5439000
2009-09-25,25.31999969482422,25.389999389648438,25.190000534057617,25.239999771118164,15.956266403198242,4413000
2009-09-28,25.15999984741211,25.450000762939453,25.15999984741211,25.290000915527344,15.987878799438477,5071800
2009-09-29,25.420000076293945,25.559999465942383,25.3799991607666,25.40999984741211,16.06373405456543,4600500
2009-09-30,25.5,25.530000686645508,25.200000762939453,25.459999084472656,16.09534454345703,5376500
2009-10-01,25.389999389648438,25.459999084472656,25.15999984741211,25.229999542236328,15.94994068145752,10605100
2009-10-02,25.09000015258789,25.399999618530273,25.09000015258789,25.309999465942383,16.000518798828125,5437500
2009-10-05,25.290000915527344,25.399999618530273,25.100000381469727,25.3700008392334,16.038442611694336,4912700
2009-10-06,25.40999984741211,25.649999618530273,25.40999984741211,25.600000381469727,16.183847427368164,5368000
2009-10-07,25.6299991607666,25.709999084472656,25.56999969482422,25.709999084472656,16.25338363647461,4390300
2009-10-08,25.739999771118164,25.920000076293945,25.729999542236328,25.860000610351562,16.348222732543945,3002700
2009-10-09,25.889999389648438,25.940000534057617,25.790000915527344,25.920000076293945,16.38614845275879,3633700
2009-10-12,25.899999618530273,26.1200008392334,25.899999618530273,26.030000686645508,16.4556884765625,1902800
2009-10-13,26.020000457763672,26.020000457763672,25.84000015258789,25.940000534057617,16.398794174194336,2224300
2009-10-14,26.139999389648438,26.139999389648438,25.940000534057617,26.030000686645508,16.4556884765625,4402200
2009-10-15,26.010000228881836,26.270000457763672,25.969999313354492,26.229999542236328,16.58212661743164,3667800
2009-10-16,26.149999618530273,26.450000762939453,26.149999618530273,26.3700008392334,16.670629501342773,4825800
2009-10-19,26.40999984741211,26.639999389648438,26.3700008392334,26.520000457763672,16.76545524597168,10552700
2009-10-20,26.5,26.65999984741211,26.440000534057617,26.489999771118164,16.746498107910156,8234700
2009-10-21,26.450000762939453,26.65999984741211,26.229999542236328,26.290000915527344,16.62006187438965,11709200
2009-10-22,26.239999771118164,26.450000762939453,26.1299991607666,26.329999923706055,16.645334243774414,5120300
2009-10-23,26.399999618530273,26.399999618530273,25.989999771118164,26.06999969482422,16.480979919433594,6902900
2009-10-26,26.049999237060547,26.270000457763672,25.829999923706055,25.8700008392334,16.354541778564453,5801500
2009-10-27,25.899999618530273,26.030000686645508,25.790000915527344,25.889999389648438,16.3671817779541,6461800
2009-10-28,25.809999465942383,26.059999465942383,25.790000915527344,25.81999969482422,16.322933197021484,14674900
2009-10-29,26.059999465942383,26.290000915527344,25.940000534057617,26.239999771118164,16.588441848754883,9849600
2009-10-30,26.209999084472656,26.299999237060547,25.799999237060547,25.829999923706055,16.329254150390625,8113500
2009-11-02,25.829999923706055,26.1200008392334,25.829999923706055,26.079999923706055,16.48729133605957,8836600
2009-11-03,25.969999313354492,26.079999923706055,25.780000686645508,25.90999984741211,16.37982940673828,18182500
2009-11-04,25.950000762939453,26.25,25.940000534057617,26.010000228881836,16.443044662475586,8039000
2009-11-05,25.899999618530273,26.15999984741211,25.770000457763672,26.1299991607666,16.51890754699707,11922000
2009-11-06,26.010000228881836,26.239999771118164,25.959999084472656,26.200000762939453,16.56316566467285,4572000
2009-11-09,26.40999984741211,26.6299991607666,26.260000228881836,26.6299991607666,16.834993362426758,5407200
2009-11-10,26.6200008392334,26.760000228881836,26.530000686645508,26.6200008392334,16.82867431640625,3515400
2009-11-11,26.760000228881836,26.760000228881836,26.56999969482422,26.700000762939453,16.879249572753906,7192400
2009-11-12,26.670000076293945,26.799999237060547,26.520000457763672,26.540000915527344,16.77810287475586,4785200
2009-11-13,26.639999389648438,26.770000457763672,26.510000228881836,26.719999313354492,16.891897201538086,4050000
2009-11-16,26.770000457763672,27.010000228881836,26.770000457763672,26.8700008392334,16.986722946166992,5216000
2009-11-17,26.850000381469727,27.0,26.850000381469727,27.0,17.068899154663086,4238700
2009-11-18,27.020000457763672,27.020000457763672,26.799999237060547,26.979999542236328,17.056264877319336,6226300
2009-11-19,26.84000015258789,26.90999984741211,26.649999618530273,26.850000381469727,16.97407341003418,6202300
2009-11-20,26.739999771118164,26.969999313354492,26.739999771118164,26.889999389648438,16.99936294555664,5682800
2009-11-23,27.059999465942383,27.229999542236328,27.059999465942383,27.1200008392334,17.144763946533203,4272100
2009-11-24,27.059999465942383,27.209999084472656,27.020000457763672,27.18000030517578,17.182693481445312,4566000
2009-11-25,27.239999771118164,27.239999771118164,27.1200008392334,27.1299991607666,17.151090621948242,4851800
2009-11-27,26.540000915527344,27.010000228881836,26.530000686645508,26.8799991607666,16.993040084838867,3912500
2009-11-30,26.90999984741211,26.90999984741211,26.68000030517578,26.780000686645508,16.929828643798828,4728400
2009-12-01,27.0,27.15999984741211,26.829999923706055,27.149999618530273,17.16373062133789,5351500
2009-12-02,27.06999969482422,27.190000534057617,27.0,27.1200008392334,17.144763946533203,4973400
2009-12-03,27.15999984741211,27.15999984741211,26.8700008392334,26.90999984741211,17.01201057434082,7580100
2009-12-04,27.1299991607666,27.290000915527344,26.8700008392334,27.049999237060547,17.100513458251953,8089800
2009-12-07,26.920000076293945,27.110000610351562,26.920000076293945,27.020000457763672,17.0815486907959,4439600
2009-12-08,26.899999618530273,26.899999618530273,26.600000381469727,26.709999084472656,16.885570526123047,9975200
2009-12-09,26.729999542236328,26.780000686645508,26.59000015258789,26.760000228881836,16.917177200317383,6639500
2009-12-10,26.969999313354492,27.0,26.81999969482422,26.850000381469727,16.97407341003418,6643700
2009-12-11,26.989999771118164,27.1299991607666,26.940000534057617,27.0,17.068899154663086,4554400
2009-12-14,27.1200008392334,27.18000030517578,27.020000457763672,27.100000381469727,17.132122039794922,4087600
2009-12-15,27.059999465942383,27.059999465942383,26.920000076293945,26.989999771118164,17.062578201293945,5234500
2009-12-16,27.09000015258789,27.100000381469727,26.850000381469727,26.860000610351562,16.980398178100586,6109200
2009-12-17,26.729999542236328,26.790000915527344,26.530000686645508,26.540000915527344,16.77810287475586,10700400
2009-12-18,26.530000686645508,26.530000686645508,25.959999084472656,26.239999771118164,16.74555015563965,10117500
2009-12-21,26.350000381469727,26.530000686645508,26.270000457763672,26.3799991607666,16.83489990234375,7650300
2009-12-22,26.350000381469727,26.579999923706055,26.350000381469727,26.559999465942383,16.94976806640625,4110600
2009-12-23,26.510000228881836,26.639999389648438,26.5,26.579999923706055,16.962535858154297,3559100
2009-12-24,26.6299991607666,26.719999313354492,26.600000381469727,26.68000030517578,17.026350021362305,1568200
2009-12-28,26.809999465942383,26.809999465942383,26.649999618530273,26.729999542236328,17.058256149291992,8470700
2009-12-29,26.75,26.850000381469727,26.75,26.780000686645508,17.09016990661621,3186000
2009-12-30,26.729999542236328,26.81999969482422,26.690000534057617,26.729999542236328,17.058256149291992,3142600
2009-12-31,26.799999237060547,26.799999237060547,26.440000534057617,26.469999313354492,16.8923282623291,5099400
2010-01-04,26.450000762939453,26.780000686645508,26.450000762939453,26.670000076293945,17.019962310791016,8465900
2010-01-05,26.690000534057617,26.719999313354492,26.540000915527344,26.68000030517578,17.026350021362305,11805400
2010-01-06,26.649999618530273,26.690000534057617,26.540000915527344,26.65999984741211,17.01358413696289,9267000
2010-01-07,26.739999771118164,26.739999771118164,26.510000228881836,26.65999984741211,17.01358413696289,6951500
2010-01-08,26.600000381469727,26.600000381469727,26.420000076293945,26.56999969482422,16.956153869628906,5437400
2010-01-11,26.559999465942383,26.68000030517578,26.3799991607666,26.639999389648438,17.000822067260742,6140200
2010-01-12,26.540000915527344,26.790000915527344,26.540000915527344,26.790000915527344,17.0965518951416,6822400
2010-01-13,26.799999237060547,27.040000915527344,26.790000915527344,26.979999542236328,17.21779441833496,7926700
2010-01-14,26.940000534057617,27.0,26.8700008392334,26.899999618530273,17.1667423248291,5258900
2010-01-15,26.940000534057617,26.979999542236328,26.670000076293945,26.770000457763672,17.083786010742188,11968800
2010-01-19,26.84000015258789,26.969999313354492,26.719999313354492,26.93000030517578,17.185894012451172,10974200
2010-01-20,26.8799991607666,26.8799991607666,26.530000686645508,26.729999542236328,17.058256149291992,8670500
2010-01-21,26.709999084472656,26.84000015258789,26.290000915527344,26.350000381469727,16.815752029418945,9044700
2010-01-22,26.25,26.489999771118164,26.200000762939453,26.290000915527344,16.7774658203125,9082400
2010-01-25,26.479999542236328,26.489999771118164,26.209999084472656,26.34000015258789,16.809364318847656,6078200
2010-01-26,26.209999084472656,26.40999984741211,26.15999984741211,26.309999465942383,16.790220260620117,8116700
2010-01-27,26.280000686645508,26.399999618530273,26.170000076293945,26.3700008392334,16.828519821166992,12558400
2010-01-28,26.40999984741211,26.610000610351562,26.290000915527344,26.299999237060547,16.783845901489258,14181700
2010-01-29,26.420000076293945,26.56999969482422,26.200000762939453,26.200000762939453,16.72001838684082,8930500
2010-02-01,26.360000610351562,26.450000762939453,26.25,26.399999618530273,16.847658157348633,9016100
2010-02-02,26.450000762939453,26.809999465942383,26.389999389648438,26.780000686645508,17.09016990661621,7433200
2010-02-03,26.709999084472656,26.709999084472656,26.540000915527344,26.59000015258789,16.968915939331055,6566900
2010-02-04,26.510000228881836,26.520000457763672,26.0,26.049999237060547,16.62431526184082,10827300
2010-02-05,26.0,26.049999237060547,25.709999084472656,25.979999542236328,16.579627990722656,13527400
2010-02-08,26.049999237060547,26.170000076293945,25.93000030517578,25.950000762939453,16.560483932495117,5150900
2010-02-09,26.190000534057617,26.399999618530273,26.040000915527344,26.260000228881836,16.75830841064453,7456500
2010-02-10,26.280000686645508,26.290000915527344,26.040000915527344,26.229999542236328,16.739177703857422,6364600
2010-02-11,26.219999313354492,26.489999771118164,26.059999465942383,26.440000534057617,16.87318229675293,5879800
2010-02-12,26.260000228881836,26.489999771118164,26.190000534057617,26.440000534057617,16.87318229675293,8895400
2010-02-16,26.5,26.729999542236328,26.440000534057617,26.709999084472656,17.045495986938477,7113900
2010-02-17,26.790000915527344,26.93000030517578,26.719999313354492,26.899999618530273,17.1667423248291,7493600
2010-02-18,26.889999389648438,27.1200008392334,26.829999923706055,27.059999465942383,17.26885223388672,7539300
2010-02-19,27.049999237060547,27.200000762939453,26.940000534057617,27.1200008392334,17.307146072387695,4443900
2010-02-22,27.200000762939453,27.209999084472656,27.040000915527344,27.1200008392334,17.307146072387695,4414400
2010-02-23,27.030000686645508,27.149999618530273,26.829999923706055,26.969999313354492,17.211416244506836,8464300
2010-02-24,26.979999542236328,27.149999618530273,26.920000076293945,27.139999389648438,17.319904327392578,4147700
2010-02-25,26.899999618530273,27.200000762939453,26.81999969482422,27.15999984741211,17.332672119140625,6443300
2010-02-26,27.200000762939453,27.200000762939453,26.959999084472656,27.030000686645508,17.249706268310547,5805900
2010-03-01,27.1299991607666,27.239999771118164,27.020000457763672,27.219999313354492,17.370956420898438,4360200
2010-03-02,27.270000457763672,27.3799991607666,27.219999313354492,27.31999969482422,17.434782028198242,14652000
2010-03-03,27.360000610351562,27.420000076293945,27.270000457763672,27.329999923706055,17.4411563873291,7569800
2010-03-04,27.420000076293945,27.530000686645508,27.360000610351562,27.420000076293945,17.498600006103516,5479500
2010-03-05,27.559999465942383,27.610000610351562,27.40999984741211,27.59000015258789,17.60708236694336,5123200
2010-03-08,27.579999923706055,27.6200008392334,27.450000762939453,27.489999771118164,17.54326820373535,2690800
2010-03-09,27.43000030517578,27.56999969482422,27.40999984741211,27.450000762939453,17.51774024963379,4602700
2010-03-10,27.489999771118164,27.489999771118164,27.34000015258789,27.40999984741211,17.49221420288086,4573000
2010-03-11,27.360000610351562,27.479999542236328,27.229999542236328,27.459999084472656,17.524124145507812,6084000
2010-03-12,27.5,27.540000915527344,27.440000534057617,27.479999542236328,17.536888122558594,14073100
2010-03-15,27.450000762939453,27.709999084472656,27.450000762939453,27.690000534057617,17.670900344848633,4104900
2010-03-16,27.65999984741211,27.84000015258789,27.65999984741211,27.81999969482422,17.753860473632812,5360500
2010-03-17,27.889999389648438,27.979999542236328,27.809999465942383,27.940000534057617,17.83043670654297,3955000
2010-03-18,27.940000534057617,27.989999771118164,27.8799991607666,27.969999313354492,17.849584579467773,4596000
2010-03-19,27.770000457763672,27.950000762939453,27.639999389648438,27.770000457763672,17.797035217285156,4385200
2010-03-22,27.65999984741211,27.950000762939453,27.649999618530273,27.90999984741211,17.886754989624023,3038800
2010-03-23,27.899999618530273,28.170000076293945,27.8799991607666,28.1299991607666,18.02775001525879,5327400
2010-03-24,28.1200008392334,28.1200008392334,27.850000381469727,27.93000030517578,17.899578094482422,3325600
2010-03-25,28.030000686645508,28.040000915527344,27.850000381469727,27.889999389648438,17.87394142150879,3843500
2010-03-26,27.950000762939453,27.989999771118164,27.809999465942383,27.90999984741211,17.886754989624023,3289300
2010-03-29,28.0,28.110000610351562,27.93000030517578,28.040000915527344,17.970075607299805,6690800
2010-03-30,28.100000381469727,28.190000534057617,28.010000228881836,28.09000015258789,18.002111434936523,3458100
2010-03-31,28.049999237060547,28.06999969482422,27.90999984741211,27.93000030517578,17.899578094482422,4757200
2010-04-01,28.059999465942383,28.15999984741211,27.979999542236328,28.110000610351562,18.014930725097656,4442600
2010-04-05,28.190000534057617,28.190000534057617,28.059999465942383,28.110000610351562,18.014930725097656,3603500
2010-04-06,28.030000686645508,28.06999969482422,27.989999771118164,28.020000457763672,17.957252502441406,3965600
2010-04-07,28.0,28.0,27.790000915527344,27.84000015258789,17.841894149780273,3591200
2010-04-08,27.84000015258789,27.940000534057617,27.760000228881836,27.889999389648438,17.87394142150879,2570500
2010-04-09,27.940000534057617,28.059999465942383,27.8700008392334,28.040000915527344,17.970075607299805,3339000
2010-04-12,28.030000686645508,28.1299991607666,28.010000228881836,28.1299991607666,18.02775001525879,4090000
2010-04-13,28.030000686645508,28.1200008392334,27.889999389648438,28.040000915527344,17.970075607299805,3045800
2010-04-14,28.030000686645508,28.079999923706055,27.90999984741211,28.079999923706055,17.995704650878906,3626000
2010-04-15,27.959999084472656,28.030000686645508,27.899999618530273,28.030000686645508,17.963665008544922,3876300
2010-04-16,27.940000534057617,28.1299991607666,27.809999465942383,27.90999984741211,17.886754989624023,6525100
2010-04-19,27.850000381469727,28.030000686645508,27.829999923706055,28.020000457763672,17.957252502441406,4791100
2010-04-20,28.06999969482422,28.170000076293945,28.010000228881836,28.100000381469727,18.008527755737305,5377800
2010-04-21,28.149999618530273,28.200000762939453,28.040000915527344,28.100000381469727,18.008527755737305,5605500
2010-04-22,27.959999084472656,28.100000381469727,27.8799991607666,28.100000381469727,18.008527755737305,2422800
2010-04-23,28.06999969482422,28.06999969482422,27.8700008392334,28.030000686645508,17.963665008544922,4651200
2010-04-26,28.049999237060547,28.1299991607666,27.959999084472656,27.969999313354492,17.925209045410156,4452200
2010-04-27,27.84000015258789,27.899999618530273,27.459999084472656,27.479999542236328,17.611188888549805,8249300
2010-04-28,27.59000015258789,27.770000457763672,27.450000762939453,27.700000762939453,17.752172470092773,5162100
2010-04-29,27.780000686645508,27.90999984741211,27.649999618530273,27.790000915527344,17.809852600097656,4095500
2010-04-30,27.770000457763672,27.950000762939453,27.6200008392334,27.6299991607666,17.707307815551758,7474600
2010-05-03,27.65999984741211,27.860000610351562,27.6200008392334,27.790000915527344,17.809852600097656,3372800
2010-05-04,27.59000015258789,27.739999771118164,27.459999084472656,27.510000228881836,17.630407333374023,12393300
2010-05-05,27.399999618530273,27.690000534057617,27.399999618530273,27.610000610351562,17.694496154785156,9048500
2010-05-06,27.5,27.56999969482422,24.950000762939453,26.920000076293945,17.252288818359375,11302200
2010-05-07,26.799999237060547,26.989999771118164,26.530000686645508,26.739999771118164,17.136934280395508,10845600
2010-05-10,27.610000610351562,27.610000610351562,27.260000228881836,27.520000457763672,17.63681411743164,8008800
2010-05-11,27.329999923706055,27.700000762939453,27.280000686645508,27.510000228881836,17.630407333374023,5904600
2010-05-12,27.510000228881836,27.700000762939453,27.440000534057617,27.700000762939453,17.752172470092773,6882700
2010-05-13,27.68000030517578,27.829999923706055,27.530000686645508,27.530000686645508,17.643230438232422,3342300
2010-05-14,27.489999771118164,27.579999923706055,27.170000076293945,27.270000457763672,17.476594924926758,7363700
2010-05-17,27.3700008392334,27.579999923706055,27.219999313354492,27.559999465942383,17.662446975708008,7124200
2010-05-18,27.700000762939453,27.780000686645508,27.389999389648438,27.399999618530273,17.55991554260254,8626600
2010-05-19,27.239999771118164,27.469999313354492,27.149999618530273,27.329999923706055,17.515047073364258,11727400
2010-05-20,27.0,27.0,26.459999084472656,26.520000457763672,16.995939254760742,18459000
2010-05-21,26.1200008392334,26.6200008392334,26.09000015258789,26.6200008392334,17.060028076171875,11228500
2010-05-24,26.5,26.6200008392334,26.350000381469727,26.43000030517578,16.938268661499023,6136100
2010-05-25,25.90999984741211,26.18000030517578,25.780000686645508,26.1200008392334,16.73959732055664,15939800
2010-05-26,26.18000030517578,26.360000610351562,25.93000030517578,25.950000762939453,16.630651473999023,7444000
2010-05-27,26.309999465942383,26.479999542236328,26.18000030517578,26.479999542236328,16.970312118530273,12368000
2010-05-28,26.5,26.549999237060547,26.31999969482422,26.350000381469727,16.88699722290039,7409900
2010-06-01,26.260000228881836,26.600000381469727,26.079999923706055,26.290000915527344,16.848548889160156,10514700
2010-06-02,26.40999984741211,26.739999771118164,26.31999969482422,26.739999771118164,17.136934280395508,7420600
2010-06-03,26.799999237060547,26.850000381469727,26.6200008392334,26.780000686645508,17.16257667541504,5494200
2010-06-04,26.549999237060547,26.549999237060547,26.010000228881836,26.06999969482422,16.707557678222656,9125300
2010-06-07,26.020000457763672,26.239999771118164,25.8700008392334,25.8700008392334,16.579378128051758,9533900
2010-06-08,25.899999618530273,26.31999969482422,25.850000381469727,26.290000915527344,16.848548889160156,9553000
2010-06-09,26.489999771118164,26.610000610351562,26.170000076293945,26.239999771118164,16.816497802734375,8617100
2010-06-10,26.520000457763672,26.709999084472656,26.489999771118164,26.690000534057617,17.104887008666992,8597800
2010-06-11,26.540000915527344,26.540000915527344,26.25,26.469999313354492,16.963891983032227,6023400
2010-06-14,26.65999984741211,26.770000457763672,26.56999969482422,26.6200008392334,17.060028076171875,5604600
2010-06-15,26.760000228881836,26.899999618530273,26.670000076293945,26.889999389648438,17.233068466186523,5392500
2010-06-16,26.75,26.829999923706055,26.670000076293945,26.709999084472656,17.11771011352539,3648800
2010-06-17,26.829999923706055,26.969999313354492,26.690000534057617,26.950000762939453,17.271522521972656,6245100
2010-06-18,26.860000610351562,26.889999389648438,26.65999984741211,26.65999984741211,17.208263397216797,7709400
2010-06-21,26.899999618530273,26.959999084472656,26.510000228881836,26.59000015258789,17.1630802154541,5379600
2010-06-22,26.56999969482422,26.690000534057617,26.299999237060547,26.299999237060547,16.97589683532715,7044200
2010-06-23,26.399999618530273,26.540000915527344,26.260000228881836,26.469999313354492,17.085622787475586,6769800
2010-06-24,26.31999969482422,26.389999389648438,26.1299991607666,26.149999618530273,16.879070281982422,4779800
2010-06-25,26.190000534057617,26.229999542236328,25.860000610351562,25.8799991607666,16.704797744750977,10611300
2010-06-28,25.899999618530273,26.209999084472656,25.829999923706055,26.100000381469727,16.8468017578125,7855100
2010-06-29,25.899999618530273,25.979999542236328,25.600000381469727,25.68000030517578,16.575702667236328,10234200
2010-06-30,25.610000610351562,25.719999313354492,25.43000030517578,25.5,16.459516525268555,6563600
2010-07-01,25.530000686645508,25.59000015258789,25.299999237060547,25.549999237060547,16.49178695678711,9774300
2010-07-02,25.600000381469727,25.6200008392334,25.360000610351562,25.450000762939453,16.42724609375,4874600
2010-07-06,25.690000534057617,25.790000915527344,25.399999618530273,25.600000381469727,16.52406120300293,6910800
2010-07-07,25.6299991607666,26.1200008392334,25.549999237060547,26.09000015258789,16.840341567993164,6495100
2010-07-08,26.280000686645508,26.489999771118164,26.190000534057617,26.479999542236328,17.092077255249023,6357800
2010-07-09,26.469999313354492,26.520000457763672,26.3700008392334,26.479999542236328,17.092077255249023,6894900
2010-07-12,26.3799991607666,26.56999969482422,26.3799991607666,26.56999969482422,17.15017318725586,3786300
2010-07-13,26.760000228881836,26.860000610351562,26.68000030517578,26.809999465942383,17.305082321166992,6162300
2010-07-14,26.709999084472656,26.860000610351562,26.649999618530273,26.81999969482422,17.311542510986328,4597100
2010-07-15,26.850000381469727,26.950000762939453,26.649999618530273,26.899999618530273,17.363182067871094,4122900
2010-07-16,26.790000915527344,26.899999618530273,26.479999542236328,26.520000457763672,17.117897033691406,7828300
2010-07-19,26.520000457763672,26.6200008392334,26.469999313354492,26.56999969482422,17.15017318725586,6491700
2010-07-20,26.34000015258789,26.920000076293945,26.34000015258789,26.889999389648438,17.356721878051758,7287700
2010-07-21,26.979999542236328,26.989999771118164,26.530000686645508,26.600000381469727,17.16954231262207,11398300
2010-07-22,26.829999923706055,26.979999542236328,26.790000915527344,26.899999618530273,17.363182067871094,7042900
2010-07-23,26.860000610351562,27.209999084472656,26.860000610351562,27.149999618530273,17.52454376220703,10102900
2010-07-26,27.229999542236328,27.290000915527344,27.1299991607666,27.290000915527344,17.614912033081055,8753200
2010-07-27,27.360000610351562,27.459999084472656,27.260000228881836,27.389999389648438,17.67945671081543,19712600
2010-07-28,27.34000015258789,27.40999984741211,27.209999084472656,27.239999771118164,17.58263397216797,7194100
2010-07-29,27.239999771118164,27.239999771118164,26.770000457763672,26.90999984741211,17.36962890625,11052600
2010-07-30,26.739999771118164,27.06999969482422,26.68000030517578,26.979999542236328,17.414812088012695,7389100
2010-08-02,27.260000228881836,27.290000915527344,27.1299991607666,27.290000915527344,17.614912033081055,7790300
2010-08-03,27.110000610351562,27.15999984741211,26.989999771118164,27.049999237060547,17.45999526977539,7104100
2010-08-04,27.09000015258789,27.219999313354492,27.030000686645508,27.149999618530273,17.52454376220703,4452500
2010-08-05,27.059999465942383,27.079999923706055,26.959999084472656,27.030000686645508,17.447092056274414,18512500
2010-08-06,26.90999984741211,27.100000381469727,26.799999237060547,27.09000015258789,17.485815048217773,8372000
2010-08-09,27.209999084472656,27.309999465942383,27.1200008392334,27.229999542236328,17.57618522644043,3650800
2010-08-10,27.09000015258789,27.43000030517578,27.049999237060547,27.290000915527344,17.614912033081055,7497000
2010-08-11,27.010000228881836,27.010000228881836,26.799999237060547,26.84000015258789,17.32444953918457,9337600
2010-08-12,26.549999237060547,26.850000381469727,26.540000915527344,26.809999465942383,17.305082321166992,6401100
2010-08-13,26.690000534057617,26.8700008392334,26.68000030517578,26.799999237060547,17.298629760742188,4435400
2010-08-16,26.579999923706055,26.81999969482422,26.530000686645508,26.770000457763672,17.279264450073242,5077000
2010-08-17,27.0,27.170000076293945,26.829999923706055,27.030000686645508,17.447092056274414,5242400
2010-08-18,26.979999542236328,27.139999389648438,26.889999389648438,27.049999237060547,17.45999526977539,5379400
2010-08-19,26.959999084472656,26.969999313354492,26.6200008392334,26.729999542236328,17.25344467163086,7941200
2010-08-20,26.649999618530273,26.770000457763672,26.639999389648438,26.729999542236328,17.25344467163086,5856400
2010-08-23,26.81999969482422,26.940000534057617,26.770000457763672,26.790000915527344,17.29218292236328,4149900
2010-08-24,26.540000915527344,26.799999237060547,26.5,26.65999984741211,17.208263397216797,8426800
2010-08-25,26.520000457763672,26.799999237060547,26.489999771118164,26.719999313354492,17.246986389160156,6542800
2010-08-26,26.739999771118164,26.81999969482422,26.459999084472656,26.520000457763672,17.117897033691406,7530700
2010-08-27,26.68000030517578,26.719999313354492,26.350000381469727,26.690000534057617,17.227624893188477,9874400
2010-08-30,26.670000076293945,26.770000457763672,26.459999084472656,26.459999084472656,17.07917022705078,8007800
2010-08-31,26.440000534057617,26.639999389648438,26.3700008392334,26.479999542236328,17.092077255249023,12423300
2010-09-01,26.770000457763672,27.0,26.709999084472656,26.950000762939453,17.395448684692383,9661500
2010-09-02,26.950000762939453,27.1200008392334,26.940000534057617,27.1200008392334,17.505184173583984,6034900
2010-09-03,27.25,27.290000915527344,27.110000610351562,27.290000915527344,17.614912033081055,5839700
2010-09-07,27.219999313354492,27.299999237060547,27.149999618530273,27.18000030517578,17.543909072875977,6444100
2010-09-08,27.219999313354492,27.350000381469727,27.190000534057617,27.299999237060547,17.621362686157227,5733200
2010-09-09,27.469999313354492,27.479999542236328,27.290000915527344,27.389999389648438,17.67945671081543,4962900
2010-09-10,27.399999618530273,27.559999465942383,27.3799991607666,27.520000457763672,17.763368606567383,4003400
2010-09-13,27.719999313354492,27.719999313354492,27.459999084472656,27.549999237060547,17.78273582458496,5254000
2010-09-14,27.530000686645508,27.700000762939453,27.459999084472656,27.600000381469727,17.815011978149414,8514700
2010-09-15,27.549999237060547,27.829999923706055,27.520000457763672,27.790000915527344,17.937644958496094,6451300
2010-09-16,27.709999084472656,27.81999969482422,27.639999389648438,27.81999969482422,17.95701026916504,6884700
2010-09-17,27.729999542236328,27.75,27.549999237060547,27.549999237060547,17.90955352783203,10596900
2010-09-20,27.65999984741211,27.889999389648438,27.56999969482422,27.850000381469727,18.104578018188477,6337100
2010-09-21,27.8799991607666,27.889999389648438,27.65999984741211,27.799999237060547,18.07207679748535,13361500
2010-09-22,27.809999465942383,27.920000076293945,27.770000457763672,27.850000381469727,18.104578018188477,5931300
2010-09-23,27.729999542236328,27.84000015258789,27.6299991607666,27.670000076293945,17.98756217956543,8952000
2010-09-24,27.90999984741211,28.110000610351562,27.8700008392334,28.040000915527344,18.228090286254883,4515900
2010-09-27,28.040000915527344,28.040000915527344,27.8700008392334,27.8799991607666,18.12407875061035,3614000
2010-09-28,27.969999313354492,28.149999618530273,27.780000686645508,28.059999465942383,18.241092681884766,5660100
2010-09-29,28.049999237060547,28.09000015258789,27.920000076293945,27.979999542236328,18.189090728759766,5319700
2010-09-30,28.100000381469727,28.219999313354492,27.770000457763672,27.8799991607666,18.12407875061035,8376000
2010-10-01,27.90999984741211,28.020000457763672,27.809999465942383,27.93000030517578,18.156583786010742,5417900
2010-10-04,27.889999389648438,28.020000457763672,27.760000228881836,27.850000381469727,18.104578018188477,6300800
2010-10-05,28.030000686645508,28.15999984741211,28.0,28.110000610351562,18.273595809936523,5418200
2010-10-06,28.219999313354492,28.239999771118164,28.09000015258789,28.229999542236328,18.351600646972656,4637500
2010-10-07,28.329999923706055,28.329999923706055,28.040000915527344,28.1299991607666,18.28659439086914,4440400
2010-10-08,28.1299991607666,28.239999771118164,28.06999969482422,28.190000534057617,18.325597763061523,4196400
2010-10-11,28.209999084472656,28.25,28.149999618530273,28.219999313354492,18.34510612487793,3051600
2010-10-12,28.18000030517578,28.3700008392334,28.139999389648438,28.290000915527344,18.390607833862305,5882500
2010-10-13,28.43000030517578,28.670000076293945,28.350000381469727,28.530000686645508,18.54662322998047,8258800
2010-10-14,28.56999969482422,28.6200008392334,28.420000076293945,28.540000915527344,18.553125381469727,3697300
2010-10-15,28.649999618530273,28.709999084472656,28.510000228881836,28.610000610351562,18.598630905151367,6477400
2010-10-18,28.600000381469727,28.729999542236328,28.600000381469727,28.709999084472656,18.66364288330078,4001300
2010-10-19,28.56999969482422,28.59000015258789,28.280000686645508,28.360000610351562,18.436111450195312,5782300
2010-10-20,28.530000686645508,28.709999084472656,28.440000534057617,28.610000610351562,18.598630905151367,4201000
2010-10-21,28.649999618530273,28.8700008392334,28.579999923706055,28.709999084472656,18.66364288330078,6328400
2010-10-22,28.790000915527344,28.81999969482422,28.709999084472656,28.809999465942383,18.728647232055664,4073800
2010-10-25,28.889999389648438,29.0,28.84000015258789,28.8799991607666,18.774150848388672,5217900
2010-10-26,28.719999313354492,28.75,28.600000381469727,28.719999313354492,18.670146942138672,3878600
2010-10-27,28.610000610351562,28.6299991607666,28.3799991607666,28.56999969482422,18.57263946533203,8714300
2010-10-28,28.690000534057617,28.739999771118164,28.540000915527344,28.670000076293945,18.637632369995117,6699200
2010-10-29,28.610000610351562,28.770000457763672,28.610000610351562,28.770000457763672,18.70265007019043,6420600
2010-11-01,28.8799991607666,28.899999618530273,28.559999465942383,28.649999618530273,18.624629974365234,7641400
2010-11-02,28.790000915527344,28.860000610351562,28.780000686645508,28.81999969482422,18.73514175415039,3161300
2010-11-03,28.899999618530273,28.920000076293945,28.670000076293945,28.90999984741211,18.793651580810547,8907700
2010-11-04,29.139999389648438,29.270000457763672,29.059999465942383,29.260000228881836,19.02117919921875,9502100
2010-11-05,29.190000534057617,29.229999542236328,29.020000457763672,29.110000610351562,18.923669815063477,6005300
2010-11-08,29.040000915527344,29.06999969482422,28.93000030517578,29.059999465942383,18.89116859436035,8569600
2010-11-09,29.06999969482422,29.06999969482422,28.829999923706055,28.90999984741211,18.793651580810547,6868900
2010-11-10,28.90999984741211,28.90999984741211,28.670000076293945,28.81999969482422,18.73514175415039,8337200
2010-11-11,28.65999984741211,28.850000381469727,28.649999618530273,28.850000381469727,18.754653930664062,6433600
2010-11-12,28.700000762939453,28.790000915527344,28.610000610351562,28.709999084472656,18.66364288330078,8355900
2010-11-15,28.780000686645508,28.8700008392334,28.700000762939453,28.719999313354492,18.670146942138672,4375700
2010-11-16,28.65999984741211,28.729999542236328,28.309999465942383,28.399999618530273,18.46211814880371,6359000
2010-11-17,28.450000762939453,28.520000457763672,28.360000610351562,28.40999984741211,18.46862030029297,9451600
2010-11-18,28.600000381469727,28.850000381469727,28.59000015258789,28.790000915527344,18.715646743774414,5221500
2010-11-19,28.780000686645508,28.829999923706055,28.649999618530273,28.809999465942383,18.728647232055664,3591300
2010-11-22,28.690000534057617,28.81999969482422,28.559999465942383,28.809999465942383,18.728647232055664,4960900
2010-11-23,28.6299991607666,28.6299991607666,28.40999984741211,28.469999313354492,18.50762176513672,5971800
2010-11-24,28.6200008392334,28.709999084472656,28.579999923706055,28.690000534057617,18.650630950927734,4284000
2010-11-26,28.56999969482422,28.6299991607666,28.469999313354492,28.5,18.52712631225586,2125500
2010-11-29,28.3700008392334,28.520000457763672,28.219999313354492,28.450000762939453,18.494626998901367,4896900
2010-11-30,28.280000686645508,28.459999084472656,28.239999771118164,28.31999969482422,18.410112380981445,9234200
2010-12-01,28.540000915527344,28.829999923706055,28.540000915527344,28.780000686645508,18.70914649963379,6465600
2010-12-02,28.75,28.81999969482422,28.700000762939453,28.799999237060547,18.72214126586914,9095500
2010-12-03,28.690000534057617,28.860000610351562,28.690000534057617,28.809999465942383,18.728647232055664,5143900
2010-12-06,28.760000228881836,28.829999923706055,28.739999771118164,28.739999771118164,18.68314552307129,4836500
2010-12-07,28.899999618530273,29.0,28.860000610351562,28.899999618530273,18.787147521972656,8562400
2010-12-08,28.93000030517578,29.020000457763672,28.8700008392334,29.010000228881836,18.858661651611328,4773600
2010-12-09,29.110000610351562,29.139999389648438,29.010000228881836,29.09000015258789,18.910669326782227,3764700
2010-12-10,29.139999389648438,29.239999771118164,29.100000381469727,29.139999389648438,18.943172454833984,3169500
2010-12-13,29.25,29.25,29.110000610351562,29.139999389648438,18.943172454833984,6420400
2010-12-14,29.190000534057617,29.34000015258789,29.18000030517578,29.280000686645508,19.03418731689453,4649200
2010-12-15,29.239999771118164,29.3799991607666,29.229999542236328,29.309999465942383,19.05368423461914,4278400
2010-12-16,29.360000610351562,29.579999923706055,29.229999542236328,29.56999969482422,19.22270393371582,7167000
2010-12-17,29.309999465942383,29.389999389648438,29.239999771118164,29.360000610351562,19.25287437438965,8089800
2010-12-20,29.440000534057617,29.440000534057617,29.280000686645508,29.329999923706055,19.23319435119629,5229100
2010-12-21,29.420000076293945,29.450000762939453,29.229999542236328,29.260000228881836,19.187292098999023,3154200
2010-12-22,29.270000457763672,29.389999389648438,29.25,29.389999389648438,19.272544860839844,2306300
2010-12-23,29.31999969482422,29.420000076293945,29.299999237060547,29.399999618530273,19.279096603393555,2979100
2010-12-27,29.34000015258789,29.34000015258789,29.260000228881836,29.260000228881836,19.187292098999023,1507700
2010-12-28,29.309999465942383,29.350000381469727,29.229999542236328,29.34000015258789,19.239755630493164,1965800
2010-12-29,29.3700008392334,29.399999618530273,29.309999465942383,29.350000381469727,19.246313095092773,2494600
2010-12-30,29.299999237060547,29.329999923706055,29.25,29.299999237060547,19.213525772094727,3825000
2010-12-31,29.290000915527344,29.3700008392334,29.229999542236328,29.309999465942383,19.22007942199707,3625100
2011-01-03,29.43000030517578,29.440000534057617,29.299999237060547,29.350000381469727,19.246313095092773,5257200
2011-01-04,29.329999923706055,29.350000381469727,29.170000076293945,29.270000457763672,19.193857192993164,5187300
2011-01-05,29.209999084472656,29.3700008392334,29.190000534057617,29.280000686645508,19.20041275024414,4492000
2011-01-06,29.280000686645508,29.299999237060547,29.100000381469727,29.18000030517578,19.13483238220215,5437600
2011-01-07,29.170000076293945,29.18000030517578,28.950000762939453,29.030000686645508,19.036468505859375,5449800
2011-01-10,28.979999542236328,29.079999923706055,28.93000030517578,29.049999237060547,19.049589157104492,4478600
2011-01-11,29.1299991607666,29.139999389648438,28.969999313354492,29.030000686645508,19.036468505859375,3442100
2011-01-12,29.170000076293945,29.31999969482422,29.09000015258789,29.270000457763672,19.193857192993164,4488000
2011-01-13,29.219999313354492,29.3700008392334,29.219999313354492,29.329999923706055,19.23319435119629,4779000
2011-01-14,29.290000915527344,29.360000610351562,29.260000228881836,29.329999923706055,19.23319435119629,4092500
2011-01-18,29.350000381469727,29.459999084472656,29.31999969482422,29.350000381469727,19.246313095092773,3321500
2011-01-19,29.3700008392334,29.40999984741211,29.209999084472656,29.290000915527344,19.206968307495117,5164100
2011-01-20,29.280000686645508,29.510000228881836,29.280000686645508,29.440000534057617,19.30533218383789,15486400
2011-01-21,29.530000686645508,29.59000015258789,29.40999984741211,29.489999771118164,19.338123321533203,4508200
2011-01-24,29.469999313354492,29.56999969482422,29.420000076293945,29.540000915527344,19.37090301513672,4953300
2011-01-25,29.520000457763672,29.670000076293945,29.479999542236328,29.639999389648438,19.436481475830078,9109700
2011-01-26,29.700000762939453,29.719999313354492,29.530000686645508,29.559999465942383,19.3840274810791,6028600
2011-01-27,29.399999618530273,29.440000534057617,29.190000534057617,29.260000228881836,19.187292098999023,15259800
2011-01-28,29.290000915527344,29.360000610351562,28.920000076293945,28.979999542236328,19.003681182861328,9732300
2011-01-31,28.959999084472656,29.010000228881836,28.799999237060547,28.8799991607666,18.938106536865234,6825400
2011-02-01,29.0,29.170000076293945,28.989999771118164,29.09000015258789,19.075815200805664,11645900
2011-02-02,29.0,29.059999465942383,28.889999389648438,28.979999542236328,19.003681182861328,8204900
2011-02-03,28.90999984741211,29.15999984741211,28.90999984741211,29.1299991607666,19.1020450592041,3302700
2011-02-04,29.15999984741211,29.31999969482422,29.079999923706055,29.299999237060547,19.213525772094727,4630900
2011-02-07,29.299999237060547,29.40999984741211,29.270000457763672,29.34000015258789,19.239755630493164,5262200
2011-02-08,29.350000381469727,29.5,29.299999237060547,29.479999542236328,19.331554412841797,3620200
2011-02-09,29.440000534057617,29.559999465942383,29.43000030517578,29.530000686645508,19.364347457885742,2587200
2011-02-10,29.469999313354492,29.540000915527344,29.290000915527344,29.420000076293945,19.292213439941406,5789200
2011-02-11,29.260000228881836,29.600000381469727,29.219999313354492,29.579999923706055,19.397130966186523,6764600
2011-02-14,29.5,29.56999969482422,29.389999389648438,29.450000762939453,19.311885833740234,5829000
2011-02-15,29.3700008392334,29.469999313354492,29.31999969482422,29.440000534057617,19.30533218383789,5229700
2011-02-16,29.450000762939453,29.540000915527344,29.420000076293945,29.520000457763672,19.357791900634766,4122200
2011-02-17,29.43000030517578,29.719999313354492,29.43000030517578,29.719999313354492,19.488941192626953,6706400
2011-02-18,29.770000457763672,29.81999969482422,29.6299991607666,29.799999237060547,19.541400909423828,5524400
2011-02-22,29.56999969482422,29.770000457763672,29.5,29.59000015258789,19.4036865234375,16824200
2011-02-23,29.59000015258789,29.670000076293945,29.489999771118164,29.520000457763672,19.357791900634766,7403100
2011-02-24,29.469999313354492,29.600000381469727,29.270000457763672,29.399999618530273,19.279096603393555,7415600
2011-02-25,29.450000762939453,29.549999237060547,29.399999618530273,29.549999237060547,19.377458572387695,4049200
2011-02-28,29.610000610351562,29.770000457763672,29.549999237060547,29.719999313354492,19.488941192626953,5388400
2011-03-01,29.84000015258789,29.889999389648438,29.469999313354492,29.489999771118164,19.338123321533203,6715400
2011-03-02,29.5,29.540000915527344,29.350000381469727,29.40999984741211,19.285663604736328,4991200
2011-03-03,29.559999465942383,29.780000686645508,29.520000457763672,29.709999084472656,19.48238754272461,9047000
2011-03-04,29.690000534057617,29.780000686645508,29.420000076293945,29.579999923706055,19.397130966186523,14030900
2011-03-07,29.690000534057617,29.690000534057617,29.420000076293945,29.5,19.344675064086914,14737500
2011-03-08,29.510000228881836,29.799999237060547,29.510000228881836,29.760000228881836,19.515165328979492,5786400
2011-03-09,29.709999084472656,29.959999084472656,29.690000534057617,29.90999984741211,19.613536834716797,14802600
2011-03-10,29.709999084472656,29.899999618530273,29.670000076293945,29.709999084472656,19.48238754272461,8262700
2011-03-11,29.59000015258789,29.809999465942383,29.559999465942383,29.729999542236328,19.495494842529297,7341500
2011-03-14,29.579999923706055,29.65999984741211,29.399999618530273,29.520000457763672,19.357791900634766,5810700
2011-03-15,29.06999969482422,29.360000610351562,29.010000228881836,29.260000228881836,19.187292098999023,12900900
2011-03-16,29.149999618530273,29.15999984741211,28.719999313354492,28.84000015258789,18.911874771118164,12979600
2011-03-17,29.110000610351562,29.170000076293945,28.889999389648438,28.979999542236328,19.003681182861328,7932800
2011-03-18,29.020000457763672,29.149999618530273,28.899999618530273,29.049999237060547,19.158004760742188,7203500
2011-03-21,29.219999313354492,29.459999084472656,29.200000762939453,29.40999984741211,19.395421981811523,5906100
2011-03-22,29.350000381469727,29.450000762939453,29.31999969482422,29.3700008392334,19.369033813476562,5466800
2011-03-23,29.299999237060547,29.469999313354492,29.239999771118164,29.420000076293945,19.40201759338379,5380700
2011-03-24,29.540000915527344,29.739999771118164,29.510000228881836,29.690000534057617,19.5800838470459,5221000
2011-03-25,29.709999084472656,29.770000457763672,29.670000076293945,29.690000534057617,19.5800838470459,4569200
2011-03-28,29.719999313354492,29.8700008392334,29.68000030517578,29.68000030517578,19.573482513427734,6117000
2011-03-29,29.68000030517578,29.829999923706055,29.639999389648438,29.81999969482422,19.665802001953125,3786100
2011-03-30,29.90999984741211,30.040000915527344,29.90999984741211,29.979999542236328,19.771326065063477,10207700
2011-03-31,29.940000534057617,30.020000457763672,29.920000076293945,29.920000076293945,19.731752395629883,4585100
2011-04-01,29.959999084472656,30.139999389648438,29.959999084472656,30.06999969482422,19.830684661865234,5194200
2011-04-04,30.139999389648438,30.149999618530273,30.059999465942383,30.1299991607666,19.8702449798584,2603500
2011-04-05,30.110000610351562,30.270000457763672,30.100000381469727,30.15999984741211,19.890029907226562,4440800
2011-04-06,30.260000228881836,30.350000381469727,30.219999313354492,30.299999237060547,19.98235511779785,6281100
2011-04-07,30.299999237060547,30.34000015258789,30.170000076293945,30.34000015258789,20.008737564086914,4327400
2011-04-08,30.43000030517578,30.43000030517578,30.15999984741211,30.25,19.949384689331055,7281700
2011-04-11,30.260000228881836,30.530000686645508,30.260000228881836,30.40999984741211,20.054899215698242,6793100
2011-04-12,30.260000228881836,30.559999465942383,30.260000228881836,30.510000228881836,20.120851516723633,9857400
2011-04-13,30.479999542236328,30.59000015258789,30.459999084472656,30.530000686645508,20.13404083251953,5309100
2011-04-14,30.40999984741211,30.770000457763672,30.40999984741211,30.709999084472656,20.25274085998535,6516300
2011-04-15,30.719999313354492,30.899999618530273,30.670000076293945,30.84000015258789,20.338481903076172,8840800
2011-04-18,30.610000610351562,30.739999771118164,30.540000915527344,30.670000076293945,20.226364135742188,10006400
2011-04-19,30.649999618530273,30.739999771118164,30.559999465942383,30.729999542236328,20.265932083129883,7268600
2011-04-20,30.920000076293945,30.989999771118164,30.8700008392334,30.889999389648438,20.37145233154297,6796700
2011-04-21,30.979999542236328,31.020000457763672,30.860000610351562,30.899999618530273,20.378042221069336,5639600
2011-04-25,30.860000610351562,30.8799991607666,30.709999084472656,30.81999969482422,20.32529067993164,6384000
2011-04-26,30.829999923706055,31.06999969482422,30.809999465942383,31.030000686645508,20.463777542114258,6700000
2011-04-27,31.09000015258789,31.270000457763672,31.06999969482422,31.229999542236328,20.595672607421875,7150800
2011-04-28,31.209999084472656,31.450000762939453,31.110000610351562,31.43000030517578,20.727567672729492,5723200
2011-04-29,31.479999542236328,31.56999969482422,31.43000030517578,31.520000457763672,20.786930084228516,16050400
2011-05-02,31.600000381469727,31.68000030517578,31.5,31.559999465942383,20.813308715820312,7724700
2011-05-03,31.489999771118164,31.670000076293945,31.479999542236328,31.639999389648438,20.866071701049805,10287600
2011-05-04,31.6200008392334,31.709999084472656,31.549999237060547,31.600000381469727,20.839691162109375,11416400
2011-05-05,31.56999969482422,31.610000610351562,31.280000686645508,31.360000610351562,20.681415557861328,17000000
2011-05-06,31.690000534057617,31.709999084472656,31.360000610351562,31.440000534057617,20.73417091369629,10133100
2011-05-09,31.389999389648438,31.59000015258789,31.389999389648438,31.549999237060547,20.806711196899414,5193200
2011-05-10,31.600000381469727,31.770000457763672,31.59000015258789,31.739999771118164,20.932016372680664,7614800
2011-05-11,31.739999771118164,31.850000381469727,31.59000015258789,31.68000030517578,20.892440795898438,7044700
2011-05-12,31.690000534057617,32.16999816894531,31.690000534057617,32.150001525878906,21.20240592956543,10342400
2011-05-13,32.06999969482422,32.2599983215332,32.02000045776367,32.11000061035156,21.176027297973633,6644100
2011-05-16,32.06999969482422,32.22999954223633,32.0,32.119998931884766,21.182613372802734,11341900
2011-05-17,32.08000183105469,32.27000045776367,32.02000045776367,32.189998626708984,21.22878074645996,13613600
2011-05-18,32.189998626708984,32.279998779296875,32.060001373291016,32.2400016784668,21.26175880432129,10312100
2011-05-19,32.31999969482422,32.43000030517578,32.220001220703125,32.41999816894531,21.380460739135742,11084300
2011-05-20,32.36000061035156,32.459999084472656,32.2400016784668,32.31999969482422,21.314510345458984,12311500
2011-05-23,32.060001373291016,32.189998626708984,32.029998779296875,32.099998474121094,21.16943359375,7600000
2011-05-24,32.15999984741211,32.15999984741211,32.040000915527344,32.06999969482422,21.1496524810791,7352200
2011-05-25,31.920000076293945,31.959999084472656,31.729999542236328,31.860000610351562,21.011152267456055,23021800
2011-05-26,31.829999923706055,31.969999313354492,31.68000030517578,31.90999984741211,21.044124603271484,8423200
2011-05-27,32.0,32.150001525878906,31.989999771118164,32.040000915527344,21.12985610961914,4347200
2011-05-31,32.209999084472656,32.33000183105469,32.119998931884766,32.310001373291016,21.307926177978516,7570100
2011-06-01,32.27000045776367,32.31999969482422,31.950000762939453,31.979999542236328,21.090288162231445,14211100
2011-06-02,31.93000030517578,31.979999542236328,31.5,31.610000610351562,20.846277236938477,11745700
2011-06-03,31.309999465942383,31.469999313354492,31.25,31.309999465942383,20.648433685302734,9226700
2011-06-06,31.229999542236328,31.290000915527344,31.139999389648438,31.149999618530273,20.542917251586914,6439100
2011-06-07,31.200000762939453,31.290000915527344,31.079999923706055,31.079999923706055,20.49675178527832,13196900
2011-06-08,31.040000915527344,31.149999618530273,30.959999084472656,31.100000381469727,20.509944915771484,8355300
2011-06-09,31.18000030517578,31.420000076293945,31.09000015258789,31.270000457763672,20.62205696105957,5887500
2011-06-10,31.1299991607666,31.219999313354492,30.889999389648438,30.90999984741211,20.3846378326416,10787000
2011-06-13,30.8799991607666,31.18000030517578,30.8700008392334,31.049999237060547,20.476970672607422,10001000
2011-06-14,31.270000457763672,31.479999542236328,31.190000534057617,31.3799991607666,20.69460678100586,10591800
2011-06-15,31.18000030517578,31.25,30.799999237060547,30.90999984741211,20.3846378326416,24775100
2011-06-16,30.93000030517578,31.219999313354492,30.90999984741211,31.15999984741211,20.549518585205078,10211000
2011-06-17,31.170000076293945,31.309999465942383,31.110000610351562,31.139999389648438,20.680339813232422,13061200
2011-06-20,31.1200008392334,31.43000030517578,31.059999465942383,31.3700008392334,20.83308982849121,8469200
2011-06-21,31.450000762939453,31.469999313354492,31.290000915527344,31.34000015258789,20.813159942626953,12758400
2011-06-22,31.260000228881836,31.290000915527344,31.1200008392334,31.139999389648438,20.680339813232422,9302800
2011-06-23,30.950000762939453,30.950000762939453,30.579999923706055,30.860000610351562,20.494396209716797,18618400
2011-06-24,30.8799991607666,30.90999984741211,30.56999969482422,30.610000610351562,20.328365325927734,8765000
2011-06-27,30.670000076293945,30.84000015258789,30.6299991607666,30.75,20.42133903503418,5039000
2011-06-28,30.829999923706055,30.860000610351562,30.739999771118164,30.809999465942383,20.46118927001953,19095900
2011-06-29,30.90999984741211,31.040000915527344,30.90999984741211,30.989999771118164,20.580732345581055,9806900
2011-06-30,30.989999771118164,31.25,30.989999771118164,31.229999542236328,20.74010467529297,10175700
2011-07-01,31.170000076293945,31.510000228881836,31.1200008392334,31.469999313354492,20.899490356445312,8450300
2011-07-05,31.450000762939453,31.56999969482422,31.399999618530273,31.459999084472656,20.89286231994629,7251600
2011-07-06,31.459999084472656,31.700000762939453,31.420000076293945,31.6299991607666,21.005754470825195,8706200
2011-07-07,31.899999618530273,31.920000076293945,31.790000915527344,31.850000381469727,21.151857376098633,7479900
2011-07-08,31.639999389648438,31.739999771118164,31.56999969482422,31.739999771118164,21.078807830810547,5743600
2011-07-11,31.549999237060547,31.579999923706055,31.420000076293945,31.510000228881836,20.926061630249023,8308600
2011-07-12,31.440000534057617,31.639999389648438,31.3700008392334,31.40999984741211,20.859651565551758,5628600
2011-07-13,31.559999465942383,31.56999969482422,31.329999923706055,31.40999984741211,20.859651565551758,5897100
2011-07-14,31.350000381469727,31.5,31.200000762939453,31.270000457763672,20.76667594909668,6827100
2011-07-15,31.3700008392334,31.3799991607666,31.139999389648438,31.360000610351562,20.826448440551758,10520300
2011-07-18,31.239999771118164,31.280000686645508,30.989999771118164,31.15999984741211,20.693628311157227,5921500
2011-07-19,31.280000686645508,31.649999618530273,31.239999771118164,31.59000015258789,20.97919273376465,8400700
2011-07-20,31.670000076293945,31.670000076293945,31.399999618530273,31.540000915527344,20.945981979370117,3812600
2011-07-21,31.670000076293945,31.860000610351562,31.600000381469727,31.799999237060547,21.118650436401367,6894500
2011-07-22,31.81999969482422,31.84000015258789,31.670000076293945,31.739999771118164,21.078807830810547,8006300
2011-07-25,31.489999771118164,31.59000015258789,31.40999984741211,31.450000762939453,20.886211395263672,5910100
2011-07-26,31.450000762939453,31.5,31.34000015258789,31.3700008392334,20.83308982849121,5398600
2011-07-27,31.309999465942383,31.329999923706055,30.979999542236328,31.030000686645508,20.607284545898438,7625400
2011-07-28,31.079999923706055,31.270000457763672,30.979999542236328,31.030000686645508,20.607284545898438,6844200
2011-07-29,30.790000915527344,31.100000381469727,30.770000457763672,30.829999923706055,20.474464416503906,12659700
2011-08-01,31.1200008392334,31.1200008392334,30.440000534057617,30.719999313354492,20.40142250061035,11186600
2011-08-02,30.450000762939453,30.610000610351562,30.290000915527344,30.31999969482422,20.135780334472656,12283100
2011-08-03,30.290000915527344,30.440000534057617,30.079999923706055,30.440000534057617,20.215463638305664,13508500
2011-08-04,30.200000762939453,30.34000015258789,29.450000762939453,29.489999771118164,19.584564208984375,18917200
2011-08-05,29.780000686645508,30.1299991607666,29.219999313354492,29.90999984741211,19.86349105834961,24268500
2011-08-08,29.450000762939453,29.799999237060547,28.700000762939453,28.780000686645508,19.113046646118164,25886700
2011-08-09,29.049999237060547,29.479999542236328,28.06999969482422,29.479999542236328,19.57792091369629,28746500
2011-08-10,29.100000381469727,29.139999389648438,28.309999465942383,28.350000381469727,18.827486038208008,22101900
2011-08-11,28.5,29.549999237060547,28.450000762939453,29.190000534057617,19.385330200195312,20124800
2011-08-12,29.489999771118164,29.68000030517578,29.209999084472656,29.540000915527344,19.617765426635742,12733300
2011-08-15,29.75,29.969999313354492,29.530000686645508,29.959999084472656,19.896697998046875,23864000
2011-08-16,29.829999923706055,30.15999984741211,29.770000457763672,30.030000686645508,19.94318199157715,13192800
2011-08-17,30.149999618530273,30.399999618530273,30.030000686645508,30.229999542236328,20.076005935668945,12507900
2011-08-18,29.739999771118164,29.940000534057617,29.329999923706055,29.690000534057617,19.717388153076172,17609500
2011-08-19,29.40999984741211,30.059999465942383,29.40999984741211,29.549999237060547,19.62441062927246,14881200
2011-08-22,29.93000030517578,30.010000228881836,29.549999237060547,29.639999389648438,19.68418312072754,8849500
2011-08-23,29.700000762939453,30.260000228881836,29.6200008392334,30.25,20.08928680419922,12722300
2011-08-24,30.18000030517578,30.399999618530273,30.079999923706055,30.3799991607666,20.175617218017578,12641800
2011-08-25,30.40999984741211,30.440000534057617,29.829999923706055,29.920000076293945,19.87013053894043,13771600
2011-08-26,29.860000610351562,30.270000457763672,29.350000381469727,30.170000076293945,20.036155700683594,9421300
2011-08-29,30.360000610351562,30.739999771118164,30.350000381469727,30.709999084472656,20.394777297973633,13124600
2011-08-30,30.6299991607666,30.950000762939453,30.479999542236328,30.790000915527344,20.44790267944336,10714600
2011-08-31,30.959999084472656,31.09000015258789,30.739999771118164,30.889999389648438,20.514310836791992,8987800
2011-09-01,30.899999618530273,31.139999389648438,30.739999771118164,30.780000686645508,20.441267013549805,11725100
2011-09-02,30.43000030517578,30.600000381469727,30.309999465942383,30.34000015258789,20.149057388305664,10867700
2011-09-06,29.719999313354492,30.280000686645508,29.6299991607666,30.219999313354492,20.069360733032227,11784300
2011-09-07,30.510000228881836,30.760000228881836,30.459999084472656,30.760000228881836,20.427980422973633,8986300
2011-09-08,30.639999389648438,30.989999771118164,30.579999923706055,30.68000030517578,20.374858856201172,6404100
2011-09-09,30.440000534057617,30.440000534057617,29.860000610351562,30.0,19.923255920410156,12023400
2011-09-12,29.579999923706055,30.079999923706055,29.559999465942383,30.030000686645508,19.94318199157715,10435500
2011-09-13,30.049999237060547,30.200000762939453,29.81999969482422,30.139999389648438,20.0162410736084,8857000
2011-09-14,30.190000534057617,30.780000686645508,30.040000915527344,30.5,20.255321502685547,12343400
2011-09-15,30.649999618530273,30.8700008392334,30.520000457763672,30.860000610351562,20.494396209716797,9792100
2011-09-16,30.780000686645508,30.920000076293945,30.690000534057617,30.84000015258789,20.62749671936035,12832500
2011-09-19,30.489999771118164,30.65999984741211,30.3799991607666,30.579999923706055,20.453588485717773,6738300
2011-09-20,30.639999389648438,30.969999313354492,30.559999465942383,30.639999389648438,20.493724822998047,7135800
2011-09-21,30.709999084472656,30.75,30.010000228881836,30.010000228881836,20.072345733642578,12112100
2011-09-22,29.31999969482422,29.579999923706055,29.170000076293945,29.440000534057617,19.69110107421875,19977700
2011-09-23,29.290000915527344,29.579999923706055,29.239999771118164,29.5,19.73122787475586,13093900
2011-09-26,29.649999618530273,30.06999969482422,29.530000686645508,30.06999969482422,20.11248016357422,12087800
2011-09-27,30.450000762939453,30.549999237060547,30.09000015258789,30.25,20.232868194580078,15290000
2011-09-28,30.309999465942383,30.360000610351562,29.639999389648438,29.68000030517578,19.851627349853516,12298000
2011-09-29,30.049999237060547,30.239999771118164,29.6200008392334,29.969999313354492,20.045591354370117,8661200
2011-09-30,29.770000457763672,30.09000015258789,29.6299991607666,29.65999984741211,19.838247299194336,14873200
2011-10-03,29.479999542236328,29.829999923706055,29.229999542236328,29.229999542236328,19.550640106201172,17137600
2011-10-04,28.950000762939453,29.520000457763672,28.700000762939453,29.510000228881836,19.737911224365234,15177200
2011-10-05,29.459999084472656,29.579999923706055,29.34000015258789,29.549999237060547,19.764667510986328,9942200
2011-10-06,29.610000610351562,29.920000076293945,29.440000534057617,29.899999618530273,19.998769760131836,9943700
2011-10-07,30.040000915527344,30.280000686645508,29.889999389648438,30.06999969482422,20.11248016357422,10812600
2011-10-10,30.309999465942383,30.540000915527344,30.299999237060547,30.540000915527344,20.426834106445312,5672200
2011-10-11,30.43000030517578,30.549999237060547,30.350000381469727,30.479999542236328,20.38671112060547,5435700
2011-10-12,30.610000610351562,30.899999618530273,30.600000381469727,30.719999313354492,20.5472354888916,7715400
2011-10-13,30.670000076293945,30.729999542236328,30.450000762939453,30.6299991607666,20.48703956604004,4139700
2011-10-14,30.860000610351562,30.920000076293945,30.700000762939453,30.8700008392334,20.647560119628906,4205100
2011-10-17,30.760000228881836,30.93000030517578,30.540000915527344,30.65999984741211,20.507102966308594,5765900
2011-10-18,30.6299991607666,31.1299991607666,30.399999618530273,30.889999389648438,20.66093635559082,14981300
2011-10-19,30.90999984741211,31.06999969482422,30.739999771118164,30.799999237060547,20.600736618041992,7398600
2011-10-20,30.8700008392334,31.100000381469727,30.780000686645508,30.969999313354492,20.714445114135742,6276700
2011-10-21,31.280000686645508,31.469999313354492,31.170000076293945,31.469999313354492,21.048870086669922,13734900
2011-10-24,31.479999542236328,31.479999542236328,31.18000030517578,31.25,20.901723861694336,9755200
2011-10-25,31.18000030517578,31.219999313354492,30.850000381469727,30.8799991607666,20.65424919128418,13392900
2011-10-26,31.18000030517578,31.219999313354492,30.760000228881836,31.190000534057617,20.86159324645996,5286200
2011-10-27,31.56999969482422,31.68000030517578,31.270000457763672,31.59000015258789,21.12913703918457,21683000
2011-10-28,31.450000762939453,31.579999923706055,31.34000015258789,31.510000228881836,21.075626373291016,11994500
2011-10-31,31.309999465942383,31.43000030517578,31.040000915527344,31.040000915527344,20.76126480102539,8271600
2011-11-01,30.530000686645508,30.799999237060547,30.459999084472656,30.5,20.400083541870117,18721200
2011-11-02,30.790000915527344,30.84000015258789,30.600000381469727,30.790000915527344,20.59405517578125,4854400
2011-11-03,31.030000686645508,31.190000534057617,30.889999389648438,31.170000076293945,20.84821319580078,5172100
2011-11-04,30.93000030517578,31.049999237060547,30.790000915527344,30.989999771118164,20.72782325744629,4886300
2011-11-07,31.0,31.25,30.829999923706055,31.25,20.901723861694336,4930100
2011-11-08,31.309999465942383,31.579999923706055,31.149999618530273,31.559999465942383,21.109073638916016,5827200
2011-11-09,31.170000076293945,31.170000076293945,30.700000762939453,30.81999969482422,20.614120483398438,6187700
2011-11-10,31.09000015258789,31.200000762939453,30.81999969482422,31.1200008392334,20.814775466918945,4501200
2011-11-11,31.299999237060547,31.520000457763672,31.299999237060547,31.479999542236328,21.055566787719727,3135400
2011-11-14,31.3799991607666,31.3799991607666,31.139999389648438,31.209999084472656,20.87497329711914,2725900
2011-11-15,31.190000534057617,31.450000762939453,31.139999389648438,31.360000610351562,20.97530746459961,6358400
2011-11-16,31.139999389648438,31.5,31.040000915527344,31.079999923706055,20.78801727294922,7333200
2011-11-17,30.950000762939453,31.229999542236328,30.770000457763672,30.969999313354492,20.714445114135742,6726800
2011-11-18,31.049999237060547,31.149999618530273,30.920000076293945,31.059999465942383,20.774641036987305,8138700
2011-11-21,30.739999771118164,30.829999923706055,30.450000762939453,30.559999465942383,20.440216064453125,21788100
2011-11-22,30.489999771118164,30.81999969482422,30.489999771118164,30.59000015258789,20.460283279418945,5769000
2011-11-23,30.3799991607666,30.469999313354492,30.190000534057617,30.260000228881836,20.239564895629883,5091300
2011-11-25,30.290000915527344,30.56999969482422,30.229999542236328,30.3700008392334,20.313133239746094,3223600
2011-11-28,30.770000457763672,30.889999389648438,30.68000030517578,30.850000381469727,20.634183883666992,6760300
2011-11-29,30.940000534057617,31.270000457763672,30.90999984741211,31.170000076293945,20.84821319580078,4812400
2011-11-30,31.649999618530273,31.93000030517578,31.6200008392334,31.899999618530273,21.336490631103516,7078000
2011-12-01,31.959999084472656,32.099998474121094,31.760000228881836,31.850000381469727,21.30303955078125,11693700
2011-12-02,32.0099983215332,32.04999923706055,31.739999771118164,31.739999771118164,21.229467391967773,5688600
2011-12-05,32.09000015258789,32.09000015258789,31.739999771118164,31.93000030517578,21.356550216674805,7178500
2011-12-06,31.899999618530273,32.11000061035156,31.829999923706055,31.969999313354492,21.38330078125,5993000
2011-12-07,31.93000030517578,32.15999984741211,31.770000457763672,32.04999923706055,21.43680763244629,5951300
2011-12-08,31.93000030517578,31.959999084472656,31.6299991607666,31.68000030517578,21.189327239990234,5215300
2011-12-09,31.829999923706055,32.060001373291016,31.770000457763672,32.0099983215332,21.410053253173828,3885100
2011-12-12,31.790000915527344,31.920000076293945,31.540000915527344,31.719999313354492,21.216083526611328,5890500
2011-12-13,31.899999618530273,31.989999771118164,31.3700008392334,31.649999618530273,21.169265747070312,6460700
2011-12-14,31.579999923706055,31.760000228881836,31.450000762939453,31.489999771118164,21.062252044677734,5653200
2011-12-15,31.610000610351562,31.8799991607666,31.600000381469727,31.809999465942383,21.276277542114258,7244100
2011-12-16,31.780000686645508,31.780000686645508,31.43000030517578,31.489999771118164,21.252662658691406,9366600
2011-12-19,31.530000686645508,31.770000457763672,31.299999237060547,31.360000610351562,21.164932250976562,4628900
2011-12-20,31.690000534057617,32.060001373291016,31.6299991607666,32.0099983215332,21.603609085083008,6064300
2011-12-21,31.860000610351562,32.400001525878906,31.860000610351562,32.349998474121094,21.83307456970215,8074800
2011-12-22,32.439998626708984,32.439998626708984,32.22999954223633,32.34000015258789,21.826330184936523,4135700
2011-12-23,32.349998474121094,32.61000061035156,32.31999969482422,32.56999969482422,21.981555938720703,5227700
2011-12-27,32.58000183105469,32.720001220703125,32.54999923706055,32.630001068115234,22.02204704284668,3918400
2011-12-28,32.66999816894531,32.66999816894531,32.41999816894531,32.470001220703125,21.914066314697266,3647100
2011-12-29,32.47999954223633,32.68000030517578,32.47999954223633,32.63999938964844,22.02880096435547,2933300
2011-12-30,32.560001373291016,32.61000061035156,32.459999084472656,32.4900016784668,21.927568435668945,2935100
2012-01-03,32.689998626708984,32.779998779296875,32.45000076293945,32.459999084472656,21.907312393188477,20757900
2012-01-04,32.400001525878906,32.45000076293945,32.290000915527344,32.38999938964844,21.860074996948242,6855200
2012-01-05,32.33000183105469,32.400001525878906,32.16999816894531,32.369998931884766,21.846582412719727,4563000
2012-01-06,32.41999816894531,32.41999816894531,32.099998474121094,32.15999984741211,21.70484161376953,6365900
2012-01-09,32.2400016784668,32.25,32.119998931884766,32.209999084472656,21.73859214782715,3304900
2012-01-10,32.439998626708984,32.439998626708984,32.290000915527344,32.31999969482422,21.812829971313477,5053600
2012-01-11,32.18000030517578,32.279998779296875,32.099998474121094,32.18000030517578,21.718347549438477,5384000
2012-01-12,32.2599983215332,32.31999969482422,32.08000183105469,32.16999816894531,21.711585998535156,4733100
2012-01-13,32.09000015258789,32.18000030517578,31.940000534057617,32.13999938964844,21.691347122192383,5589000
2012-01-17,32.40999984741211,32.41999816894531,32.2599983215332,32.2599983215332,21.7723388671875,6746500
2012-01-18,32.25,32.36000061035156,32.18000030517578,32.33000183105469,21.819578170776367,5147100
2012-01-19,32.36000061035156,32.459999084472656,32.220001220703125,32.38999938964844,21.860074996948242,5962200
2012-01-20,32.34000015258789,32.45000076293945,32.2400016784668,32.400001525878906,21.8668212890625,11017800
2012-01-23,32.310001373291016,32.400001525878906,32.209999084472656,32.369998931884766,21.846582412719727,21798800
2012-01-24,32.209999084472656,32.27000045776367,32.15999984741211,32.189998626708984,21.72509765625,5885300
2012-01-25,32.09000015258789,32.599998474121094,32.06999969482422,32.560001373291016,21.974811553955078,7762100
2012-01-26,32.650001525878906,32.709999084472656,32.349998474121094,32.439998626708984,21.893823623657227,6762500
2012-01-27,32.29999923706055,32.400001525878906,32.099998474121094,32.220001220703125,21.745346069335938,5682200
2012-01-30,32.08000183105469,32.119998931884766,31.889999389648438,32.0099983215332,21.603609085083008,9643100
2012-01-31,32.15999984741211,32.16999816894531,31.84000015258789,32.029998779296875,21.61711311340332,5873600
2012-02-01,32.15999984741211,32.40999984741211,32.15999984741211,32.2599983215332,21.7723388671875,9539000
2012-02-02,32.310001373291016,32.40999984741211,32.27000045776367,32.380001068115234,21.853330612182617,5452400
2012-02-03,32.47999954223633,32.650001525878906,32.40999984741211,32.47999954223633,21.920818328857422,6662400
2012-02-06,32.40999984741211,32.529998779296875,32.369998931884766,32.459999084472656,21.907312393188477,7380000
2012-02-07,32.380001068115234,32.58000183105469,32.369998931884766,32.4900016784668,21.927568435668945,11209400
2012-02-08,32.58000183105469,32.58000183105469,32.380001068115234,32.5,21.93431282043457,4694700
2012-02-09,32.529998779296875,32.720001220703125,32.459999084472656,32.68000030517578,22.05579376220703,5976200
2012-02-10,32.52000045776367,32.61000061035156,32.47999954223633,32.61000061035156,22.00855255126953,4576400
2012-02-13,32.709999084472656,32.790000915527344,32.68000030517578,32.75,22.10304069519043,5427400
2012-02-14,32.619998931884766,32.849998474121094,32.619998931884766,32.83000183105469,22.157032012939453,4678700
2012-02-15,32.91999816894531,33.0,32.72999954223633,32.81999969482422,22.150285720825195,5330400
2012-02-16,32.84000015258789,33.06999969482422,32.81999969482422,33.029998779296875,22.29201316833496,4185900
2012-02-17,33.099998474121094,33.20000076293945,32.9900016784668,33.060001373291016,22.312259674072266,3526000
2012-02-21,33.06999969482422,33.06999969482422,32.81999969482422,32.869998931884766,22.184030532836914,5558000
2012-02-22,32.869998931884766,32.880001068115234,32.70000076293945,32.779998779296875,22.123287200927734,3682400
2012-02-23,32.709999084472656,33.0,32.70000076293945,32.95000076293945,22.238021850585938,4280000
2012-02-24,33.0,33.08000183105469,32.970001220703125,33.060001373291016,22.312259674072266,4660400
2012-02-27,32.95000076293945,33.119998931884766,32.849998474121094,33.060001373291016,22.312259674072266,5540300
2012-02-28,33.06999969482422,33.18000030517578,33.0099983215332,33.16999816894531,22.386497497558594,4875800
2012-02-29,33.13999938964844,33.349998474121094,33.130001068115234,33.22999954223633,22.42699432373047,12843400
2012-03-01,33.25,33.29999923706055,32.869998931884766,33.18000030517578,22.393239974975586,7825200
2012-03-02,33.150001525878906,33.279998779296875,33.130001068115234,33.209999084472656,22.41349220275879,4036500
2012-03-05,33.189998626708984,33.40999984741211,33.18000030517578,33.36000061035156,22.51472282409668,6070600
2012-03-06,33.15999984741211,33.27000045776367,33.06999969482422,33.08000183105469,22.32575798034668,9765800
2012-03-07,33.150001525878906,33.16999816894531,32.97999954223633,33.130001068115234,22.35950469970703,7278800
2012-03-08,33.2400016784668,33.400001525878906,33.2400016784668,33.36000061035156,22.51472282409668,5795400
2012-03-09,33.369998931884766,33.4900016784668,33.310001373291016,33.470001220703125,22.58897590637207,5234200
2012-03-12,33.38999938964844,33.63999938964844,33.38999938964844,33.59000015258789,22.669958114624023,7409600
2012-03-13,33.689998626708984,33.84000015258789,33.630001068115234,33.84000015258789,22.838685989379883,5126200
2012-03-14,33.79999923706055,33.84000015258789,33.66999816894531,33.7400016784668,22.77119255065918,5727500
2012-03-15,33.709999084472656,33.81999969482422,33.630001068115234,33.79999923706055,22.811689376831055,5293400
2012-03-16,33.689998626708984,33.689998626708984,33.54999923706055,33.599998474121094,22.7967586517334,5354200
2012-03-19,33.58000183105469,33.65999984741211,33.4900016784668,33.619998931884766,22.810340881347656,4210100
2012-03-20,33.47999954223633,33.65999984741211,33.45000076293945,33.599998474121094,22.7967586517334,4792900
2012-03-21,33.560001373291016,33.720001220703125,33.540000915527344,33.650001525878906,22.830684661865234,4171100
2012-03-22,33.58000183105469,33.7400016784668,33.47999954223633,33.68000030517578,22.851036071777344,5471000
2012-03-23,33.720001220703125,33.77000045776367,33.599998474121094,33.7599983215332,22.905317306518555,3105900
2012-03-26,33.81999969482422,34.02000045776367,33.79999923706055,33.9900016784668,23.061370849609375,5562300
2012-03-27,34.099998474121094,34.130001068115234,33.959999084472656,33.970001220703125,23.047792434692383,3310600
2012-03-28,33.95000076293945,33.97999954223633,33.79999923706055,33.88999938964844,22.99351692199707,3537200
2012-03-29,33.779998779296875,33.900001525878906,33.63999938964844,33.880001068115234,22.98672866821289,5045100
2012-03-30,33.95000076293945,34.150001525878906,33.91999816894531,34.08000183105469,23.12242889404297,3775800
2012-04-02,34.08000183105469,34.41999816894531,34.08000183105469,34.349998474121094,23.30561637878418,9978900
2012-04-03,34.2400016784668,34.349998474121094,34.029998779296875,34.15999984741211,23.176708221435547,4460900
2012-04-04,34.0,34.20000076293945,33.97999954223633,34.04999923706055,23.102067947387695,5436200
2012-04-05,33.97999954223633,34.06999969482422,33.880001068115234,34.04999923706055,23.102067947387695,4562600
2012-04-09,33.7599983215332,33.81999969482422,33.70000076293945,33.7400016784668,22.89174461364746,2747700
2012-04-10,33.70000076293945,33.709999084472656,33.41999816894531,33.439998626708984,22.68820571899414,7105400
2012-04-11,33.619998931884766,33.7400016784668,33.5099983215332,33.61000061035156,22.803544998168945,14575600
2012-04-12,33.58000183105469,33.65999984741211,33.470001220703125,33.630001068115234,22.817119598388672,2666500
2012-04-13,33.59000015258789,33.810001373291016,33.59000015258789,33.630001068115234,22.817119598388672,5539400
2012-04-16,33.7400016784668,33.880001068115234,33.63999938964844,33.77000045776367,22.91209602355957,5805600
2012-04-17,33.97999954223633,34.20000076293945,33.90999984741211,34.11000061035156,23.14278793334961,5715900
2012-04-18,34.060001373291016,34.18000030517578,34.0099983215332,34.11000061035156,23.14278793334961,6363000
2012-04-19,34.15999984741211,34.15999984741211,33.869998931884766,34.0,23.06814956665039,6954000
2012-04-20,34.08000183105469,34.369998931884766,34.029998779296875,34.310001373291016,23.278480529785156,5243400
2012-04-23,34.0,34.02000045776367,33.70000076293945,33.779998779296875,22.91889190673828,5378200
2012-04-24,33.86000061035156,33.959999084472656,33.7599983215332,33.790000915527344,22.92566680908203,5679500
2012-04-25,33.900001525878906,34.08000183105469,33.86000061035156,34.0099983215332,23.074932098388672,5500500
2012-04-26,34.04999923706055,34.38999938964844,34.0,34.31999969482422,23.285266876220703,4135100
2012-04-27,34.31999969482422,34.369998931884766,34.25,34.27000045776367,23.251344680786133,4944100
2012-04-30,34.2400016784668,34.2400016784668,34.099998474121094,34.18000030517578,23.19028091430664,5605200
2012-05-01,34.18000030517578,34.40999984741211,34.09000015258789,34.27000045776367,23.251344680786133,5091000
2012-05-02,34.2599983215332,34.400001525878906,34.15999984741211,34.29999923706055,23.27169418334961,10755000
2012-05-03,34.349998474121094,34.439998626708984,34.2599983215332,34.349998474121094,23.30561637878418,2322700
2012-05-04,34.31999969482422,34.369998931884766,34.08000183105469,34.08000183105469,23.12242889404297,4985200
2012-05-07,34.0,34.20000076293945,34.0,34.130001068115234,23.156360626220703,4204700
2012-05-08,33.97999954223633,34.099998474121094,33.900001525878906,34.04999923706055,23.102067947387695,8638300
2012-05-09,33.900001525878906,34.099998474121094,33.779998779296875,33.880001068115234,22.98672866821289,6840000
2012-05-10,34.040000915527344,34.220001220703125,34.040000915527344,34.119998931884766,23.149564743041992,3172100
2012-05-11,34.04999923706055,34.220001220703125,34.0,34.029998779296875,23.088504791259766,3289600
2012-05-14,33.849998474121094,34.0099983215332,33.75,33.88999938964844,22.99351692199707,6938000
2012-05-15,33.810001373291016,34.06999969482422,33.790000915527344,33.849998474121094,22.96637535095215,3297400
2012-05-16,33.90999984741211,34.08000183105469,33.880001068115234,33.959999084472656,23.041004180908203,4610600
2012-05-17,33.9900016784668,34.040000915527344,33.709999084472656,33.720001220703125,22.878177642822266,5267000
2012-05-18,33.77000045776367,33.810001373291016,33.45000076293945,33.52000045776367,22.74248504638672,7303300
2012-05-21,33.619998931884766,33.66999816894531,33.41999816894531,33.650001525878906,22.830684661865234,4945000
2012-05-22,33.650001525878906,33.81999969482422,33.58000183105469,33.689998626708984,22.857826232910156,4275500
2012-05-23,33.619998931884766,33.70000076293945,33.36000061035156,33.599998474121094,22.7967586517334,6277500
2012-05-24,33.63999938964844,33.93000030517578,33.630001068115234,33.91999816894531,23.013872146606445,6473200
2012-05-25,33.93000030517578,34.029998779296875,33.81999969482422,33.88999938964844,22.99351692199707,2864500
2012-05-29,33.970001220703125,34.130001068115234,33.93000030517578,34.130001068115234,23.156360626220703,3345400
2012-05-30,33.970001220703125,34.02000045776367,33.779998779296875,33.849998474121094,22.96637535095215,3231600
2012-05-31,33.88999938964844,33.970001220703125,33.689998626708984,33.779998779296875,22.91889190673828,5125900
2012-06-01,33.459999084472656,33.529998779296875,33.130001068115234,33.15999984741211,22.49823570251465,14138900
2012-06-04,33.16999816894531,33.290000915527344,33.04999923706055,33.27000045776367,22.572858810424805,3855700
2012-06-05,33.20000076293945,33.27000045776367,33.06999969482422,33.22999954223633,22.54572868347168,4985100
2012-06-06,33.310001373291016,33.689998626708984,33.310001373291016,33.68000030517578,22.851036071777344,5551700
2012-06-07,33.939998626708984,33.939998626708984,33.72999954223633,33.79999923706055,22.93246078491211,4819500
2012-06-08,33.779998779296875,34.09000015258789,33.77000045776367,34.09000015258789,23.12921714782715,4117600
2012-06-11,34.2400016784668,34.2400016784668,33.88999938964844,33.93000030517578,23.02065658569336,5824500
2012-06-12,33.939998626708984,34.11000061035156,33.84000015258789,34.09000015258789,23.12921714782715,4685300
2012-06-13,34.02000045776367,34.25,33.959999084472656,34.040000915527344,23.095293045043945,5569400
2012-06-14,34.099998474121094,34.619998931884766,34.099998474121094,34.5099983215332,23.4141788482666,7900400
2012-06-15,34.41999816894531,34.459999084472656,34.279998779296875,34.33000183105469,23.452428817749023,6792300
2012-06-18,34.34000015258789,34.470001220703125,34.2400016784668,34.41999816894531,23.5139102935791,3234800
2012-06-19,34.470001220703125,34.540000915527344,34.349998474121094,34.38999938964844,23.493417739868164,14235400
2012-06-20,34.310001373291016,34.310001373291016,33.9900016784668,34.209999084472656,23.370452880859375,7006600
2012-06-21,34.22999954223633,34.290000915527344,33.790000915527344,33.810001373291016,23.097192764282227,7127800
2012-06-22,33.939998626708984,34.0099983215332,33.88999938964844,33.90999984741211,23.165508270263672,4075300
2012-06-25,33.779998779296875,33.810001373291016,33.619998931884766,33.70000076293945,23.02204704284668,5722100
2012-06-26,33.79999923706055,33.869998931884766,33.63999938964844,33.779998779296875,23.076704025268555,4592400
2012-06-27,33.88999938964844,34.040000915527344,33.779998779296875,33.97999954223633,23.213327407836914,3772500
2012-06-28,33.83000183105469,34.150001525878906,33.689998626708984,34.130001068115234,23.31580924987793,5746400
2012-06-29,34.5,34.77000045776367,34.380001068115234,34.77000045776367,23.75301170349121,8008000
2012-07-02,34.630001068115234,35.0,34.630001068115234,34.970001220703125,23.8896427154541,8832500
2012-07-03,34.9900016784668,35.13999938964844,34.88999938964844,35.130001068115234,23.99894905090332,2151900
2012-07-05,35.08000183105469,35.11000061035156,34.939998626708984,35.0,23.910139083862305,4472400
2012-07-06,34.83000183105469,34.9900016784668,34.790000915527344,34.959999084472656,23.882816314697266,3676700
2012-07-09,34.9900016784668,34.9900016784668,34.810001373291016,34.91999816894531,23.855485916137695,5359000
2012-07-10,35.04999923706055,35.11000061035156,34.880001068115234,34.959999084472656,23.882816314697266,5276700
2012-07-11,35.029998779296875,35.029998779296875,34.77000045776367,34.90999984741211,23.84865379333496,6852900
2012-07-12,34.849998474121094,35.04999923706055,34.790000915527344,34.939998626708984,23.8691463470459,6885100
2012-07-13,35.040000915527344,35.349998474121094,34.95000076293945,35.33000183105469,24.135574340820312,4999500
2012-07-16,35.2400016784668,35.310001373291016,35.119998931884766,35.150001525878906,24.01261329650879,3956200
2012-07-17,35.2400016784668,35.380001068115234,35.02000045776367,35.29999923706055,24.115074157714844,6212300
2012-07-18,35.290000915527344,35.349998474121094,35.22999954223633,35.310001373291016,24.121917724609375,4904100
2012-07-19,35.380001068115234,35.400001525878906,35.11000061035156,35.2599983215332,24.08775520324707,5982800
2012-07-20,35.09000015258789,35.16999816894531,34.93000030517578,35.040000915527344,23.937461853027344,6919600
2012-07-23,34.79999923706055,34.83000183105469,34.63999938964844,34.7400016784668,23.73251724243164,6449600
2012-07-24,34.810001373291016,34.810001373291016,34.45000076293945,34.630001068115234,23.657379150390625,3924200
2012-07-25,34.720001220703125,34.7599983215332,34.56999969482422,34.63999938964844,23.664201736450195,5133400
2012-07-26,34.95000076293945,35.27000045776367,34.95000076293945,35.209999084472656,24.05359649658203,5811600
2012-07-27,35.29999923706055,35.72999954223633,35.22999954223633,35.61000061035156,24.326860427856445,6313800
2012-07-30,35.61000061035156,35.810001373291016,35.529998779296875,35.790000915527344,24.449825286865234,5766800
2012-07-31,35.81999969482422,35.81999969482422,35.630001068115234,35.630001068115234,24.340524673461914,5052000
2012-08-01,35.790000915527344,35.790000915527344,35.380001068115234,35.45000076293945,24.217552185058594,8705500
2012-08-02,35.2599983215332,35.400001525878906,35.02000045776367,35.15999984741211,24.019437789916992,6016100
2012-08-03,35.5,35.810001373291016,35.5,35.75,24.422496795654297,7232300
2012-08-06,35.88999938964844,35.95000076293945,35.70000076293945,35.72999954223633,24.408836364746094,4097300
2012-08-07,35.869998931884766,35.869998931884766,35.540000915527344,35.540000915527344,24.279041290283203,6347800
2012-08-08,35.58000183105469,35.81999969482422,35.52000045776367,35.790000915527344,24.449825286865234,4813500
2012-08-09,35.7400016784668,35.7599983215332,35.599998474121094,35.63999938964844,24.34735107421875,3255000
2012-08-10,35.56999969482422,35.650001525878906,35.470001220703125,35.630001068115234,24.340524673461914,3044900
2012-08-13,35.630001068115234,35.63999938964844,35.5099983215332,35.619998931884766,24.333681106567383,4432300
2012-08-14,35.779998779296875,35.810001373291016,35.65999984741211,35.7599983215332,24.429325103759766,4092000
2012-08-15,35.83000183105469,35.880001068115234,35.709999084472656,35.779998779296875,24.4429931640625,2833400
2012-08-16,35.720001220703125,35.869998931884766,35.619998931884766,35.869998931884766,24.504480361938477,4111200
2012-08-17,35.86000061035156,35.93000030517578,35.810001373291016,35.900001525878906,24.52496910095215,4605400
2012-08-20,35.849998474121094,35.90999984741211,35.7599983215332,35.900001525878906,24.52496910095215,5377500
2012-08-21,35.939998626708984,36.0,35.65999984741211,35.68000030517578,24.374675750732422,6429800
2012-08-22,35.650001525878906,35.70000076293945,35.5,35.56999969482422,24.299530029296875,3998800
2012-08-23,35.560001373291016,35.58000183105469,35.27000045776367,35.290000915527344,24.108259201049805,5382400
2012-08-24,35.27000045776367,35.650001525878906,35.2400016784668,35.599998474121094,24.320022583007812,6677800
2012-08-27,35.650001525878906,35.720001220703125,35.56999969482422,35.650001525878906,24.35418128967285,3317500
2012-08-28,35.650001525878906,35.779998779296875,35.560001373291016,35.66999816894531,24.36784553527832,5877100
2012-08-29,35.66999816894531,35.7599983215332,35.59000015258789,35.59000015258789,24.31319808959961,3848700
2012-08-30,35.54999923706055,35.54999923706055,35.41999816894531,35.45000076293945,24.217552185058594,4805300
2012-08-31,35.599998474121094,35.72999954223633,35.459999084472656,35.459999084472656,24.224388122558594,8650900
2012-09-04,35.5099983215332,35.7400016784668,35.470001220703125,35.66999816894531,24.36784553527832,5943000
2012-09-05,35.689998626708984,35.720001220703125,35.560001373291016,35.61000061035156,24.326860427856445,4505000
2012-09-06,35.70000076293945,36.060001373291016,35.70000076293945,36.04999923706055,24.62744903564453,4791800
2012-09-07,35.97999954223633,36.06999969482422,35.689998626708984,35.7599983215332,24.429325103759766,6167600
2012-09-10,35.720001220703125,35.779998779296875,35.630001068115234,35.720001220703125,24.40200424194336,7045500
2012-09-11,35.709999084472656,35.72999954223633,35.599998474121094,35.61000061035156,24.326860427856445,4499700
2012-09-12,35.63999938964844,35.70000076293945,35.400001525878906,35.41999816894531,24.197052001953125,9593200
2012-09-13,35.40999984741211,36.11000061035156,35.40999984741211,36.04999923706055,24.62744903564453,9155900
2012-09-14,35.9900016784668,36.09000015258789,35.720001220703125,35.779998779296875,24.4429931640625,10535800
2012-09-17,35.779998779296875,35.959999084472656,35.7400016784668,35.880001068115234,24.51131248474121,5369700
2012-09-18,35.900001525878906,36.13999938964844,35.81999969482422,36.08000183105469,24.647947311401367,4888200
2012-09-19,36.11000061035156,36.27000045776367,36.029998779296875,36.18000030517578,24.71624755859375,17987300
2012-09-20,36.13999938964844,36.400001525878906,36.11000061035156,36.380001068115234,24.852890014648438,7029000
2012-09-21,36.2400016784668,36.27000045776367,35.959999084472656,35.959999084472656,24.73935317993164,8846200
2012-09-24,35.880001068115234,36.130001068115234,35.77000045776367,36.08000183105469,24.821935653686523,6189300
2012-09-25,36.11000061035156,36.22999954223633,35.81999969482422,35.83000183105469,24.649930953979492,3766200
2012-09-26,35.81999969482422,35.9900016784668,35.79999923706055,35.83000183105469,24.649930953979492,4846200
2012-09-27,35.88999938964844,36.02000045776367,35.75,35.95000076293945,24.732484817504883,4990900
2012-09-28,35.810001373291016,35.88999938964844,35.650001525878906,35.83000183105469,24.649930953979492,5648600
2012-10-01,35.84000015258789,36.209999084472656,35.84000015258789,36.060001373291016,24.808162689208984,5443700
2012-10-02,36.13999938964844,36.29999923706055,35.95000076293945,36.09000015258789,24.828798294067383,7288400
2012-10-03,36.130001068115234,36.349998474121094,36.02000045776367,36.20000076293945,24.90447425842285,8157500
2012-10-04,36.31999969482422,36.4900016784668,36.25,36.369998931884766,25.021421432495117,4704400
2012-10-05,36.470001220703125,36.59000015258789,36.400001525878906,36.5099983215332,25.117740631103516,4746500
2012-10-08,36.43000030517578,36.47999954223633,36.36000061035156,36.400001525878906,25.042078018188477,3024700
2012-10-09,36.29999923706055,36.41999816894531,36.040000915527344,36.04999923706055,24.801288604736328,6898800
2012-10-10,36.11000061035156,36.22999954223633,35.869998931884766,35.900001525878906,24.698087692260742,4800000
2012-10-11,36.08000183105469,36.099998474121094,35.810001373291016,35.81999969482422,24.64305305480957,4780500
2012-10-12,35.93000030517578,36.04999923706055,35.79999923706055,35.849998474121094,24.66368293762207,3637800
2012-10-15,35.93000030517578,36.11000061035156,35.84000015258789,36.09000015258789,24.828798294067383,3933300
2012-10-16,36.18000030517578,36.2400016784668,36.060001373291016,36.18000030517578,24.890718460083008,4171800
2012-10-17,36.209999084472656,36.459999084472656,36.209999084472656,36.34000015258789,25.000791549682617,5464500
2012-10-18,36.2400016784668,36.25,36.060001373291016,36.13999938964844,24.863201141357422,7520100
2012-10-19,36.119998931884766,36.150001525878906,35.650001525878906,35.709999084472656,24.56736946105957,4963800
2012-10-22,35.66999816894531,35.7599983215332,35.47999954223633,35.72999954223633,24.581134796142578,5963700
2012-10-23,35.47999954223633,35.5099983215332,35.13999938964844,35.25,24.250917434692383,5008200
2012-10-24,35.27000045776367,35.41999816894531,35.189998626708984,35.25,24.250917434692383,4127600
2012-10-25,35.47999954223633,35.59000015258789,35.33000183105469,35.470001220703125,24.402254104614258,5155400
2012-10-26,35.4900016784668,35.4900016784668,35.22999954223633,35.349998474121094,24.3197021484375,4537900
2012-10-31,35.61000061035156,35.709999084472656,35.25,35.38999938964844,24.34722137451172,10607600
2012-11-01,35.459999084472656,35.599998474121094,35.380001068115234,35.40999984741211,24.36098289489746,4944200
2012-11-02,35.529998779296875,35.61000061035156,35.16999816894531,35.20000076293945,24.216506958007812,4617800
2012-11-05,35.08000183105469,35.220001220703125,34.97999954223633,35.13999938964844,24.175235748291016,9441200
2012-11-06,35.20000076293945,35.5099983215332,35.18000030517578,35.400001525878906,24.354101181030273,3443400
2012-11-07,35.20000076293945,35.310001373291016,34.810001373291016,34.97999954223633,24.065155029296875,6083400
2012-11-08,34.95000076293945,35.060001373291016,34.59000015258789,34.599998474121094,23.803726196289062,7502200
2012-11-09,34.5,34.849998474121094,34.459999084472656,34.599998474121094,23.803726196289062,6354300
2012-11-12,34.599998474121094,34.709999084472656,34.540000915527344,34.599998474121094,23.803726196289062,3303200
2012-11-13,34.470001220703125,34.849998474121094,34.470001220703125,34.58000183105469,23.78996467590332,4295500
2012-11-14,34.650001525878906,34.68000030517578,34.13999938964844,34.20000076293945,23.52854347229004,8883900
2012-11-15,34.11000061035156,34.22999954223633,33.959999084472656,34.189998626708984,23.521652221679688,6756700
2012-11-16,34.11000061035156,34.45000076293945,34.08000183105469,34.40999984741211,23.67301368713379,7026400
2012-11-19,34.59000015258789,34.97999954223633,34.59000015258789,34.970001220703125,24.058279037475586,8628300
2012-11-20,34.9900016784668,35.11000061035156,34.810001373291016,35.099998474121094,24.147714614868164,5457900
2012-11-21,35.20000076293945,35.20000076293945,35.02000045776367,35.150001525878906,24.18212127685547,3737000
2012-11-23,35.22999954223633,35.68000030517578,35.22999954223633,35.66999816894531,24.539852142333984,3058300
2012-11-26,35.5,35.52000045776367,35.310001373291016,35.40999984741211,24.36098289489746,4365100
2012-11-27,35.45000076293945,35.599998474121094,35.349998474121094,35.380001068115234,24.340347290039062,3345100
2012-11-28,35.36000061035156,35.7400016784668,35.2599983215332,35.720001220703125,24.574254989624023,6404400
2012-11-29,35.70000076293945,35.959999084472656,35.689998626708984,35.90999984741211,24.704957962036133,14167900
2012-11-30,35.88999938964844,36.06999969482422,35.84000015258789,36.040000915527344,24.794395446777344,5690600
2012-12-03,36.0099983215332,36.11000061035156,35.880001068115234,35.900001525878906,24.698087692260742,8409400
2012-12-04,35.84000015258789,35.95000076293945,35.7599983215332,35.83000183105469,24.649930953979492,5125200
2012-12-05,35.81999969482422,36.04999923706055,35.709999084472656,35.88999938964844,24.691211700439453,6201900
2012-12-06,35.970001220703125,36.0099983215332,35.869998931884766,35.93000030517578,24.718725204467773,4850100
2012-12-07,36.06999969482422,36.189998626708984,35.970001220703125,36.18000030517578,24.890718460083008,4591500
2012-12-10,36.099998474121094,36.2400016784668,36.099998474121094,36.13999938964844,24.863201141357422,7959100
2012-12-11,36.27000045776367,36.45000076293945,36.11000061035156,36.15999984741211,24.876951217651367,4862100
2012-12-12,36.279998779296875,36.290000915527344,36.04999923706055,36.08000183105469,24.821935653686523,4649300
2012-12-13,36.189998626708984,36.22999954223633,35.939998626708984,36.02000045776367,24.7806453704834,4965200
2012-12-14,35.93000030517578,36.099998474121094,35.91999816894531,35.959999084472656,24.73935317993164,2437100
2012-12-17,36.040000915527344,36.119998931884766,35.91999816894531,36.040000915527344,24.794395446777344,6632800
2012-12-18,35.970001220703125,36.130001068115234,35.779998779296875,36.029998779296875,24.787517547607422,8219000
2012-12-19,36.08000183105469,36.099998474121094,35.66999816894531,35.66999816894531,24.539852142333984,16482200
2012-12-20,35.72999954223633,35.88999938964844,35.630001068115234,35.869998931884766,24.677446365356445,5870700
2012-12-21,35.18000030517578,35.43000030517578,34.939998626708984,35.16999816894531,24.467348098754883,8263800
2012-12-24,35.04999923706055,35.09000015258789,34.9900016784668,35.060001373291016,24.390830993652344,4714600
2012-12-26,35.04999923706055,35.08000183105469,34.70000076293945,34.7599983215332,24.182125091552734,11087600
2012-12-27,34.7599983215332,34.900001525878906,34.560001373291016,34.81999969482422,24.223859786987305,6488000
2012-12-28,34.630001068115234,34.810001373291016,34.45000076293945,34.45000076293945,23.966447830200195,15265500
2012-12-31,34.380001068115234,34.900001525878906,34.33000183105469,34.900001525878906,24.279512405395508,17879100
2013-01-02,35.400001525878906,35.810001373291016,35.290000915527344,35.79999923706055,24.905635833740234,10813900
2013-01-03,35.75,35.81999969482422,35.61000061035156,35.709999084472656,24.843021392822266,6537300
2013-01-04,35.66999816894531,35.869998931884766,35.66999816894531,35.810001373291016,24.912595748901367,5942500
2013-01-07,35.7599983215332,35.790000915527344,35.470001220703125,35.56999969482422,24.745622634887695,3029900
2013-01-08,35.54999923706055,35.54999923706055,35.40999984741211,35.470001220703125,24.67605972290039,4506100
2013-01-09,35.560001373291016,35.630001068115234,35.47999954223633,35.54999923706055,24.731708526611328,4310400
2013-01-10,35.65999984741211,35.779998779296875,35.58000183105469,35.7599983215332,24.8778076171875,4083300
2013-01-11,35.79999923706055,35.91999816894531,35.7599983215332,35.91999816894531,24.98910903930664,3021900
2013-01-14,35.90999984741211,36.060001373291016,35.88999938964844,36.029998779296875,25.065643310546875,5080900
2013-01-15,35.959999084472656,36.16999816894531,35.880001068115234,36.13999938964844,25.14217185974121,4265900
2013-01-16,36.04999923706055,36.16999816894531,36.02000045776367,36.09000015258789,25.107376098632812,3322600
2013-01-17,36.25,36.439998626708984,36.15999984741211,36.33000183105469,25.274354934692383,6186500
2013-01-18,36.400001525878906,36.47999954223633,36.2400016784668,36.47999954223633,25.37869644165039,5659500
2013-01-22,36.45000076293945,36.5099983215332,36.33000183105469,36.4900016784668,25.38566017150879,3817600
2013-01-23,36.470001220703125,36.5,36.38999938964844,36.47999954223633,25.37869644165039,3602400
2013-01-24,36.5,36.63999938964844,36.47999954223633,36.58000183105469,25.448261260986328,4569000
2013-01-25,36.720001220703125,36.790000915527344,36.650001525878906,36.7599983215332,25.573488235473633,3930800
2013-01-28,36.7599983215332,36.849998474121094,36.65999984741211,36.790000915527344,25.5943660736084,5114700
2013-01-29,36.77000045776367,37.04999923706055,36.7400016784668,36.9900016784668,25.733501434326172,4868900
2013-01-30,36.970001220703125,37.060001373291016,36.880001068115234,36.91999816894531,25.684791564941406,4374500
2013-01-31,36.95000076293945,37.0099983215332,36.86000061035156,36.869998931884766,25.6500186920166,4374900
2013-02-01,37.119998931884766,37.220001220703125,36.97999954223633,37.16999816894531,25.85873031616211,4855400
2013-02-04,37.04999923706055,37.04999923706055,36.790000915527344,36.81999969482422,25.61524200439453,4501000
2013-02-05,37.029998779296875,37.36000061035156,37.02000045776367,37.2599983215332,25.921337127685547,7608700
2013-02-06,37.15999984741211,37.31999969482422,37.099998474121094,37.310001373291016,25.956130981445312,2893700
2013-02-07,37.279998779296875,37.540000915527344,37.2599983215332,37.5099983215332,26.09525489807129,8721400
2013-02-08,37.560001373291016,37.66999816894531,37.439998626708984,37.47999954223633,26.07438850402832,7203800
2013-02-11,37.529998779296875,37.529998779296875,37.40999984741211,37.47999954223633,26.07438850402832,2957700
2013-02-12,37.52000045776367,37.52000045776367,37.380001068115234,37.439998626708984,26.046566009521484,3308400
2013-02-13,37.5099983215332,37.5099983215332,37.369998931884766,37.47999954223633,26.07438850402832,3165800
2013-02-14,37.59000015258789,37.689998626708984,37.52000045776367,37.560001373291016,26.130054473876953,7964100
2013-02-15,37.5,37.689998626708984,37.43000030517578,37.61000061035156,26.164825439453125,5690500
2013-02-19,37.709999084472656,38.0,37.70000076293945,37.9900016784668,26.4291934967041,8140800
2013-02-20,38.029998779296875,38.130001068115234,37.90999984741211,37.91999816894531,26.3804931640625,10454300
2013-02-21,37.88999938964844,38.119998931884766,37.79999923706055,38.040000915527344,26.46396827697754,9752400
2013-02-22,38.119998931884766,38.2599983215332,38.02000045776367,38.2599983215332,26.617023468017578,6182400
2013-02-25,38.38999938964844,38.45000076293945,37.720001220703125,37.7400016784668,26.255273818969727,7873900
2013-02-26,37.83000183105469,37.959999084472656,37.66999816894531,37.83000183105469,26.31788444519043,7656600
2013-02-27,37.880001068115234,38.220001220703125,37.709999084472656,38.11000061035156,26.512672424316406,6405800
2013-02-28,38.150001525878906,38.34000015258789,38.06999969482422,38.09000015258789,26.49876594543457,8069700
2013-03-01,37.900001525878906,38.25,37.88999938964844,38.220001220703125,26.589202880859375,6584800
2013-03-04,38.150001525878906,38.5099983215332,38.119998931884766,38.5099983215332,26.79095458984375,5105800
2013-03-05,38.63999938964844,38.709999084472656,38.540000915527344,38.63999938964844,26.881385803222656,8253900
2013-03-06,38.66999816894531,38.72999954223633,38.5099983215332,38.54999923706055,26.81877899169922,5795700
2013-03-07,38.650001525878906,38.650001525878906,38.52000045776367,38.54999923706055,26.81877899169922,3375900
2013-03-08,38.66999816894531,38.68000030517578,38.459999084472656,38.619998931884766,26.867475509643555,5178500
2013-03-11,38.68000030517578,38.72999954223633,38.619998931884766,38.65999984741211,26.895299911499023,3624300
2013-03-12,38.650001525878906,38.68000030517578,38.560001373291016,38.619998931884766,26.867475509643555,5323300
2013-03-13,38.70000076293945,38.75,38.56999969482422,38.720001220703125,26.937036514282227,4113000
2013-03-14,38.77000045776367,38.88999938964844,38.689998626708984,38.849998474121094,27.0274715423584,4250900
2013-03-15,38.59000015258789,38.59000015258789,38.40999984741211,38.4900016784668,26.90932846069336,9104400
2013-03-18,38.279998779296875,38.529998779296875,38.20000076293945,38.369998931884766,26.825437545776367,5045300
2013-03-19,38.40999984741211,38.709999084472656,38.40999984741211,38.689998626708984,27.04916000366211,8304900
2013-03-20,38.81999969482422,39.130001068115234,38.81999969482422,39.060001373291016,27.307838439941406,6377100
2013-03-21,38.9900016784668,39.13999938964844,38.90999984741211,38.939998626708984,27.22393226623535,5588600
2013-03-22,39.11000061035156,39.33000183105469,39.029998779296875,39.29999923706055,27.475624084472656,6132500
2013-03-25,39.36000061035156,39.4900016784668,39.13999938964844,39.27000045776367,27.45465087890625,6281900
2013-03-26,39.41999816894531,39.65999984741211,39.380001068115234,39.63999938964844,27.71333122253418,7227800
2013-03-27,39.54999923706055,39.61000061035156,39.38999938964844,39.61000061035156,27.692350387573242,5357900
2013-03-28,39.63999938964844,39.79999923706055,39.4900016784668,39.77000045776367,27.804218292236328,5040400
2013-04-01,39.72999954223633,39.79999923706055,39.619998931884766,39.75,27.79022216796875,5370100
2013-04-02,39.869998931884766,40.22999954223633,39.849998474121094,40.18000030517578,28.090848922729492,8043900
2013-04-03,40.27000045776367,40.27000045776367,39.650001525878906,39.7400016784668,27.783231735229492,11956200
2013-04-04,39.81999969482422,40.02000045776367,39.7599983215332,39.95000076293945,27.930063247680664,8889800
2013-04-05,39.61000061035156,39.720001220703125,39.5,39.65999984741211,27.727294921875,8528000
2013-04-08,39.65999984741211,40.11000061035156,39.52000045776367,40.11000061035156,28.04191780090332,9479100
2013-04-09,40.18000030517578,40.220001220703125,39.93000030517578,40.06999969482422,28.013946533203125,6614500
2013-04-10,40.16999816894531,40.43000030517578,40.119998931884766,40.369998931884766,28.223697662353516,7325700
2013-04-11,40.459999084472656,40.709999084472656,40.380001068115234,40.560001373291016,28.356521606445312,5973200
2013-04-12,40.40999984741211,40.72999954223633,40.400001525878906,40.709999084472656,28.461389541625977,5782900
2013-04-15,40.63999938964844,40.720001220703125,40.060001373291016,40.060001373291016,28.006954193115234,11247900
2013-04-16,40.349998474121094,40.83000183105469,40.290000915527344,40.810001373291016,28.53130531311035,10341100
2013-04-17,40.63999938964844,40.7400016784668,40.31999969482422,40.459999084472656,28.286605834960938,9761800
2013-04-18,40.400001525878906,40.58000183105469,40.2599983215332,40.380001068115234,28.230690002441406,10303600
2013-04-19,40.439998626708984,41.060001373291016,40.439998626708984,41.0099983215332,28.671125411987305,11227600
2013-04-22,41.06999969482422,41.189998626708984,40.810001373291016,41.11000061035156,28.741039276123047,5972300
2013-04-23,41.220001220703125,41.439998626708984,40.900001525878906,41.43000030517578,28.964754104614258,13184200
2013-04-24,41.25,41.369998931884766,40.72999954223633,40.77000045776367,28.503347396850586,30015500
2013-04-25,40.86000061035156,41.0099983215332,40.7599983215332,40.900001525878906,28.594228744506836,12200800
2013-04-26,40.79999923706055,41.0099983215332,40.79999923706055,40.88999938964844,28.587228775024414,9481800
2013-04-29,41.0099983215332,41.06999969482422,40.86000061035156,41.02000045776367,28.678112030029297,6696000
2013-04-30,40.97999954223633,41.029998779296875,40.77000045776367,40.939998626708984,28.622180938720703,11354900
2013-05-01,40.88999938964844,41.20000076293945,40.84000015258789,40.900001525878906,28.594228744506836,7556600
2013-05-02,40.90999984741211,41.189998626708984,40.77000045776367,41.04999923706055,28.6990966796875,9194000
2013-05-03,41.27000045776367,41.369998931884766,41.099998474121094,41.22999954223633,28.824939727783203,12843400
2013-05-06,41.20000076293945,41.20000076293945,40.880001068115234,40.93000030517578,28.615198135375977,14530800
2013-05-07,41.0099983215332,41.25,40.939998626708984,41.2400016784668,28.831912994384766,8152200
2013-05-08,41.22999954223633,41.29999923706055,41.13999938964844,41.290000915527344,28.866893768310547,6623300
2013-05-09,41.2599983215332,41.349998474121094,40.900001525878906,41.0,28.66413116455078,12872500
2013-05-10,40.91999816894531,41.189998626708984,40.91999816894531,41.15999984741211,28.7759952545166,8304700
2013-05-13,41.119998931884766,41.380001068115234,41.04999923706055,41.22999954223633,28.824939727783203,7821600
2013-05-14,41.209999084472656,41.72999954223633,41.209999084472656,41.720001220703125,29.167505264282227,7373100
2013-05-15,41.70000076293945,42.20000076293945,41.65999984741211,42.130001068115234,29.454147338867188,11728700
2013-05-16,42.029998779296875,42.11000061035156,41.810001373291016,41.880001068115234,29.279369354248047,9313100
2013-05-17,41.88999938964844,41.970001220703125,41.63999938964844,41.939998626708984,29.321306228637695,9368100
2013-05-20,41.90999984741211,41.95000076293945,41.47999954223633,41.5099983215332,29.02068328857422,9866600
2013-05-21,41.630001068115234,41.66999816894531,41.27000045776367,41.54999923706055,29.048641204833984,10408400
2013-05-22,41.58000183105469,42.02000045776367,41.34000015258789,41.47999954223633,28.999713897705078,16899000
2013-05-23,41.13999938964844,41.45000076293945,41.04999923706055,41.310001373291016,28.88086700439453,12831900
2013-05-24,41.31999969482422,41.720001220703125,41.31999969482422,41.70000076293945,29.153520584106445,16015800
2013-05-28,42.060001373291016,42.189998626708984,41.63999938964844,41.77000045776367,29.20247459411621,15727400
2013-05-29,41.529998779296875,41.56999969482422,40.88999938964844,40.970001220703125,28.643169403076172,21414900
2013-05-30,41.02000045776367,41.15999984741211,40.790000915527344,40.810001373291016,28.53130531311035,15949200
2013-05-31,40.720001220703125,40.720001220703125,40.029998779296875,40.04999923706055,27.999963760375977,33824800
2013-06-03,40.150001525878906,40.5,39.68000030517578,40.4900016784668,28.307584762573242,39020500
2013-06-04,40.63999938964844,40.779998779296875,40.209999084472656,40.5,28.3145751953125,12962800
2013-06-05,40.380001068115234,40.41999816894531,40.0,40.0099983215332,27.972007751464844,17077900
2013-06-06,39.9900016784668,40.189998626708984,39.70000076293945,40.18000030517578,28.090848922729492,12352700
2013-06-07,40.38999938964844,40.849998474121094,40.38999938964844,40.68000030517578,28.440410614013672,18700800
2013-06-10,40.849998474121094,40.849998474121094,40.4900016784668,40.68000030517578,28.440410614013672,11190300
2013-06-11,40.45000076293945,40.86000061035156,40.31999969482422,40.58000183105469,28.37051010131836,20334000
2013-06-12,40.72999954223633,40.900001525878906,40.380001068115234,40.380001068115234,28.230690002441406,14908400
2013-06-13,40.470001220703125,41.880001068115234,40.220001220703125,40.79999923706055,28.524303436279297,13048700
2013-06-14,40.72999954223633,41.029998779296875,40.59000015258789,40.70000076293945,28.454408645629883,8453300
2013-06-17,40.83000183105469,41.22999954223633,40.779998779296875,41.060001373291016,28.706092834472656,9877200
2013-06-18,41.060001373291016,41.2599983215332,40.93000030517578,41.209999084472656,28.81095314025879,8441200
2013-06-19,41.209999084472656,41.29999923706055,40.38999938964844,40.38999938964844,28.2376766204834,25795200
2013-06-20,40.04999923706055,40.279998779296875,39.099998474121094,39.16999816894531,27.384723663330078,32296500
2013-06-21,39.209999084472656,39.630001068115234,39.040000915527344,39.43000030517578,27.74643325805664,22743500
2013-06-24,39.150001525878906,39.650001525878906,38.869998931884766,39.27000045776367,27.633848190307617,24973100
2013-06-25,39.439998626708984,39.47999954223633,39.119998931884766,39.33000183105469,27.676071166992188,13004400
2013-06-26,39.56999969482422,39.88999938964844,39.56999969482422,39.7400016784668,27.964569091796875,18133100
2013-06-27,39.9900016784668,40.290000915527344,39.900001525878906,39.91999816894531,28.09124183654785,10033600
2013-06-28,39.84000015258789,40.040000915527344,39.63999938964844,39.66999816894531,27.915321350097656,11033300
2013-07-01,39.90999984741211,40.25,39.47999954223633,39.959999084472656,28.1193904876709,11795300
2013-07-02,39.939998626708984,40.22999954223633,39.869998931884766,40.0099983215332,28.154577255249023,5441200
2013-07-03,39.880001068115234,40.02000045776367,39.650001525878906,39.93000030517578,28.098268508911133,3985400
2013-07-05,40.02000045776367,40.20000076293945,39.650001525878906,40.029998779296875,28.16864585876465,10602600
2013-07-08,40.08000183105469,40.470001220703125,40.08000183105469,40.43000030517578,28.45012092590332,7611700
2013-07-09,40.70000076293945,40.81999969482422,40.630001068115234,40.72999954223633,28.661224365234375,8937800
2013-07-10,40.72999954223633,40.959999084472656,40.66999816894531,40.779998779296875,28.6964054107666,7701700
2013-07-11,41.209999084472656,41.47999954223633,41.16999816894531,41.41999816894531,29.146778106689453,12282200
2013-07-12,41.349998474121094,41.470001220703125,41.279998779296875,41.43000030517578,29.153804779052734,5566100
2013-07-15,41.5,41.5,41.38999938964844,41.4900016784668,29.196029663085938,7076000
2013-07-16,41.130001068115234,41.41999816894531,41.130001068115234,41.34000015258789,29.090486526489258,10156700
2013-07-17,41.40999984741211,41.540000915527344,41.369998931884766,41.41999816894531,29.146778106689453,9365500
2013-07-18,41.40999984741211,41.709999084472656,41.349998474121094,41.560001373291016,29.245283126831055,7136100
2013-07-19,41.56999969482422,41.79999923706055,41.52000045776367,41.79999923706055,29.414167404174805,8352700
2013-07-22,41.84000015258789,41.849998474121094,41.650001525878906,41.709999084472656,29.3508358001709,7887600
2013-07-23,41.75,41.7599983215332,41.58000183105469,41.630001068115234,29.294536590576172,6122500
2013-07-24,41.7400016784668,41.7400016784668,41.27000045776367,41.36000061035156,29.104555130004883,8262900
2013-07-25,41.279998779296875,41.619998931884766,41.25,41.58000183105469,29.25936508178711,4720600
2013-07-26,41.41999816894531,41.54999923706055,41.02000045776367,41.529998779296875,29.22418212890625,6073200
2013-07-29,41.470001220703125,41.540000915527344,41.34000015258789,41.439998626708984,29.16084098815918,7493000
2013-07-30,41.5099983215332,41.68000030517578,41.31999969482422,41.400001525878906,29.132709503173828,5733600
2013-07-31,41.40999984741211,41.61000061035156,41.34000015258789,41.38999938964844,29.12565803527832,6735500
2013-08-01,41.599998474121094,41.79999923706055,41.599998474121094,41.72999954223633,29.364906311035156,6207700
2013-08-02,41.61000061035156,41.77000045776367,41.439998626708984,41.75,29.37898826599121,3956400
2013-08-05,41.7400016784668,41.849998474121094,41.650001525878906,41.779998779296875,29.400094985961914,5010300
2013-08-06,41.7599983215332,41.790000915527344,41.58000183105469,41.72999954223633,29.364906311035156,3148600
2013-08-07,41.59000015258789,41.630001068115234,41.459999084472656,41.529998779296875,29.22418212890625,5987100
2013-08-08,41.650001525878906,41.79999923706055,41.52000045776367,41.75,29.37898826599121,2915000
2013-08-09,41.66999816894531,41.72999954223633,41.459999084472656,41.56999969482422,29.25232696533203,4266300
2013-08-12,41.40999984741211,41.5,41.2599983215332,41.45000076293945,29.16788673400879,4208600
2013-08-13,41.54999923706055,41.56999969482422,41.27000045776367,41.47999954223633,29.18899154663086,4178500
2013-08-14,41.459999084472656,41.5,41.16999816894531,41.189998626708984,28.984928131103516,4871500
2013-08-15,40.880001068115234,40.88999938964844,40.5,40.529998779296875,28.520484924316406,8854300
2013-08-16,40.459999084472656,40.529998779296875,40.130001068115234,40.290000915527344,28.35161018371582,8607300
2013-08-19,40.27000045776367,40.27000045776367,40.099998474121094,40.11000061035156,28.224945068359375,5126600
2013-08-20,40.189998626708984,40.349998474121094,40.060001373291016,40.119998931884766,28.231975555419922,7174100
2013-08-21,40.0099983215332,40.16999816894531,39.77000045776367,39.810001373291016,28.01384162902832,7899700
2013-08-22,39.81999969482422,40.06999969482422,39.79999923706055,39.97999954223633,28.133460998535156,5501900
2013-08-23,40.08000183105469,40.2599983215332,40.0099983215332,40.209999084472656,28.295303344726562,3352900
2013-08-26,40.220001220703125,40.27000045776367,39.7400016784668,39.7400016784668,27.964569091796875,17412500
2013-08-27,39.439998626708984,39.63999938964844,39.400001525878906,39.529998779296875,27.816797256469727,11462400
2013-08-28,39.439998626708984,39.45000076293945,39.20000076293945,39.22999954223633,27.605697631835938,18628600
2013-08-29,39.08000183105469,39.560001373291016,39.04999923706055,39.38999938964844,27.71828842163086,7455000
2013-08-30,39.5099983215332,39.58000183105469,39.349998474121094,39.5099983215332,27.802715301513672,8672400
2013-09-03,39.689998626708984,39.83000183105469,39.400001525878906,39.47999954223633,27.781614303588867,15164200
2013-09-04,39.459999084472656,39.83000183105469,39.38999938964844,39.72999954223633,27.957538604736328,6468800
2013-09-05,39.790000915527344,39.81999969482422,39.630001068115234,39.66999816894531,27.915321350097656,4525100
2013-09-06,39.810001373291016,39.95000076293945,39.38999938964844,39.77000045776367,27.985694885253906,6976700
2013-09-09,39.790000915527344,40.09000015258789,39.779998779296875,40.04999923706055,28.182716369628906,10347600
2013-09-10,40.15999984741211,40.2400016784668,39.95000076293945,40.09000015258789,28.210865020751953,6501800
2013-09-11,40.0099983215332,40.38999938964844,40.0099983215332,40.380001068115234,28.414947509765625,6812300
2013-09-12,40.38999938964844,40.5099983215332,40.349998474121094,40.38999938964844,28.42197608947754,7002900
2013-09-13,40.47999954223633,40.75,40.47999954223633,40.720001220703125,28.654193878173828,5063200
2013-09-16,41.060001373291016,41.220001220703125,41.0099983215332,41.09000015258789,28.91455078125,8178900
2013-09-17,41.08000183105469,41.27000045776367,41.08000183105469,41.22999954223633,29.013078689575195,5344500
2013-09-18,41.20000076293945,41.75,40.9900016784668,41.720001220703125,29.357877731323242,12763900
2013-09-19,41.790000915527344,41.84000015258789,41.439998626708984,41.529998779296875,29.22418212890625,6148500
2013-09-20,41.2599983215332,41.2599983215332,40.95000076293945,40.97999954223633,29.019533157348633,7279100
2013-09-23,40.939998626708984,40.939998626708984,40.709999084472656,40.79999923706055,28.89205551147461,5586800
2013-09-24,40.79999923706055,40.869998931884766,40.54999923706055,40.61000061035156,28.757518768310547,6855000
2013-09-25,40.59000015258789,40.65999984741211,40.20000076293945,40.27000045776367,28.516748428344727,8234700
2013-09-26,40.31999969482422,40.47999954223633,40.25,40.47999954223633,28.66545867919922,4560300
2013-09-27,40.34000015258789,40.34000015258789,40.04999923706055,40.22999954223633,28.48842430114746,4453400
2013-09-30,39.95000076293945,40.11000061035156,39.72999954223633,39.79999923706055,28.18392562866211,8120800
2013-10-01,39.779998779296875,40.060001373291016,39.7400016784668,40.040000915527344,28.353883743286133,7152300
2013-10-02,39.91999816894531,39.959999084472656,39.58000183105469,39.95000076293945,28.290136337280273,5827400
2013-10-03,39.88999938964844,39.93000030517578,39.630001068115234,39.75,28.14851188659668,9686800
2013-10-04,39.7599983215332,39.959999084472656,39.650001525878906,39.810001373291016,28.19099998474121,5713900
2013-10-07,39.58000183105469,39.880001068115234,39.560001373291016,39.68000030517578,28.09894561767578,5438900
2013-10-08,39.75,39.939998626708984,39.63999938964844,39.68000030517578,28.09894561767578,9532300
2013-10-09,39.72999954223633,39.90999984741211,39.58000183105469,39.709999084472656,28.120193481445312,8706800
2013-10-10,39.970001220703125,40.470001220703125,39.970001220703125,40.45000076293945,28.64421844482422,6104900
2013-10-11,40.41999816894531,40.58000183105469,40.33000183105469,40.56999969482422,28.729198455810547,5451800
2013-10-14,40.349998474121094,40.75,40.310001373291016,40.7400016784668,28.84958267211914,6808200
2013-10-15,40.68000030517578,40.720001220703125,40.31999969482422,40.369998931884766,28.587556838989258,7792900
2013-10-16,40.52000045776367,40.9900016784668,40.52000045776367,40.970001220703125,29.01244354248047,7034800
2013-10-17,40.84000015258789,41.439998626708984,40.84000015258789,41.43000030517578,29.338184356689453,8498700
2013-10-18,41.4900016784668,41.54999923706055,41.349998474121094,41.4900016784668,29.380672454833984,5861400
2013-10-21,41.43000030517578,41.5099983215332,41.22999954223633,41.400001525878906,29.316944122314453,3646400
2013-10-22,41.5,42.029998779296875,41.47999954223633,41.91999816894531,29.6851749420166,9404700
2013-10-23,41.81999969482422,42.09000015258789,41.79999923706055,42.0,29.7418212890625,8809800
2013-10-24,42.08000183105469,42.08000183105469,41.86000061035156,41.91999816894531,29.6851749420166,7754800
2013-10-25,41.93000030517578,42.060001373291016,41.79999923706055,42.02000045776367,29.755985260009766,4301900
2013-10-28,42.150001525878906,42.70000076293945,42.09000015258789,42.56999969482422,30.145463943481445,33007100
2013-10-29,42.65999984741211,42.939998626708984,42.540000915527344,42.939998626708984,30.407474517822266,15133400
2013-10-30,42.9900016784668,42.9900016784668,42.459999084472656,42.56999969482422,30.145463943481445,11872100
2013-10-31,42.4900016784668,42.59000015258789,42.290000915527344,42.349998474121094,29.98967742919922,11588100
2013-11-01,42.36000061035156,42.56999969482422,42.27000045776367,42.5099983215332,30.102964401245117,9055000
2013-11-04,42.61000061035156,42.720001220703125,42.400001525878906,42.54999923706055,30.13129234313965,5305500
2013-11-05,42.5099983215332,42.7599983215332,42.380001068115234,42.630001068115234,30.187957763671875,6804500
2013-11-06,42.849998474121094,43.099998474121094,42.650001525878906,43.09000015258789,30.513689041137695,7356400
2013-11-07,43.060001373291016,43.08000183105469,42.369998931884766,42.459999084472656,30.067567825317383,11993800
2013-11-08,42.470001220703125,42.66999816894531,42.130001068115234,42.66999816894531,30.21628189086914,15162000
2013-11-11,42.650001525878906,42.72999954223633,42.5,42.540000915527344,30.124216079711914,7981900
2013-11-12,42.439998626708984,42.63999938964844,42.400001525878906,42.61000061035156,30.17379379272461,5657100
2013-11-13,42.459999084472656,42.9900016784668,42.41999816894531,42.970001220703125,30.42872428894043,7651500
2013-11-14,42.9900016784668,43.33000183105469,42.959999084472656,43.279998779296875,30.648237228393555,5891500
2013-11-15,43.2599983215332,43.43000030517578,43.150001525878906,43.33000183105469,30.683652877807617,3054000
2013-11-18,43.459999084472656,43.459999084472656,43.11000061035156,43.20000076293945,30.591583251953125,3924900
2013-11-19,43.13999938964844,43.189998626708984,42.970001220703125,43.040000915527344,30.47828483581543,7013200
2013-11-20,43.09000015258789,43.20000076293945,42.72999954223633,42.86000061035156,30.350812911987305,7392100
2013-11-21,42.86000061035156,42.970001220703125,42.7599983215332,42.939998626708984,30.407474517822266,6777800
2013-11-22,43.0099983215332,43.189998626708984,42.86000061035156,43.15999984741211,30.563270568847656,5443000
2013-11-25,43.29999923706055,43.34000015258789,43.029998779296875,43.09000015258789,30.513689041137695,4447200
2013-11-26,43.13999938964844,43.25,42.97999954223633,43.04999923706055,30.485366821289062,3854300
2013-11-27,43.189998626708984,43.189998626708984,42.959999084472656,43.08000183105469,30.506628036499023,3257000
2013-11-29,43.16999816894531,43.27000045776367,42.959999084472656,43.0099983215332,30.457059860229492,2642100
2013-12-02,43.029998779296875,43.040000915527344,42.68000030517578,42.779998779296875,30.294164657592773,5041700
2013-12-03,42.72999954223633,43.0099983215332,42.72999954223633,42.9900016784668,30.442882537841797,6124800
2013-12-04,42.880001068115234,43.0,42.54999923706055,42.88999938964844,30.372066497802734,8093100
2013-12-05,42.7400016784668,42.790000915527344,42.439998626708984,42.5,30.095901489257812,6060000
2013-12-06,42.83000183105469,43.130001068115234,42.7599983215332,43.08000183105469,30.506628036499023,7108600
2013-12-09,43.2599983215332,43.380001068115234,43.150001525878906,43.22999954223633,30.612838745117188,5513100
2013-12-10,43.13999938964844,43.189998626708984,42.7400016784668,42.86000061035156,30.350812911987305,3341900
2013-12-11,42.849998474121094,43.130001068115234,42.849998474121094,42.93000030517578,30.400394439697266,21705800
2013-12-12,42.91999816894531,42.91999816894531,42.29999923706055,42.34000015258789,29.98257827758789,9662500
2013-12-13,42.470001220703125,42.470001220703125,42.13999938964844,42.27000045776367,29.933013916015625,5929000
2013-12-16,42.349998474121094,42.52000045776367,42.16999816894531,42.2599983215332,29.925954818725586,5893100
2013-12-17,42.220001220703125,42.279998779296875,41.959999084472656,42.060001373291016,29.784318923950195,7247300
2013-12-18,42.11000061035156,42.779998779296875,41.689998626708984,42.7599983215332,30.280004501342773,11754200
2013-12-19,42.650001525878906,42.72999954223633,42.43000030517578,42.68000030517578,30.22336196899414,5698800
2013-12-20,42.349998474121094,42.65999984741211,42.290000915527344,42.54999923706055,30.3603458404541,11007300
2013-12-23,42.650001525878906,42.689998626708984,42.36000061035156,42.5099983215332,30.33180046081543,6601700
2013-12-24,42.5099983215332,42.65999984741211,42.439998626708984,42.56999969482422,30.374624252319336,5915300
2013-12-26,42.599998474121094,42.7400016784668,42.540000915527344,42.7400016784668,30.495920181274414,15154600
2013-12-27,42.810001373291016,42.91999816894531,42.7599983215332,42.84000015258789,30.567283630371094,3590500
2013-12-30,42.84000015258789,42.97999954223633,42.83000183105469,42.95000076293945,30.645771026611328,3245700
2013-12-31,43.02000045776367,43.06999969482422,42.810001373291016,42.97999954223633,30.667177200317383,6516500
2014-01-02,42.849998474121094,42.869998931884766,42.380001068115234,42.45000076293945,30.28901481628418,14997000
2014-01-03,42.540000915527344,42.61000061035156,42.34000015258789,42.369998931884766,30.23192596435547,6298600
2014-01-06,42.47999954223633,42.529998779296875,42.11000061035156,42.209999084472656,30.11776351928711,9498600
2014-01-07,42.43000030517578,42.540000915527344,42.2400016784668,42.439998626708984,30.281871795654297,7479100
2014-01-08,42.43000030517578,42.43000030517578,42.029998779296875,42.119998931884766,30.053539276123047,23824100
2014-01-09,42.22999954223633,42.400001525878906,42.060001373291016,42.34000015258789,30.21050453186035,24438600
2014-01-10,42.45000076293945,42.54999923706055,42.2400016784668,42.400001525878906,30.25332260131836,15903800
2014-01-13,42.400001525878906,42.540000915527344,42.11000061035156,42.15999984741211,30.082088470458984,9275100
2014-01-14,42.27000045776367,42.45000076293945,42.189998626708984,42.380001068115234,30.23906135559082,10885000
2014-01-15,42.43000030517578,42.540000915527344,42.290000915527344,42.38999938964844,30.246192932128906,4384200
2014-01-16,42.27000045776367,42.459999084472656,42.18000030517578,42.400001525878906,30.25332260131836,6522100
2014-01-17,42.349998474121094,42.380001068115234,42.029998779296875,42.06999969482422,30.017871856689453,8233800
2014-01-21,42.189998626708984,42.34000015258789,41.95000076293945,42.22999954223633,30.132036209106445,5618400
2014-01-22,42.2599983215332,42.380001068115234,42.18000030517578,42.22999954223633,30.132036209106445,3615300
2014-01-23,42.08000183105469,42.08000183105469,41.709999084472656,41.86000061035156,29.868026733398438,8916700
2014-01-24,41.79999923706055,41.97999954223633,41.439998626708984,41.47999954223633,29.59688377380371,18509700
2014-01-27,41.5,41.54999923706055,41.2400016784668,41.310001373291016,29.4755802154541,8451500
2014-01-28,41.380001068115234,41.709999084472656,41.36000061035156,41.630001068115234,29.70392608642578,5022200
2014-01-29,41.36000061035156,41.41999816894531,40.790000915527344,40.900001525878906,29.18305015563965,36942400
2014-01-30,41.04999923706055,41.119998931884766,40.88999938964844,40.959999084472656,29.225868225097656,19016600
2014-01-31,40.4900016784668,41.040000915527344,40.31999969482422,40.7599983215332,29.08316421508789,21959500
2014-02-03,40.709999084472656,40.81999969482422,39.83000183105469,39.880001068115234,28.45525550842285,41150000
2014-02-04,40.040000915527344,40.16999816894531,39.95000076293945,40.09000015258789,28.605087280273438,11694000
2014-02-05,39.9900016784668,40.189998626708984,39.88999938964844,40.119998931884766,28.62649917602539,9453300
2014-02-06,40.29999923706055,40.599998474121094,40.279998779296875,40.54999923706055,28.933317184448242,12794100
2014-02-07,40.70000076293945,40.959999084472656,40.599998474121094,40.93000030517578,29.204452514648438,6986300
2014-02-10,40.900001525878906,41.119998931884766,40.83000183105469,41.09000015258789,29.318605422973633,5645800
2014-02-11,41.150001525878906,41.59000015258789,40.9900016784668,41.56999969482422,29.66111183166504,9688100
2014-02-12,41.65999984741211,41.65999984741211,41.25,41.38999938964844,29.532670974731445,8852500
2014-02-13,41.09000015258789,41.619998931884766,41.029998779296875,41.599998474121094,29.682518005371094,5708600
2014-02-14,41.5099983215332,41.95000076293945,41.38999938964844,41.84000015258789,29.853755950927734,7234700
2014-02-18,41.790000915527344,41.83000183105469,41.45000076293945,41.599998474121094,29.682518005371094,7130400
2014-02-19,41.54999923706055,41.689998626708984,41.349998474121094,41.5099983215332,29.618297576904297,6085300
2014-02-20,41.45000076293945,41.81999969482422,41.380001068115234,41.689998626708984,29.746721267700195,6793100
2014-02-21,41.7400016784668,41.880001068115234,41.59000015258789,41.599998474121094,29.682518005371094,5702300
2014-02-24,41.630001068115234,42.029998779296875,41.619998931884766,41.75,29.789535522460938,3302300
2014-02-25,41.7400016784668,42.11000061035156,41.7400016784668,41.90999984741211,29.90370750427246,6304200
2014-02-26,42.0,42.119998931884766,41.790000915527344,41.869998931884766,29.87515640258789,4877300
2014-02-27,41.810001373291016,42.060001373291016,41.790000915527344,42.060001373291016,30.0107364654541,4172400
2014-02-28,42.04999923706055,42.52000045776367,42.02000045776367,42.349998474121094,30.21765899658203,5404800
2014-03-03,42.0099983215332,42.220001220703125,41.869998931884766,42.119998931884766,30.053539276123047,8829800
2014-03-04,42.400001525878906,42.779998779296875,42.400001525878906,42.689998626708984,30.460262298583984,7275500
2014-03-05,42.650001525878906,42.709999084472656,42.540000915527344,42.54999923706055,30.3603458404541,8090900
2014-03-06,42.630001068115234,42.65999984741211,42.540000915527344,42.540000915527344,30.353221893310547,6145900
2014-03-07,42.689998626708984,42.70000076293945,42.47999954223633,42.65999984741211,30.4388484954834,4123200
2014-03-10,42.540000915527344,42.709999084472656,42.540000915527344,42.70000076293945,30.4674015045166,4901200
2014-03-11,42.810001373291016,42.849998474121094,42.59000015258789,42.68000030517578,30.45311737060547,10017400
2014-03-12,42.47999954223633,42.790000915527344,42.47999954223633,42.77000045776367,30.5173282623291,5203700
2014-03-13,42.79999923706055,42.970001220703125,42.4900016784668,42.560001373291016,30.36749267578125,9738900
2014-03-14,42.400001525878906,42.77000045776367,42.38999938964844,42.58000183105469,30.381763458251953,5299600
2014-03-17,42.720001220703125,42.88999938964844,42.650001525878906,42.83000183105469,30.56014060974121,4161400
2014-03-18,42.900001525878906,42.9900016784668,42.77000045776367,42.91999816894531,30.62434959411621,3575000
2014-03-19,42.880001068115234,43.0,42.380001068115234,42.59000015258789,30.388898849487305,10676900
2014-03-20,42.45000076293945,42.790000915527344,42.380001068115234,42.7400016784668,30.495920181274414,9907900
2014-03-21,42.66999816894531,42.90999984741211,42.5,42.5,30.478723526000977,7454000
2014-03-24,42.52000045776367,42.7400016784668,42.400001525878906,42.459999084472656,30.450027465820312,6111300
2014-03-25,42.619998931884766,42.83000183105469,42.619998931884766,42.77000045776367,30.672340393066406,9086100
2014-03-26,42.849998474121094,42.97999954223633,42.66999816894531,42.66999816894531,30.600629806518555,7102300
2014-03-27,42.56999969482422,42.86000061035156,42.56999969482422,42.63999938964844,30.579103469848633,10552500
2014-03-28,42.66999816894531,42.869998931884766,42.66999816894531,42.75,30.658004760742188,4522600
2014-03-31,42.9900016784668,43.11000061035156,42.849998474121094,43.060001373291016,30.880308151245117,8973400
2014-04-01,43.0099983215332,43.13999938964844,42.88999938964844,42.9900016784668,30.830106735229492,6524200
2014-04-02,43.02000045776367,43.13999938964844,42.90999984741211,43.040000915527344,30.865976333618164,6705400
2014-04-03,43.040000915527344,43.18000030517578,42.9900016784668,43.09000015258789,30.90182876586914,4430400
2014-04-04,43.220001220703125,43.31999969482422,42.88999938964844,42.95000076293945,30.801437377929688,8815700
2014-04-07,42.849998474121094,43.18000030517578,42.849998474121094,42.9900016784668,30.830106735229492,15088000
2014-04-08,43.0,43.22999954223633,42.939998626708984,43.209999084472656,30.98788833618164,7688000
2014-04-09,43.220001220703125,43.400001525878906,43.16999816894531,43.400001525878906,31.124155044555664,5559000
2014-04-10,43.400001525878906,43.630001068115234,42.939998626708984,42.970001220703125,30.815778732299805,6121800
2014-04-11,42.939998626708984,43.119998931884766,42.70000076293945,42.75,30.658004760742188,15474700
2014-04-14,42.97999954223633,43.15999984741211,42.810001373291016,43.09000015258789,30.90182876586914,4333800
2014-04-15,43.2400016784668,43.2599983215332,42.93000030517578,43.20000076293945,30.980703353881836,6318800
2014-04-16,43.439998626708984,43.619998931884766,43.310001373291016,43.619998931884766,31.281932830810547,4314800
2014-04-17,43.540000915527344,43.66999816894531,43.38999938964844,43.630001068115234,31.289087295532227,4209600
2014-04-21,43.52000045776367,43.68000030517578,43.439998626708984,43.650001525878906,31.303443908691406,3739700
2014-04-22,43.689998626708984,43.720001220703125,43.560001373291016,43.630001068115234,31.289087295532227,5669400
2014-04-23,43.630001068115234,43.689998626708984,43.560001373291016,43.560001373291016,31.238889694213867,11037100
2014-04-24,43.540000915527344,43.790000915527344,43.5,43.72999954223633,31.360801696777344,3946200
2014-04-25,43.689998626708984,43.81999969482422,43.599998474121094,43.790000915527344,31.403841018676758,6647400
2014-04-28,43.88999938964844,44.380001068115234,43.790000915527344,44.290000915527344,31.762413024902344,7214200
2014-04-29,44.25,44.33000183105469,44.099998474121094,44.099998474121094,31.62615394592285,4222300
2014-04-30,44.0,44.2400016784668,44.0,44.2400016784668,31.72655487060547,4855000
2014-05-01,44.150001525878906,44.2400016784668,43.95000076293945,44.20000076293945,31.69785499572754,9711100
2014-05-02,44.20000076293945,44.2599983215332,44.060001373291016,44.20000076293945,31.69785499572754,5245300
2014-05-05,44.029998779296875,44.220001220703125,43.88999938964844,44.099998474121094,31.62615394592285,3279600
2014-05-06,43.970001220703125,44.04999923706055,43.810001373291016,43.81999969482422,31.42534828186035,4471900
2014-05-07,43.91999816894531,44.27000045776367,43.91999816894531,44.2400016784668,31.72655487060547,7554300
2014-05-08,44.2400016784668,44.470001220703125,44.15999984741211,44.29999923706055,31.76958656311035,4197900
2014-05-09,44.2599983215332,44.52000045776367,44.209999084472656,44.5099983215332,31.920169830322266,2792400
2014-05-12,44.56999969482422,44.70000076293945,44.47999954223633,44.54999923706055,31.948875427246094,4824900
2014-05-13,44.540000915527344,44.70000076293945,44.529998779296875,44.63999938964844,32.01340866088867,2518600
2014-05-14,44.61000061035156,44.630001068115234,44.349998474121094,44.400001525878906,31.841293334960938,3165700
2014-05-15,44.27000045776367,44.29999923706055,43.939998626708984,44.0099983215332,31.561603546142578,4726400
2014-05-16,44.06999969482422,44.29999923706055,44.0099983215332,44.279998779296875,31.75523567199707,6381700
2014-05-19,44.16999816894531,44.25,44.060001373291016,44.189998626708984,31.690696716308594,2805300
2014-05-20,44.189998626708984,44.189998626708984,43.959999084472656,44.029998779296875,31.57595443725586,6246800
2014-05-21,44.029998779296875,44.310001373291016,43.9900016784668,44.279998779296875,31.75523567199707,5037700
2014-05-22,44.2599983215332,44.290000915527344,44.099998474121094,44.209999084472656,31.705036163330078,2898300
2014-05-23,44.20000076293945,44.34000015258789,44.20000076293945,44.279998779296875,31.75523567199707,2710000
2014-05-27,44.38999938964844,44.43000030517578,44.279998779296875,44.400001525878906,31.841293334960938,3520700
2014-05-28,44.439998626708984,44.47999954223633,44.33000183105469,44.34000015258789,31.798263549804688,3903100
2014-05-29,44.380001068115234,44.7599983215332,44.380001068115234,44.689998626708984,32.04927062988281,6683400
2014-05-30,44.560001373291016,45.08000183105469,44.560001373291016,45.040000915527344,32.30026626586914,4482600
2014-06-02,44.959999084472656,45.0099983215332,44.880001068115234,44.93000030517578,32.22138595581055,3273000
2014-06-03,44.869998931884766,44.900001525878906,44.75,44.77000045776367,32.10664367675781,2674000
2014-06-04,44.7400016784668,44.9900016784668,44.720001220703125,44.93000030517578,32.22138595581055,3149000
2014-06-05,44.939998626708984,45.16999816894531,44.869998931884766,45.11000061035156,32.3504638671875,3905400
2014-06-06,45.119998931884766,45.2400016784668,45.11000061035156,45.22999954223633,32.4365348815918,2562200
2014-06-09,45.130001068115234,45.27000045776367,45.09000015258789,45.15999984741211,32.386322021484375,6310400
2014-06-10,45.029998779296875,45.209999084472656,45.0099983215332,45.15999984741211,32.386322021484375,4362000
2014-06-11,45.06999969482422,45.15999984741211,44.970001220703125,45.040000915527344,32.30026626586914,4977900
2014-06-12,44.95000076293945,45.040000915527344,44.63999938964844,44.720001220703125,32.07078170776367,5186300
2014-06-13,44.779998779296875,44.790000915527344,44.61000061035156,44.709999084472656,32.0636100769043,1936700
2014-06-16,44.70000076293945,44.91999816894531,44.56999969482422,44.880001068115234,32.18552017211914,18205200
2014-06-17,44.95000076293945,44.95000076293945,44.72999954223633,44.880001068115234,32.18552017211914,4897800
2014-06-18,44.83000183105469,45.41999816894531,44.779998779296875,45.40999984741211,32.56560516357422,22633400
2014-06-19,45.45000076293945,45.709999084472656,45.41999816894531,45.66999816894531,32.7520637512207,11404200
2014-06-20,45.47999954223633,45.5099983215332,45.189998626708984,45.220001220703125,32.65169143676758,5165400
2014-06-23,45.220001220703125,45.22999954223633,44.900001525878906,44.970001220703125,32.4711799621582,3370700
2014-06-24,44.900001525878906,44.95000076293945,44.70000076293945,44.810001373291016,32.35566711425781,3677200
2014-06-25,44.650001525878906,44.77000045776367,44.56999969482422,44.7400016784668,32.30512237548828,6083000
2014-06-26,44.650001525878906,44.709999084472656,44.400001525878906,44.58000183105469,32.189579010009766,15990200
2014-06-27,44.58000183105469,44.7400016784668,44.400001525878906,44.65999984741211,32.247337341308594,4692800
2014-06-30,44.5,44.88999938964844,44.5,44.619998931884766,32.218467712402344,12049100
2014-07-01,44.689998626708984,44.849998474121094,44.52000045776367,44.720001220703125,32.29067611694336,5099600
2014-07-02,44.7400016784668,44.93000030517578,44.7400016784668,44.84000015258789,32.377323150634766,3093000
2014-07-03,44.869998931884766,45.150001525878906,44.810001373291016,45.09000015258789,32.55782699584961,2303400
2014-07-07,45.0,45.20000076293945,44.95000076293945,45.15999984741211,32.608375549316406,5813700
2014-07-08,45.09000015258789,45.209999084472656,45.029998779296875,45.06999969482422,32.54338836669922,4629500
2014-07-09,45.130001068115234,45.310001373291016,45.119998931884766,45.27000045776367,32.687808990478516,5296000
2014-07-10,44.9900016784668,45.25,44.95000076293945,45.20000076293945,32.63725662231445,3871200
2014-07-11,45.20000076293945,45.310001373291016,45.060001373291016,45.2599983215332,32.68058395385742,3100500
2014-07-14,45.380001068115234,45.4900016784668,45.349998474121094,45.41999816894531,32.79610824584961,4135600
2014-07-15,45.36000061035156,45.36000061035156,44.97999954223633,45.02000045776367,32.50728988647461,7181800
2014-07-16,45.20000076293945,45.25,44.959999084472656,45.029998779296875,32.51449966430664,4513100
2014-07-17,45.040000915527344,45.11000061035156,44.720001220703125,44.75,32.31234359741211,3965200
2014-07-18,44.79999923706055,45.22999954223633,44.790000915527344,45.20000076293945,32.63725662231445,5929300
2014-07-21,45.029998779296875,45.029998779296875,44.84000015258789,44.9900016784668,32.48563003540039,5085300
2014-07-22,44.93000030517578,45.029998779296875,44.81999969482422,44.90999984741211,32.427852630615234,13404200
2014-07-23,44.9900016784668,45.0099983215332,44.810001373291016,44.849998474121094,32.384544372558594,2796500
2014-07-24,44.93000030517578,45.04999923706055,44.869998931884766,44.970001220703125,32.4711799621582,3449600
2014-07-25,44.93000030517578,44.970001220703125,44.689998626708984,44.790000915527344,32.34121322631836,2477800
2014-07-28,44.75,44.83000183105469,44.5,44.560001373291016,32.175140380859375,30101200
2014-07-29,44.61000061035156,44.72999954223633,44.349998474121094,44.36000061035156,32.03072738647461,6319100
2014-07-30,44.43000030517578,44.4900016784668,43.88999938964844,43.88999938964844,31.69136619567871,22406900
2014-07-31,43.52000045776367,43.63999938964844,43.11000061035156,43.13999938964844,31.149810791015625,10784500
2014-08-01,43.08000183105469,43.65999984741211,43.08000183105469,43.470001220703125,31.388090133666992,11890000
2014-08-04,43.529998779296875,43.689998626708984,43.349998474121094,43.61000061035156,31.489181518554688,5024400
2014-08-05,43.47999954223633,43.70000076293945,43.2400016784668,43.41999816894531,31.352005004882812,4571700
2014-08-06,42.9900016784668,43.81999969482422,42.970001220703125,43.790000915527344,31.619144439697266,27891900
2014-08-07,43.900001525878906,43.900001525878906,43.33000183105469,43.43000030517578,31.359210968017578,5532600
2014-08-08,43.470001220703125,43.90999984741211,43.43000030517578,43.869998931884766,31.67690086364746,5259400
2014-08-11,44.029998779296875,44.38999938964844,43.9900016784668,44.18000030517578,31.90074920654297,23734600
2014-08-12,44.15999984741211,44.22999954223633,44.040000915527344,44.150001525878906,31.879093170166016,3954200
2014-08-13,44.25,44.36000061035156,44.11000061035156,44.279998779296875,31.97296714782715,2704300
2014-08-14,44.43000030517578,44.470001220703125,44.22999954223633,44.459999084472656,32.102935791015625,2196100
2014-08-15,44.689998626708984,44.79999923706055,44.279998779296875,44.52000045776367,32.1462516784668,4542700
2014-08-18,44.630001068115234,44.81999969482422,44.58000183105469,44.779998779296875,32.33399200439453,4427600
2014-08-19,44.86000061035156,44.95000076293945,44.66999816894531,44.900001525878906,32.42063522338867,2627900
2014-08-20,44.790000915527344,44.91999816894531,44.7400016784668,44.869998931884766,32.398983001708984,5580000
2014-08-21,44.88999938964844,45.150001525878906,44.88999938964844,44.95000076293945,32.45674514770508,1724000
2014-08-22,45.0,45.06999969482422,44.84000015258789,44.84000015258789,32.377323150634766,5176500
2014-08-25,45.04999923706055,45.150001525878906,45.0099983215332,45.09000015258789,32.55782699584961,1985200
2014-08-26,45.119998931884766,45.189998626708984,45.029998779296875,45.060001373291016,32.53618240356445,1792300
2014-08-27,45.099998474121094,45.099998474121094,44.9900016784668,45.08000183105469,32.55060577392578,2054500
2014-08-28,44.959999084472656,45.11000061035156,44.91999816894531,45.099998474121094,32.565059661865234,2797700
2014-08-29,45.13999938964844,45.16999816894531,44.9900016784668,45.130001068115234,32.58671569824219,3076400
2014-09-02,45.18000030517578,45.349998474121094,45.0099983215332,45.150001525878906,32.60115432739258,11691900
2014-09-03,45.2599983215332,45.279998779296875,45.130001068115234,45.18000030517578,32.62281036376953,2391400
2014-09-04,45.25,45.439998626708984,45.189998626708984,45.31999969482422,32.72389602661133,4379600
2014-09-05,45.33000183105469,45.58000183105469,45.18000030517578,45.58000183105469,32.91164779663086,5067000
2014-09-08,45.43000030517578,45.52000045776367,45.220001220703125,45.2400016784668,32.66615295410156,4229500
2014-09-09,45.27000045776367,45.27000045776367,45.06999969482422,45.130001068115234,32.58671569824219,3452700
2014-09-10,45.18000030517578,45.400001525878906,45.11000061035156,45.349998474121094,32.74557113647461,4186400
2014-09-11,45.25,45.400001525878906,45.209999084472656,45.369998931884766,32.7599983215332,3924700
2014-09-12,45.310001373291016,45.34000015258789,44.959999084472656,45.04999923706055,32.52894973754883,5778400
2014-09-15,45.189998626708984,45.310001373291016,45.13999938964844,45.27000045776367,32.687808990478516,6105500
2014-09-16,45.20000076293945,45.72999954223633,45.15999984741211,45.61000061035156,32.933292388916016,8388400
2014-09-17,45.560001373291016,45.70000076293945,45.41999816894531,45.5099983215332,32.86110305786133,10476000
2014-09-18,45.58000183105469,45.650001525878906,45.4900016784668,45.599998474121094,32.92608642578125,6364600
2014-09-19,45.5,45.59000015258789,45.369998931884766,45.43000030517578,33.01108932495117,5411900
2014-09-22,45.400001525878906,45.470001220703125,45.279998779296875,45.349998474121094,32.952972412109375,6516500
2014-09-23,45.20000076293945,45.279998779296875,44.95000076293945,44.95000076293945,32.66231918334961,6715600
2014-09-24,44.939998626708984,45.54999923706055,44.939998626708984,45.529998779296875,33.083778381347656,14707300
2014-09-25,45.38999938964844,45.400001525878906,44.93000030517578,44.93000030517578,32.64777755737305,11438400
2014-09-26,45.029998779296875,45.189998626708984,44.77000045776367,45.099998474121094,32.77131271362305,3935200
2014-09-29,44.83000183105469,45.150001525878906,44.79999923706055,45.09000015258789,32.76404571533203,11255800
2014-09-30,45.11000061035156,45.220001220703125,44.95000076293945,45.11000061035156,32.7785758972168,7122400
2014-10-01,45.06999969482422,45.06999969482422,44.75,44.83000183105469,32.57511520385742,18044800
2014-10-02,44.79999923706055,45.02000045776367,44.70000076293945,44.90999984741211,32.633243560791016,16950100
2014-10-03,45.18000030517578,45.459999084472656,45.0,45.439998626708984,33.018375396728516,9134100
2014-10-06,45.560001373291016,45.560001373291016,45.15999984741211,45.459999084472656,33.03290939331055,6884100
2014-10-07,45.22999954223633,45.52000045776367,45.189998626708984,45.189998626708984,32.83670425415039,11318600
2014-10-08,45.2599983215332,45.869998931884766,45.20000076293945,45.849998474121094,33.316287994384766,9800300
2014-10-09,45.810001373291016,46.11000061035156,45.38999938964844,45.38999938964844,32.98203659057617,15077400
2014-10-10,45.43000030517578,46.08000183105469,45.43000030517578,45.61000061035156,33.141883850097656,11403400
2014-10-13,45.59000015258789,45.65999984741211,44.95000076293945,44.97999954223633,32.68410873413086,20244600
2014-10-14,45.119998931884766,45.209999084472656,44.849998474121094,44.959999084472656,32.669586181640625,12854000
2014-10-15,44.540000915527344,44.810001373291016,43.779998779296875,44.41999816894531,32.277198791503906,22241300
2014-10-16,43.83000183105469,44.31999969482422,43.689998626708984,44.09000015258789,32.03739547729492,19593400
2014-10-17,44.4900016784668,44.75,44.08000183105469,44.630001068115234,32.42978286743164,12534400
2014-10-20,44.54999923706055,45.310001373291016,44.5099983215332,45.27000045776367,32.89485549926758,17229300
2014-10-21,45.130001068115234,45.459999084472656,44.95000076293945,45.459999084472656,33.03290939331055,13863600
2014-10-22,45.4900016784668,45.869998931884766,45.40999984741211,45.560001373291016,33.10556411743164,10426900
2014-10-23,45.7400016784668,45.84000015258789,45.45000076293945,45.529998779296875,33.083778381347656,12604800
2014-10-24,45.689998626708984,45.95000076293945,45.619998931884766,45.90999984741211,33.359886169433594,9205600
2014-10-27,45.790000915527344,46.209999084472656,45.7400016784668,46.02000045776367,33.439823150634766,4917200
2014-10-28,46.220001220703125,46.220001220703125,46.0,46.20000076293945,33.57061004638672,5633500
2014-10-29,46.20000076293945,46.29999923706055,45.849998474121094,46.119998931884766,33.512474060058594,6381200
2014-10-30,46.16999816894531,46.52000045776367,45.880001068115234,46.40999984741211,33.72319793701172,5020200
2014-10-31,46.83000183105469,46.84000015258789,46.560001373291016,46.709999084472656,33.94118881225586,8184300
2014-11-03,46.63999938964844,46.91999816894531,46.63999938964844,46.88999938964844,34.07199478149414,14994800
2014-11-04,46.810001373291016,47.209999084472656,46.790000915527344,47.13999938964844,34.25364685058594,10508200
2014-11-05,47.40999984741211,47.66999816894531,47.2400016784668,47.470001220703125,34.49343490600586,7780400
2014-11-06,47.52000045776367,47.66999816894531,47.349998474121094,47.56999969482422,34.56610107421875,5638000
2014-11-07,47.5,47.7400016784668,47.31999969482422,47.7400016784668,34.689632415771484,5912000
2014-11-10,47.65999984741211,47.959999084472656,47.54999923706055,47.95000076293945,34.84223175048828,4209500
2014-11-11,47.93000030517578,48.0,47.7599983215332,47.86000061035156,34.77682113647461,3277800
2014-11-12,47.65999984741211,47.93000030517578,47.650001525878906,47.86000061035156,34.77682113647461,4923700
2014-11-13,47.900001525878906,48.2599983215332,47.86000061035156,48.029998779296875,34.900352478027344,7507100
2014-11-14,48.04999923706055,48.06999969482422,47.63999938964844,47.7599983215332,34.704158782958984,7544500
2014-11-17,47.68000030517578,48.08000183105469,47.68000030517578,48.08000183105469,34.93668746948242,4049600
2014-11-18,48.08000183105469,48.34000015258789,48.0,48.2599983215332,35.06748580932617,5015400
2014-11-19,48.2400016784668,48.5099983215332,48.18000030517578,48.459999084472656,35.21281433105469,4919500
2014-11-20,48.310001373291016,48.38999938964844,48.18000030517578,48.25,35.06022262573242,4076000
2014-11-21,48.650001525878906,48.7400016784668,48.36000061035156,48.45000076293945,35.20553970336914,5042300
2014-11-24,48.540000915527344,48.65999984741211,48.34000015258789,48.41999816894531,35.183753967285156,4912000
2014-11-25,48.41999816894531,48.58000183105469,48.34000015258789,48.459999084472656,35.21281433105469,6157500
2014-11-26,48.459999084472656,48.689998626708984,48.45000076293945,48.68000030517578,35.372676849365234,3644800
2014-11-28,48.83000183105469,49.41999816894531,48.79999923706055,49.29999923706055,35.82318115234375,4640900
2014-12-01,49.08000183105469,49.189998626708984,48.900001525878906,48.97999954223633,35.590660095214844,8330400
2014-12-02,48.959999084472656,49.189998626708984,48.93000030517578,49.150001525878906,35.71418762207031,6130900
2014-12-03,49.15999984741211,49.15999984741211,48.689998626708984,48.79999923706055,35.459877014160156,5909600
2014-12-04,48.810001373291016,48.869998931884766,48.540000915527344,48.7599983215332,35.4307975769043,8023900
2014-12-05,48.72999954223633,48.86000061035156,48.54999923706055,48.849998474121094,35.49620056152344,6732100
2014-12-08,48.79999923706055,49.0099983215332,48.619998931884766,48.75,35.42353439331055,4653600
2014-12-09,48.380001068115234,48.61000061035156,48.11000061035156,48.59000015258789,35.307281494140625,6120000
2014-12-10,48.59000015258789,48.72999954223633,48.08000183105469,48.130001068115234,34.9730224609375,5304800
2014-12-11,48.29999923706055,48.810001373291016,48.13999938964844,48.529998779296875,35.263671875,5233700
2014-12-12,48.2400016784668,48.709999084472656,47.900001525878906,47.90999984741211,34.81316375732422,6812500
2014-12-15,48.11000061035156,48.25,47.439998626708984,47.59000015258789,34.580631256103516,9451300
2014-12-16,47.380001068115234,48.369998931884766,47.380001068115234,47.40999984741211,34.449851989746094,9811500
2014-12-17,47.54999923706055,48.2599983215332,47.5,48.099998474121094,34.95120620727539,10126400
2014-12-18,48.790000915527344,49.04999923706055,48.310001373291016,49.02000045776367,35.61973190307617,8726300
2014-12-19,48.84000015258789,49.02000045776367,48.59000015258789,48.619998931884766,35.583133697509766,13154400
2014-12-22,48.75,49.09000015258789,48.7400016784668,49.09000015258789,35.927101135253906,5125700
2014-12-23,49.29999923706055,49.540000915527344,49.16999816894531,49.43000030517578,36.175941467285156,5563500
2014-12-24,49.58000183105469,49.630001068115234,49.349998474121094,49.380001068115234,36.13935470581055,1478000
2014-12-26,49.43000030517578,49.61000061035156,49.40999984741211,49.459999084472656,36.19788360595703,3302400
2014-12-29,49.400001525878906,49.45000076293945,49.11000061035156,49.310001373291016,36.08810806274414,13478700
2014-12-30,49.2400016784668,49.349998474121094,49.06999969482422,49.09000015258789,35.927101135253906,5094900
2014-12-31,49.27000045776367,49.27000045776367,48.470001220703125,48.4900016784668,35.48799133300781,5218700
2015-01-02,48.619998931884766,48.72999954223633,48.04999923706055,48.349998474121094,35.38553237915039,7612100
2015-01-05,48.2599983215332,48.369998931884766,47.880001068115234,48.0099983215332,35.13669204711914,8272700
2015-01-06,48.349998474121094,48.470001220703125,47.810001373291016,47.95000076293945,35.0927848815918,11112400
2015-01-07,48.29999923706055,48.83000183105469,48.25,48.77000045776367,35.69291305541992,9226100
2015-01-08,49.20000076293945,49.56999969482422,49.099998474121094,49.5099983215332,36.23447799682617,12904100
2015-01-09,49.66999816894531,49.66999816894531,49.11000061035156,49.11000061035156,35.94175338745117,6382800
2015-01-12,49.09000015258789,49.349998474121094,48.83000183105469,48.959999084472656,35.83197021484375,6256400
2015-01-13,49.290000915527344,49.560001373291016,48.65999984741211,48.95000076293945,35.82465362548828,10135000
2015-01-14,48.58000183105469,48.849998474121094,48.459999084472656,48.79999923706055,35.71486282348633,13315500
2015-01-15,49.119998931884766,49.18000030517578,48.689998626708984,48.880001068115234,35.77341079711914,10898400
2015-01-16,48.7599983215332,49.31999969482422,48.66999816894531,49.27000045776367,36.05885314941406,12948500
2015-01-20,49.459999084472656,49.689998626708984,49.060001373291016,49.470001220703125,36.20521926879883,9978200
2015-01-21,49.369998931884766,49.720001220703125,49.119998931884766,49.709999084472656,36.380859375,7588600
2015-01-22,49.91999816894531,50.220001220703125,49.47999954223633,50.209999084472656,36.74679183959961,12062000
2015-01-23,49.970001220703125,50.04999923706055,49.63999938964844,49.650001525878906,36.33695602416992,6423700
2015-01-26,49.630001068115234,49.720001220703125,49.380001068115234,49.650001525878906,36.33695602416992,4428600
2015-01-27,49.150001525878906,49.29999923706055,48.849998474121094,49.08000183105469,35.9197998046875,10344800
2015-01-28,49.2599983215332,49.40999984741211,48.470001220703125,48.5099983215332,35.502620697021484,7765700
2015-01-29,48.70000076293945,48.959999084472656,48.290000915527344,48.900001525878906,35.78804397583008,9765600
2015-01-30,48.63999938964844,48.66999816894531,47.95000076293945,48.02000045776367,35.144020080566406,10951600
2015-02-02,48.11000061035156,48.619998931884766,47.68000030517578,48.59000015258789,35.56117630004883,14354100
2015-02-03,48.88999938964844,49.040000915527344,48.61000061035156,49.02000045776367,35.87588119506836,6279600
2015-02-04,48.93000030517578,49.38999938964844,48.93000030517578,49.040000915527344,35.89051055908203,7901300
2015-02-05,49.189998626708984,49.310001373291016,49.06999969482422,49.290000915527344,36.0734748840332,8079500
2015-02-06,49.29999923706055,49.4900016784668,48.880001068115234,49.06999969482422,35.91246795654297,6304100
2015-02-09,48.9900016784668,49.029998779296875,48.56999969482422,48.70000076293945,35.64167404174805,5656100
2015-02-10,49.15999984741211,49.31999969482422,48.86000061035156,49.27000045776367,36.05885314941406,5055100
2015-02-11,49.29999923706055,49.61000061035156,49.13999938964844,49.5,36.2271728515625,4618000
2015-02-12,49.619998931884766,49.72999954223633,49.470001220703125,49.72999954223633,36.3954963684082,7150600
2015-02-13,49.619998931884766,49.650001525878906,49.38999938964844,49.5,36.2271728515625,5932000
2015-02-17,49.43000030517578,49.560001373291016,49.189998626708984,49.5099983215332,36.23447799682617,4887500
2015-02-18,49.5,49.779998779296875,49.38999938964844,49.779998779296875,36.43208694458008,5251200
2015-02-19,49.689998626708984,49.70000076293945,49.400001525878906,49.459999084472656,36.19788360595703,4380200
2015-02-20,49.290000915527344,49.619998931884766,49.099998474121094,49.599998474121094,36.30035400390625,5898000
2015-02-23,49.52000045776367,49.75,49.52000045776367,49.7400016784668,36.40281677246094,4710600
2015-02-24,49.790000915527344,49.95000076293945,49.599998474121094,49.90999984741211,36.52722930908203,4275800
2015-02-25,49.900001525878906,49.95000076293945,49.68000030517578,49.7400016784668,36.40281677246094,3282600
2015-02-26,49.7400016784668,49.86000061035156,49.61000061035156,49.810001373291016,36.454044342041016,4124200
2015-02-27,49.79999923706055,50.11000061035156,49.77000045776367,50.0099983215332,36.60041809082031,4578900
2015-03-02,50.04999923706055,50.13999938964844,49.939998626708984,50.099998474121094,36.66628646850586,5511200
2015-03-03,50.099998474121094,50.11000061035156,49.689998626708984,49.90999984741211,36.52722930908203,5818200
2015-03-04,49.810001373291016,49.83000183105469,49.439998626708984,49.560001373291016,36.271080017089844,3635800
2015-03-05,49.689998626708984,49.810001373291016,49.56999969482422,49.72999954223633,36.3954963684082,5336300
2015-03-06,49.369998931884766,49.470001220703125,48.650001525878906,48.7599983215332,35.685585021972656,12065500
2015-03-09,48.95000076293945,49.119998931884766,48.79999923706055,49.029998779296875,35.8831901550293,6436500
2015-03-10,48.7400016784668,48.77000045776367,48.31999969482422,48.33000183105469,35.37089157104492,7996200
2015-03-11,48.400001525878906,48.400001525878906,47.90999984741211,47.959999084472656,35.100101470947266,8699500
2015-03-12,48.18000030517578,48.65999984741211,48.130001068115234,48.65999984741211,35.612396240234375,9905500
2015-03-13,48.560001373291016,48.58000183105469,47.9900016784668,48.279998779296875,35.33429718017578,5821400
2015-03-16,48.43000030517578,48.880001068115234,48.43000030517578,48.869998931884766,35.76609420776367,22130500
2015-03-17,48.70000076293945,48.7400016784668,48.380001068115234,48.52000045776367,35.50996017456055,7487500
2015-03-18,48.400001525878906,49.04999923706055,47.84000015258789,48.849998474121094,35.75145721435547,19747300
2015-03-19,48.7400016784668,48.849998474121094,48.540000915527344,48.630001068115234,35.590450286865234,20386700
2015-03-20,48.56999969482422,48.95000076293945,48.5,48.939998626708984,36.03668212890625,7951000
2015-03-23,48.88999938964844,49.27000045776367,48.849998474121094,49.02000045776367,36.095584869384766,4669300
2015-03-24,49.13999938964844,49.27000045776367,48.7400016784668,48.7400016784668,35.889400482177734,6939800
2015-03-25,49.290000915527344,49.36000061035156,48.619998931884766,48.619998931884766,35.8010368347168,18476700
2015-03-26,48.380001068115234,48.68000030517578,48.29999923706055,48.40999984741211,35.64640808105469,7616000
2015-03-27,48.41999816894531,48.77000045776367,48.400001525878906,48.709999084472656,35.8673210144043,4950100
2015-03-30,48.810001373291016,49.2400016784668,48.619998931884766,49.20000076293945,36.22814178466797,25326800
2015-03-31,49.0,49.20000076293945,48.7400016784668,48.7400016784668,35.889400482177734,7411800
2015-04-01,48.720001220703125,48.810001373291016,48.33000183105469,48.79999923706055,35.93358612060547,8033400
2015-04-02,48.81999969482422,49.220001220703125,48.75,49.130001068115234,36.17658233642578,4821000
2015-04-06,49.04999923706055,49.72999954223633,48.91999816894531,49.52000045776367,36.46375274658203,5615300
2015-04-07,49.599998474121094,49.70000076293945,49.290000915527344,49.290000915527344,36.29439163208008,7660800
2015-04-08,49.29999923706055,49.5,49.150001525878906,49.369998931884766,36.353294372558594,5039200
2015-04-09,49.369998931884766,49.599998474121094,49.189998626708984,49.5099983215332,36.456382751464844,4785400
2015-04-10,49.63999938964844,49.77000045776367,49.470001220703125,49.599998474121094,36.52265548706055,4605100
2015-04-13,49.470001220703125,49.65999984741211,49.36000061035156,49.369998931884766,36.353294372558594,3712800
2015-04-14,49.279998779296875,49.560001373291016,49.16999816894531,49.47999954223633,36.43430709838867,5722200
2015-04-15,49.54999923706055,49.75,49.310001373291016,49.34000015258789,36.331214904785156,6764300
2015-04-16,49.400001525878906,49.709999084472656,49.36000061035156,49.52000045776367,36.46375274658203,5796400
2015-04-17,49.290000915527344,49.31999969482422,48.790000915527344,49.060001373291016,36.12504959106445,5539800
2015-04-20,49.13999938964844,49.52000045776367,49.13999938964844,49.22999954223633,36.250205993652344,3976200
2015-04-21,49.29999923706055,49.54999923706055,49.2400016784668,49.31999969482422,36.31648635864258,3948500
2015-04-22,49.36000061035156,49.45000076293945,49.06999969482422,49.349998474121094,36.338565826416016,2897700
2015-04-23,49.06999969482422,49.41999816894531,49.060001373291016,49.18000030517578,36.21339416503906,6320800
2015-04-24,49.31999969482422,49.31999969482422,49.130001068115234,49.189998626708984,36.22075271606445,6555100
2015-04-27,49.2599983215332,49.279998779296875,48.88999938964844,48.91999816894531,36.02195358276367,6888100
2015-04-28,48.91999816894531,49.029998779296875,48.709999084472656,48.970001220703125,36.05876922607422,3665100
2015-04-29,48.810001373291016,48.90999984741211,48.459999084472656,48.529998779296875,35.734779357910156,9409300
2015-04-30,48.40999984741211,48.599998474121094,48.18000030517578,48.369998931884766,35.61695861816406,8286300
2015-05-01,48.54999923706055,48.83000183105469,48.40999984741211,48.810001373291016,35.94093704223633,5158300
2015-05-04,48.810001373291016,49.0099983215332,48.79999923706055,48.880001068115234,35.99249267578125,6710200
2015-05-05,48.86000061035156,48.91999816894531,48.41999816894531,48.4900016784668,35.705326080322266,6537400
2015-05-06,48.59000015258789,48.7599983215332,48.34000015258789,48.63999938964844,35.81576919555664,6233300
2015-05-07,48.47999954223633,48.86000061035156,48.369998931884766,48.7599983215332,35.90412139892578,6433800
2015-05-08,49.0099983215332,49.36000061035156,49.0099983215332,49.16999816894531,36.20603561401367,6946500
2015-05-11,49.029998779296875,49.33000183105469,48.95000076293945,48.970001220703125,36.05876922607422,3988400
2015-05-12,48.5099983215332,49.02000045776367,48.5099983215332,48.86000061035156,35.9777717590332,4903400
2015-05-13,48.849998474121094,49.189998626708984,48.779998779296875,48.84000015258789,35.96303176879883,3716900
2015-05-14,49.040000915527344,49.61000061035156,49.040000915527344,49.59000015258789,36.51529312133789,6174300
2015-05-15,49.599998474121094,49.75,49.54999923706055,49.75,36.633113861083984,5014300
2015-05-18,49.70000076293945,49.720001220703125,49.5099983215332,49.59000015258789,36.51529312133789,6199900
2015-05-19,49.619998931884766,49.619998931884766,49.29999923706055,49.459999084472656,36.41956329345703,5157200
2015-05-20,49.38999938964844,49.59000015258789,49.349998474121094,49.349998474121094,36.338565826416016,5463200
2015-05-21,49.36000061035156,49.52000045776367,49.189998626708984,49.459999084472656,36.41956329345703,4313600
2015-05-22,49.22999954223633,49.400001525878906,49.220001220703125,49.25,36.26494598388672,5336900
2015-05-26,49.189998626708984,49.209999084472656,48.7599983215332,48.86000061035156,35.9777717590332,8790100
2015-05-27,48.959999084472656,49.25,48.91999816894531,49.16999816894531,36.20603561401367,7599900
2015-05-28,49.119998931884766,49.16999816894531,48.88999938964844,49.099998474121094,36.15448760986328,5741300
2015-05-29,49.02000045776367,49.06999969482422,48.70000076293945,48.790000915527344,35.92621612548828,6663600
2015-06-01,48.88999938964844,48.9900016784668,48.619998931884766,48.790000915527344,35.92621612548828,5992300
2015-06-02,48.650001525878906,48.77000045776367,48.41999816894531,48.65999984741211,35.83049392700195,4998200
2015-06-03,48.720001220703125,48.86000061035156,48.560001373291016,48.630001068115234,35.80840301513672,5892700
2015-06-04,48.540000915527344,48.65999984741211,48.18000030517578,48.279998779296875,35.550682067871094,7084800
2015-06-05,48.150001525878906,48.27000045776367,47.560001373291016,47.59000015258789,35.0426025390625,9482300
2015-06-08,47.560001373291016,47.7400016784668,47.459999084472656,47.56999969482422,35.02787399291992,10944000
2015-06-09,47.630001068115234,47.97999954223633,47.54999923706055,47.79999923706055,35.197235107421875,7096700
2015-06-10,47.91999816894531,48.369998931884766,47.91999816894531,48.27000045776367,35.543331146240234,7091600
2015-06-11,48.310001373291016,48.470001220703125,48.20000076293945,48.25,35.528594970703125,7469300
2015-06-12,48.130001068115234,48.16999816894531,47.88999938964844,48.060001373291016,35.38869857788086,6748800
2015-06-15,47.869998931884766,47.959999084472656,47.68000030517578,47.709999084472656,35.13096237182617,7632600
2015-06-16,47.84000015258789,48.2599983215332,47.77000045776367,48.22999954223633,35.51387023925781,5036400
2015-06-17,48.380001068115234,48.56999969482422,48.119998931884766,48.4900016784668,35.705326080322266,10508800
2015-06-18,48.63999938964844,49.220001220703125,48.599998474121094,49.029998779296875,36.102928161621094,8821000
2015-06-19,48.7599983215332,48.90999984741211,48.65999984741211,48.65999984741211,36.052555084228516,8908200
2015-06-22,48.93000030517578,49.04999923706055,48.79999923706055,48.849998474121094,36.19333267211914,4445900
2015-06-23,48.869998931884766,48.880001068115234,48.540000915527344,48.63999938964844,36.037742614746094,5107500
2015-06-24,48.619998931884766,48.70000076293945,48.41999816894531,48.41999816894531,35.87474822998047,6765100
2015-06-25,48.61000061035156,48.61000061035156,48.33000183105469,48.33000183105469,35.80806350708008,6443700
2015-06-26,48.400001525878906,48.599998474121094,48.34000015258789,48.43000030517578,35.88216018676758,4608000
2015-06-29,48.18000030517578,48.27000045776367,47.65999984741211,47.68000030517578,35.32646942138672,8106200
2015-06-30,48.18000030517578,48.18000030517578,47.59000015258789,47.599998474121094,35.26720428466797,10039900
2015-07-01,47.91999816894531,48.209999084472656,47.720001220703125,48.209999084472656,35.71916580200195,6859600
2015-07-02,48.2400016784668,48.43000030517578,48.029998779296875,48.16999816894531,35.68950653076172,6956600
2015-07-06,47.849998474121094,48.310001373291016,47.79999923706055,48.130001068115234,35.65988540649414,8740700
2015-07-07,48.2599983215332,49.15999984741211,48.099998474121094,49.119998931884766,36.39337921142578,17427000
2015-07-08,48.70000076293945,48.93000030517578,48.540000915527344,48.56999969482422,35.985877990722656,11754300
2015-07-09,49.15999984741211,49.25,48.61000061035156,48.61000061035156,36.01551055908203,8359900
2015-07-10,49.060001373291016,49.29999923706055,49.0099983215332,49.18000030517578,36.43783187866211,7782500
2015-07-13,49.40999984741211,49.65999984741211,49.40999984741211,49.63999938964844,36.778648376464844,7031800
2015-07-14,49.650001525878906,49.7400016784668,49.560001373291016,49.720001220703125,36.837921142578125,6858300
2015-07-15,49.709999084472656,49.72999954223633,49.4900016784668,49.59000015258789,36.741615295410156,5980500
2015-07-16,49.84000015258789,50.16999816894531,49.779998779296875,50.099998474121094,37.119468688964844,4451200
2015-07-17,49.97999954223633,50.08000183105469,49.779998779296875,50.06999969482422,37.09724807739258,4874400
2015-07-20,50.099998474121094,50.220001220703125,49.959999084472656,50.15999984741211,37.16393280029297,6345400
2015-07-21,50.040000915527344,50.189998626708984,49.900001525878906,50.040000915527344,37.07500457763672,6146000
2015-07-22,50.040000915527344,50.33000183105469,50.0099983215332,50.150001525878906,37.156517028808594,6107900
2015-07-23,50.2599983215332,50.2599983215332,49.88999938964844,49.959999084472656,37.0157470703125,4535100
2015-07-24,50.08000183105469,50.08000183105469,49.619998931884766,49.68000030517578,36.80828094482422,9950100
2015-07-27,49.47999954223633,49.72999954223633,49.33000183105469,49.650001525878906,36.78606033325195,9567100
2015-07-28,49.869998931884766,50.220001220703125,49.72999954223633,50.209999084472656,37.20096969604492,8765800
2015-07-29,50.2599983215332,50.4900016784668,50.15999984741211,50.380001068115234,37.32691955566406,6105100
2015-07-30,50.13999938964844,50.279998779296875,49.880001068115234,50.209999084472656,37.20096969604492,7029100
2015-07-31,50.380001068115234,50.41999816894531,50.2400016784668,50.310001373291016,37.27507019042969,6168800
2015-08-03,50.29999923706055,50.43000030517578,50.15999984741211,50.380001068115234,37.32691955566406,6961400
2015-08-04,50.349998474121094,50.45000076293945,50.11000061035156,50.380001068115234,37.32691955566406,5633000
2015-08-05,50.540000915527344,50.88999938964844,50.52000045776367,50.81999969482422,37.652931213378906,5239900
2015-08-06,50.95000076293945,50.95000076293945,50.369998931884766,50.439998626708984,37.371376037597656,7889500
2015-08-07,50.36000061035156,50.5,49.939998626708984,50.15999984741211,37.16393280029297,6889700
2015-08-10,50.29999923706055,50.5099983215332,50.2599983215332,50.349998474121094,37.30469512939453,5780000
2015-08-11,50.02000045776367,50.279998779296875,50.0,50.16999816894531,37.17133712768555,5616200
2015-08-12,49.849998474121094,50.22999954223633,49.5099983215332,50.20000076293945,37.19356918334961,8275100
2015-08-13,50.150001525878906,50.279998779296875,49.939998626708984,50.0,37.04539108276367,4935200
2015-08-14,49.9900016784668,50.16999816894531,49.869998931884766,50.15999984741211,37.16393280029297,5247000
2015-08-17,50.0,50.22999954223633,49.81999969482422,50.209999084472656,37.20096969604492,4978400
2015-08-18,50.029998779296875,50.16999816894531,49.900001525878906,49.959999084472656,37.0157470703125,5108300
2015-08-19,49.849998474121094,49.869998931884766,49.2599983215332,49.5,36.6749267578125,9309200
2015-08-20,49.15999984741211,49.4900016784668,48.95000076293945,49.04999923706055,36.341514587402344,12756300
2015-08-21,48.66999816894531,48.779998779296875,47.709999084472656,47.709999084472656,35.34870529174805,23544300
2015-08-24,45.400001525878906,47.099998474121094,43.720001220703125,46.04999923706055,34.11880111694336,68723800
2015-08-25,47.709999084472656,47.709999084472656,45.650001525878906,45.70000076293945,33.85948181152344,35853900
2015-08-26,46.61000061035156,47.130001068115234,45.75,47.04999923706055,34.85970687866211,24372800
2015-08-27,47.43000030517578,47.88999938964844,46.869998931884766,47.7400016784668,35.370933532714844,19550400
2015-08-28,47.61000061035156,47.689998626708984,47.349998474121094,47.63999938964844,35.296836853027344,8695300
2015-08-31,47.52000045776367,47.52000045776367,47.18000030517578,47.310001373291016,35.05234146118164,12948300
2015-09-01,46.369998931884766,46.849998474121094,46.04999923706055,46.34000015258789,34.333656311035156,15589300
2015-09-02,46.7400016784668,46.97999954223633,46.52000045776367,46.970001220703125,34.80043411254883,9637300
2015-09-03,47.15999984741211,47.58000183105469,47.060001373291016,47.290000915527344,35.03751754760742,7626800
2015-09-04,46.66999816894531,46.790000915527344,46.34000015258789,46.52000045776367,34.46702575683594,10507100
2015-09-08,47.27000045776367,47.540000915527344,46.939998626708984,47.4900016784668,35.185699462890625,6867300
2015-09-09,47.93000030517578,47.939998626708984,46.59000015258789,46.709999084472656,34.607784271240234,7587400
2015-09-10,46.4900016784668,47.119998931884766,46.470001220703125,46.790000915527344,34.667076110839844,14986300
2015-09-11,46.7400016784668,47.11000061035156,46.56999969482422,47.099998474121094,34.89674758911133,5127300
2015-09-14,47.08000183105469,47.16999816894531,46.7599983215332,46.95000076293945,34.78561019897461,6180100
2015-09-15,47.0099983215332,47.599998474121094,46.81999969482422,47.5099983215332,35.20051193237305,7284500
2015-09-16,47.939998626708984,48.11000061035156,47.66999816894531,48.04999923706055,35.60060501098633,11470700
2015-09-17,48.0099983215332,48.619998931884766,47.90999984741211,48.04999923706055,35.60060501098633,13063900
2015-09-18,47.189998626708984,47.709999084472656,47.0,47.189998626708984,35.188995361328125,10970800
2015-09-21,47.310001373291016,47.66999816894531,47.29999923706055,47.540000915527344,35.44997787475586,9770600
2015-09-22,47.060001373291016,47.13999938964844,46.77000045776367,47.02000045776367,35.06222915649414,10674800
2015-09-23,47.0099983215332,47.18000030517578,46.86000061035156,47.099998474121094,35.12187194824219,6458500
2015-09-24,46.75,47.25,46.72999954223633,47.18000030517578,35.181541442871094,7740100
2015-09-25,47.45000076293945,47.959999084472656,47.29999923706055,47.47999954223633,35.40524673461914,12257300
2015-09-28,47.36000061035156,47.459999084472656,46.689998626708984,46.779998779296875,34.88325881958008,15816000
2015-09-29,46.90999984741211,46.93000030517578,46.47999954223633,46.7599983215332,34.86833572387695,15304100
2015-09-30,46.95000076293945,47.349998474121094,46.869998931884766,47.189998626708984,35.188995361328125,12715600
2015-10-01,47.220001220703125,47.33000183105469,46.84000015258789,47.189998626708984,35.188995361328125,13766200
2015-10-02,46.93000030517578,47.86000061035156,46.689998626708984,47.84000015258789,35.6736946105957,13196700
2015-10-05,48.189998626708984,48.720001220703125,48.040000915527344,48.65999984741211,36.2851448059082,10515800
2015-10-06,48.560001373291016,48.72999954223633,48.310001373291016,48.33000183105469,36.0390739440918,9444000
2015-10-07,48.560001373291016,48.86000061035156,48.400001525878906,48.77000045776367,36.367183685302734,11944000
2015-10-08,48.70000076293945,49.369998931884766,48.61000061035156,49.349998474121094,36.7996711730957,12447100
2015-10-09,49.439998626708984,49.61000061035156,49.29999923706055,49.459999084472656,36.88169479370117,12459500
2015-10-12,49.47999954223633,49.70000076293945,49.43000030517578,49.59000015258789,36.97864532470703,5652600
2015-10-13,49.5,49.56999969482422,49.220001220703125,49.290000915527344,36.75493621826172,10162600
2015-10-14,49.20000076293945,49.400001525878906,48.61000061035156,48.720001220703125,36.329891204833984,10771200
2015-10-15,49.02000045776367,49.189998626708984,48.81999969482422,49.15999984741211,36.65800094604492,5255600
2015-10-16,49.20000076293945,49.68000030517578,49.189998626708984,49.630001068115234,37.00847244262695,6921900
2015-10-19,49.630001068115234,49.86000061035156,49.47999954223633,49.849998474121094,37.17251968383789,6284300
2015-10-20,49.84000015258789,49.90999984741211,49.7400016784668,49.81999969482422,37.150146484375,6078400
2015-10-21,49.72999954223633,50.16999816894531,49.72999954223633,49.83000183105469,37.15761184692383,14418900
2015-10-22,50.029998779296875,50.88999938964844,49.95000076293945,50.81999969482422,37.895843505859375,13590300
2015-10-23,51.0,51.130001068115234,50.459999084472656,50.7400016784668,37.836177825927734,13360200
2015-10-26,50.7400016784668,50.84000015258789,50.560001373291016,50.63999938964844,37.76161193847656,8893000
2015-10-27,50.47999954223633,50.709999084472656,50.31999969482422,50.709999084472656,37.813812255859375,5126200
2015-10-28,50.720001220703125,50.72999954223633,49.880001068115234,50.41999816894531,37.59756851196289,10430900
2015-10-29,50.400001525878906,50.54999923706055,50.15999984741211,50.439998626708984,37.61246871948242,5606900
2015-10-30,50.279998779296875,50.279998779296875,49.869998931884766,49.880001068115234,37.19488525390625,8577100
2015-11-02,49.90999984741211,50.189998626708984,49.84000015258789,50.18000030517578,37.41859436035156,13054000
2015-11-03,49.88999938964844,50.06999969482422,49.59000015258789,49.939998626708984,37.23963165283203,12452900
2015-11-04,50.0,50.09000015258789,49.540000915527344,49.72999954223633,37.083030700683594,8067600
2015-11-05,49.68000030517578,49.79999923706055,49.439998626708984,49.720001220703125,37.0755729675293,9691800
2015-11-06,49.4900016784668,49.58000183105469,48.81999969482422,49.18000030517578,36.672908782958984,13747200
2015-11-09,48.939998626708984,49.02000045776367,48.58000183105469,48.849998474121094,36.42683029174805,7896000
2015-11-10,48.79999923706055,49.060001373291016,48.79999923706055,48.97999954223633,36.523780822753906,7438600
2015-11-11,48.900001525878906,49.220001220703125,48.900001525878906,48.90999984741211,36.471561431884766,7264700
2015-11-12,48.790000915527344,48.84000015258789,48.25,48.25,35.97941589355469,8473500
2015-11-13,48.11000061035156,48.33000183105469,47.790000915527344,47.83000183105469,35.66624069213867,9112400
2015-11-16,47.66999816894531,48.65999984741211,47.66999816894531,48.650001525878906,36.27770233154297,9734900
2015-11-17,48.779998779296875,49.029998779296875,48.4900016784668,48.630001068115234,36.26277542114258,8056200
2015-11-18,48.77000045776367,49.33000183105469,48.70000076293945,49.29999923706055,36.76240158081055,7826200
2015-11-19,49.33000183105469,49.650001525878906,49.31999969482422,49.43000030517578,36.85933303833008,7421100
2015-11-20,49.650001525878906,49.880001068115234,49.040000915527344,49.08000183105469,36.59834289550781,5487200
2015-11-23,49.09000015258789,49.599998474121094,49.09000015258789,49.5099983215332,36.918968200683594,5316600
2015-11-24,49.38999938964844,49.77000045776367,49.16999816894531,49.63999938964844,37.01593017578125,9786000
2015-11-25,49.63999938964844,49.88999938964844,49.599998474121094,49.77000045776367,37.112850189208984,5599000
2015-11-27,49.75,50.06999969482422,49.75,49.959999084472656,37.254539489746094,2712600
2015-11-30,49.970001220703125,50.06999969482422,49.40999984741211,49.41999816894531,36.85187911987305,10355200
2015-12-01,49.52000045776367,49.869998931884766,49.52000045776367,49.84000015258789,37.16505813598633,10807900
2015-12-02,49.77000045776367,49.90999984741211,49.52000045776367,49.59000015258789,36.97864532470703,7832000
2015-12-03,49.77000045776367,49.95000076293945,49.13999938964844,49.33000183105469,36.78477478027344,12556000
2015-12-04,49.459999084472656,50.47999954223633,49.2599983215332,50.439998626708984,37.61246871948242,12783200
2015-12-07,50.630001068115234,50.7400016784668,50.380001068115234,50.58000183105469,37.716861724853516,9022000
2015-12-08,50.2599983215332,50.560001373291016,50.150001525878906,50.45000076293945,37.619937896728516,6436400
2015-12-09,50.16999816894531,50.709999084472656,49.77000045776367,49.970001220703125,37.261993408203125,18821800
2015-12-10,50.08000183105469,50.349998474121094,49.880001068115234,50.029998779296875,37.306758880615234,7842700
2015-12-11,49.529998779296875,49.83000183105469,49.34000015258789,49.47999954223633,36.89662170410156,11597900
2015-12-14,49.47999954223633,50.0099983215332,49.290000915527344,49.970001220703125,37.261993408203125,16609500
2015-12-15,50.36000061035156,50.529998779296875,50.099998474121094,50.290000915527344,37.50062561035156,11557500
2015-12-16,50.5099983215332,51.369998931884766,50.5,51.2599983215332,38.22394943237305,20860400
2015-12-17,51.2599983215332,51.2599983215332,50.59000015258789,50.599998474121094,37.73177719116211,10235700
2015-12-18,50.18000030517578,50.18000030517578,49.34000015258789,49.34000015258789,37.063232421875,14720600
2015-12-21,49.66999816894531,49.90999984741211,49.470001220703125,49.900001525878906,37.483882904052734,8155500
2015-12-22,49.97999954223633,50.61000061035156,49.869998931884766,50.54999923706055,37.97215270996094,7185700
2015-12-23,50.77000045776367,50.9900016784668,50.68000030517578,50.91999816894531,38.25009536743164,6464100
2015-12-24,50.810001373291016,51.02000045776367,50.810001373291016,50.869998931884766,38.21254348754883,2312100
2015-12-28,50.650001525878906,50.810001373291016,50.599998474121094,50.79999923706055,38.15995788574219,4620900
2015-12-29,51.130001068115234,51.290000915527344,50.90999984741211,51.2400016784668,38.490478515625,4134000
2015-12-30,51.209999084472656,51.27000045776367,51.0,51.060001373291016,38.35526657104492,6942900
2015-12-31,50.88999938964844,50.900001525878906,50.43000030517578,50.4900016784668,37.92708969116211,6801400
2016-01-04,49.83000183105469,49.849998474121094,49.349998474121094,49.849998474121094,37.44633483886719,17281200
2016-01-05,49.970001220703125,50.290000915527344,49.84000015258789,50.16999816894531,37.68671417236328,8630500
2016-01-06,49.66999816894531,50.20000076293945,49.63999938964844,50.0,37.559024810791016,12429100
2016-01-07,49.439998626708984,49.93000030517578,49.220001220703125,49.400001525878906,37.108306884765625,16031500
2016-01-08,49.720001220703125,49.720001220703125,48.91999816894531,49.02000045776367,36.82286071777344,14691000
2016-01-11,49.31999969482422,49.65999984741211,49.0,49.47999954223633,37.16840744018555,15890200
2016-01-12,49.779998779296875,49.95000076293945,49.349998474121094,49.75,37.371219635009766,13171500
2016-01-13,49.810001373291016,49.849998474121094,48.790000915527344,48.84000015258789,36.687652587890625,19407900
2016-01-14,48.97999954223633,49.40999984741211,48.75,49.06999969482422,36.86041259765625,19025800
2016-01-15,48.2400016784668,48.619998931884766,47.91999816894531,48.29999923706055,36.282020568847656,24210900
2016-01-19,48.790000915527344,49.060001373291016,48.56999969482422,48.880001068115234,36.717689514160156,14945200
2016-01-20,48.34000015258789,48.560001373291016,47.38999938964844,48.27000045776367,36.25947189331055,28302800
2016-01-21,48.310001373291016,48.66999816894531,48.0099983215332,48.459999084472656,36.40219497680664,21001000
2016-01-22,49.0099983215332,49.38999938964844,48.630001068115234,49.290000915527344,37.02567672729492,13754500
2016-01-25,48.4900016784668,49.27000045776367,48.40999984741211,48.849998474121094,36.69515609741211,15869400
2016-01-26,49.0,49.619998931884766,48.95000076293945,49.29999923706055,37.03319549560547,10523400
2016-01-27,49.369998931884766,49.869998931884766,48.95000076293945,49.25,36.99563980102539,17247400
2016-01-28,49.41999816894531,49.93000030517578,49.27000045776367,49.75,37.371219635009766,15649200
2016-01-29,50.09000015258789,50.83000183105469,49.86000061035156,50.7599983215332,38.129920959472656,20576300
2016-02-01,50.650001525878906,51.13999938964844,50.5,50.93000030517578,38.25761032104492,18573100
2016-02-02,50.560001373291016,50.560001373291016,50.15999984741211,50.279998779296875,37.769344329833984,14068600
2016-02-03,50.470001220703125,50.560001373291016,49.70000076293945,50.16999816894531,37.68671417236328,25209800
2016-02-04,49.95000076293945,50.0099983215332,49.470001220703125,49.709999084472656,37.34116744995117,21240800
2016-02-05,49.79999923706055,49.95000076293945,49.369998931884766,49.630001068115234,37.28107833862305,20073300
2016-02-08,49.29999923706055,49.63999938964844,48.88999938964844,49.5,37.18342208862305,21546900
2016-02-09,49.11000061035156,50.099998474121094,49.06999969482422,49.83000183105469,37.431312561035156,24376300
2016-02-10,50.0099983215332,50.29999923706055,49.709999084472656,49.77000045776367,37.38623809814453,14798700
2016-02-11,49.18000030517578,49.599998474121094,48.880001068115234,49.369998931884766,37.085758209228516,26010400
2016-02-12,49.66999816894531,50.08000183105469,49.439998626708984,50.06999969482422,37.61158752441406,12464000
2016-02-16,50.5,50.540000915527344,50.09000015258789,50.470001220703125,37.91207504272461,15217700
2016-02-17,50.689998626708984,51.13999938964844,50.540000915527344,50.9900016784668,38.30267333984375,11040500
2016-02-18,50.81999969482422,50.91999816894531,50.4900016784668,50.7599983215332,38.129920959472656,13101900
2016-02-19,50.619998931884766,50.939998626708984,50.34000015258789,50.84000015258789,38.19001007080078,9795000
2016-02-22,51.130001068115234,51.2400016784668,50.95000076293945,51.09000015258789,38.377803802490234,9152000
2016-02-23,50.9900016784668,51.18000030517578,50.869998931884766,51.08000183105469,38.37028121948242,9986500
2016-02-24,50.84000015258789,51.29999923706055,50.58000183105469,51.2400016784668,38.490478515625,13271700
2016-02-25,51.369998931884766,51.849998474121094,51.25,51.81999969482422,38.926151275634766,9512000
2016-02-26,51.959999084472656,51.959999084472656,50.9900016784668,51.09000015258789,38.377803802490234,28143900
2016-02-29,51.060001373291016,51.459999084472656,50.90999984741211,50.91999816894531,38.25009536743164,13596800
2016-03-01,51.209999084472656,51.5,51.130001068115234,51.40999984741211,38.61818313598633,13169700
2016-03-02,51.470001220703125,51.560001373291016,51.150001525878906,51.560001373291016,38.73086166381836,16157700
2016-03-03,51.349998474121094,51.81999969482422,51.16999816894531,51.81999969482422,38.926151275634766,10743600
2016-03-04,51.79999923706055,52.16999816894531,51.599998474121094,52.040000915527344,39.09141540527344,17384700
2016-03-07,51.81999969482422,52.0,51.630001068115234,51.720001220703125,38.85105514526367,14095900
2016-03-08,51.58000183105469,52.150001525878906,51.4900016784668,51.869998931884766,38.96372604370117,11554900
2016-03-09,52.029998779296875,52.33000183105469,52.02000045776367,52.2599983215332,39.25668716430664,11307500
2016-03-10,52.45000076293945,52.56999969482422,51.83000183105469,52.279998779296875,39.271705627441406,13004500
2016-03-11,52.540000915527344,52.650001525878906,52.2599983215332,52.45000076293945,39.3994140625,12880500
2016-03-14,52.41999816894531,52.540000915527344,52.2599983215332,52.41999816894531,39.37686538696289,10645100
2016-03-15,52.27000045776367,52.619998931884766,52.18000030517578,52.54999923706055,39.47453689575195,6523700
2016-03-16,52.5099983215332,52.790000915527344,52.150001525878906,52.66999816894531,39.56467056274414,13743400
2016-03-17,52.650001525878906,53.15999984741211,52.599998474121094,52.9900016784668,39.805057525634766,13903400
2016-03-18,52.810001373291016,52.86000061035156,52.56999969482422,52.650001525878906,39.75294876098633,13037000
2016-03-21,52.66999816894531,52.869998931884766,52.439998626708984,52.68000030517578,39.77558898925781,11421400
2016-03-22,52.5099983215332,52.650001525878906,52.290000915527344,52.369998931884766,39.541534423828125,9853200
2016-03-23,52.2599983215332,52.939998626708984,52.2400016784668,52.380001068115234,39.54908752441406,11304300
2016-03-24,52.20000076293945,52.369998931884766,52.150001525878906,52.31999969482422,39.5037841796875,9455500
2016-03-28,52.380001068115234,52.709999084472656,52.380001068115234,52.599998474121094,39.7151985168457,7363500
2016-03-29,52.56999969482422,53.0099983215332,52.5,52.9900016784668,40.00966262817383,10354700
2016-03-30,53.16999816894531,53.34000015258789,53.040000915527344,53.34000015258789,40.273921966552734,8932300
2016-03-31,53.25,53.34000015258789,53.0,53.060001373291016,40.06250762939453,8297400
2016-04-01,52.84000015258789,53.77000045776367,52.77000045776367,53.619998931884766,40.48533630371094,14840300
2016-04-04,53.689998626708984,53.75,53.36000061035156,53.63999938964844,40.50044631958008,12949000
2016-04-05,53.41999816894531,53.540000915527344,53.15999984741211,53.279998779296875,40.2286262512207,11748800
2016-04-06,53.13999938964844,53.709999084472656,53.13999938964844,53.70000076293945,40.54574966430664,11672400
2016-04-07,53.34000015258789,53.529998779296875,52.95000076293945,53.119998931884766,40.10781478881836,11243400
2016-04-08,53.349998474121094,53.470001220703125,53.2400016784668,53.40999984741211,40.3267822265625,7040200
2016-04-11,53.470001220703125,53.63999938964844,52.9900016784668,53.029998779296875,40.03987503051758,6694100
2016-04-12,53.040000915527344,53.41999816894531,53.040000915527344,53.36000061035156,40.289039611816406,9361100
2016-04-13,53.4900016784668,53.54999923706055,52.709999084472656,52.95000076293945,39.97946548461914,14780000
2016-04-14,52.91999816894531,53.04999923706055,52.66999816894531,52.709999084472656,39.798240661621094,11811300
2016-04-15,52.70000076293945,53.060001373291016,52.63999938964844,53.040000915527344,40.04741668701172,12384200
2016-04-18,52.95000076293945,53.34000015258789,52.90999984741211,53.34000015258789,40.273921966552734,8476800
2016-04-19,53.22999954223633,53.36000061035156,53.06999969482422,53.310001373291016,40.25127410888672,5980100
2016-04-20,53.220001220703125,53.220001220703125,52.58000183105469,52.709999084472656,39.798240661621094,20207300
2016-04-21,52.5099983215332,52.58000183105469,51.72999954223633,51.77000045776367,39.0885009765625,30667400
2016-04-22,51.599998474121094,51.959999084472656,51.540000915527344,51.959999084472656,39.231964111328125,22004200
2016-04-25,51.66999816894531,52.31999969482422,51.65999984741211,52.31999969482422,39.5037841796875,8947300
2016-04-26,52.45000076293945,52.47999954223633,52.02000045776367,52.11000061035156,39.3452262878418,10821800
2016-04-27,52.29999923706055,52.52000045776367,51.90999984741211,52.36000061035156,39.53398132324219,12012100
2016-04-28,52.15999984741211,52.720001220703125,52.150001525878906,52.40999984741211,39.571739196777344,11547000
2016-04-29,52.400001525878906,52.40999984741211,51.9900016784668,52.29999923706055,39.48867416381836,13198500
2016-05-02,52.45000076293945,52.95000076293945,52.279998779296875,52.900001525878906,39.94171905517578,14096300
2016-05-03,52.709999084472656,53.0099983215332,52.650001525878906,52.79999923706055,39.8661994934082,12837300
2016-05-04,52.650001525878906,53.060001373291016,52.5,52.959999084472656,39.98701858520508,11003200
2016-05-05,52.84000015258789,53.2599983215332,52.79999923706055,52.970001220703125,39.99456024169922,10555900
2016-05-06,52.88999938964844,53.2400016784668,52.720001220703125,53.2400016784668,40.19841766357422,8435400
2016-05-09,53.27000045776367,53.68000030517578,53.150001525878906,53.529998779296875,40.4173698425293,9845100
2016-05-10,53.70000076293945,54.060001373291016,53.63999938964844,54.060001373291016,40.81756591796875,8567400
2016-05-11,53.97999954223633,54.040000915527344,53.61000061035156,53.630001068115234,40.492889404296875,6462100
2016-05-12,53.75,54.029998779296875,53.63999938964844,53.91999816894531,40.711849212646484,11906400
2016-05-13,53.790000915527344,53.869998931884766,53.150001525878906,53.2400016784668,40.19841766357422,10657700
2016-05-16,53.13999938964844,53.70000076293945,53.099998474121094,53.58000183105469,40.455135345458984,8139300
2016-05-17,53.380001068115234,53.54999923706055,52.38999938964844,52.529998779296875,39.66234588623047,19898200
2016-05-18,52.2400016784668,52.400001525878906,51.720001220703125,51.91999816894531,39.201759338378906,20120200
2016-05-19,52.08000183105469,52.45000076293945,51.95000076293945,52.43000030517578,39.58683776855469,13237300
2016-05-20,52.56999969482422,52.599998474121094,52.099998474121094,52.15999984741211,39.38298034667969,7050800
2016-05-23,52.25,52.349998474121094,52.11000061035156,52.209999084472656,39.42073059082031,8546700
2016-05-24,52.33000183105469,52.77000045776367,52.310001373291016,52.650001525878906,39.75294876098633,11258200
2016-05-25,52.75,52.95000076293945,52.630001068115234,52.72999954223633,39.81333923339844,9767300
2016-05-26,52.790000915527344,53.060001373291016,52.790000915527344,52.939998626708984,39.97190475463867,7957000
2016-05-27,53.0,53.09000015258789,52.83000183105469,53.0,40.017215728759766,7873000
2016-05-31,53.08000183105469,53.15999984741211,52.540000915527344,52.65999984741211,39.760494232177734,8766400
2016-06-01,52.70000076293945,53.20000076293945,52.70000076293945,53.20000076293945,40.16822052001953,10175800
2016-06-02,53.09000015258789,53.220001220703125,52.90999984741211,53.220001220703125,40.18333053588867,6309800
2016-06-03,53.31999969482422,53.58000183105469,53.11000061035156,53.560001373291016,40.44003677368164,13362500
2016-06-06,53.650001525878906,53.7599983215332,53.36000061035156,53.619998931884766,40.48533630371094,10778100
2016-06-07,53.65999984741211,53.77000045776367,53.470001220703125,53.560001373291016,40.44003677368164,5572800
2016-06-08,53.54999923706055,53.900001525878906,53.439998626708984,53.880001068115234,40.681663513183594,6024500
2016-06-09,53.779998779296875,54.119998931884766,53.77000045776367,54.09000015258789,40.840206146240234,5946800
2016-06-10,53.81999969482422,54.220001220703125,53.7599983215332,54.130001068115234,40.87041091918945,10563900
2016-06-13,54.130001068115234,54.220001220703125,53.68000030517578,53.68000030517578,40.5306396484375,9091800
2016-06-14,53.65999984741211,53.90999984741211,53.34000015258789,53.88999938964844,40.6891975402832,9530900
2016-06-15,53.880001068115234,54.029998779296875,53.65999984741211,53.72999954223633,40.568389892578125,9347600
2016-06-16,53.560001373291016,54.040000915527344,53.47999954223633,54.0099983215332,40.77980041503906,12205700
2016-06-17,53.61000061035156,53.689998626708984,53.119998931884766,53.470001220703125,40.61497116088867,10077500
2016-06-20,53.810001373291016,53.97999954223633,53.56999969482422,53.63999938964844,40.74409866333008,6497500
2016-06-21,53.709999084472656,53.91999816894531,53.689998626708984,53.779998779296875,40.85044860839844,6879100
2016-06-22,53.849998474121094,54.0,53.75,53.810001373291016,40.87323760986328,5408300
2016-06-23,54.02000045776367,54.13999938964844,53.869998931884766,54.13999938964844,41.12389373779297,5642500
2016-06-24,53.150001525878906,53.779998779296875,52.880001068115234,53.099998474121094,40.33393096923828,23775900
2016-06-27,53.02000045776367,53.11000061035156,52.650001525878906,52.9900016784668,40.250370025634766,19305900
2016-06-28,53.439998626708984,53.439998626708984,52.84000015258789,53.31999969482422,40.50103759765625,11868600
2016-06-29,53.599998474121094,53.970001220703125,53.43000030517578,53.939998626708984,40.97197341918945,10821000
2016-06-30,54.0099983215332,55.150001525878906,54.0,55.150001525878906,41.891075134277344,20984800
2016-07-01,55.25,55.27000045776367,54.869998931884766,54.88999938964844,41.69358444213867,14933900
2016-07-05,54.81999969482422,55.54999923706055,54.81999969482422,55.20000076293945,41.92906188964844,19917100
2016-07-06,55.189998626708984,55.34000015258789,54.90999984741211,55.25,41.96703338623047,19540000
2016-07-07,55.38999938964844,55.4900016784668,55.029998779296875,55.13999938964844,41.88348388671875,15618100
2016-07-08,55.349998474121094,55.7400016784668,55.18000030517578,55.689998626708984,42.30125045776367,10227500
2016-07-11,55.70000076293945,55.869998931884766,55.41999816894531,55.70000076293945,42.3088493347168,8213900
2016-07-12,55.61000061035156,55.689998626708984,55.380001068115234,55.400001525878906,42.080970764160156,15270800
2016-07-13,55.470001220703125,55.779998779296875,55.36000061035156,55.709999084472656,42.316444396972656,9398800
2016-07-14,55.68000030517578,56.02000045776367,55.599998474121094,55.70000076293945,42.3088493347168,15486400
2016-07-15,55.7400016784668,55.959999084472656,55.59000015258789,55.70000076293945,42.3088493347168,10722200
2016-07-18,55.70000076293945,55.7400016784668,55.54999923706055,55.63999938964844,42.26326370239258,9656800
2016-07-19,55.47999954223633,55.599998474121094,55.33000183105469,55.599998474121094,42.232879638671875,5295600
2016-07-20,55.59000015258789,55.65999984741211,55.369998931884766,55.400001525878906,42.080970764160156,6073200
2016-07-21,55.31999969482422,55.349998474121094,55.029998779296875,55.2400016784668,41.959442138671875,6682400
2016-07-22,55.349998474121094,55.529998779296875,55.279998779296875,55.5,42.15692901611328,10602400
2016-07-25,55.45000076293945,55.4900016784668,55.189998626708984,55.439998626708984,42.111351013183594,4033400
2016-07-26,55.369998931884766,55.540000915527344,54.970001220703125,55.0099983215332,41.78473663330078,11737800
2016-07-27,54.939998626708984,54.939998626708984,54.040000915527344,54.189998626708984,41.1618766784668,21562400
2016-07-28,54.5099983215332,54.529998779296875,54.029998779296875,54.43000030517578,41.34416961669922,10873800
2016-07-29,54.5,54.779998779296875,54.38999938964844,54.70000076293945,41.549259185791016,9262200
2016-08-01,54.65999984741211,54.869998931884766,54.5,54.7599983215332,41.59483337402344,14918200
2016-08-02,54.779998779296875,54.88999938964844,54.45000076293945,54.68000030517578,41.5340690612793,11733500
2016-08-03,54.77000045776367,54.77000045776367,54.22999954223633,54.380001068115234,41.30619430541992,13290800
2016-08-04,54.470001220703125,54.720001220703125,54.33000183105469,54.5,41.397342681884766,8943200
2016-08-05,54.720001220703125,54.869998931884766,54.47999954223633,54.59000015258789,41.465721130371094,12028500
2016-08-08,54.81999969482422,54.86000061035156,54.36000061035156,54.529998779296875,41.420127868652344,8057700
2016-08-09,54.529998779296875,54.900001525878906,54.529998779296875,54.70000076293945,41.549259185791016,7840900
2016-08-10,54.849998474121094,55.0099983215332,54.790000915527344,54.900001525878906,41.701168060302734,7303600
2016-08-11,55.18000030517578,55.18000030517578,54.880001068115234,54.900001525878906,41.701168060302734,8083000
2016-08-12,55.0,55.150001525878906,54.959999084472656,55.09000015258789,41.845489501953125,8783800
2016-08-15,55.15999984741211,55.25,54.95000076293945,54.95000076293945,41.739158630371094,8568200
2016-08-16,54.869998931884766,54.880001068115234,54.70000076293945,54.709999084472656,41.556854248046875,6712100
2016-08-17,54.689998626708984,54.939998626708984,54.4900016784668,54.86000061035156,41.670799255371094,12552000
2016-08-18,54.95000076293945,55.11000061035156,54.95000076293945,55.04999923706055,41.815120697021484,6683700
2016-08-19,54.97999954223633,54.9900016784668,54.810001373291016,54.91999816894531,41.71636962890625,5846500
2016-08-22,54.91999816894531,55.060001373291016,54.81999969482422,55.0,41.77714920043945,9938600
2016-08-23,55.029998779296875,55.130001068115234,54.869998931884766,54.88999938964844,41.69358444213867,5687400
2016-08-24,54.869998931884766,54.97999954223633,54.58000183105469,54.79999923706055,41.62521743774414,7793500
2016-08-25,54.83000183105469,54.83000183105469,54.47999954223633,54.59000015258789,41.465721130371094,7359700
2016-08-26,54.63999938964844,54.86000061035156,54.15999984741211,54.310001373291016,41.253028869628906,13499700
2016-08-29,54.40999984741211,54.630001068115234,54.36000061035156,54.630001068115234,41.49607849121094,8202800
2016-08-30,54.529998779296875,54.61000061035156,54.22999954223633,54.310001373291016,41.253028869628906,7950900
2016-08-31,54.2599983215332,54.439998626708984,54.189998626708984,54.380001068115234,41.30619430541992,8154900
2016-09-01,54.15999984741211,54.45000076293945,54.11000061035156,54.400001525878906,41.321388244628906,16677600
2016-09-02,54.599998474121094,54.95000076293945,54.560001373291016,54.81999969482422,41.64041519165039,10966300
2016-09-06,54.83000183105469,54.959999084472656,54.560001373291016,54.939998626708984,41.73154830932617,9273300
2016-09-07,54.84000015258789,54.939998626708984,54.349998474121094,54.459999084472656,41.36696243286133,13418500
2016-09-08,54.25,54.40999984741211,54.060001373291016,54.15999984741211,41.13908386230469,13344400
2016-09-09,53.689998626708984,53.790000915527344,52.689998626708984,52.689998626708984,40.02248764038086,24921600
2016-09-12,52.630001068115234,53.7599983215332,52.630001068115234,53.68000030517578,40.77448272705078,23542700
2016-09-13,53.400001525878906,53.459999084472656,52.90999984741211,53.02000045776367,40.27314758300781,21780500
2016-09-14,53.04999923706055,53.2400016784668,52.709999084472656,52.86000061035156,40.1516227722168,19396200
2016-09-15,52.7400016784668,53.349998474121094,52.689998626708984,53.290000915527344,40.478248596191406,10119900
2016-09-16,52.900001525878906,52.95000076293945,52.47999954223633,52.790000915527344,40.34679412841797,14475100
2016-09-19,52.79999923706055,52.9900016784668,52.68000030517578,52.68000030517578,40.26271057128906,9579400
2016-09-20,52.93000030517578,53.02000045776367,52.810001373291016,52.81999969482422,40.369720458984375,9705900
2016-09-21,52.83000183105469,53.2400016784668,52.54999923706055,53.11000061035156,40.591365814208984,24882700
2016-09-22,53.29999923706055,53.68000030517578,53.29999923706055,53.58000183105469,40.95057678222656,17316000
2016-09-23,53.59000015258789,53.599998474121094,53.31999969482422,53.34000015258789,40.767147064208984,12930800
2016-09-26,53.20000076293945,53.220001220703125,52.84000015258789,52.88999938964844,40.4232177734375,12797200
2016-09-27,52.88999938964844,53.2599983215332,52.86000061035156,53.11000061035156,40.591365814208984,12608700
2016-09-28,53.220001220703125,53.31999969482422,52.959999084472656,53.20000076293945,40.660152435302734,9757500
2016-09-29,53.16999816894531,53.20000076293945,52.63999938964844,52.68000030517578,40.26271057128906,15094000
2016-09-30,52.93000030517578,53.38999938964844,52.93000030517578,53.209999084472656,40.667781829833984,17343100
2016-10-03,53.119998931884766,53.15999984741211,52.77000045776367,52.869998931884766,40.40794372558594,11454200
2016-10-04,52.83000183105469,52.869998931884766,52.31999969482422,52.41999816894531,40.06399917602539,13346600
2016-10-05,52.5099983215332,52.599998474121094,52.2400016784668,52.369998931884766,40.025787353515625,15203800
2016-10-06,52.16999816894531,52.599998474121094,52.09000015258789,52.470001220703125,40.10221862792969,15413300
2016-10-07,52.4900016784668,52.599998474121094,51.959999084472656,52.33000183105469,39.99522018432617,11403000
2016-10-10,52.45000076293945,52.63999938964844,52.22999954223633,52.33000183105469,39.99522018432617,8661700
2016-10-11,52.290000915527344,52.33000183105469,51.869998931884766,52.060001373291016,39.788848876953125,19642600
2016-10-12,52.150001525878906,52.47999954223633,52.04999923706055,52.349998474121094,40.010520935058594,7145400
2016-10-13,51.9900016784668,52.5099983215332,51.93000030517578,52.36000061035156,40.01813888549805,19180700
2016-10-14,52.380001068115234,52.619998931884766,52.290000915527344,52.369998931884766,40.025787353515625,10659100
2016-10-17,52.38999938964844,52.459999084472656,52.09000015258789,52.119998931884766,39.8347282409668,8465000
2016-10-18,52.36000061035156,52.58000183105469,52.27000045776367,52.279998779296875,39.957000732421875,7844900
2016-10-19,52.18000030517578,52.27000045776367,51.900001525878906,51.97999954223633,39.72772216796875,9032000
2016-10-20,51.95000076293945,52.130001068115234,51.81999969482422,51.95000076293945,39.70478439331055,12176300
2016-10-21,52.130001068115234,52.29999923706055,52.0099983215332,52.22999954223633,39.918792724609375,14028200
2016-10-24,52.290000915527344,52.689998626708984,52.290000915527344,52.56999969482422,40.178646087646484,7609500
2016-10-25,52.790000915527344,52.88999938964844,52.720001220703125,52.7599983215332,40.32386016845703,9414600
2016-10-26,52.79999923706055,52.900001525878906,52.61000061035156,52.689998626708984,40.270355224609375,12417600
2016-10-27,52.66999816894531,52.880001068115234,52.380001068115234,52.45000076293945,40.08694076538086,17905700
2016-10-28,52.40999984741211,52.849998474121094,52.31999969482422,52.66999816894531,40.25508499145508,12751000
2016-10-31,52.709999084472656,52.93000030517578,52.66999816894531,52.79999923706055,40.35443115234375,8579100
2016-11-01,52.79999923706055,52.88999938964844,52.400001525878906,52.56999969482422,40.178646087646484,11342100
2016-11-02,52.439998626708984,52.7400016784668,52.400001525878906,52.439998626708984,40.079288482666016,9703300
2016-11-03,52.599998474121094,52.61000061035156,52.0099983215332,52.08000183105469,39.80414581298828,15641600
2016-11-04,52.0,52.08000183105469,51.56999969482422,51.61000061035156,39.44493103027344,11992400
2016-11-07,52.04999923706055,52.5099983215332,52.02000045776367,52.47999954223633,40.1098518371582,11763000
2016-11-08,52.099998474121094,52.86000061035156,52.04999923706055,52.70000076293945,40.27801513671875,13406800
2016-11-09,51.619998931884766,52.150001525878906,51.27000045776367,51.97999954223633,39.72772216796875,34557200
2016-11-10,52.0,52.0,50.4900016784668,50.59000015258789,38.66536331176758,52820800
2016-11-11,50.45000076293945,50.709999084472656,50.209999084472656,50.540000915527344,38.62715148925781,20828100
2016-11-14,50.540000915527344,50.58000183105469,50.2599983215332,50.45000076293945,38.5583610534668,20591800
2016-11-15,50.54999923706055,50.84000015258789,50.470001220703125,50.7599983215332,38.795284271240234,23028700
2016-11-16,50.77000045776367,50.9900016784668,50.689998626708984,50.77000045776367,38.80292892456055,16034200
2016-11-17,50.72999954223633,50.779998779296875,50.45000076293945,50.68000030517578,38.73413848876953,15626700
2016-11-18,50.68000030517578,50.720001220703125,50.43000030517578,50.5,38.59657287597656,14786100
2016-11-21,50.5,50.86000061035156,50.34000015258789,50.84000015258789,38.8564338684082,18968700
2016-11-22,50.9900016784668,51.20000076293945,50.959999084472656,51.099998474121094,39.055137634277344,11991800
2016-11-23,50.900001525878906,51.06999969482422,50.75,50.81999969482422,38.84113693237305,14783600
2016-11-25,50.93000030517578,51.22999954223633,50.93000030517578,51.220001220703125,39.14685821533203,10823500
2016-11-28,51.209999084472656,51.41999816894531,51.09000015258789,51.33000183105469,39.230934143066406,15116500
2016-11-29,51.34000015258789,51.459999084472656,51.220001220703125,51.400001525878906,39.2844352722168,7915400
2016-11-30,51.13999938964844,51.290000915527344,50.56999969482422,50.58000183105469,38.65771484375,16837600
2016-12-01,50.38999938964844,50.439998626708984,49.97999954223633,50.25,38.40549850463867,33621100
2016-12-02,50.380001068115234,50.61000061035156,50.349998474121094,50.56999969482422,38.65007019042969,21587200
2016-12-05,50.58000183105469,50.709999084472656,50.47999954223633,50.630001068115234,38.695926666259766,21223400
2016-12-06,50.61000061035156,50.779998779296875,50.58000183105469,50.779998779296875,38.810577392578125,16546300
2016-12-07,50.7599983215332,51.54999923706055,50.75,51.5099983215332,39.36850357055664,11756500
2016-12-08,51.310001373291016,51.54999923706055,51.209999084472656,51.29999923706055,39.2080078125,17006400
2016-12-09,51.33000183105469,52.04999923706055,51.33000183105469,52.040000915527344,39.77356719970703,14415900
2016-12-12,51.90999984741211,52.29999923706055,51.90999984741211,52.25,39.934078216552734,9935900
2016-12-13,52.349998474121094,52.61000061035156,52.22999954223633,52.4900016784668,40.117523193359375,10452400
2016-12-14,52.52000045776367,52.689998626708984,51.779998779296875,51.91999816894531,39.681861877441406,25363200
2016-12-15,51.91999816894531,52.310001373291016,51.7599983215332,52.13999938964844,39.850006103515625,16154500
2016-12-16,51.91999816894531,52.08000183105469,51.810001373291016,52.04999923706055,40.077919006347656,15871100
2016-12-19,52.11000061035156,52.22999954223633,51.970001220703125,52.150001525878906,40.154911041259766,7523200
2016-12-20,52.16999816894531,52.16999816894531,51.810001373291016,52.04999923706055,40.077919006347656,15316900
2016-12-21,52.0,52.290000915527344,52.0,52.040000915527344,40.070213317871094,6553100
2016-12-22,51.97999954223633,52.06999969482422,51.869998931884766,51.959999084472656,40.00862121582031,6537200
2016-12-23,51.93000030517578,52.099998474121094,51.93000030517578,52.060001373291016,40.085609436035156,6484300
2016-12-27,52.02000045776367,52.150001525878906,51.959999084472656,52.04999923706055,40.077919006347656,13378500
2016-12-28,52.0099983215332,52.040000915527344,51.72999954223633,51.72999954223633,39.831520080566406,8643600
2016-12-29,51.7599983215332,52.029998779296875,51.72999954223633,51.970001220703125,40.01631546020508,10299400
2016-12-30,51.97999954223633,52.08000183105469,51.599998474121094,51.709999084472656,39.81611251831055,8049900
2017-01-03,51.75,51.970001220703125,51.599998474121094,51.900001525878906,39.96242141723633,21730000
2017-01-04,51.970001220703125,52.150001525878906,51.88999938964844,51.900001525878906,39.96242141723633,9144600
2017-01-05,51.88999938964844,52.13999938964844,51.70000076293945,52.06999969482422,40.093326568603516,12312500
2017-01-06,51.970001220703125,52.150001525878906,51.779998779296875,52.119998931884766,40.13182830810547,9092400
2017-01-09,51.91999816894531,51.959999084472656,51.650001525878906,51.70000076293945,39.80842971801758,6903200
2017-01-10,51.650001525878906,51.72999954223633,51.36000061035156,51.439998626708984,39.60822677612305,10344300
2017-01-11,51.349998474121094,51.619998931884766,51.349998474121094,51.540000915527344,39.68523406982422,12087500
2017-01-12,51.52000045776367,51.61000061035156,51.439998626708984,51.4900016784668,39.6467399597168,13257600
2017-01-13,51.4900016784668,51.619998931884766,51.38999938964844,51.52000045776367,39.669822692871094,6517700
2017-01-17,51.560001373291016,52.279998779296875,51.5099983215332,52.25,40.2319221496582,19030100
2017-01-18,52.20000076293945,52.45000076293945,52.20000076293945,52.43000030517578,40.370513916015625,11652100
2017-01-19,52.369998931884766,52.369998931884766,52.119998931884766,52.2400016784668,40.22420883178711,17283400
2017-01-20,52.4900016784668,52.77000045776367,52.310001373291016,52.58000183105469,40.48602294921875,11015600
2017-01-23,52.58000183105469,52.61000061035156,52.38999938964844,52.560001373291016,40.47060775756836,16203800
2017-01-24,52.599998474121094,52.959999084472656,52.58000183105469,52.90999984741211,40.740108489990234,10242500
2017-01-25,53.029998779296875,53.099998474121094,52.88999938964844,52.900001525878906,40.73241424560547,8816800
2017-01-26,52.91999816894531,52.93000030517578,52.66999816894531,52.66999816894531,40.555320739746094,9985400
2017-01-27,52.540000915527344,52.68000030517578,52.2400016784668,52.380001068115234,40.33203125,16358700
2017-01-30,52.22999954223633,52.40999984741211,52.189998626708984,52.34000015258789,40.301212310791016,9951700
2017-01-31,52.34000015258789,52.59000015258789,52.25,52.59000015258789,40.49370574951172,12061300
2017-02-01,52.34000015258789,52.5,52.16999816894531,52.18000030517578,40.17802429199219,18479800
2017-02-02,52.41999816894531,52.869998931884766,52.41999816894531,52.65999984741211,40.547607421875,18747500
2017-02-03,52.93000030517578,53.150001525878906,52.790000915527344,53.0,40.80939865112305,17954700
2017-02-06,52.970001220703125,52.97999954223633,52.709999084472656,52.709999084472656,40.58610916137695,19067900
2017-02-07,52.810001373291016,53.2400016784668,52.810001373291016,53.13999938964844,40.917205810546875,8364400
2017-02-08,53.20000076293945,53.459999084472656,53.119998931884766,53.36000061035156,41.08658981323242,8559200
2017-02-09,53.29999923706055,53.66999816894531,53.209999084472656,53.58000183105469,41.25600051879883,8840900
2017-02-10,53.61000061035156,53.689998626708984,53.41999816894531,53.619998931884766,41.28680419921875,9354200
2017-02-13,53.70000076293945,53.77000045776367,53.470001220703125,53.619998931884766,41.28680419921875,14059100
2017-02-14,53.4900016784668,53.72999954223633,53.29999923706055,53.630001068115234,41.29450607299805,10483300
2017-02-15,53.75,54.15999984741211,53.63999938964844,54.119998931884766,41.67179870605469,12675900
2017-02-16,54.060001373291016,54.209999084472656,53.810001373291016,54.189998626708984,41.72568130493164,11377300
2017-02-17,54.029998779296875,54.52000045776367,53.93000030517578,54.459999084472656,41.93358612060547,15581800
2017-02-21,54.619998931884766,55.09000015258789,54.560001373291016,54.95000076293945,42.31088638305664,16500000
2017-02-22,54.900001525878906,55.029998779296875,54.81999969482422,54.959999084472656,42.31858444213867,8099000
2017-02-23,55.0,55.310001373291016,54.959999084472656,55.09000015258789,42.418678283691406,9790300
2017-02-24,55.029998779296875,55.29999923706055,54.9900016784668,55.279998779296875,42.56497573852539,7762200
2017-02-27,55.189998626708984,55.189998626708984,54.90999984741211,55.029998779296875,42.372493743896484,12707400
2017-02-28,54.939998626708984,55.220001220703125,54.880001068115234,55.099998474121094,42.426387786865234,17735500
2017-03-01,55.130001068115234,55.47999954223633,55.04999923706055,55.36000061035156,42.626583099365234,16716100
2017-03-02,55.29999923706055,55.470001220703125,55.189998626708984,55.349998474121094,42.61887741088867,9988500
2017-03-03,55.18000030517578,55.22999954223633,54.900001525878906,55.13999938964844,42.45718002319336,10083200
2017-03-06,54.95000076293945,54.97999954223633,54.810001373291016,54.900001525878906,42.27238464355469,6686600
2017-03-07,54.7599983215332,54.939998626708984,54.75,54.83000183105469,42.21849060058594,7846500
2017-03-08,54.689998626708984,54.79999923706055,54.63999938964844,54.709999084472656,42.126094818115234,10788000
2017-03-09,54.689998626708984,54.88999938964844,54.689998626708984,54.79999923706055,42.19539260864258,7025300
2017-03-10,55.029998779296875,55.119998931884766,54.900001525878906,55.04999923706055,42.38787841796875,6530200
2017-03-13,55.0,55.15999984741211,54.93000030517578,55.09000015258789,42.418678283691406,10658000
2017-03-14,55.02000045776367,55.13999938964844,54.900001525878906,54.93000030517578,42.29549026489258,7890800
2017-03-15,55.0,55.5,55.0,55.34000015258789,42.611175537109375,14102900
2017-03-16,55.349998474121094,55.41999816894531,55.22999954223633,55.41999816894531,42.67277908325195,8727200
2017-03-17,55.16999816894531,55.36000061035156,54.97999954223633,54.97999954223633,42.556663513183594,16469400
2017-03-20,55.029998779296875,55.15999984741211,54.9900016784668,55.09000015258789,42.641822814941406,6559200
2017-03-21,55.11000061035156,55.27000045776367,54.970001220703125,55.040000915527344,42.60312271118164,13135500
2017-03-22,55.119998931884766,55.209999084472656,54.79999923706055,54.93000030517578,42.51797103881836,7094700
2017-03-23,54.880001068115234,55.08000183105469,54.720001220703125,54.810001373291016,42.42509841918945,7474700
2017-03-24,54.810001373291016,54.88999938964844,54.52000045776367,54.70000076293945,42.339942932128906,8343300
2017-03-27,54.5,54.720001220703125,54.40999984741211,54.650001525878906,42.30125045776367,5739500
2017-03-28,54.45000076293945,54.88999938964844,54.45000076293945,54.75,42.3786506652832,8810200
2017-03-29,54.70000076293945,54.91999816894531,54.65999984741211,54.849998474121094,42.45603561401367,5558200
2017-03-30,54.79999923706055,54.900001525878906,54.689998626708984,54.7400016784668,42.37091064453125,5399100
2017-03-31,54.66999816894531,54.810001373291016,54.58000183105469,54.58000183105469,42.24706268310547,4762300
2017-04-03,54.65999984741211,54.720001220703125,54.400001525878906,54.4900016784668,42.177391052246094,10666600
2017-04-04,54.529998779296875,54.65999984741211,54.43000030517578,54.650001525878906,42.30125045776367,5284000
2017-04-05,54.65999984741211,54.900001525878906,54.47999954223633,54.54999923706055,42.223838806152344,7268100
2017-04-06,54.599998474121094,54.77000045776367,54.5099983215332,54.54999923706055,42.223838806152344,5061000
2017-04-07,54.599998474121094,54.849998474121094,54.58000183105469,54.70000076293945,42.339942932128906,7629900
2017-04-10,54.720001220703125,54.95000076293945,54.619998931884766,54.86000061035156,42.46379089355469,5260600
2017-04-11,54.869998931884766,54.93000030517578,54.689998626708984,54.880001068115234,42.47926330566406,6325100
2017-04-12,54.84000015258789,55.119998931884766,54.810001373291016,55.09000015258789,42.641822814941406,7377400
2017-04-13,55.04999923706055,55.099998474121094,54.81999969482422,54.84000015258789,42.44831848144531,6719100
2017-04-17,54.93000030517578,55.22999954223633,54.91999816894531,55.22999954223633,42.75018310546875,10585800
2017-04-18,55.15999984741211,55.63999938964844,55.060001373291016,55.47999954223633,42.943702697753906,11085500
2017-04-19,55.54999923706055,55.59000015258789,55.189998626708984,55.27000045776367,42.78115463256836,7254600
2017-04-20,55.08000183105469,55.25,54.970001220703125,55.15999984741211,42.69600296020508,9738200
2017-04-21,55.130001068115234,55.16999816894531,54.970001220703125,55.0,42.57215881347656,8435700
2017-04-24,55.15999984741211,55.59000015258789,55.15999984741211,55.5,42.95916748046875,9831700
2017-04-25,55.529998779296875,55.79999923706055,55.5099983215332,55.720001220703125,43.12946319580078,7292900
2017-04-26,55.7400016784668,55.7400016784668,55.2400016784668,55.27000045776367,42.78115463256836,7930800
2017-04-27,55.349998474121094,55.380001068115234,55.11000061035156,55.20000076293945,42.72696304321289,5861400
2017-04-28,55.040000915527344,55.20000076293945,54.88999938964844,55.18000030517578,42.71148681640625,7034800
2017-05-01,55.2599983215332,55.2599983215332,54.91999816894531,54.970001220703125,42.54893493652344,8353900
2017-05-02,54.849998474121094,54.959999084472656,54.54999923706055,54.599998474121094,42.26255416870117,7672100
2017-05-03,54.650001525878906,54.7400016784668,54.47999954223633,54.650001525878906,42.30125045776367,10973800
2017-05-04,54.790000915527344,55.36000061035156,54.7400016784668,55.06999969482422,42.626338958740234,11587700
2017-05-05,55.220001220703125,55.279998779296875,55.04999923706055,55.220001220703125,42.74245071411133,8539500
2017-05-08,55.2599983215332,55.2599983215332,55.09000015258789,55.20000076293945,42.72696304321289,5323400
2017-05-09,55.18000030517578,55.279998779296875,54.90999984741211,55.0,42.57215881347656,7256900
2017-05-10,55.029998779296875,55.11000061035156,54.959999084472656,55.040000915527344,42.60312271118164,5232300
2017-05-11,54.970001220703125,55.119998931884766,54.880001068115234,55.119998931884766,42.6650276184082,5058900
2017-05-12,55.06999969482422,55.11000061035156,54.93000030517578,54.959999084472656,42.541194915771484,5478800
2017-05-15,54.93000030517578,55.20000076293945,54.93000030517578,55.13999938964844,42.680519104003906,7303700
2017-05-16,55.310001373291016,55.38999938964844,55.04999923706055,55.09000015258789,42.641822814941406,4797100
2017-05-17,55.0,55.20000076293945,54.86000061035156,55.0099983215332,42.579898834228516,14021700
2017-05-18,55.029998779296875,55.18000030517578,54.869998931884766,55.04999923706055,42.61084747314453,7906600
2017-05-19,55.06999969482422,55.45000076293945,54.9900016784668,55.349998474121094,42.84306716918945,6277600
2017-05-22,55.36000061035156,55.7400016784668,55.349998474121094,55.65999984741211,43.0830192565918,7101800
2017-05-23,55.7400016784668,55.97999954223633,55.689998626708984,55.720001220703125,43.12946319580078,7518500
2017-05-24,55.7599983215332,55.97999954223633,55.689998626708984,55.939998626708984,43.29975128173828,5136700
2017-05-25,56.02000045776367,56.439998626708984,56.0,56.290000915527344,43.57066345214844,6036600
2017-05-26,56.33000183105469,56.5099983215332,56.31999969482422,56.5,43.733219146728516,4207600
2017-05-30,56.380001068115234,56.529998779296875,56.290000915527344,56.47999954223633,43.717742919921875,4250900
2017-05-31,56.529998779296875,56.79999923706055,56.529998779296875,56.63999938964844,43.84158706665039,9780100
2017-06-01,56.709999084472656,57.099998474121094,56.529998779296875,57.099998474121094,44.1976432800293,23243900
2017-06-02,57.25,57.290000915527344,56.97999954223633,57.27000045776367,44.32921600341797,17247900
2017-06-05,57.20000076293945,57.36000061035156,57.029998779296875,57.33000183105469,44.37567138671875,17359600
2017-06-06,57.279998779296875,57.33000183105469,57.08000183105469,57.189998626708984,44.267303466796875,14846500
2017-06-07,57.06999969482422,57.25,57.04999923706055,57.16999816894531,44.25182342529297,10077700
2017-06-08,57.13999938964844,57.150001525878906,56.58000183105469,56.7400016784668,43.91897964477539,10593400
2017-06-09,56.70000076293945,56.83000183105469,56.52000045776367,56.66999816894531,43.864803314208984,13410200
2017-06-12,56.689998626708984,56.91999816894531,56.529998779296875,56.65999984741211,43.85706329345703,11442400
2017-06-13,56.65999984741211,56.79999923706055,56.439998626708984,56.75,43.92673110961914,9520600
2017-06-14,56.97999954223633,57.22999954223633,56.90999984741211,57.11000061035156,44.205387115478516,16040200
2017-06-15,56.83000183105469,57.06999969482422,56.630001068115234,56.97999954223633,44.10475158691406,10361100
2017-06-16,56.04999923706055,56.06999969482422,55.45000076293945,55.95000076293945,43.641422271728516,26268000
2017-06-19,56.08000183105469,56.220001220703125,55.709999084472656,56.220001220703125,43.85203552246094,7883100
2017-06-20,56.27000045776367,56.29999923706055,55.9900016784668,56.0,43.68043518066406,7231700
2017-06-21,56.0,56.119998931884766,55.779998779296875,55.84000015258789,43.55562210083008,12517800
2017-06-22,55.7599983215332,55.790000915527344,55.45000076293945,55.470001220703125,43.26702880859375,7227600
2017-06-23,55.459999084472656,55.65999984741211,55.41999816894531,55.4900016784668,43.28262710571289,10146400
2017-06-26,55.65999984741211,55.88999938964844,55.61000061035156,55.709999084472656,43.45423126220703,6590500
2017-06-27,55.599998474121094,55.7599983215332,55.220001220703125,55.22999954223633,43.07981872558594,10585500
2017-06-28,55.560001373291016,55.66999816894531,55.40999984741211,55.43000030517578,43.23582077026367,10734300
2017-06-29,55.36000061035156,55.5099983215332,54.63999938964844,54.84000015258789,42.7756233215332,19058600
2017-06-30,55.04999923706055,55.150001525878906,54.93000030517578,54.939998626708984,42.85361099243164,11222600
2017-07-03,54.97999954223633,55.209999084472656,54.869998931884766,54.88999938964844,42.81462097167969,5782600
2017-07-05,54.880001068115234,55.0,54.790000915527344,54.849998474121094,42.78341293334961,15837000
2017-07-06,54.65999984741211,54.83000183105469,54.529998779296875,54.540000915527344,42.54161834716797,7893700
2017-07-07,54.59000015258789,54.70000076293945,54.36000061035156,54.5099983215332,42.518218994140625,9841500
2017-07-10,54.560001373291016,54.560001373291016,54.060001373291016,54.130001068115234,42.22180938720703,9119200
2017-07-11,54.18000030517578,54.20000076293945,53.86000061035156,53.97999954223633,42.10481262207031,11256400
2017-07-12,54.31999969482422,54.470001220703125,54.2400016784668,54.279998779296875,42.33881378173828,8100800
2017-07-13,54.349998474121094,54.40999984741211,54.2400016784668,54.290000915527344,42.34661865234375,10008200
2017-07-14,54.540000915527344,54.79999923706055,54.52000045776367,54.720001220703125,42.68201446533203,6341100
2017-07-17,54.81999969482422,54.84000015258789,54.619998931884766,54.779998779296875,42.72881317138672,7902200
2017-07-18,54.7400016784668,54.869998931884766,54.61000061035156,54.779998779296875,42.72881317138672,5310800
2017-07-19,54.7599983215332,54.97999954223633,54.689998626708984,54.97999954223633,42.88481140136719,5592000
2017-07-20,54.939998626708984,55.15999984741211,54.84000015258789,54.9900016784668,42.89262390136719,9816700
2017-07-21,54.79999923706055,55.099998474121094,54.75,55.08000183105469,42.96281814575195,7738700
2017-07-24,55.060001373291016,55.09000015258789,54.86000061035156,54.900001525878906,42.822425842285156,9302400
2017-07-25,55.09000015258789,55.31999969482422,55.040000915527344,55.279998779296875,43.11882019042969,13799900
2017-07-26,55.290000915527344,55.40999984741211,55.099998474121094,55.27000045776367,43.111026763916016,7594000
2017-07-27,55.310001373291016,55.81999969482422,55.279998779296875,55.810001373291016,43.532230377197266,12859000
2017-07-28,55.63999938964844,55.869998931884766,54.56999969482422,55.34000015258789,43.16561508178711,18412200
2017-07-31,55.20000076293945,55.45000076293945,55.189998626708984,55.31999969482422,43.15003204345703,7279300
2017-08-01,55.380001068115234,55.529998779296875,55.22999954223633,55.2599983215332,43.10322189331055,19015300
2017-08-02,55.150001525878906,55.310001373291016,54.970001220703125,55.220001220703125,43.07202911376953,17133700
2017-08-03,55.209999084472656,55.5,55.099998474121094,55.16999816894531,43.03302001953125,17803400
2017-08-04,55.13999938964844,55.31999969482422,54.939998626708984,55.02000045776367,42.91602325439453,17063700
2017-08-07,55.029998779296875,55.470001220703125,55.029998779296875,55.43000030517578,43.23582077026367,16854000
2017-08-08,55.290000915527344,55.45000076293945,55.189998626708984,55.220001220703125,43.07202911376953,9813200
2017-08-09,55.18000030517578,55.349998474121094,55.119998931884766,55.310001373291016,43.14221954345703,7251800
2017-08-10,55.16999816894531,55.34000015258789,55.060001373291016,55.08000183105469,42.96281814575195,6662800
2017-08-11,54.97999954223633,55.349998474121094,54.97999954223633,55.119998931884766,42.99401092529297,4928400
2017-08-14,55.2400016784668,55.52000045776367,55.2400016784668,55.38999938964844,43.20462417602539,10657800
2017-08-15,55.40999984741211,55.75,55.40999984741211,55.66999816894531,43.42302322387695,11059000
2017-08-16,55.70000076293945,55.939998626708984,55.70000076293945,55.86000061035156,43.571231842041016,5682800
2017-08-17,55.65999984741211,55.93000030517578,55.349998474121094,55.349998474121094,43.173423767089844,6725600
2017-08-18,55.22999954223633,55.38999938964844,55.11000061035156,55.20000076293945,43.05642318725586,6810300
2017-08-21,55.15999984741211,55.5,55.0,55.400001525878906,43.21241760253906,6829300
2017-08-22,55.43000030517578,55.56999969482422,55.33000183105469,55.40999984741211,43.22023010253906,7129400
2017-08-23,55.349998474121094,55.40999984741211,55.189998626708984,55.25,43.09541320800781,5367100
2017-08-24,55.20000076293945,55.349998474121094,54.439998626708984,54.4900016784668,42.50261306762695,11807100
2017-08-25,54.70000076293945,54.88999938964844,54.63999938964844,54.66999816894531,42.64301681518555,7359200
2017-08-28,54.619998931884766,54.689998626708984,54.349998474121094,54.5099983215332,42.518218994140625,6204700
2017-08-29,54.439998626708984,54.75,54.38999938964844,54.70000076293945,42.66642379760742,6219500
2017-08-30,54.599998474121094,54.790000915527344,54.59000015258789,54.689998626708984,42.65861129760742,6497100
2017-08-31,54.72999954223633,54.810001373291016,54.650001525878906,54.709999084472656,42.67422103881836,10117300
2017-09-01,54.81999969482422,54.97999954223633,54.7599983215332,54.970001220703125,42.877017974853516,17904500
2017-09-05,54.810001373291016,55.09000015258789,54.7599983215332,55.04999923706055,42.93941879272461,20215900
2017-09-06,55.150001525878906,55.33000183105469,55.0099983215332,55.279998779296875,43.11882019042969,17462000
2017-09-07,55.31999969482422,55.439998626708984,55.18000030517578,55.36000061035156,43.181217193603516,16738100
2017-09-08,55.16999816894531,55.27000045776367,54.880001068115234,55.09000015258789,42.97061538696289,9158200
2017-09-11,55.189998626708984,55.5099983215332,55.18000030517578,55.43000030517578,43.23582077026367,9177800
2017-09-12,55.43000030517578,55.560001373291016,55.400001525878906,55.54999923706055,43.32941818237305,7453400
2017-09-13,55.5,55.779998779296875,55.5,55.58000183105469,43.35282516479492,7972300
2017-09-14,55.4900016784668,55.61000061035156,55.290000915527344,55.470001220703125,43.26702880859375,5817900
2017-09-15,55.2599983215332,55.2599983215332,55.0,55.220001220703125,43.34238052368164,12497700
2017-09-18,55.27000045776367,55.38999938964844,55.13999938964844,55.29999923706055,43.40517807006836,8299400
2017-09-19,55.33000183105469,55.36000061035156,55.0,55.130001068115234,43.271732330322266,6207700
2017-09-20,54.97999954223633,55.04999923706055,54.33000183105469,54.599998474121094,42.855743408203125,11029200
2017-09-21,54.529998779296875,54.58000183105469,54.029998779296875,54.08000183105469,42.44758987426758,10398700
2017-09-22,54.16999816894531,54.16999816894531,53.880001068115234,53.91999816894531,42.321998596191406,11318200
2017-09-25,54.0099983215332,54.36000061035156,53.970001220703125,54.310001373291016,42.62812805175781,9185400
2017-09-26,54.369998931884766,54.52000045776367,54.25,54.439998626708984,42.73014450073242,17321400
2017-09-27,54.33000183105469,54.380001068115234,53.720001220703125,54.02000045776367,42.40049362182617,11657800
2017-09-28,53.95000076293945,54.16999816894531,53.900001525878906,54.02000045776367,42.40049362182617,7768200
2017-09-29,54.02000045776367,54.150001525878906,53.93000030517578,53.97999954223633,42.36908721923828,14502800
2017-10-02,53.97999954223633,54.20000076293945,53.84000015258789,53.880001068115234,42.29060745239258,17850000
2017-10-03,53.970001220703125,54.040000915527344,53.79999923706055,53.939998626708984,42.33769989013672,20409200
2017-10-04,53.86000061035156,54.31999969482422,53.709999084472656,54.11000061035156,42.471134185791016,21389200
2017-10-05,54.290000915527344,54.4900016784668,54.209999084472656,54.349998474121094,42.659507751464844,19005000
2017-10-06,54.08000183105469,54.16999816894531,53.7400016784668,53.810001373291016,42.23567581176758,7605500
2017-10-09,53.880001068115234,53.959999084472656,53.560001373291016,53.65999984741211,42.117923736572266,12580300
2017-10-10,53.880001068115234,54.27000045776367,53.81999969482422,54.130001068115234,42.48683166503906,10646500
2017-10-11,54.099998474121094,54.38999938964844,54.099998474121094,54.2400016784668,42.57316589355469,10316300
2017-10-12,54.20000076293945,54.52000045776367,54.150001525878906,54.470001220703125,42.75370788574219,8096300
2017-10-13,54.68000030517578,54.709999084472656,54.529998779296875,54.56999969482422,42.832183837890625,8315600
2017-10-16,54.5099983215332,54.619998931884766,54.4900016784668,54.59000015258789,42.847896575927734,4349600
2017-10-17,54.45000076293945,54.5,54.220001220703125,54.38999938964844,42.69089889526367,10375500
2017-10-18,54.33000183105469,54.40999984741211,54.15999984741211,54.31999969482422,42.6359748840332,4668500
2017-10-19,54.06999969482422,54.119998931884766,53.849998474121094,54.029998779296875,42.40834045410156,8544500
2017-10-20,53.93000030517578,53.959999084472656,53.72999954223633,53.900001525878906,42.306312561035156,11702600
2017-10-23,53.86000061035156,54.130001068115234,53.790000915527344,53.86000061035156,42.274906158447266,7326400
2017-10-24,53.81999969482422,53.88999938964844,53.599998474121094,53.66999816894531,42.12577438354492,10682300
2017-10-25,53.65999984741211,53.75,53.20000076293945,53.52000045776367,42.00804138183594,12213400
2017-10-26,53.709999084472656,53.939998626708984,53.54999923706055,53.560001373291016,42.039432525634766,14583700
2017-10-27,53.41999816894531,53.4900016784668,52.9900016784668,53.099998474121094,41.67839050292969,10230400
2017-10-30,53.41999816894531,53.41999816894531,52.61000061035156,52.650001525878906,41.32518005371094,9299800
2017-10-31,52.90999984741211,53.209999084472656,52.81999969482422,53.09000015258789,41.670536041259766,10824900
2017-11-01,53.2400016784668,53.400001525878906,53.09000015258789,53.2599983215332,41.803958892822266,7556300
2017-11-02,53.20000076293945,53.290000915527344,52.93000030517578,53.130001068115234,41.70192337036133,10661400
2017-11-03,53.15999984741211,53.310001373291016,53.08000183105469,53.13999938964844,41.70977020263672,5922400
2017-11-06,53.029998779296875,53.040000915527344,52.560001373291016,52.56999969482422,41.26237106323242,10731100
2017-11-07,52.599998474121094,53.15999984741211,52.43000030517578,53.15999984741211,41.72547149658203,9536300
2017-11-08,53.31999969482422,53.7400016784668,53.25,53.7400016784668,42.18071365356445,12860400
2017-11-09,53.5,53.90999984741211,53.459999084472656,53.72999954223633,42.17285919189453,10421300
2017-11-10,53.650001525878906,54.33000183105469,53.619998931884766,54.279998779296875,42.604576110839844,7993600
2017-11-13,54.310001373291016,54.810001373291016,54.279998779296875,54.59000015258789,42.847896575927734,7809300
2017-11-14,54.45000076293945,54.81999969482422,54.369998931884766,54.779998779296875,42.99701690673828,8903200
2017-11-15,54.61000061035156,54.65999984741211,54.15999984741211,54.20000076293945,42.54176712036133,10724800
2017-11-16,54.689998626708984,55.11000061035156,54.619998931884766,54.95000076293945,43.13044738769531,11134200
2017-11-17,54.79999923706055,54.95000076293945,54.650001525878906,54.7599983215332,42.98130416870117,7298900
2017-11-20,54.66999816894531,54.880001068115234,54.650001525878906,54.70000076293945,42.934234619140625,6946900
2017-11-21,54.79999923706055,55.11000061035156,54.7400016784668,54.880001068115234,43.075504302978516,10383900
2017-11-22,54.869998931884766,54.93000030517578,54.63999938964844,54.810001373291016,43.02056884765625,10470400
2017-11-24,54.900001525878906,54.959999084472656,54.7599983215332,54.77000045776367,42.989173889160156,2331000
2017-11-27,54.7400016784668,54.900001525878906,54.720001220703125,54.79999923706055,43.01272201538086,8108900
2017-11-28,54.88999938964844,55.25,54.77000045776367,55.25,43.36591720581055,6985900
2017-11-29,55.209999084472656,55.75,55.15999984741211,55.540000915527344,43.593544006347656,14739900
2017-11-30,55.75,56.20000076293945,55.61000061035156,56.04999923706055,43.99384307861328,14098300
2017-12-01,55.93000030517578,56.209999084472656,55.33000183105469,56.189998626708984,44.10374069213867,29328700
2017-12-04,56.58000183105469,56.77000045776367,56.08000183105469,56.720001220703125,44.51973342895508,22771300
2017-12-05,56.720001220703125,56.93000030517578,56.47999954223633,56.630001068115234,44.449092864990234,22930400
2017-12-06,56.619998931884766,56.9900016784668,56.619998931884766,56.9900016784668,44.73165512084961,16712200
2017-12-07,56.88999938964844,56.91999816894531,56.40999984741211,56.439998626708984,44.299949645996094,7557500
2017-12-08,56.45000076293945,56.59000015258789,56.20000076293945,56.59000015258789,44.41769027709961,8695500
2017-12-11,56.529998779296875,56.61000061035156,56.27000045776367,56.58000183105469,44.409854888916016,6737800
2017-12-12,56.61000061035156,56.810001373291016,56.400001525878906,56.59000015258789,44.41769027709961,6220100
2017-12-13,56.630001068115234,57.040000915527344,56.54999923706055,56.90999984741211,44.66885757446289,11589000
2017-12-14,56.9900016784668,56.9900016784668,56.650001525878906,56.65999984741211,44.472633361816406,9118200
2017-12-15,56.56999969482422,56.959999084472656,56.56999969482422,56.880001068115234,44.977134704589844,9090900
2017-12-18,57.0,57.310001373291016,56.81999969482422,56.849998474121094,44.95341491699219,8799600
2017-12-19,57.06999969482422,57.18000030517578,56.90999984741211,56.91999816894531,45.00876235961914,7889000
2017-12-20,56.970001220703125,57.02000045776367,56.47999954223633,56.81999969482422,44.9296875,13813800
2017-12-21,56.93000030517578,57.02000045776367,56.720001220703125,56.779998779296875,44.89805603027344,5553100
2017-12-22,56.86000061035156,56.959999084472656,56.79999923706055,56.869998931884766,44.969215393066406,4218600
2017-12-26,56.83000183105469,57.119998931884766,56.790000915527344,57.0,45.07201385498047,8506300
2017-12-27,57.08000183105469,57.20000076293945,56.90999984741211,56.9900016784668,45.064109802246094,5992600
2017-12-28,57.06999969482422,57.13999938964844,56.7599983215332,56.900001525878906,44.992942810058594,7291200
2017-12-29,56.900001525878906,57.189998626708984,56.880001068115234,56.88999938964844,44.985042572021484,5085300
2018-01-02,56.95000076293945,57.02000045776367,56.529998779296875,56.540000915527344,44.708274841308594,20146800
2018-01-03,56.630001068115234,56.720001220703125,56.470001220703125,56.52000045776367,44.692447662353516,17950400
2018-01-04,56.66999816894531,56.95000076293945,56.529998779296875,56.68000030517578,44.81898880004883,15455100
2018-01-05,56.77000045776367,56.970001220703125,56.63999938964844,56.93000030517578,45.01666259765625,15555100
2018-01-08,56.849998474121094,57.119998931884766,56.81999969482422,57.06999969482422,45.12738037109375,12891000
2018-01-09,57.13999938964844,57.27000045776367,56.97999954223633,56.9900016784668,45.064109802246094,8357600
2018-01-10,56.849998474121094,56.86000061035156,56.33000183105469,56.709999084472656,44.842689514160156,9663500
2018-01-11,56.81999969482422,56.81999969482422,56.529998779296875,56.630001068115234,44.779441833496094,11500800
2018-01-12,56.720001220703125,56.91999816894531,56.529998779296875,56.650001525878906,44.79526138305664,7308900
2018-01-16,56.7599983215332,57.11000061035156,56.72999954223633,56.90999984741211,45.00084686279297,13806700
2018-01-17,57.099998474121094,57.77000045776367,57.04999923706055,57.560001373291016,45.514827728271484,12549700
2018-01-18,57.54999923706055,57.650001525878906,57.290000915527344,57.38999938964844,45.38040542602539,12423300
2018-01-19,57.599998474121094,58.09000015258789,57.540000915527344,58.029998779296875,45.886478424072266,9962800
2018-01-22,58.0,58.470001220703125,57.970001220703125,58.470001220703125,46.23440170288086,7871600
2018-01-23,58.20000076293945,58.439998626708984,58.0099983215332,58.279998779296875,46.08415985107422,10908900
2018-01-24,58.43000030517578,58.470001220703125,58.119998931884766,58.400001525878906,46.179046630859375,16603500
2018-01-25,58.5,58.7400016784668,58.130001068115234,58.43000030517578,46.2027702331543,12144600
2018-01-26,58.31999969482422,58.72999954223633,58.2400016784668,58.709999084472656,46.42417526245117,6342700
2018-01-29,58.810001373291016,58.95000076293945,58.439998626708984,58.47999954223633,46.242305755615234,10760800
2018-01-30,58.08000183105469,58.58000183105469,57.939998626708984,58.09000015258789,45.93391799926758,10898100
2018-01-31,58.13999938964844,58.290000915527344,57.59000015258789,57.81999969482422,45.72041702270508,13757000
2018-02-01,57.599998474121094,57.900001525878906,57.43000030517578,57.56999969482422,45.52273941040039,14094500
2018-02-02,57.290000915527344,57.439998626708984,56.43000030517578,56.470001220703125,44.652923583984375,15569100
2018-02-05,56.22999954223633,56.56999969482422,54.38999938964844,54.41999816894531,43.03190994262695,39487500
2018-02-06,53.529998779296875,55.130001068115234,53.2400016784668,55.02000045776367,43.506351470947266,38881700
2018-02-07,54.900001525878906,55.79999923706055,54.720001220703125,54.779998779296875,43.31657409667969,17526900
2018-02-08,54.90999984741211,55.02000045776367,53.58000183105469,53.599998474121094,42.38350296020508,32928400
2018-02-09,54.0099983215332,54.099998474121094,52.65999984741211,53.709999084472656,42.470481872558594,34912000
2018-02-12,54.02000045776367,54.52000045776367,53.88999938964844,54.2599983215332,42.9053955078125,21013600
2018-02-13,54.060001373291016,54.650001525878906,54.04999923706055,54.5099983215332,43.103084564208984,11994500
2018-02-14,54.220001220703125,54.65999984741211,53.939998626708984,54.47999954223633,43.07935333251953,20370500
2018-02-15,54.68000030517578,55.380001068115234,54.45000076293945,55.380001068115234,43.7910270690918,14788900
2018-02-16,55.400001525878906,55.84000015258789,55.099998474121094,55.599998474121094,43.96498107910156,11591600
2018-02-20,55.0,55.0,54.279998779296875,54.34000015258789,42.96865463256836,16069800
2018-02-21,54.41999816894531,54.58000183105469,53.66999816894531,53.689998626708984,42.45468521118164,15207400
2018-02-22,53.79999923706055,54.22999954223633,53.72999954223633,53.83000183105469,42.56538391113281,10239200
2018-02-23,53.939998626708984,54.36000061035156,53.75,54.349998474121094,42.9765625,10321100
2018-02-26,54.439998626708984,54.72999954223633,54.290000915527344,54.689998626708984,43.24541473388672,10100400
2018-02-27,54.720001220703125,54.849998474121094,53.959999084472656,53.970001220703125,42.676090240478516,9832600
2018-02-28,54.290000915527344,54.31999969482422,53.40999984741211,53.40999984741211,42.233280181884766,13726400
2018-03-01,53.279998779296875,53.790000915527344,52.81999969482422,53.290000915527344,42.138389587402344,27808600
2018-03-02,53.09000015258789,53.83000183105469,52.970001220703125,53.7400016784668,42.49420928955078,25965400
2018-03-05,53.45000076293945,54.27000045776367,53.45000076293945,54.209999084472656,42.86585998535156,18859700
2018-03-06,54.22999954223633,54.29999923706055,53.81999969482422,54.25,42.89748764038086,20784300
2018-03-07,53.7400016784668,53.970001220703125,53.470001220703125,53.7599983215332,42.510032653808594,12592900
2018-03-08,53.790000915527344,54.27000045776367,53.70000076293945,54.25,42.89748764038086,10725100
2018-03-09,54.400001525878906,54.61000061035156,54.20000076293945,54.599998474121094,43.17425537109375,11486800
2018-03-12,54.619998931884766,54.90999984741211,54.400001525878906,54.5,43.09518814086914,10915700
2018-03-13,54.66999816894531,54.77000045776367,54.369998931884766,54.459999084472656,43.063533782958984,12406100
2018-03-14,54.59000015258789,54.599998474121094,53.79999923706055,53.90999984741211,42.62864303588867,13519000
2018-03-15,53.84000015258789,54.08000183105469,53.380001068115234,53.529998779296875,42.328163146972656,9280100
2018-03-16,53.22999954223633,53.560001373291016,53.20000076293945,53.25,42.34326171875,9629100
2018-03-19,53.209999084472656,53.310001373291016,52.540000915527344,52.72999954223633,41.92976760864258,10714700
2018-03-20,52.810001373291016,53.02000045776367,52.40999984741211,52.58000183105469,41.81050109863281,9888200
2018-03-21,52.290000915527344,52.5,51.81999969482422,51.93000030517578,41.293636322021484,17028500
2018-03-22,51.779998779296875,52.189998626708984,51.459999084472656,51.5,40.95170593261719,15584100
2018-03-23,51.68000030517578,51.88999938964844,50.810001373291016,50.86000061035156,40.442787170410156,15936400
2018-03-26,51.2400016784668,51.63999938964844,51.08000183105469,51.59000015258789,41.02326583862305,12374700
2018-03-27,51.68000030517578,52.099998474121094,51.33000183105469,51.560001373291016,40.99941635131836,17326800
2018-03-28,51.72999954223633,52.529998779296875,51.709999084472656,52.27000045776367,41.564002990722656,32397500
2018-03-29,52.47999954223633,52.95000076293945,52.47999954223633,52.630001068115234,41.850257873535156,13272800
2018-04-02,52.470001220703125,52.56999969482422,51.11000061035156,51.34000015258789,40.82447814941406,28604800
2018-04-03,51.56999969482422,52.150001525878906,51.40999984741211,52.02000045776367,41.365196228027344,24860600
2018-04-04,51.689998626708984,53.02000045776367,51.630001068115234,52.83000183105469,42.00929641723633,28012500
2018-04-05,52.91999816894531,53.16999816894531,52.63999938964844,52.959999084472656,42.1126708984375,18235800
2018-04-06,52.79999923706055,53.22999954223633,52.15999984741211,52.41999816894531,41.68326187133789,13113400
2018-04-09,52.58000183105469,52.91999816894531,52.2400016784668,52.38999938964844,41.6594123840332,14686700
2018-04-10,52.689998626708984,52.779998779296875,52.22999954223633,52.5099983215332,41.75483322143555,13041900
2018-04-11,52.36000061035156,52.68000030517578,52.29999923706055,52.40999984741211,41.675323486328125,9025200
2018-04-12,52.630001068115234,52.790000915527344,52.29999923706055,52.33000183105469,41.6117057800293,9843700
2018-04-13,52.54999923706055,52.689998626708984,52.33000183105469,52.59000015258789,41.81843948364258,8836700
2018-04-16,52.72999954223633,53.459999084472656,52.65999984741211,53.15999984741211,42.27169418334961,7804700
2018-04-17,53.29999923706055,53.40999984741211,52.9900016784668,53.279998779296875,42.367103576660156,8131300
2018-04-18,53.2400016784668,53.36000061035156,52.779998779296875,52.880001068115234,42.04905319213867,14496600
2018-04-19,52.15999984741211,52.20000076293945,51.08000183105469,51.349998474121094,40.832420349121094,23643100
2018-04-20,51.22999954223633,51.400001525878906,50.34000015258789,50.4900016784668,40.148582458496094,19102700
2018-04-23,50.529998779296875,50.58000183105469,50.20000076293945,50.43000030517578,40.100868225097656,12344900
2018-04-24,50.52000045776367,50.58000183105469,49.7599983215332,50.11000061035156,39.846405029296875,18771500
2018-04-25,50.09000015258789,50.40999984741211,49.88999938964844,50.20000076293945,39.917972564697266,19012500
2018-04-26,50.310001373291016,50.70000076293945,50.150001525878906,50.5,40.15652847290039,11009900
2018-04-27,50.38999938964844,50.939998626708984,50.34000015258789,50.77000045776367,40.3712272644043,11096100
2018-04-30,50.86000061035156,51.09000015258789,50.36000061035156,50.45000076293945,40.11677551269531,13892700
2018-05-01,50.2599983215332,50.290000915527344,49.65999984741211,50.0099983215332,39.766883850097656,10927100
2018-05-02,49.869998931884766,49.91999816894531,48.91999816894531,49.029998779296875,38.987613677978516,18818900
2018-05-03,49.150001525878906,49.2599983215332,48.7599983215332,48.97999954223633,38.94784927368164,16634400
2018-05-04,48.939998626708984,49.939998626708984,48.88999938964844,49.689998626708984,39.512428283691406,13132400
2018-05-07,49.79999923706055,49.88999938964844,49.27000045776367,49.380001068115234,39.26593017578125,9665300
2018-05-08,49.27000045776367,49.31999969482422,48.959999084472656,49.18000030517578,39.106895446777344,8290800
2018-05-09,49.09000015258789,49.369998931884766,48.9900016784668,49.25,39.162559509277344,9228200
2018-05-10,49.47999954223633,49.790000915527344,49.40999984741211,49.540000915527344,39.39315414428711,10242700
2018-05-11,49.630001068115234,49.880001068115234,49.38999938964844,49.540000915527344,39.39315414428711,10065200
2018-05-14,49.61000061035156,49.70000076293945,49.439998626708984,49.52000045776367,39.37724685668945,6708100
2018-05-15,49.279998779296875,49.459999084472656,49.060001373291016,49.33000183105469,39.226173400878906,22686900
2018-05-16,49.47999954223633,49.79999923706055,49.40999984741211,49.68000030517578,39.50447463989258,12151300
2018-05-17,49.83000183105469,49.970001220703125,49.68000030517578,49.849998474121094,39.63965606689453,19572900
2018-05-18,49.72999954223633,49.810001373291016,49.349998474121094,49.540000915527344,39.39315414428711,15664700
2018-05-21,49.72999954223633,49.91999816894531,49.599998474121094,49.75,39.560142517089844,7928400
2018-05-22,49.84000015258789,50.09000015258789,49.56999969482422,49.65999984741211,39.48857116699219,9383800
2018-05-23,49.54999923706055,49.88999938964844,49.47999954223633,49.84000015258789,39.63169479370117,18136200
2018-05-24,49.84000015258789,49.93000030517578,49.54999923706055,49.79999923706055,39.59989547729492,9843800
2018-05-25,49.810001373291016,50.20000076293945,49.7400016784668,49.880001068115234,39.66352462768555,12913500
2018-05-29,49.70000076293945,49.9900016784668,49.54999923706055,49.77000045776367,39.576045989990234,14959300
2018-05-30,49.959999084472656,50.560001373291016,49.79999923706055,50.470001220703125,40.13267135620117,17628100
2018-05-31,50.380001068115234,50.43000030517578,49.470001220703125,49.65999984741211,39.48857116699219,18603000
2018-06-01,49.79999923706055,49.88999938964844,49.529998779296875,49.65999984741211,39.48857116699219,10944600
2018-06-04,49.7599983215332,50.130001068115234,49.7599983215332,50.06999969482422,39.814598083496094,11665200
2018-06-05,50.11000061035156,50.13999938964844,49.68000030517578,49.84000015258789,39.63169479370117,8980900
2018-06-06,49.86000061035156,49.900001525878906,49.54999923706055,49.900001525878906,39.679420471191406,12071000
2018-06-07,49.77000045776367,50.470001220703125,49.70000076293945,50.209999084472656,39.925926208496094,16618500
2018-06-08,50.22999954223633,50.86000061035156,50.22999954223633,50.83000183105469,40.4189453125,17081500
2018-06-11,50.869998931884766,51.349998474121094,50.869998931884766,51.25,40.75291442871094,13199600
2018-06-12,51.279998779296875,51.380001068115234,51.0099983215332,51.349998474121094,40.832420349121094,11362200
2018-06-13,51.34000015258789,51.41999816894531,51.029998779296875,51.189998626708984,40.7051887512207,15696000
2018-06-14,51.25,51.31999969482422,51.060001373291016,51.279998779296875,40.77676010131836,9751300
2018-06-15,50.84000015258789,51.56999969482422,50.7400016784668,51.540000915527344,41.300838470458984,17217800
2018-06-18,51.369998931884766,51.38999938964844,50.560001373291016,50.790000915527344,40.69983673095703,21627300
2018-06-19,50.599998474121094,51.150001525878906,50.56999969482422,51.060001373291016,40.916194915771484,12639200
2018-06-20,51.209999084472656,51.220001220703125,50.88999938964844,51.11000061035156,40.95625305175781,9562500
2018-06-21,51.18000030517578,51.380001068115234,51.06999969482422,51.209999084472656,41.03639602661133,13272700
2018-06-22,51.33000183105469,51.720001220703125,51.31999969482422,51.630001068115234,41.37296676635742,9938300
2018-06-25,51.5099983215332,51.970001220703125,51.5,51.88999938964844,41.58131408691406,22124200
2018-06-26,51.900001525878906,52.0,51.43000030517578,51.66999816894531,41.40501022338867,14047300
2018-06-27,51.599998474121094,52.040000915527344,51.349998474121094,51.560001373291016,41.31686019897461,19862400
2018-06-28,51.439998626708984,51.68000030517578,51.36000061035156,51.560001373291016,41.31686019897461,13177400
2018-06-29,51.59000015258789,51.810001373291016,51.29999923706055,51.529998779296875,41.292823791503906,13018300
2018-07-02,51.29999923706055,51.529998779296875,50.900001525878906,51.22999954223633,41.052425384521484,13255500
2018-07-03,51.43000030517578,51.619998931884766,51.27000045776367,51.349998474121094,41.14857482910156,7736300
2018-07-05,51.56999969482422,52.09000015258789,51.470001220703125,52.060001373291016,41.7175407409668,11699800
2018-07-06,52.119998931884766,52.43000030517578,52.0,52.220001220703125,41.84575271606445,12335100
2018-07-09,52.2599983215332,52.34000015258789,51.959999084472656,52.02000045776367,41.68548583984375,15117900
2018-07-10,52.150001525878906,52.66999816894531,52.040000915527344,52.63999938964844,42.18231201171875,15280300
2018-07-11,52.58000183105469,52.630001068115234,52.290000915527344,52.470001220703125,42.04608154296875,11484600
2018-07-12,52.619998931884766,52.709999084472656,52.22999954223633,52.400001525878906,41.98998260498047,11002300
2018-07-13,52.43000030517578,52.79999923706055,52.40999984741211,52.7400016784668,42.262447357177734,14053500
2018-07-16,52.70000076293945,52.72999954223633,52.34000015258789,52.4900016784668,42.06211853027344,10347400
2018-07-17,52.459999084472656,53.0,52.459999084472656,52.939998626708984,42.42270278930664,14759300
2018-07-18,52.880001068115234,52.93000030517578,52.470001220703125,52.5099983215332,42.078128814697266,10474200
2018-07-19,52.16999816894531,52.77000045776367,52.06999969482422,52.540000915527344,42.1021728515625,15092800
2018-07-20,52.439998626708984,52.88999938964844,52.349998474121094,52.86000061035156,42.35859680175781,17895700
2018-07-23,52.7599983215332,52.88999938964844,52.369998931884766,52.529998779296875,42.09416198730469,13337200
2018-07-24,52.40999984741211,52.72999954223633,52.31999969482422,52.630001068115234,42.17428970336914,15987700
2018-07-25,52.70000076293945,53.06999969482422,52.59000015258789,53.029998779296875,42.49482727050781,15258400
2018-07-26,53.2400016784668,53.7599983215332,53.16999816894531,53.310001373291016,42.71919631958008,15129400
2018-07-27,53.279998779296875,53.63999938964844,53.189998626708984,53.380001068115234,42.775299072265625,13414400
2018-07-30,53.2400016784668,53.45000076293945,53.0,53.31999969482422,42.72721862792969,12143900
2018-07-31,53.4900016784668,53.7599983215332,53.18000030517578,53.56999969482422,42.92754364013672,17898400
2018-08-01,53.40999984741211,53.5,53.029998779296875,53.119998931884766,42.56694793701172,14917600
2018-08-02,53.029998779296875,53.72999954223633,53.0,53.65999984741211,42.999671936035156,15902900
2018-08-03,53.790000915527344,54.54999923706055,53.75,54.290000915527344,43.504512786865234,20418500
2018-08-06,54.31999969482422,54.5099983215332,54.220001220703125,54.34000015258789,43.544578552246094,13412100
2018-08-07,54.290000915527344,54.36000061035156,53.81999969482422,54.0099983215332,43.2801399230957,13766100
2018-08-08,53.97999954223633,54.02000045776367,53.58000183105469,53.599998474121094,42.95158004760742,12591800
2018-08-09,53.61000061035156,53.70000076293945,53.369998931884766,53.439998626708984,42.82337951660156,8047000
2018-08-10,53.279998779296875,53.459999084472656,53.130001068115234,53.2400016784668,42.663108825683594,13459200
2018-08-13,53.33000183105469,53.439998626708984,53.0,53.2400016784668,42.663108825683594,8696600
2018-08-14,53.310001373291016,53.65999984741211,53.279998779296875,53.61000061035156,42.959598541259766,8882500
2018-08-15,53.45000076293945,53.869998931884766,53.150001525878906,53.83000183105469,43.135902404785156,15592600
2018-08-16,54.380001068115234,54.7599983215332,54.29999923706055,54.599998474121094,43.752925872802734,15526100
2018-08-17,54.54999923706055,55.08000183105469,54.439998626708984,55.02000045776367,44.0894889831543,13037600
2018-08-20,55.09000015258789,55.310001373291016,54.93000030517578,54.9900016784668,44.065452575683594,10189600
2018-08-21,54.970001220703125,55.04999923706055,54.38999938964844,54.599998474121094,43.752925872802734,13806200
2018-08-22,54.54999923706055,54.65999984741211,54.189998626708984,54.2599983215332,43.48046875,13573900
2018-08-23,54.099998474121094,54.2599983215332,53.970001220703125,54.130001068115234,43.37629699707031,10714300
2018-08-24,54.099998474121094,54.209999084472656,53.900001525878906,54.060001373291016,43.3202018737793,9570500
2018-08-27,54.150001525878906,54.31999969482422,53.880001068115234,54.09000015258789,43.34424591064453,10631600
2018-08-28,54.08000183105469,54.2400016784668,53.83000183105469,53.90999984741211,43.200008392333984,12621500
2018-08-29,53.9900016784668,54.06999969482422,53.849998474121094,53.970001220703125,43.24809265136719,8681000
2018-08-30,53.88999938964844,54.06999969482422,53.689998626708984,53.79999923706055,43.11184310913086,11092500
2018-08-31,53.79999923706055,53.970001220703125,53.560001373291016,53.779998779296875,43.0958366394043,10472900
2018-09-04,53.709999084472656,53.939998626708984,53.560001373291016,53.709999084472656,43.039730072021484,9571100
2018-09-05,53.54999923706055,54.33000183105469,53.4900016784668,54.33000183105469,43.53657913208008,14723800
2018-09-06,54.310001373291016,54.5099983215332,54.130001068115234,54.47999954223633,43.656761169433594,12333800
2018-09-07,54.310001373291016,54.40999984741211,53.9900016784668,54.369998931884766,43.56862258911133,9247300
2018-09-10,54.5,54.880001068115234,54.5,54.560001373291016,43.720882415771484,8361600
2018-09-11,54.4900016784668,54.54999923706055,54.2400016784668,54.36000061035156,43.56060791015625,8121600
2018-09-12,54.36000061035156,55.11000061035156,54.33000183105469,54.9900016784668,44.065452575683594,15220000
2018-09-13,55.0099983215332,55.029998779296875,54.599998474121094,54.90999984741211,44.001338958740234,9746500
2018-09-14,54.86000061035156,54.869998931884766,54.47999954223633,54.7599983215332,43.88113021850586,8925200
2018-09-17,54.720001220703125,54.97999954223633,54.599998474121094,54.959999084472656,44.041404724121094,10279600
2018-09-18,54.90999984741211,54.93000030517578,54.5099983215332,54.72999954223633,43.85710144042969,15638500
2018-09-19,54.68000030517578,54.90999984741211,54.54999923706055,54.630001068115234,43.77695846557617,7791600
2018-09-20,54.779998779296875,55.33000183105469,54.779998779296875,55.31999969482422,44.32988739013672,11817800
2018-09-21,55.02000045776367,55.11000061035156,54.90999984741211,55.02000045776367,44.40090560913086,10307900
2018-09-24,54.83000183105469,54.95000076293945,54.13999938964844,54.18000030517578,43.72303009033203,10648700
2018-09-25,54.34000015258789,54.459999084472656,53.83000183105469,53.86000061035156,43.464786529541016,8348300
2018-09-26,54.02000045776367,54.33000183105469,53.849998474121094,53.91999816894531,43.51319885253906,10369900
2018-09-27,53.7400016784668,54.20000076293945,53.59000015258789,53.849998474121094,43.45671463012695,8892800
2018-09-28,53.790000915527344,54.0,53.7400016784668,53.93000030517578,43.52126693725586,9249700
2018-10-01,54.0099983215332,54.09000015258789,53.83000183105469,53.88999938964844,43.48899841308594,8725500
2018-10-02,53.86000061035156,54.31999969482422,53.72999954223633,54.20000076293945,43.739166259765625,9592400
2018-10-03,54.31999969482422,54.380001068115234,53.54999923706055,53.619998931884766,43.27111053466797,15192700
2018-10-04,53.470001220703125,53.56999969482422,53.09000015258789,53.4900016784668,43.166194915771484,19964000
2018-10-05,53.380001068115234,53.650001525878906,53.36000061035156,53.439998626708984,43.125850677490234,13903100
2018-10-08,53.38999938964844,54.25,53.38999938964844,54.18000030517578,43.72303009033203,14908300
2018-10-09,54.20000076293945,54.31999969482422,53.93000030517578,54.060001373291016,43.626190185546875,13477200
2018-10-10,53.880001068115234,54.290000915527344,53.31999969482422,53.40999984741211,43.10163497924805,26121600
2018-10-11,53.2599983215332,53.540000915527344,51.91999816894531,52.09000015258789,42.03640365600586,44523200
2018-10-12,52.310001373291016,52.560001373291016,51.91999816894531,52.380001068115234,42.27043151855469,26263000
2018-10-15,52.22999954223633,53.08000183105469,52.22999954223633,52.70000076293945,42.5286750793457,15892000
2018-10-16,52.83000183105469,53.369998931884766,52.63999938964844,53.290000915527344,43.00480651855469,15468600
2018-10-17,53.2400016784668,53.65999984741211,53.04999923706055,53.540000915527344,43.20655822753906,15837800
2018-10-18,53.599998474121094,54.08000183105469,53.29999923706055,53.470001220703125,43.150054931640625,19370300
2018-10-19,54.08000183105469,54.849998474121094,54.08000183105469,54.689998626708984,44.13459396362305,28312300
2018-10-22,54.790000915527344,54.86000061035156,54.130001068115234,54.279998779296875,43.80373001098633,16645700
2018-10-23,53.959999084472656,54.65999984741211,53.650001525878906,54.52000045776367,43.99740219116211,30466600
2018-10-24,54.560001373291016,55.52000045776367,54.400001525878906,54.75,44.18301773071289,36761900
2018-10-25,54.619998931884766,55.08000183105469,54.150001525878906,54.880001068115234,44.28791809082031,30018200
2018-10-26,54.5,54.650001525878906,53.59000015258789,53.83000183105469,43.440582275390625,39310600
2018-10-29,54.20000076293945,54.83000183105469,53.95000076293945,54.45000076293945,43.94091796875,31687500
2018-10-30,54.81999969482422,55.58000183105469,54.68000030517578,55.529998779296875,44.81246566772461,33148100
2018-10-31,55.52000045776367,55.52000045776367,54.56999969482422,55.0099983215332,44.39284133911133,30135100
2018-11-01,55.130001068115234,55.56999969482422,54.849998474121094,55.400001525878906,44.707557678222656,22589800
2018-11-02,55.400001525878906,55.470001220703125,54.630001068115234,55.11000061035156,44.47352600097656,28704100
2018-11-05,55.20000076293945,55.95000076293945,55.119998931884766,55.79999923706055,45.03034973144531,19972200
2018-11-06,55.790000915527344,56.15999984741211,55.599998474121094,56.13999938964844,45.30473327636719,15626500
2018-11-07,56.369998931884766,56.47999954223633,55.869998931884766,56.459999084472656,45.5629768371582,15067100
2018-11-08,56.18000030517578,56.58000183105469,56.16999816894531,56.4900016784668,45.58718490600586,12890200
2018-11-09,56.470001220703125,57.0,56.470001220703125,56.81999969482422,45.853492736816406,18510900
2018-11-12,56.65999984741211,56.97999954223633,56.40999984741211,56.52000045776367,45.61139678955078,15950700
2018-11-13,56.54999923706055,56.7599983215332,56.119998931884766,56.38999938964844,45.50649642944336,23146500
2018-11-14,56.4900016784668,56.4900016784668,55.7400016784668,56.0099983215332,45.1998291015625,17577600
2018-11-15,55.81999969482422,55.91999816894531,55.38999938964844,55.91999816894531,45.127197265625,25604700
2018-11-16,55.88999938964844,56.279998779296875,55.689998626708984,56.060001373291016,45.24018096923828,15212800
2018-11-19,56.08000183105469,56.38999938964844,55.7400016784668,55.970001220703125,45.16755676269531,16727200
2018-11-20,55.79999923706055,56.08000183105469,54.88999938964844,55.040000915527344,44.417049407958984,33023200
2018-11-21,55.0099983215332,55.13999938964844,54.47999954223633,54.599998474121094,44.06196212768555,16604400
2018-11-23,54.54999923706055,55.029998779296875,54.41999816894531,54.790000915527344,44.21529006958008,8700800
2018-11-26,54.869998931884766,55.13999938964844,54.59000015258789,54.86000061035156,44.271785736083984,13125400
2018-11-27,54.77000045776367,55.369998931884766,54.7400016784668,55.349998474121094,44.66720962524414,15954400
2018-11-28,55.2599983215332,55.81999969482422,55.09000015258789,55.810001373291016,45.0384407043457,21973700
2018-11-29,55.720001220703125,56.06999969482422,55.650001525878906,55.900001525878906,45.11106491088867,13285000
2018-11-30,55.88999938964844,56.400001525878906,55.75,56.2599983215332,45.40157699584961,16551900
2018-12-03,56.459999084472656,56.459999084472656,55.72999954223633,56.310001373291016,45.441925048828125,20855900
2018-12-04,56.40999984741211,56.619998931884766,55.33000183105469,55.36000061035156,44.6752815246582,27634900
2018-12-06,55.18000030517578,55.439998626708984,54.25,55.41999816894531,44.72370529174805,32514000
2018-12-07,55.369998931884766,55.56999969482422,54.47999954223633,54.720001220703125,44.1588020324707,23139500
2018-12-10,55.029998779296875,55.029998779296875,53.880001068115234,54.720001220703125,44.1588020324707,44469000
2018-12-11,55.099998474121094,55.56999969482422,54.869998931884766,55.16999816894531,44.52195739746094,25677400
2018-12-12,55.5099983215332,55.68000030517578,55.06999969482422,55.099998474121094,44.46546936035156,18735200
2018-12-13,55.16999816894531,55.619998931884766,55.099998474121094,55.439998626708984,44.739837646484375,16987800
2018-12-14,55.09000015258789,55.15999984741211,54.369998931884766,54.5,43.981266021728516,20262700
2018-12-17,54.369998931884766,54.5,52.91999816894531,53.2400016784668,42.96445083618164,27324100
2018-12-18,53.380001068115234,53.4900016784668,52.310001373291016,52.61000061035156,42.4560432434082,27349700
2018-12-19,52.86000061035156,53.279998779296875,51.86000061035156,52.099998474121094,42.044471740722656,46289600
2018-12-20,51.869998931884766,51.88999938964844,50.68000030517578,51.16999816894531,41.293968200683594,43415000
2018-12-21,50.720001220703125,51.83000183105469,50.18000030517578,50.18000030517578,40.86560821533203,38484500
2018-12-24,50.04999923706055,50.220001220703125,48.689998626708984,48.72999954223633,39.68476104736328,23086800
2018-12-26,48.83000183105469,50.09000015258789,48.33000183105469,50.09000015258789,40.79231262207031,26670600
2018-12-27,49.779998779296875,50.61000061035156,49.040000915527344,50.56999969482422,41.18320846557617,35926900
2018-12-28,50.939998626708984,51.150001525878906,50.369998931884766,50.56999969482422,41.18320846557617,24436600
2018-12-31,50.70000076293945,50.81999969482422,50.310001373291016,50.779998779296875,41.35422897338867,14959600
2019-01-02,50.2400016784668,50.63999938964844,49.95000076293945,50.47999954223633,41.109920501708984,20459000
2019-01-03,50.38999938964844,50.90999984741211,50.11000061035156,50.189998626708984,40.873748779296875,22074800
2019-01-04,50.52000045776367,51.2599983215332,50.40999984741211,51.2599983215332,41.745140075683594,19003300
2019-01-07,51.130001068115234,51.529998779296875,50.72999954223633,51.189998626708984,41.68811798095703,15143300
2019-01-08,51.4900016784668,51.790000915527344,51.2400016784668,51.65999984741211,42.070884704589844,28273800
2019-01-09,51.650001525878906,51.70000076293945,51.060001373291016,51.18000030517578,41.67999267578125,15684500
2019-01-10,51.08000183105469,51.56999969482422,50.939998626708984,51.47999954223633,41.92429733276367,32431700
2019-01-11,51.59000015258789,51.65999984741211,51.349998474121094,51.630001068115234,42.04646301269531,11732400
2019-01-14,51.5,51.61000061035156,51.29999923706055,51.380001068115234,41.842857360839844,7811500
2019-01-15,51.369998931884766,51.939998626708984,51.34000015258789,51.88999938964844,42.25820541381836,11447700
2019-01-16,51.869998931884766,51.869998931884766,51.41999816894531,51.61000061035156,42.03017044067383,13484700
2019-01-17,51.529998779296875,51.939998626708984,51.470001220703125,51.83000183105469,42.20933151245117,10196400
2019-01-18,52.130001068115234,52.61000061035156,52.06999969482422,52.45000076293945,42.714256286621094,11957600
2019-01-22,52.310001373291016,52.40999984741211,51.54999923706055,51.970001220703125,42.32334518432617,20877700
2019-01-23,52.369998931884766,52.7400016784668,52.119998931884766,52.59000015258789,42.82825469970703,23804700
2019-01-24,52.310001373291016,52.31999969482422,51.59000015258789,51.939998626708984,42.29892349243164,17727200
2019-01-25,52.099998474121094,52.310001373291016,51.65999984741211,51.72999954223633,42.12789535522461,12920300
2019-01-28,51.619998931884766,51.970001220703125,51.45000076293945,51.95000076293945,42.30706787109375,10996700
2019-01-29,52.04999923706055,52.18000030517578,51.84000015258789,52.06999969482422,42.4047737121582,11500400
2019-01-30,52.119998931884766,52.540000915527344,52.0,52.41999816894531,42.68981170654297,13934600
2019-01-31,52.43000030517578,53.529998779296875,52.310001373291016,53.38999938964844,43.479766845703125,17886500
2019-02-01,53.54999923706055,53.54999923706055,53.0,53.220001220703125,43.34132766723633,14423400
2019-02-04,53.209999084472656,53.560001373291016,53.11000061035156,53.560001373291016,43.61820983886719,13367500
2019-02-05,53.599998474121094,53.709999084472656,53.41999816894531,53.56999969482422,43.6263542175293,11296100
2019-02-06,53.41999816894531,53.66999816894531,53.41999816894531,53.58000183105469,43.63450622558594,19006100
2019-02-07,53.349998474121094,53.58000183105469,53.16999816894531,53.540000915527344,43.6019401550293,14519000
2019-02-08,53.43000030517578,53.790000915527344,53.22999954223633,53.790000915527344,43.80552291870117,11100100
2019-02-11,53.84000015258789,53.97999954223633,53.689998626708984,53.93000030517578,43.919525146484375,6876200
2019-02-12,54.040000915527344,54.5099983215332,53.959999084472656,54.349998474121094,44.26156997680664,11694100
2019-02-13,54.45000076293945,54.619998931884766,54.33000183105469,54.45000076293945,44.34300994873047,10809600
2019-02-14,53.880001068115234,54.08000183105469,53.54999923706055,53.84000015258789,43.84624099731445,11388500
2019-02-15,54.099998474121094,54.45000076293945,53.84000015258789,54.349998474121094,44.26156997680664,12635400
2019-02-19,54.47999954223633,54.84000015258789,54.36000061035156,54.630001068115234,44.489585876464844,19831700
2019-02-20,54.58000183105469,54.72999954223633,54.36000061035156,54.529998779296875,44.40816116333008,14478600
2019-02-21,54.439998626708984,54.810001373291016,54.279998779296875,54.689998626708984,44.53845977783203,11711800
2019-02-22,54.18000030517578,54.43000030517578,54.040000915527344,54.43000030517578,44.32672119140625,24758700
2019-02-25,54.540000915527344,54.70000076293945,54.060001373291016,54.130001068115234,44.08240509033203,15162600
2019-02-26,54.15999984741211,54.38999938964844,54.040000915527344,54.15999984741211,44.106834411621094,15114400
2019-02-27,54.040000915527344,54.15999984741211,53.86000061035156,54.08000183105469,44.04169845581055,10811600
2019-02-28,54.209999084472656,54.54999923706055,54.08000183105469,54.34000015258789,44.2534294128418,8469400
2019-03-01,54.5,54.52000045776367,53.849998474121094,54.2400016784668,44.172000885009766,10812200
2019-03-04,54.34000015258789,54.439998626708984,53.72999954223633,54.150001525878906,44.09868621826172,10113600
2019-03-05,54.13999938964844,54.290000915527344,54.0099983215332,54.11000061035156,44.06612014770508,10132400
2019-03-06,54.099998474121094,54.25,53.79999923706055,54.029998779296875,44.000972747802734,12001100
2019-03-07,53.939998626708984,54.029998779296875,53.56999969482422,53.68000030517578,43.7159423828125,14336100
2019-03-08,53.72999954223633,53.970001220703125,53.45000076293945,53.709999084472656,43.74036407470703,11909300
2019-03-11,53.79999923706055,54.45000076293945,53.79999923706055,54.40999984741211,44.31044006347656,10519200
2019-03-12,54.41999816894531,54.619998931884766,54.29999923706055,54.43000030517578,44.32672119140625,10841800
2019-03-13,54.470001220703125,54.95000076293945,54.43000030517578,54.7400016784668,44.579185485839844,11135300
2019-03-14,54.7599983215332,54.849998474121094,54.599998474121094,54.689998626708984,44.53845977783203,8449600
2019-03-15,54.58000183105469,54.849998474121094,54.470001220703125,54.70000076293945,44.79066848754883,21846900
2019-03-18,54.709999084472656,54.88999938964844,54.63999938964844,54.779998779296875,44.85617446899414,8103700
2019-03-19,54.900001525878906,55.02000045776367,54.540000915527344,54.7400016784668,44.82341766357422,13359400
2019-03-20,54.709999084472656,54.81999969482422,54.33000183105469,54.5099983215332,44.63508605957031,19832700
2019-03-21,54.40999984741211,55.22999954223633,54.40999984741211,55.150001525878906,45.15914535522461,12699200
2019-03-22,55.06999969482422,55.439998626708984,55.0,55.08000183105469,45.101829528808594,21007300
2019-03-25,54.97999954223633,55.33000183105469,54.849998474121094,55.189998626708984,45.191890716552734,12538000
2019-03-26,55.380001068115234,55.86000061035156,55.34000015258789,55.65999984741211,45.57676315307617,12808700
2019-03-27,55.65999984741211,55.81999969482422,55.189998626708984,55.470001220703125,45.421173095703125,12740400
2019-03-28,55.599998474121094,55.88999938964844,55.58000183105469,55.7400016784668,45.64226531982422,11920900
2019-03-29,55.84000015258789,56.16999816894531,55.689998626708984,56.11000061035156,45.945220947265625,13888800
2019-04-01,56.220001220703125,56.22999954223633,55.83000183105469,55.91999816894531,45.78964614868164,13799400
2019-04-02,55.75,55.75,55.459999084472656,55.459999084472656,45.412994384765625,13964800
2019-04-03,55.36000061035156,55.47999954223633,55.04999923706055,55.189998626708984,45.191890716552734,18616500
2019-04-04,55.22999954223633,55.4900016784668,55.18000030517578,55.400001525878906,45.363861083984375,10671300
2019-04-05,55.47999954223633,55.61000061035156,55.33000183105469,55.59000015258789,45.51944351196289,9045200
2019-04-08,55.560001373291016,55.83000183105469,55.4900016784668,55.81999969482422,45.707767486572266,6136900
2019-04-09,55.689998626708984,55.779998779296875,55.5099983215332,55.75,45.65045166015625,12062300
2019-04-10,55.79999923706055,55.97999954223633,55.75,55.90999984741211,45.78147506713867,7060800
2019-04-11,56.0,56.130001068115234,55.81999969482422,56.02000045776367,45.87152862548828,6444900
2019-04-12,56.060001373291016,56.2400016784668,55.88999938964844,56.20000076293945,46.018917083740234,7635700
2019-04-15,56.18000030517578,56.58000183105469,56.16999816894531,56.529998779296875,46.28913879394531,6505000
2019-04-16,56.630001068115234,56.72999954223633,56.31999969482422,56.540000915527344,46.29733657836914,9345100
2019-04-17,56.84000015258789,56.90999984741211,56.560001373291016,56.81999969482422,46.526607513427734,12720200
2019-04-18,57.04999923706055,57.150001525878906,56.619998931884766,56.869998931884766,46.56754684448242,10622200
2019-04-22,56.86000061035156,57.20000076293945,56.75,56.88999938964844,46.583927154541016,12432100
2019-04-23,56.86000061035156,56.93000030517578,56.599998474121094,56.709999084472656,46.4365348815918,20408400
2019-04-24,56.7400016784668,57.040000915527344,56.70000076293945,56.83000183105469,46.53479766845703,8221900
2019-04-25,56.52000045776367,56.56999969482422,56.27000045776367,56.470001220703125,46.240013122558594,9992100
2019-04-26,56.529998779296875,56.9900016784668,56.5,56.97999954223633,46.65763473510742,8405700
2019-04-29,56.95000076293945,57.08000183105469,56.869998931884766,57.04999923706055,46.71495819091797,7210800
2019-04-30,57.08000183105469,57.77000045776367,57.02000045776367,57.709999084472656,47.255374908447266,15965900
2019-05-01,57.779998779296875,57.81999969482422,57.0,57.0,46.67399978637695,11992700
2019-05-02,56.95000076293945,57.209999084472656,56.689998626708984,56.97999954223633,46.65763473510742,13925900
2019-05-03,57.25,57.540000915527344,57.15999984741211,57.40999984741211,47.00973129272461,13801300
2019-05-06,56.9900016784668,57.41999816894531,56.91999816894531,57.31999969482422,46.936031341552734,10100300
2019-05-07,57.060001373291016,57.16999816894531,56.45000076293945,56.75,46.46928405761719,20115500
2019-05-08,56.709999084472656,57.060001373291016,56.459999084472656,56.7400016784668,46.461116790771484,11940200
2019-05-09,56.5,56.779998779296875,56.189998626708984,56.619998931884766,46.36283874511719,23531600
2019-05-10,56.47999954223633,57.38999938964844,56.2400016784668,57.310001373291016,46.9278450012207,14029600
2019-05-13,56.720001220703125,56.90999984741211,56.560001373291016,56.77000045776367,46.48567199707031,13081800
2019-05-14,56.93000030517578,57.43000030517578,56.84000015258789,57.040000915527344,46.70675277709961,16497800
2019-05-15,56.959999084472656,57.61000061035156,56.849998474121094,57.4900016784668,47.07524490356445,9681800
2019-05-16,57.790000915527344,58.27000045776367,57.630001068115234,57.939998626708984,47.44371032714844,12859800
2019-05-17,57.619998931884766,58.08000183105469,57.61000061035156,57.75,47.28813171386719,15458700
2019-05-20,57.619998931884766,57.939998626708984,57.56999969482422,57.61000061035156,47.17349624633789,9496800
2019-05-21,57.81999969482422,57.84000015258789,57.400001525878906,57.4900016784668,47.07524490356445,8124100
2019-05-22,57.5099983215332,57.880001068115234,57.38999938964844,57.75,47.28813171386719,11102000
2019-05-23,57.529998779296875,57.75,57.40999984741211,57.72999954223633,47.27174758911133,17398000
2019-05-24,57.83000183105469,57.880001068115234,57.349998474121094,57.52000045776367,47.099796295166016,9530800
2019-05-28,57.529998779296875,57.66999816894531,56.540000915527344,56.58000183105469,46.33008575439453,14043000
2019-05-29,56.36000061035156,56.369998931884766,55.880001068115234,56.16999816894531,45.994361877441406,11455100
2019-05-30,56.279998779296875,56.529998779296875,56.150001525878906,56.40999984741211,46.190887451171875,9770200
2019-05-31,55.970001220703125,56.04999923706055,55.52000045776367,55.61000061035156,45.53581619262695,13450800
2019-06-03,55.689998626708984,56.41999816894531,55.68000030517578,56.310001373291016,46.1090087890625,17060600
2019-06-04,56.65999984741211,56.83000183105469,56.47999954223633,56.81999969482422,46.526607513427734,16546800
2019-06-05,57.08000183105469,57.58000183105469,56.86000061035156,57.470001220703125,47.058860778808594,15069700
2019-06-06,57.59000015258789,58.189998626708984,57.4900016784668,58.06999969482422,47.55016326904297,20769600
2019-06-07,58.27000045776367,58.86000061035156,58.27000045776367,58.630001068115234,48.00871276855469,18860800
2019-06-10,58.709999084472656,58.779998779296875,58.470001220703125,58.650001525878906,48.025089263916016,15341800
2019-06-11,58.81999969482422,58.9900016784668,58.689998626708984,58.84000015258789,48.180667877197266,18109700
2019-06-12,58.95000076293945,59.27000045776367,58.84000015258789,58.93000030517578,48.254364013671875,10921200
2019-06-13,59.06999969482422,59.2400016784668,58.720001220703125,59.060001373291016,48.36081314086914,11564400
2019-06-14,59.029998779296875,59.25,58.970001220703125,59.09000015258789,48.38538360595703,9726100
2019-06-17,59.11000061035156,59.16999816894531,58.650001525878906,58.91999816894531,48.246177673339844,8796600
2019-06-18,59.25,59.290000915527344,58.52000045776367,58.599998474121094,47.984153747558594,18120600
2019-06-19,58.560001373291016,58.959999084472656,58.27000045776367,58.84000015258789,48.180667877197266,13457200
2019-06-20,59.09000015258789,59.43000030517578,58.959999084472656,59.36000061035156,48.606468200683594,13566200
2019-06-21,58.84000015258789,59.0099983215332,58.630001068115234,58.720001220703125,48.448875427246094,15416200
2019-06-24,58.810001373291016,59.099998474121094,58.77000045776367,58.869998931884766,48.5726432800293,17796300
2019-06-25,58.880001068115234,58.959999084472656,58.66999816894531,58.84000015258789,48.54788589477539,11861700
2019-06-26,58.56999969482422,58.56999969482422,57.97999954223633,58.0,47.854827880859375,11672600
2019-06-27,58.08000183105469,58.15999984741211,57.779998779296875,58.11000061035156,47.945579528808594,11524900
2019-06-28,58.38999938964844,58.459999084472656,57.95000076293945,58.06999969482422,47.91257095336914,12409300
2019-07-01,58.369998931884766,58.560001373291016,58.08000183105469,58.41999816894531,48.201351165771484,12628100
2019-07-02,58.439998626708984,58.93000030517578,58.400001525878906,58.93000030517578,48.62214660644531,11913500
2019-07-03,59.0099983215332,59.720001220703125,58.959999084472656,59.65999984741211,49.22446060180664,11995800
2019-07-05,59.310001373291016,59.439998626708984,58.869998931884766,59.400001525878906,49.00992965698242,11008200
2019-07-08,59.400001525878906,59.59000015258789,59.310001373291016,59.47999954223633,49.07594299316406,9257100
2019-07-09,59.36000061035156,59.459999084472656,58.90999984741211,59.130001068115234,48.78716278076172,12499500
2019-07-10,59.34000015258789,59.65999984741211,59.290000915527344,59.5099983215332,49.10068893432617,16804800
2019-07-11,59.630001068115234,59.709999084472656,59.34000015258789,59.65999984741211,49.22446060180664,12575300
2019-07-12,59.63999938964844,59.970001220703125,59.63999938964844,59.83000183105469,49.364723205566406,8732000
2019-07-15,59.93000030517578,60.06999969482422,59.77000045776367,59.970001220703125,49.480224609375,7212600
2019-07-16,59.97999954223633,60.22999954223633,59.779998779296875,59.9900016784668,49.49673843383789,13579000
2019-07-17,59.9900016784668,60.08000183105469,59.779998779296875,59.91999816894531,49.4389762878418,9049900
2019-07-18,59.9900016784668,60.5,59.779998779296875,60.31999969482422,49.76900863647461,9444300
2019-07-19,60.470001220703125,60.560001373291016,59.900001525878906,59.939998626708984,49.455482482910156,7460400
2019-07-22,60.04999923706055,60.04999923706055,59.529998779296875,59.59000015258789,49.166709899902344,7135100
2019-07-23,60.130001068115234,60.2400016784668,59.83000183105469,60.02000045776367,49.521488189697266,10058100
2019-07-24,59.93000030517578,59.97999954223633,59.54999923706055,59.619998931884766,49.19144821166992,7975900
2019-07-25,59.5,59.79999923706055,59.36000061035156,59.70000076293945,49.257450103759766,9469200
2019-07-26,59.79999923706055,60.38999938964844,59.630001068115234,60.369998931884766,49.810264587402344,14727900
2019-07-29,60.369998931884766,60.61000061035156,60.33000183105469,60.47999954223633,49.90103530883789,6121300
2019-07-30,60.720001220703125,61.02000045776367,60.52000045776367,60.65999984741211,50.04954147338867,14123800
2019-07-31,60.470001220703125,60.560001373291016,58.849998474121094,59.43000030517578,49.034698486328125,16826700
2019-08-01,59.599998474121094,60.29999923706055,59.18000030517578,59.220001220703125,48.861419677734375,30148200
2019-08-02,59.130001068115234,59.59000015258789,59.0,59.22999954223633,48.86967849731445,24368700
2019-08-05,58.849998474121094,59.099998474121094,57.369998931884766,57.689998626708984,47.59903335571289,26364800
2019-08-06,57.88999938964844,58.47999954223633,57.66999816894531,58.209999084472656,48.028076171875,20126400
2019-08-07,57.959999084472656,59.11000061035156,57.349998474121094,58.88999938964844,48.58915328979492,17550800
2019-08-08,58.849998474121094,59.709999084472656,58.56999969482422,59.650001525878906,49.21621322631836,24011300
2019-08-09,59.619998931884766,59.77000045776367,58.900001525878906,59.31999969482422,48.94393539428711,10590200
2019-08-12,59.15999984741211,59.349998474121094,58.720001220703125,58.91999816894531,48.613887786865234,11774000
2019-08-13,58.880001068115234,59.86000061035156,58.779998779296875,59.59000015258789,49.166709899902344,13199500
2019-08-14,59.060001373291016,59.540000915527344,58.61000061035156,58.650001525878906,48.3911247253418,17281300
2019-08-15,59.290000915527344,59.7400016784668,59.0,59.529998779296875,49.1171989440918,14431100
2019-08-16,59.790000915527344,60.45000076293945,59.790000915527344,60.209999084472656,49.678253173828125,18294300
2019-08-19,60.689998626708984,60.93000030517578,60.560001373291016,60.810001373291016,50.173316955566406,13180800
2019-08-20,60.779998779296875,60.849998474121094,60.099998474121094,60.150001525878906,49.62874984741211,8959300
2019-08-21,60.54999923706055,60.599998474121094,60.15999984741211,60.310001373291016,49.76076126098633,8735900
2019-08-22,60.36000061035156,60.7599983215332,60.20000076293945,60.630001068115234,50.0247917175293,7127600
2019-08-23,60.459999084472656,60.709999084472656,59.279998779296875,59.619998931884766,49.19144821166992,25296100
2019-08-26,60.02000045776367,60.40999984741211,59.779998779296875,60.36000061035156,49.80200958251953,13629800
2019-08-27,60.61000061035156,60.77000045776367,60.0,60.189998626708984,49.66175842285156,13389300
2019-08-28,60.16999816894531,60.77000045776367,60.060001373291016,60.77000045776367,50.140296936035156,12435500
2019-08-29,61.130001068115234,61.13999938964844,60.43000030517578,60.79999923706055,50.165042877197266,9657600
2019-08-30,61.0,61.150001525878906,60.529998779296875,60.720001220703125,50.09904479980469,8567000
2019-09-03,60.459999084472656,61.08000183105469,60.349998474121094,61.06999969482422,50.3878288269043,15551600
2019-09-04,61.31999969482422,61.619998931884766,61.08000183105469,61.619998931884766,50.84162521362305,12200500
2019-09-05,61.779998779296875,61.91999816894531,61.150001525878906,61.2400016784668,50.528099060058594,15719800
2019-09-06,61.400001525878906,61.540000915527344,61.25,61.439998626708984,50.69309616088867,13904200
2019-09-09,61.40999984741211,61.470001220703125,61.130001068115234,61.29999923706055,50.57759094238281,27082400
2019-09-10,61.029998779296875,61.029998779296875,60.59000015258789,60.91999816894531,50.26406478881836,31985000
2019-09-11,60.900001525878906,61.189998626708984,60.58000183105469,61.13999938964844,50.445579528808594,17422200
2019-09-12,61.5,61.689998626708984,61.27000045776367,61.38999938964844,50.65184783935547,18296200
2019-09-13,61.11000061035156,61.459999084472656,60.90999984741211,61.040000915527344,50.363059997558594,17830400
2019-09-16,60.75,60.810001373291016,60.31999969482422,60.45000076293945,49.87626647949219,16741200
2019-09-17,60.41999816894531,61.11000061035156,60.41999816894531,60.779998779296875,50.14855194091797,11681500
2019-09-18,60.84000015258789,60.95000076293945,60.36000061035156,60.880001068115234,50.23105239868164,10968900
2019-09-19,60.83000183105469,60.97999954223633,60.75,60.869998931884766,50.22280502319336,10664100
2019-09-20,60.63999938964844,60.779998779296875,60.31999969482422,60.31999969482422,50.06344985961914,13951100
2019-09-23,60.369998931884766,60.810001373291016,60.31999969482422,60.560001373291016,50.26264953613281,8767800
2019-09-24,60.79999923706055,61.209999084472656,60.59000015258789,60.810001373291016,50.47014236450195,17305900
2019-09-25,61.06999969482422,61.150001525878906,60.66999816894531,60.849998474121094,50.503326416015625,17626600
2019-09-26,60.91999816894531,61.369998931884766,60.88999938964844,61.189998626708984,50.785518646240234,15527300
2019-09-27,61.34000015258789,61.36000061035156,60.7599983215332,61.119998931884766,50.72742462158203,14293900
2019-09-30,61.15999984741211,61.689998626708984,61.15999984741211,61.41999816894531,50.976409912109375,11078800
2019-10-01,61.45000076293945,61.619998931884766,61.0099983215332,61.2599983215332,50.843624114990234,16827400
2019-10-02,60.959999084472656,61.02000045776367,59.79999923706055,60.029998779296875,49.822757720947266,18668200
2019-10-03,60.33000183105469,60.65999984741211,59.790000915527344,60.45000076293945,50.17133712768555,20998100
2019-10-04,60.54999923706055,61.40999984741211,60.4900016784668,61.400001525878906,50.95981216430664,11938600
2019-10-07,61.2599983215332,61.34000015258789,60.84000015258789,60.900001525878906,50.544837951660156,9378900
2019-10-08,60.720001220703125,60.88999938964844,60.310001373291016,60.31999969482422,50.06344985961914,14924100
2019-10-09,60.619998931884766,60.93000030517578,60.4900016784668,60.779998779296875,50.44524002075195,8504600
2019-10-10,60.650001525878906,61.08000183105469,60.47999954223633,60.900001525878906,50.544837951660156,8648000
2019-10-11,61.130001068115234,61.209999084472656,60.720001220703125,60.84000015258789,50.495033264160156,18172100
2019-10-14,60.91999816894531,60.97999954223633,60.5099983215332,60.540000915527344,50.24604797363281,7569500
2019-10-15,60.689998626708984,60.72999954223633,60.189998626708984,60.279998779296875,50.03025817871094,12217700
2019-10-16,60.33000183105469,60.40999984741211,60.130001068115234,60.34000015258789,50.08004379272461,10397700
2019-10-17,60.540000915527344,60.790000915527344,60.45000076293945,60.619998931884766,50.312435150146484,13209800
2019-10-18,60.5099983215332,60.970001220703125,60.5099983215332,60.7400016784668,50.412044525146484,9301200
2019-10-21,60.75,60.970001220703125,60.66999816894531,60.939998626708984,50.578025817871094,9924100
2019-10-22,61.380001068115234,61.41999816894531,60.93000030517578,60.959999084472656,50.59462356567383,12492500
2019-10-23,60.93000030517578,61.279998779296875,60.90999984741211,61.2400016784668,50.827022552490234,7499400
2019-10-24,61.36000061035156,61.54999923706055,61.119998931884766,61.45000076293945,51.001319885253906,9089300
2019-10-25,61.38999938964844,61.400001525878906,61.040000915527344,61.09000015258789,50.70253372192383,7518600
2019-10-28,61.09000015258789,61.310001373291016,60.83000183105469,60.970001220703125,50.602928161621094,11154200
2019-10-29,60.86000061035156,61.2599983215332,60.75,60.970001220703125,50.602928161621094,10072400
2019-10-30,61.02000045776367,61.36000061035156,60.849998474121094,61.25,50.835323333740234,7216400
2019-10-31,61.27000045776367,61.4900016784668,60.77000045776367,61.15999984741211,50.7606315612793,12628100
2019-11-01,61.27000045776367,61.380001068115234,61.02000045776367,61.150001525878906,50.75231170654297,10232000
2019-11-04,61.220001220703125,61.25,60.369998931884766,60.560001373291016,50.26264953613281,17081600
2019-11-05,60.47999954223633,60.88999938964844,60.290000915527344,60.7599983215332,50.42863845825195,17192200
2019-11-06,60.86000061035156,61.15999984741211,60.689998626708984,61.0099983215332,50.63612747192383,8284500
2019-11-07,61.08000183105469,61.09000015258789,60.689998626708984,60.79999923706055,50.46183395385742,9437800
2019-11-08,60.77000045776367,60.95000076293945,60.560001373291016,60.7599983215332,50.42863845825195,7574200
2019-11-11,60.790000915527344,60.88999938964844,60.56999969482422,60.66999816894531,50.35394287109375,5632200
2019-11-12,60.7599983215332,60.869998931884766,60.59000015258789,60.869998931884766,50.51993179321289,7085100
2019-11-13,60.959999084472656,61.45000076293945,60.880001068115234,61.33000183105469,50.9017219543457,9500900
2019-11-14,61.599998474121094,61.619998931884766,61.060001373291016,61.310001373291016,50.88511657714844,8442100
2019-11-15,61.400001525878906,61.459999084472656,61.11000061035156,61.33000183105469,50.9017219543457,7221400
2019-11-18,61.27000045776367,61.9900016784668,61.27000045776367,61.650001525878906,51.16730499267578,8615500
2019-11-19,61.7400016784668,61.84000015258789,61.439998626708984,61.56999969482422,51.100914001464844,8560900
2019-11-20,61.56999969482422,61.86000061035156,61.439998626708984,61.709999084472656,51.21709442138672,11935900
2019-11-21,61.599998474121094,61.75,61.2599983215332,61.400001525878906,50.95981216430664,7611100
2019-11-22,61.45000076293945,61.4900016784668,61.060001373291016,61.29999923706055,50.87682342529297,5517100
2019-11-25,61.41999816894531,61.529998779296875,61.06999969482422,61.369998931884766,50.93490982055664,10396500
2019-11-26,61.45000076293945,61.93000030517578,61.34000015258789,61.869998931884766,51.34990310668945,7354800
2019-11-27,61.97999954223633,62.09000015258789,61.810001373291016,62.02000045776367,51.474403381347656,5483300
2019-11-29,62.040000915527344,62.13999938964844,61.880001068115234,62.0,51.457794189453125,3008500
2019-12-02,61.880001068115234,62.16999816894531,61.59000015258789,62.13999938964844,51.57399368286133,17920100
2019-12-03,62.02000045776367,62.09000015258789,61.619998931884766,62.040000915527344,51.49099349975586,20537000
2019-12-04,61.970001220703125,62.4900016784668,61.900001525878906,62.45000076293945,51.83128356933594,17369100
2019-12-05,62.470001220703125,62.47999954223633,62.060001373291016,62.43000030517578,51.8146858215332,13445200
2019-12-06,62.560001373291016,62.90999984741211,62.52000045776367,62.66999816894531,52.013858795166016,10746700
2019-12-09,62.630001068115234,62.880001068115234,62.619998931884766,62.720001220703125,52.05536651611328,6643000
2019-12-10,62.720001220703125,62.790000915527344,62.459999084472656,62.52000045776367,51.88938522338867,7194300
2019-12-11,62.65999984741211,62.7599983215332,62.43000030517578,62.61000061035156,51.96407699584961,6201700
2019-12-12,62.619998931884766,63.02000045776367,62.43000030517578,62.560001373291016,51.922576904296875,11843600
2019-12-13,62.400001525878906,62.880001068115234,62.290000915527344,62.779998779296875,52.10516357421875,10158300
2019-12-16,62.959999084472656,63.150001525878906,62.880001068115234,63.0,52.287757873535156,10004600
2019-12-17,62.91999816894531,63.040000915527344,62.81999969482422,62.900001525878906,52.20475387573242,8005500
2019-12-18,63.0099983215332,63.220001220703125,62.70000076293945,62.79999923706055,52.12176513671875,5464100
2019-12-19,62.88999938964844,63.279998779296875,62.880001068115234,63.13999938964844,52.40396499633789,9068100
2019-12-20,62.81999969482422,63.36000061035156,62.779998779296875,63.099998474121094,52.79974365234375,15270600
2019-12-23,63.220001220703125,63.220001220703125,62.810001373291016,62.83000183105469,52.573814392089844,6006500
2019-12-24,62.900001525878906,62.9900016784668,62.810001373291016,62.90999984741211,52.640769958496094,1700100
2019-12-26,62.97999954223633,63.09000015258789,62.79999923706055,62.970001220703125,52.69095230102539,8638600
2019-12-27,63.099998474121094,63.27000045776367,63.040000915527344,63.25,52.925262451171875,10314100
2019-12-30,63.13999938964844,63.2400016784668,62.83000183105469,62.91999816894531,52.64912414550781,6238600
2019-12-31,62.790000915527344,63.02000045776367,62.65999984741211,62.97999954223633,52.69933319091797,4985400
2020-01-02,63.099998474121094,63.099998474121094,62.310001373291016,62.47999954223633,52.280948638916016,14460700
2020-01-03,62.25,62.650001525878906,62.09000015258789,62.380001068115234,52.1972770690918,26388900
2020-01-06,62.290000915527344,62.59000015258789,62.18000030517578,62.5099983215332,52.30604934692383,22541700
2020-01-07,62.31999969482422,62.380001068115234,61.97999954223633,62.029998779296875,51.90441131591797,15607600
2020-01-08,62.08000183105469,62.52000045776367,61.959999084472656,62.2599983215332,52.096858978271484,11451400
2020-01-09,62.45000076293945,62.709999084472656,62.29999923706055,62.70000076293945,52.46503448486328,6854500
2020-01-10,62.7599983215332,62.849998474121094,62.58000183105469,62.65999984741211,52.43157196044922,7410800
2020-01-13,62.68000030517578,63.08000183105469,62.650001525878906,63.06999969482422,52.7746467590332,9625700
2020-01-14,62.9900016784668,63.119998931884766,62.90999984741211,63.09000015258789,52.79137420654297,7512300
2020-01-15,63.040000915527344,63.66999816894531,63.0099983215332,63.540000915527344,53.16792297363281,12454300
2020-01-16,63.619998931884766,63.7599983215332,63.54999923706055,63.709999084472656,53.3101692199707,8048600
2020-01-17,63.70000076293945,63.959999084472656,63.619998931884766,63.81999969482422,53.402198791503906,14902700
2020-01-21,63.72999954223633,64.06999969482422,63.5099983215332,64.04000091552734,53.586299896240234,11300300
2020-01-22,64.05999755859375,64.23999786376953,64.04000091552734,64.08999633789062,53.62813186645508,8046500
2020-01-23,63.880001068115234,64.19999694824219,63.63999938964844,64.02999877929688,53.57793426513672,14563100
2020-01-24,64.08000183105469,64.16000366210938,63.38999938964844,63.59000015258789,53.20975875854492,11935100
2020-01-27,63.04999923706055,63.689998626708984,63.0099983215332,63.38999938964844,53.04240417480469,8748400
2020-01-28,63.43000030517578,63.65999984741211,63.369998931884766,63.470001220703125,53.109352111816406,7899500
2020-01-29,63.52000045776367,63.56999969482422,63.150001525878906,63.150001525878906,52.84158706665039,8300800
2020-01-30,63.18000030517578,63.95000076293945,63.13999938964844,63.900001525878906,53.46916198730469,13824800
2020-01-31,63.93000030517578,64.20999908447266,63.0,63.18000030517578,52.8666877746582,15280000
2020-02-03,63.40999984741211,63.650001525878906,63.130001068115234,63.18000030517578,52.8666877746582,21797600
2020-02-04,63.68000030517578,63.9900016784668,63.43000030517578,63.560001373291016,53.184654235839844,14290900
2020-02-05,63.77000045776367,64.0999984741211,63.689998626708984,64.06999969482422,53.611412048339844,20911400
2020-02-06,64.13999938964844,64.5199966430664,64.01000213623047,64.18000030517578,53.703453063964844,9628500
2020-02-07,64.18000030517578,64.38999938964844,63.9900016784668,64.26000213623047,53.770389556884766,14849000
2020-02-10,64.29000091552734,64.6500015258789,64.2699966430664,64.52999877929688,53.99631881713867,7394100
2020-02-11,64.62999725341797,64.62999725341797,64.23999786376953,64.29000091552734,53.79549026489258,8375700
2020-02-12,64.37000274658203,64.38999938964844,64.12999725341797,64.26000213623047,53.770389556884766,8479000
2020-02-13,64.12000274658203,64.75,64.02999877929688,64.63999938964844,54.08836364746094,7950900
2020-02-14,64.70999908447266,64.80999755859375,64.58000183105469,64.79000091552734,54.2138671875,5421200
2020-02-18,64.69999694824219,64.83999633789062,64.43000030517578,64.55999755859375,54.02140808105469,6902300
2020-02-19,64.56999969482422,64.73999786376953,64.45999908447266,64.48999786376953,53.96284103393555,4971300
2020-02-20,64.37999725341797,64.58999633789062,63.939998626708984,64.54000091552734,54.00468444824219,13397700
2020-02-21,64.36000061035156,64.79000091552734,64.33999633789062,64.6500015258789,54.09672546386719,10027800
2020-02-24,63.77000045776367,64.26000213623047,63.09000015258789,63.15999984741211,52.84994125366211,19892700
2020-02-25,63.20000076293945,63.5099983215332,61.810001373291016,62.02000045776367,51.89604568481445,25721400
2020-02-26,62.209999084472656,62.779998779296875,61.63999938964844,61.66999816894531,51.603179931640625,26066400
2020-02-27,61.119998931884766,61.66999816894531,59.150001525878906,59.15999984741211,49.502899169921875,39092300
2020-02-28,57.810001373291016,58.0,56.040000915527344,57.9900016784668,48.523887634277344,50978800
2020-03-02,58.11000061035156,61.13999938964844,58.11000061035156,61.09000015258789,51.11785888671875,27103100
2020-03-03,61.18000030517578,62.20000076293945,59.81999969482422,60.2599983215332,50.423336029052734,35237500
2020-03-04,61.11000061035156,63.25,61.029998779296875,63.220001220703125,52.90016174316406,26214300
2020-03-05,61.83000183105469,62.86000061035156,61.400001525878906,62.029998779296875,51.90441131591797,16556300
2020-03-06,60.38999938964844,61.88999938964844,59.939998626708984,61.540000915527344,51.49439239501953,24800200
2020-03-09,58.13999938964844,60.5,58.0,58.86000061035156,49.251869201660156,19126300
2020-03-10,60.099998474121094,60.650001525878906,57.88999938964844,60.54999923706055,50.66600036621094,28174800
2020-03-11,59.04999923706055,59.36000061035156,56.869998931884766,57.58000183105469,48.18082046508789,17759800
2020-03-12,53.88999938964844,56.709999084472656,51.90999984741211,52.16999816894531,43.653926849365234,26713800
2020-03-13,54.77000045776367,56.630001068115234,52.7599983215332,56.61000061035156,47.3691520690918,24835800
2020-03-16,51.349998474121094,55.56999969482422,50.779998779296875,52.77000045776367,44.155982971191406,27436800
2020-03-17,53.790000915527344,57.45000076293945,53.66999816894531,57.220001220703125,47.879573822021484,32318100
2020-03-18,54.75,57.0,53.29999923706055,55.75,46.649539947509766,35524900
2020-03-19,55.15999984741211,55.439998626708984,53.38999938964844,53.88999938964844,45.09315872192383,26807900
2020-03-20,54.040000915527344,54.060001373291016,49.959999084472656,50.400001525878906,42.172855377197266,26903700
2020-03-23,50.0099983215332,50.599998474121094,47.65999984741211,48.630001068115234,40.924827575683594,31822200
2020-03-24,50.75,51.400001525878906,49.79999923706055,51.11000061035156,43.01188659667969,28041800
2020-03-25,51.0,52.61000061035156,50.08000183105469,50.970001220703125,42.89406967163086,25526400
2020-03-26,51.59000015258789,54.119998931884766,51.380001068115234,53.7599983215332,45.242000579833984,25754100
2020-03-27,52.59000015258789,54.9900016784668,52.5,53.5099983215332,45.0316047668457,26004700
2020-03-30,54.029998779296875,55.7599983215332,54.029998779296875,55.599998474121094,46.79046630859375,15892600
2020-03-31,55.400001525878906,55.66999816894531,54.34000015258789,54.470001220703125,45.83951187133789,15203200
2020-04-01,52.9900016784668,54.380001068115234,52.86000061035156,53.54999923706055,45.06527328491211,11979800
2020-04-02,52.810001373291016,55.22999954223633,52.68000030517578,54.91999816894531,46.21821594238281,14748100
2020-04-03,54.70000076293945,55.52000045776367,54.470001220703125,55.349998474121094,46.580074310302734,15374100
2020-04-06,56.72999954223633,57.810001373291016,55.91999816894531,57.40999984741211,48.31368637084961,14835200
2020-04-07,58.29999923706055,58.7599983215332,56.7400016784668,56.75,47.75825881958008,22985400
2020-04-08,57.16999816894531,57.90999984741211,56.529998779296875,57.59000015258789,48.46516418457031,13877400
2020-04-09,57.75,59.02000045776367,57.61000061035156,58.130001068115234,48.91960144042969,20376000
2020-04-13,57.939998626708984,58.2400016784668,57.13999938964844,57.70000076293945,48.55773162841797,10679500
2020-04-14,58.689998626708984,60.220001220703125,58.459999084472656,60.150001525878906,50.619544982910156,17745300
2020-04-15,59.349998474121094,59.720001220703125,58.7599983215332,59.20000076293945,49.820064544677734,12553400
2020-04-16,59.5099983215332,59.810001373291016,58.75,59.59000015258789,50.14828109741211,14486100
2020-04-17,60.31999969482422,60.70000076293945,59.5099983215332,60.5,50.91408157348633,12083100
2020-04-20,59.900001525878906,60.31999969482422,59.2599983215332,59.310001373291016,49.91263961791992,9263900
2020-04-21,58.470001220703125,58.810001373291016,57.84000015258789,58.04999923706055,48.85226821899414,13021900
2020-04-22,58.75,58.939998626708984,58.13999938964844,58.61000061035156,49.32355499267578,15086800
2020-04-23,58.470001220703125,58.849998474121094,57.9900016784668,58.09000015258789,48.88594055175781,21074200
2020-04-24,58.43000030517578,58.900001525878906,58.22999954223633,58.709999084472656,49.40771484375,9638300
2020-04-27,59.06999969482422,59.150001525878906,58.650001525878906,58.880001068115234,49.55076599121094,11024000
2020-04-28,59.560001373291016,59.63999938964844,58.959999084472656,59.209999084472656,49.8284797668457,13608800
2020-04-29,59.5099983215332,59.5099983215332,58.400001525878906,58.959999084472656,49.61809539794922,16038500
2020-04-30,58.790000915527344,58.81999969482422,57.91999816894531,58.2599983215332,49.02900314331055,16397100
2020-05-01,57.939998626708984,58.43000030517578,57.380001068115234,57.619998931884766,48.490413665771484,13023600
2020-05-04,57.5099983215332,57.720001220703125,57.02000045776367,57.59000015258789,48.46516418457031,11314200
2020-05-05,57.81999969482422,58.2599983215332,57.56999969482422,57.63999938964844,48.507240295410156,9705200
2020-05-06,57.7400016784668,57.900001525878906,56.959999084472656,57.0099983215332,47.97705841064453,10700100
2020-05-07,57.45000076293945,57.529998779296875,56.72999954223633,56.849998474121094,47.842403411865234,11203600
2020-05-08,57.41999816894531,58.2400016784668,57.38999938964844,58.119998931884766,48.91117858886719,13405000
2020-05-11,57.86000061035156,58.4900016784668,57.79999923706055,58.040000915527344,48.843868255615234,8807200
2020-05-12,58.22999954223633,58.54999923706055,57.54999923706055,57.54999923706055,48.431495666503906,20587300
2020-05-13,57.5,57.81999969482422,56.689998626708984,57.029998779296875,47.99388885498047,12186800
2020-05-14,56.75,57.040000915527344,55.9900016784668,56.88999938964844,47.876068115234375,11793500
2020-05-15,56.880001068115234,57.560001373291016,56.68000030517578,57.38999938964844,48.296844482421875,20847900
2020-05-18,58.29999923706055,58.599998474121094,57.880001068115234,58.29999923706055,49.06266784667969,15213600
2020-05-19,58.380001068115234,58.40999984741211,57.22999954223633,57.22999954223633,48.162200927734375,15313100
2020-05-20,57.709999084472656,57.939998626708984,57.36000061035156,57.90999984741211,48.734458923339844,8519600
2020-05-21,57.81999969482422,57.83000183105469,57.150001525878906,57.27000045776367,48.19585418701172,13913900
2020-05-22,57.290000915527344,57.52000045776367,57.15999984741211,57.470001220703125,48.364173889160156,7216300
2020-05-26,58.279998779296875,58.380001068115234,57.66999816894531,57.779998779296875,48.62504577636719,10487200
2020-05-27,58.2400016784668,58.70000076293945,57.90999984741211,58.650001525878906,49.357208251953125,10937800
2020-05-28,59.099998474121094,59.5,58.849998474121094,59.16999816894531,49.79481506347656,10184300
2020-05-29,58.9900016784668,59.41999816894531,58.459999084472656,59.22999954223633,49.845314025878906,12890900
2020-06-01,59.2599983215332,59.86000061035156,59.22999954223633,59.63999938964844,50.19035720825195,9101400
2020-06-02,59.7400016784668,59.83000183105469,59.34000015258789,59.79999923706055,50.32499313354492,9837900
2020-06-03,60.060001373291016,60.15999984741211,59.86000061035156,59.880001068115234,50.39231872558594,10155300
2020-06-04,59.7599983215332,60.06999969482422,59.27000045776367,59.59000015258789,50.14828109741211,8973800
2020-06-05,60.029998779296875,60.72999954223633,59.86000061035156,60.41999816894531,50.84675979614258,11502200
2020-06-08,60.43000030517578,61.099998474121094,60.220001220703125,61.06999969482422,51.3937873840332,13094200
2020-06-09,60.84000015258789,60.93000030517578,60.20000076293945,60.56999969482422,50.972991943359375,13735400
2020-06-10,60.709999084472656,60.880001068115234,60.279998779296875,60.400001525878906,50.82994079589844,9877800
2020-06-11,59.75,60.119998931884766,58.040000915527344,58.11000061035156,48.902774810791016,14738500
2020-06-12,58.90999984741211,58.91999816894531,57.619998931884766,58.119998931884766,48.91117858886719,17837500
2020-06-15,57.58000183105469,58.869998931884766,57.189998626708984,58.790000915527344,49.47502517700195,11366700
2020-06-16,59.95000076293945,60.02000045776367,58.939998626708984,59.709999084472656,50.2492561340332,10840300
2020-06-17,59.81999969482422,60.06999969482422,59.439998626708984,59.619998931884766,50.17350769042969,8388400
2020-06-18,59.349998474121094,59.9900016784668,59.27000045776367,59.93000030517578,50.43440628051758,6022600
2020-06-19,60.47999954223633,60.66999816894531,59.529998779296875,59.619998931884766,50.17350769042969,10777200
2020-06-22,59.099998474121094,59.220001220703125,58.779998779296875,58.9900016784668,50.03019332885742,9039600
2020-06-23,59.380001068115234,59.59000015258789,58.84000015258789,58.900001525878906,49.953857421875,7951000
2020-06-24,58.599998474121094,58.599998474121094,57.70000076293945,57.90999984741211,49.11423110961914,14343200
2020-06-25,57.880001068115234,58.38999938964844,57.52000045776367,58.31999969482422,49.46195602416992,12128900
2020-06-26,58.29999923706055,58.459999084472656,57.08000183105469,57.130001068115234,48.45269775390625,14476500
2020-06-29,57.5,58.31999969482422,57.45000076293945,58.209999084472656,49.36865234375,9654200
2020-06-30,58.220001220703125,58.86000061035156,58.130001068115234,58.63999938964844,49.73334884643555,7379800
2020-07-01,58.75,59.060001373291016,58.65999984741211,58.689998626708984,49.775760650634766,7261600
2020-07-02,59.18000030517578,59.56999969482422,58.869998931884766,58.9900016784668,50.03019332885742,6857200
2020-07-06,59.439998626708984,59.58000183105469,58.95000076293945,59.279998779296875,50.276145935058594,10091300
2020-07-07,58.959999084472656,60.150001525878906,58.91999816894531,59.81999969482422,50.7341194152832,8161000
2020-07-08,59.95000076293945,59.9900016784668,59.41999816894531,59.66999816894531,50.606903076171875,9328000
2020-07-09,59.59000015258789,59.75,58.86000061035156,59.20000076293945,50.208290100097656,7672500
2020-07-10,59.27000045776367,60.40999984741211,59.2599983215332,60.290000915527344,51.13274383544922,14142800
2020-07-13,60.58000183105469,61.0,59.970001220703125,60.20000076293945,51.0564079284668,10906200
2020-07-14,60.029998779296875,61.22999954223633,59.90999984741211,61.08000183105469,51.80274963378906,14270100
2020-07-15,61.38999938964844,61.86000061035156,60.939998626708984,61.130001068115234,51.84515380859375,14952700
2020-07-16,61.099998474121094,61.380001068115234,60.97999954223633,61.2599983215332,51.955406188964844,7770200
2020-07-17,61.540000915527344,61.689998626708984,61.33000183105469,61.59000015258789,52.23527908325195,6321700
2020-07-20,61.459999084472656,61.4900016784668,60.779998779296875,60.970001220703125,51.709449768066406,6818600
2020-07-21,61.400001525878906,62.15999984741211,61.33000183105469,61.5,52.158958435058594,7847300
2020-07-22,61.689998626708984,62.08000183105469,61.060001373291016,61.9900016784668,52.574527740478516,7022700
2020-07-23,62.20000076293945,62.459999084472656,62.0,62.209999084472656,52.76111602783203,9468000
2020-07-24,62.310001373291016,62.83000183105469,61.83000183105469,62.130001068115234,52.69327163696289,6809200
2020-07-27,62.06999969482422,62.45000076293945,61.939998626708984,62.439998626708984,52.956172943115234,6801900
2020-07-28,62.41999816894531,62.97999954223633,62.38999938964844,62.66999816894531,53.15123748779297,6699300
2020-07-29,62.650001525878906,62.959999084472656,62.4900016784668,62.7599983215332,53.227577209472656,7486400
2020-07-30,62.61000061035156,62.97999954223633,62.31999969482422,62.7599983215332,53.227577209472656,10901300
2020-07-31,62.5099983215332,62.709999084472656,61.91999816894531,62.70000076293945,53.17668914794922,10277200
2020-08-03,62.72999954223633,62.7599983215332,62.220001220703125,62.529998779296875,53.03251647949219,8614400
2020-08-04,62.439998626708984,63.33000183105469,62.33000183105469,63.310001373291016,53.69403839111328,7417400
2020-08-05,63.40999984741211,63.540000915527344,63.0,63.18000030517578,53.58378219604492,7143600
2020-08-06,63.029998779296875,63.290000915527344,62.91999816894531,63.16999816894531,53.57529830932617,11983700
2020-08-07,63.06999969482422,63.56999969482422,63.0,63.5099983215332,53.8636589050293,9175700
2020-08-10,63.58000183105469,63.970001220703125,63.439998626708984,63.84000015258789,54.14353942871094,4345600
2020-08-11,64.13999938964844,64.30000305175781,63.220001220703125,63.400001525878906,53.77037048339844,8633500
2020-08-12,63.65999984741211,64.5,63.65999984741211,64.22000122070312,54.4658203125,8021600
2020-08-13,64.08000183105469,64.36000061035156,63.9900016784668,64.16999816894531,54.42340850830078,5857100
2020-08-14,64.0999984741211,64.37000274658203,63.91999816894531,64.16000366210938,54.41493606567383,3776300
2020-08-17,64.30999755859375,64.7300033569336,64.19000244140625,64.5199966430664,54.720245361328125,5172900
2020-08-18,64.62000274658203,64.95999908447266,64.33000183105469,64.77999877929688,54.94076919555664,4927300
2020-08-19,64.69000244140625,64.77999877929688,64.16000366210938,64.2699966430664,54.50822067260742,5871600
2020-08-20,63.900001525878906,64.22000122070312,63.790000915527344,64.13999938964844,54.39796829223633,10178600
2020-08-21,64.05999755859375,64.38999938964844,63.869998931884766,64.30000305175781,54.53367614746094,5713900
2020-08-24,64.41000366210938,64.8499984741211,64.20999908447266,64.8499984741211,55.0001335144043,6978500
2020-08-25,65.0,65.05000305175781,64.43000030517578,64.70999908447266,54.88139343261719,4517100
2020-08-26,64.58000183105469,64.87999725341797,64.27999877929688,64.79000091552734,54.94923782348633,5375300
2020-08-27,64.91000366210938,65.5,64.9000015258789,65.19000244140625,55.288490295410156,8711200
2020-08-28,65.5,65.80999755859375,64.87999725341797,65.7699966430664,55.780391693115234,6868200
2020-08-31,65.52999877929688,65.7699966430664,65.31999969482422,65.58000183105469,55.6192512512207,7661200
2020-09-01,65.56999969482422,65.68000030517578,65.12999725341797,65.6500015258789,55.67863464355469,9723000
2020-09-02,65.94999694824219,67.11000061035156,65.8499984741211,66.83999633789062,56.6878662109375,11174600
2020-09-03,67.0,67.61000061035156,65.20999908447266,65.69000244140625,55.712554931640625,26304400
2020-09-04,65.87999725341797,66.1500015258789,64.7300033569336,65.54000091552734,55.585323333740234,15604800
2020-09-08,65.37999725341797,65.51000213623047,63.88999938964844,64.16000366210938,54.41493606567383,16316600
2020-09-09,64.52999877929688,65.72000122070312,64.41000366210938,65.08999633789062,55.20367431640625,12848500
2020-09-10,65.08999633789062,65.2699966430664,64.1500015258789,64.29000091552734,54.52519226074219,11060600
2020-09-11,64.48999786376953,64.95999908447266,64.19000244140625,64.6500015258789,54.83051300048828,10212500
2020-09-14,64.97000122070312,65.37000274658203,64.77999877929688,65.06999969482422,55.18672180175781,6397000
2020-09-15,65.2300033569336,65.45999908447266,64.88999938964844,64.9800033569336,55.11039352416992,5672900
2020-09-16,65.26000213623047,65.43000030517578,64.62999725341797,64.69000244140625,54.86443328857422,7270700
2020-09-17,64.1500015258789,64.62000274658203,63.81999969482422,64.27999877929688,54.51670455932617,10108700
2020-09-18,64.37999725341797,64.47000122070312,63.25,63.689998626708984,54.01632308959961,9988900
2020-09-21,62.880001068115234,63.06999969482422,62.11000061035156,62.83000183105469,53.604244232177734,11326200
2020-09-22,62.869998931884766,63.5099983215332,62.810001373291016,63.20000076293945,53.91991424560547,7148600
2020-09-23,63.400001525878906,63.560001373291016,62.18000030517578,62.25,53.10940170288086,7015900
2020-09-24,62.25,63.040000915527344,61.83000183105469,62.709999084472656,53.50185775756836,9141700
2020-09-25,62.38999938964844,63.11000061035156,62.25,63.040000915527344,53.78340530395508,7432100
2020-09-28,63.560001373291016,64.11000061035156,63.529998779296875,63.75,54.38914489746094,6077600
2020-09-29,63.779998779296875,63.93000030517578,63.209999084472656,63.33000183105469,54.030826568603516,8150400
2020-09-30,63.59000015258789,64.5,63.560001373291016,64.0999984741211,54.6877555847168,8284100
2020-10-01,64.47000122070312,64.61000061035156,63.90999984741211,64.45999908447266,54.99488830566406,9262900
2020-10-02,63.81999969482422,64.38999938964844,63.61000061035156,64.0999984741211,54.6877555847168,7463000
2020-10-05,64.25,64.61000061035156,64.1500015258789,64.52999877929688,55.054622650146484,4501200
2020-10-06,64.68000030517578,64.93000030517578,63.91999816894531,64.11000061035156,54.696292877197266,6552800
2020-10-07,64.4800033569336,65.06999969482422,64.3499984741211,64.80000305175781,55.284976959228516,8073100
2020-10-08,65.08999633789062,65.29000091552734,64.81999969482422,65.2300033569336,55.65184020996094,6659000
2020-10-09,65.48999786376953,66.02999877929688,65.41000366210938,65.73999786376953,56.08694076538086,7894700
2020-10-12,66.0199966430664,66.8499984741211,65.9800033569336,66.5,56.7353515625,8685600
2020-10-13,66.30000305175781,66.6500015258789,66.13999938964844,66.44999694824219,56.69266891479492,7505700
2020-10-14,66.44000244140625,66.70999908447266,65.83999633789062,66.11000061035156,56.402618408203125,6566200
2020-10-15,65.62999725341797,66.33000183105469,65.56999969482422,66.1500015258789,56.436744689941406,6650000
2020-10-16,66.3499984741211,66.70999908447266,66.1500015258789,66.16999816894531,56.453800201416016,6701200
2020-10-19,66.16999816894531,66.44999694824219,65.12999725341797,65.30999755859375,55.720088958740234,7733900
2020-10-20,65.94999694824219,66.08000183105469,65.11000061035156,65.23999786376953,55.660369873046875,7660200
2020-10-21,65.16999816894531,65.66999816894531,65.13999938964844,65.30000305175781,55.71155548095703,7013900
2020-10-22,65.30999755859375,65.48999786376953,64.95999908447266,65.2699966430664,55.68596267700195,7779700
2020-10-23,65.5,65.6500015258789,65.19000244140625,65.38999938964844,55.78834915161133,5094100
2020-10-26,64.88999938964844,65.0199966430664,63.97999954223633,64.55000305175781,55.07168197631836,9352300
2020-10-27,64.58999633789062,64.94000244140625,64.3499984741211,64.37999725341797,54.92664337158203,5331400
2020-10-28,63.459999084472656,63.790000915527344,62.43000030517578,62.5,53.32270431518555,10980600
2020-10-29,62.34000015258789,63.099998474121094,61.720001220703125,62.47999954223633,53.30562973022461,8942700
2020-10-30,62.2400016784668,62.540000915527344,61.4900016784668,62.2599983215332,53.117942810058594,10093200
2020-11-02,63.150001525878906,63.540000915527344,62.7599983215332,63.25,53.96257019042969,10935100
2020-11-03,63.88999938964844,64.87999725341797,63.810001373291016,64.29000091552734,54.84986114501953,20578800
2020-11-04,64.6500015258789,65.41000366210938,64.23999786376953,64.31999969482422,54.875457763671875,25605800
2020-11-05,65.06999969482422,65.4000015258789,64.61000061035156,64.79000091552734,55.27643966674805,13919500
2020-11-06,64.88999938964844,65.41999816894531,64.80999755859375,65.08999633789062,55.53238296508789,12703600
2020-11-09,66.63999938964844,67.27999877929688,64.8499984741211,64.94000244140625,55.404422760009766,15142600
2020-11-10,64.93000030517578,66.4000015258789,64.87999725341797,66.22000122070312,56.49647521972656,15134300
2020-11-11,66.5999984741211,67.08000183105469,66.1500015258789,66.79000091552734,56.982765197753906,10382100
2020-11-12,66.61000061035156,66.79000091552734,66.05000305175781,66.61000061035156,56.82920455932617,8945500
2020-11-13,66.86000061035156,67.62000274658203,66.66000366210938,67.52999877929688,57.61410903930664,6167300
2020-11-16,68.1500015258789,68.18000030517578,67.62999725341797,68.1500015258789,58.143070220947266,12955900
2020-11-17,67.63999938964844,68.06999969482422,67.47000122070312,67.66999816894531,57.733551025390625,8147900
2020-11-18,67.7699966430664,68.01000213623047,66.7300033569336,66.73999786376953,56.94011306762695,7607700
2020-11-19,66.55999755859375,67.0199966430664,66.4000015258789,66.91999816894531,57.093685150146484,8830200
2020-11-20,66.81999969482422,67.11000061035156,66.44000244140625,66.5,56.7353515625,4663400
2020-11-23,66.62000274658203,66.72000122070312,66.11000061035156,66.5199966430664,56.75239944458008,5825300
2020-11-24,66.91999816894531,67.19999694824219,66.7699966430664,66.97000122070312,57.1363410949707,6064900
2020-11-25,66.94000244140625,67.19999694824219,66.83999633789062,66.93000030517578,57.10222244262695,5245400
2020-11-27,67.0999984741211,67.0999984741211,66.72000122070312,66.91999816894531,57.093685150146484,3228600
2020-11-30,66.75,66.9800033569336,66.2300033569336,66.91000366210938,57.08515548706055,11581900
2020-12-01,67.20999908447266,67.56999969482422,67.08000183105469,67.5,57.5885124206543,12126200
2020-12-02,67.2699966430664,67.58999633789062,66.72000122070312,66.94000244140625,57.11074447631836,11392100
2020-12-03,66.7699966430664,67.2300033569336,66.76000213623047,67.11000061035156,57.25577926635742,10951400
2020-12-04,67.16999816894531,67.63999938964844,67.08999633789062,67.62999725341797,57.699424743652344,11055800
2020-12-07,67.5,67.61000061035156,67.05000305175781,67.37000274658203,57.47760772705078,9466300
2020-12-08,67.12999725341797,67.87999725341797,66.98999786376953,67.73999786376953,57.793277740478516,7090900
2020-12-09,67.83999633789062,67.87000274658203,67.29000091552734,67.47000122070312,57.56291961669922,10420100
2020-12-10,67.44999694824219,67.62000274658203,67.0,67.16999816894531,57.306976318359375,5723400
2020-12-11,66.91000366210938,67.51000213623047,66.88999938964844,67.31999969482422,57.4349479675293,5000800
2020-12-14,67.6500015258789,67.91000366210938,67.04000091552734,67.05999755859375,57.21312713623047,6663200
2020-12-15,67.3499984741211,67.55000305175781,67.13999938964844,67.22000122070312,57.349632263183594,6121300
2020-12-16,67.2699966430664,67.66999816894531,67.11000061035156,67.3499984741211,57.46052932739258,10505500
2020-12-17,67.58999633789062,67.86000061035156,67.56999969482422,67.77999877929688,57.827396392822266,4673300
2020-12-18,67.87999725341797,68.08000183105469,67.41000366210938,67.93000030517578,57.95536422729492,6980500
2020-12-21,66.62000274658203,66.7699966430664,65.94000244140625,66.63999938964844,57.33080291748047,8255600
2020-12-22,66.61000061035156,66.61000061035156,66.05999755859375,66.16999816894531,56.92644119262695,9107900
2020-12-23,66.37000274658203,66.6500015258789,66.23999786376953,66.38999938964844,57.115726470947266,4302600
2020-12-24,66.44000244140625,66.76000213623047,66.27999877929688,66.72000122070312,57.39961242675781,1954900
2020-12-28,66.97000122070312,67.44999694824219,66.9000015258789,67.25,57.85557556152344,6315400
2020-12-29,67.41999816894531,67.61000061035156,66.87999725341797,67.05000305175781,57.68352127075195,4993600
2020-12-30,67.12999725341797,67.20999908447266,66.9000015258789,66.9800033569336,57.62329864501953,7359900
2020-12-31,67.05000305175781,67.55000305175781,66.72000122070312,67.44999694824219,58.027652740478516,6062200
2021-01-04,67.41999816894531,67.44000244140625,65.91999816894531,66.72000122070312,57.39961242675781,12992600
2021-01-05,66.62000274658203,66.86000061035156,66.0999984741211,66.72000122070312,57.39961242675781,10871900
2021-01-06,66.58999633789062,67.0999984741211,66.4800033569336,66.7699966430664,57.442623138427734,14206600
2021-01-07,66.81999969482422,66.9800033569336,66.30000305175781,66.56999969482422,57.27057647705078,13963500
2021-01-08,66.62000274658203,66.95999908447266,66.25,66.9000015258789,57.55447769165039,17960800
2021-01-11,66.52999877929688,66.97000122070312,66.22000122070312,66.33000183105469,57.06410598754883,9648700
2021-01-12,66.33000183105469,66.4800033569336,65.83000183105469,66.11000061035156,56.87483215332031,11089500
2021-01-13,66.04000091552734,66.45999908447266,66.01000213623047,66.20999908447266,56.96086120605469,8337500
2021-01-14,66.2699966430664,66.30000305175781,65.77999877929688,65.86000061035156,56.659751892089844,11549000
2021-01-15,65.62000274658203,65.91999816894531,65.36000061035156,65.62999725341797,56.461883544921875,13260300
2021-01-19,65.8499984741211,65.9800033569336,65.29000091552734,65.33999633789062,56.21240234375,8130800
2021-01-20,65.31999969482422,65.62000274658203,64.87999725341797,65.45999908447266,56.31562423706055,10700600
2021-01-21,65.36000061035156,65.41000366210938,65.12999725341797,65.23999786376953,56.12636947631836,8461200
2021-01-22,65.19000244140625,65.47000122070312,64.91999816894531,65.06999969482422,55.9801139831543,8329300
2021-01-25,64.87000274658203,65.94000244140625,64.83999633789062,65.72000122070312,56.539310455322266,17486100
2021-01-26,65.80000305175781,66.44000244140625,65.5,66.30999755859375,57.04690170288086,9304200
2021-01-27,65.94000244140625,66.83000183105469,65.02999877929688,65.19000244140625,56.083351135253906,17826800
2021-01-28,65.31999969482422,66.16999816894531,65.12999725341797,65.44000244140625,56.29842758178711,19925900
2021-01-29,65.19000244140625,65.20999908447266,64.05999755859375,64.08999633789062,55.13701629638672,19374700
2021-02-01,64.36000061035156,64.5,63.939998626708984,64.1500015258789,55.188629150390625,13283300
2021-02-02,64.4000015258789,65.0999984741211,64.20999908447266,64.58000183105469,55.55855941772461,13278400
2021-02-03,64.43000030517578,64.83000183105469,64.25,64.68000030517578,55.64459991455078,9542000
2021-02-04,64.73999786376953,65.16999816894531,64.5999984741211,65.1500015258789,56.048927307128906,7292400
2021-02-05,65.55000305175781,65.95999908447266,65.5199966430664,65.76000213623047,56.573726654052734,8889300
2021-02-08,65.97000122070312,66.16000366210938,65.58000183105469,66.01000213623047,56.788795471191406,9412200
2021-02-09,66.0199966430664,66.19000244140625,65.7699966430664,65.94999694824219,56.7371711730957,12345400
2021-02-10,66.26000213623047,66.41000366210938,65.7300033569336,65.87999725341797,56.67695999145508,6957200
2021-02-11,65.94999694824219,65.97000122070312,65.48999786376953,65.58999633789062,56.427467346191406,7478500
2021-02-12,65.52999877929688,65.7699966430664,65.36000061035156,65.69000244140625,56.513511657714844,7131800
2021-02-16,65.80999755859375,65.86000061035156,65.33999633789062,65.56999969482422,56.4102668762207,9246600
2021-02-17,65.31999969482422,65.94000244140625,65.23999786376953,65.80999755859375,56.61673355102539,8871000
2021-02-18,65.22000122070312,65.94000244140625,65.16999816894531,65.7699966430664,56.58232116699219,7464900
2021-02-19,65.81999969482422,65.83000183105469,64.87999725341797,64.94000244140625,55.86827850341797,10246100
2021-02-22,64.7699966430664,65.16999816894531,64.63999938964844,65.0,55.91989517211914,8649600
2021-02-23,65.20999908447266,65.63999938964844,64.86000061035156,65.08999633789062,55.997310638427734,12743400
2021-02-24,64.91999816894531,65.26000213623047,64.7300033569336,65.05000305175781,55.96290969848633,9103700
2021-02-25,64.94999694824219,65.31999969482422,64.19999694824219,64.33999633789062,55.35209274291992,17558500
2021-02-26,64.47000122070312,64.47000122070312,63.279998779296875,63.29999923706055,54.45736312866211,17718400
2021-03-01,63.75,64.45999908447266,63.72999954223633,63.939998626708984,55.007965087890625,11263900
2021-03-02,63.869998931884766,64.31999969482422,63.79999923706055,63.83000183105469,54.91334533691406,12942700
2021-03-03,63.65999984741211,64.02999877929688,63.4900016784668,63.529998779296875,54.65523910522461,13450900
2021-03-04,63.65999984741211,64.43000030517578,62.9900016784668,63.29999923706055,54.45736312866211,25968700
2021-03-05,63.56999969482422,64.88999938964844,63.33000183105469,64.69999694824219,55.66179275512695,21719300
2021-03-08,64.72000122070312,65.66999816894531,64.61000061035156,64.9800033569336,55.90269470214844,18947000
2021-03-09,65.19999694824219,65.51000213623047,64.87000274658203,64.91999816894531,55.851070404052734,17259600
2021-03-10,64.97000122070312,66.05999755859375,64.76000213623047,65.7699966430664,56.58232116699219,15827600
2021-03-11,65.83999633789062,66.04000091552734,65.54000091552734,65.61000061035156,56.444698333740234,12386500
2021-03-12,65.8499984741211,66.23999786376953,65.80000305175781,66.1500015258789,56.90924072265625,10518200
2021-03-15,66.38999938964844,66.5,66.04000091552734,66.44000244140625,57.15872573852539,8383700
2021-03-16,66.36000061035156,66.7300033569336,66.36000061035156,66.5199966430664,57.227542877197266,13550200
2021-03-17,66.55000305175781,66.81999969482422,66.19000244140625,66.41999816894531,57.141517639160156,12254200
2021-03-18,66.25,66.5199966430664,65.83000183105469,66.1500015258789,56.90924072265625,14497600
2021-03-19,66.22000122070312,66.55999755859375,66.05999755859375,66.37999725341797,57.10710906982422,20807100
2021-03-22,65.91000366210938,66.76000213623047,65.86000061035156,66.72000122070312,57.70998764038086,14499400
2021-03-23,66.70999908447266,67.30999755859375,66.52999877929688,67.0,57.952178955078125,13216300
2021-03-24,66.83999633789062,67.16999816894531,66.58000183105469,66.73999786376953,57.727294921875,15831000
2021-03-25,66.83000183105469,67.47000122070312,66.5,67.38999938964844,58.28950881958008,14764000
2021-03-26,67.47000122070312,68.62000274658203,67.27999877929688,68.58000183105469,59.31882858276367,15098600
2021-03-29,68.37999725341797,69.33000183105469,68.3499984741211,69.2699966430664,59.915626525878906,11857300
2021-03-30,69.13999938964844,69.20999908447266,68.4000015258789,68.52999877929688,59.275550842285156,14042700
2021-03-31,68.5,68.77999877929688,68.16000366210938,68.30999755859375,59.08526611328125,18241100
2021-04-01,68.04000091552734,68.33000183105469,67.52999877929688,67.9800033569336,58.79985046386719,21191800
2021-04-05,68.2699966430664,69.22000122070312,68.1500015258789,68.8499984741211,59.5523567199707,20093000
2021-04-06,68.7300033569336,69.4000015258789,68.68000030517578,69.13999938964844,59.80318832397461,19302100
2021-04-07,69.26000213623047,69.3499984741211,68.87999725341797,68.97000122070312,59.656158447265625,20763900
2021-04-08,68.94000244140625,69.18000030517578,68.86000061035156,69.04000091552734,59.71669387817383,10244700
2021-04-09,69.05000305175781,69.20999908447266,68.5,68.91999816894531,59.61289978027344,7020400
2021-04-12,69.01000213623047,69.30000305175781,68.91999816894531,69.29000091552734,59.93292999267578,10117800
2021-04-13,68.98999786376953,69.18000030517578,68.83000183105469,68.91999816894531,59.61289978027344,11982600
2021-04-14,68.87999725341797,68.95999908447266,68.56999969482422,68.86000061035156,59.56099319458008,12087500
2021-04-15,69.0199966430664,69.5199966430664,69.0199966430664,69.41000366210938,60.03672409057617,7714900
2021-04-16,69.69999694824219,69.94999694824219,69.43000030517578,69.80999755859375,60.38270950317383,7810000
2021-04-19,69.81999969482422,69.95999908447266,69.31999969482422,69.54000091552734,60.1491813659668,10867400
2021-04-20,69.05000305175781,70.13999938964844,68.94999694824219,69.91999816894531,60.47785568237305,13168800
2021-04-21,70.0,70.47000122070312,70.0,70.2699966430664,60.780574798583984,10794900
2021-04-22,70.1500015258789,70.19000244140625,69.5999984741211,69.75,60.330814361572266,10762900
2021-04-23,69.61000061035156,69.79000091552734,69.29000091552734,69.56999969482422,60.175113677978516,9133800
2021-04-26,69.52999877929688,69.52999877929688,68.69000244140625,68.79000091552734,59.50044631958008,8750100
2021-04-27,68.75,68.88999938964844,68.44000244140625,68.73999786376953,59.45719528198242,10078900
2021-04-28,69.0199966430664,69.18000030517578,68.70999908447266,68.79000091552734,59.50044631958008,7925300
2021-04-29,68.76000213623047,69.62999725341797,68.76000213623047,69.5199966430664,60.131874084472656,9202600
2021-04-30,69.5199966430664,69.61000061035156,69.23999786376953,69.58000183105469,60.183773040771484,10784800
2021-05-03,69.7300033569336,70.41000366210938,69.66000366210938,70.1500015258789,60.67680740356445,12671500
2021-05-04,70.0,70.2699966430664,69.56999969482422,69.79000091552734,60.365394592285156,11147300
2021-05-05,69.7699966430664,69.87000274658203,69.5,69.73999786376953,60.32215881347656,8726200
2021-05-06,69.87000274658203,70.66000366210938,69.87000274658203,70.63999938964844,61.10063552856445,10192000
2021-05-07,70.52999877929688,70.86000061035156,70.36000061035156,70.63999938964844,61.10063552856445,9841800
2021-05-10,70.94000244140625,71.63999938964844,70.87999725341797,71.18000030517578,61.56769943237305,10558400
2021-05-11,71.20999908447266,71.36000061035156,70.23999786376953,70.55999755859375,61.031429290771484,14385700
2021-05-12,70.4000015258789,70.4800033569336,69.61000061035156,69.62000274658203,60.218353271484375,13223100
2021-05-13,69.61000061035156,70.91999816894531,69.52999877929688,70.5999984741211,61.0660285949707,18490900
2021-05-14,70.87000274658203,71.33000183105469,70.83000183105469,70.91000366210938,61.33416748046875,9672600
2021-05-17,70.94999694824219,71.26000213623047,70.66000366210938,70.80999755859375,61.2476692199707,10705800
2021-05-18,70.88999938964844,71.16999816894531,70.55000305175781,70.58999633789062,61.05738830566406,11168900
2021-05-19,70.25,70.45999908447266,69.86000061035156,70.36000061035156,60.85844039916992,13709500
2021-05-20,70.37000274658203,71.26000213623047,70.33000183105469,71.01000213623047,61.420658111572266,11336300
2021-05-21,71.19000244140625,71.4800033569336,70.88999938964844,71.0199966430664,61.42930221557617,7779600
2021-05-24,71.11000061035156,71.4800033569336,70.97000122070312,71.2300033569336,61.61095428466797,6535900
2021-05-25,71.27999877929688,71.30999755859375,70.81999969482422,71.25,61.628238677978516,8271800
2021-05-26,71.29000091552734,71.36000061035156,70.97000122070312,71.0999984741211,61.49850845336914,10622500
2021-05-27,71.22000122070312,71.44999694824219,70.58999633789062,70.66000366210938,61.117923736572266,12693900
2021-05-28,70.7699966430664,71.11000061035156,70.76000213623047,70.80999755859375,61.2476692199707,8476400
2021-06-01,71.08000183105469,71.26000213623047,70.33000183105469,70.56999969482422,61.04008483886719,8893800
2021-06-02,70.66999816894531,70.95999908447266,70.5,70.83000183105469,61.26497268676758,6411300
2021-06-03,70.62000274658203,71.33000183105469,70.62000274658203,71.2699966430664,61.64554214477539,9410000
2021-06-04,71.4800033569336,71.69000244140625,71.29000091552734,71.5199966430664,61.86176681518555,6078200
2021-06-07,71.52999877929688,71.62000274658203,71.08000183105469,71.4000015258789,61.75801086425781,7306900
2021-06-08,71.41999816894531,71.51000213623047,70.79000091552734,70.80000305175781,61.23902893066406,8545200
2021-06-09,70.66999816894531,71.0199966430664,70.44000244140625,70.45999908447266,60.94491958618164,8273800
2021-06-10,70.58999633789062,71.08000183105469,70.55999755859375,70.9000015258789,61.32551193237305,8213000
2021-06-11,71.04000091552734,71.06999969482422,70.5999984741211,70.94000244140625,61.360111236572266,6232300
2021-06-14,70.87999725341797,70.91999816894531,70.47000122070312,70.9000015258789,61.32551193237305,10449400
2021-06-15,70.95999908447266,71.12000274658203,70.66000366210938,70.7300033569336,61.17847442626953,5151600
2021-06-16,70.75,70.83000183105469,69.7699966430664,69.79000091552734,60.365394592285156,10507100
2021-06-17,69.80000305175781,70.19000244140625,69.61000061035156,70.04000091552734,60.581634521484375,9239700
2021-06-18,69.55999755859375,69.6500015258789,68.77999877929688,68.80000305175781,59.50910568237305,16882500
2021-06-21,68.76000213623047,69.20999908447266,68.72000122070312,69.13999938964844,60.19163513183594,14278400
2021-06-22,69.1500015258789,69.52999877929688,69.04000091552734,69.23999786376953,60.278690338134766,8351000
2021-06-23,69.18000030517578,69.19000244140625,68.80999755859375,68.80999755859375,59.90434646606445,7072900
2021-06-24,68.83000183105469,69.2300033569336,68.7699966430664,69.1500015258789,60.200347900390625,6343700
2021-06-25,69.19000244140625,69.76000213623047,69.06999969482422,69.68000030517578,60.66175079345703,9241300
2021-06-28,69.7300033569336,69.93000030517578,69.58000183105469,69.73999786376953,60.71398162841797,7570600
2021-06-29,69.77999877929688,69.9000015258789,69.31999969482422,69.43000030517578,60.44411087036133,13155400
2021-06-30,69.58000183105469,70.05999755859375,69.55000305175781,69.97000122070312,60.914215087890625,8815100
2021-07-01,70.0,70.16999816894531,69.6500015258789,69.76000213623047,60.73139190673828,11633100
2021-07-02,69.91999816894531,70.13999938964844,69.83000183105469,69.93000030517578,60.8793830871582,20733300
2021-07-06,69.7699966430664,69.80000305175781,69.30999755859375,69.63999938964844,60.62691879272461,7595700
2021-07-07,69.62000274658203,70.27999877929688,69.61000061035156,70.01000213623047,60.94903564453125,7880500
2021-07-08,69.68000030517578,70.05999755859375,69.4800033569336,69.75,60.722686767578125,9212900
2021-07-09,70.0199966430664,70.27999877929688,69.87999725341797,70.1500015258789,61.0709114074707,6286900
2021-07-12,70.02999877929688,70.13999938964844,69.7699966430664,70.04000091552734,60.97515106201172,7384200
2021-07-13,70.0199966430664,70.44999694824219,69.87999725341797,70.0199966430664,60.957733154296875,12057600
2021-07-14,70.11000061035156,70.73999786376953,70.01000213623047,70.63999938964844,61.49751281738281,7616100
2021-07-15,70.52999877929688,70.94000244140625,70.33000183105469,70.93000030517578,61.74996566772461,8662500
2021-07-16,71.05000305175781,71.30999755859375,70.94999694824219,71.04000091552734,61.845726013183594,8634300
2021-07-19,70.80000305175781,71.2699966430664,70.19999694824219,70.83000183105469,61.66288757324219,20734400
2021-07-20,70.81999969482422,71.54000091552734,70.66000366210938,70.8499984741211,61.68031692504883,20404900
2021-07-21,71.18000030517578,71.23999786376953,70.6500015258789,70.66999816894531,61.52361297607422,9366300
2021-07-22,70.48999786376953,70.73999786376953,70.0999984741211,70.55000305175781,61.41914367675781,9632100
2021-07-23,70.56999969482422,71.48999786376953,70.47000122070312,71.4000015258789,62.15914535522461,9732400
2021-07-26,71.29000091552734,71.62999725341797,71.11000061035156,71.5199966430664,62.26359939575195,5952200
2021-07-27,71.5,71.9800033569336,71.2699966430664,71.66999816894531,62.39419937133789,14720700
2021-07-28,71.5,71.58999633789062,70.88999938964844,71.04000091552734,61.845726013183594,9114100
2021-07-29,71.30000305175781,71.58999633789062,71.2300033569336,71.38999938964844,62.15043258666992,8811100
2021-07-30,71.5,71.87999725341797,71.4000015258789,71.51000213623047,62.2548942565918,10403700
2021-08-02,71.51000213623047,71.58000183105469,71.12999725341797,71.20999908447266,61.99372100830078,12049800
2021-08-03,71.2300033569336,71.66000366210938,71.05999755859375,71.52999877929688,62.27230453491211,8647700
2021-08-04,71.27999877929688,71.45999908447266,70.55000305175781,70.5999984741211,61.462684631347656,8886500
2021-08-05,70.97000122070312,71.08999633789062,70.7699966430664,70.94000244140625,61.7586669921875,7063000
2021-08-06,71.0999984741211,71.2300033569336,70.80999755859375,70.94000244140625,61.7586669921875,13492100
2021-08-09,71.16999816894531,71.31999969482422,71.01000213623047,71.19999694824219,61.985015869140625,9054900
2021-08-10,71.33999633789062,71.73999786376953,71.22000122070312,71.70999908447266,62.42900848388672,11291700
2021-08-11,71.88999938964844,72.23999786376953,71.83000183105469,71.94999694824219,62.637939453125,14992700
2021-08-12,71.98999786376953,72.04000091552734,71.77999877929688,71.91000366210938,62.60312271118164,6432100
2021-08-13,72.0,72.58000183105469,71.88999938964844,72.51000213623047,63.125465393066406,8808500
2021-08-16,72.51000213623047,72.94999694824219,72.37999725341797,72.93000030517578,63.49113082885742,7903100
2021-08-17,72.80000305175781,73.25,72.62999725341797,72.97000122070312,63.52595138549805,15666000
2021-08-18,72.83000183105469,72.94000244140625,72.01000213623047,72.05999755859375,62.73371887207031,10669200
2021-08-19,71.73999786376953,72.79000091552734,71.69999694824219,72.63999938964844,63.2386474609375,13035600
2021-08-20,72.62999725341797,73.05000305175781,72.36000061035156,72.76000213623047,63.343116760253906,10454500
2021-08-23,72.7699966430664,72.9000015258789,72.5,72.52999877929688,63.14288330078125,8794500
2021-08-24,72.48999786376953,72.51000213623047,71.87999725341797,71.9800033569336,62.664085388183594,8494200
2021-08-25,71.93000030517578,72.02999877929688,71.61000061035156,71.86000061035156,62.559600830078125,8007400
2021-08-26,71.76000213623047,71.80999755859375,71.29000091552734,71.52999877929688,62.27230453491211,13078000
2021-08-27,71.5999984741211,71.91000366210938,71.36000061035156,71.77999877929688,62.489967346191406,9126200
2021-08-30,71.80000305175781,72.16999816894531,71.7300033569336,72.0999984741211,62.76853561401367,5645800
2021-08-31,72.16000366210938,72.33999633789062,71.9800033569336,72.26000213623047,62.9078369140625,8037000
2021-09-01,72.31999969482422,72.70999908447266,72.19000244140625,72.63999938964844,63.2386474609375,8399100
2021-09-02,72.79000091552734,73.04000091552734,72.66000366210938,72.91999816894531,63.482421875,6623300
2021-09-03,72.69999694824219,72.94000244140625,72.48999786376953,72.83000183105469,63.4040641784668,6010700
2021-09-07,72.70999908447266,72.70999908447266,71.94000244140625,71.98999786376953,62.67278289794922,9206300
2021-09-08,71.9000015258789,72.69000244140625,71.86000061035156,72.61000061035156,63.21254348754883,10662900
2021-09-09,72.54000091552734,72.55999755859375,72.12000274658203,72.19000244140625,62.84690475463867,7741500
2021-09-10,72.33000183105469,72.36000061035156,71.73999786376953,71.87999725341797,62.57701110839844,10269900
2021-09-13,72.16000366210938,72.68000030517578,71.88999938964844,72.05999755859375,62.73371887207031,13798000
2021-09-14,72.23999786376953,72.29000091552734,71.61000061035156,71.7300033569336,62.446434020996094,9145500
2021-09-15,71.7300033569336,72.11000061035156,71.55999755859375,71.98999786376953,62.67278289794922,8824700
2021-09-16,71.9000015258789,72.12000274658203,71.1500015258789,71.75,62.463829040527344,9789900
2021-09-17,71.55999755859375,71.81999969482422,71.3499984741211,71.36000061035156,62.124324798583984,13150000
2021-09-20,70.43000030517578,70.83999633789062,69.66999816894531,70.20999908447266,61.504093170166016,17880700
2021-09-21,70.41000366210938,70.97000122070312,70.0,70.12999725341797,61.43401336669922,11140400
2021-09-22,70.58999633789062,70.7699966430664,70.19000244140625,70.33000183105469,61.609222412109375,10025900
2021-09-23,70.43000030517578,70.91000366210938,70.36000061035156,70.58999633789062,61.836997985839844,8440500
2021-09-24,70.48999786376953,70.93000030517578,70.48999786376953,70.62000274658203,61.863250732421875,6717300
2021-09-27,70.51000213623047,70.83999633789062,70.23999786376953,70.30000305175781,61.582950592041016,8467100
2021-09-28,70.11000061035156,70.19000244140625,69.22000122070312,69.47000122070312,60.85586166381836,14982900
2021-09-29,69.61000061035156,70.45999908447266,69.45999908447266,70.0999984741211,61.40776062011719,13329500
2021-09-30,70.2699966430664,70.33000183105469,68.80999755859375,68.83999633789062,60.30398178100586,16259900
2021-10-01,69.05000305175781,69.3499984741211,68.37000274658203,69.0199966430664,60.4616584777832,15889200
2021-10-04,69.0,69.48999786376953,68.31999969482422,68.80000305175781,60.26894760131836,20351600
2021-10-05,68.97000122070312,69.45999908447266,68.81999969482422,69.1500015258789,60.5755500793457,16186100
2021-10-06,68.79000091552734,69.88999938964844,68.70999908447266,69.81999969482422,61.16245651245117,14909900
2021-10-07,70.16999816894531,70.75,70.08000183105469,70.12999725341797,61.43401336669922,8396800
2021-10-08,70.18000030517578,70.33999633789062,69.91999816894531,70.05000305175781,61.36393356323242,7285700
2021-10-11,70.16000366210938,70.41000366210938,69.97000122070312,70.02999877929688,61.34642028808594,8218300
2021-10-12,70.08999633789062,70.5999984741211,69.91000366210938,70.05999755859375,61.37269973754883,12401200
2021-10-13,70.12999725341797,70.37999725341797,69.58000183105469,70.19000244140625,61.48659133911133,9548300
2021-10-14,70.44999694824219,71.08999633789062,70.4000015258789,70.9800033569336,62.17863845825195,9975100
2021-10-15,71.22000122070312,71.25,70.61000061035156,70.80999755859375,62.029701232910156,11575200
2021-10-18,70.5,70.72000122070312,70.0199966430664,70.38999938964844,61.66178512573242,10043300
2021-10-19,70.2699966430664,70.43000030517578,69.93000030517578,70.41999816894531,61.68805694580078,10203100
2021-10-20,70.48999786376953,71.06999969482422,70.43000030517578,70.83000183105469,62.04720687866211,8829700
2021-10-21,70.93000030517578,70.98999786376953,70.66000366210938,70.73999786376953,61.968379974365234,7976400
2021-10-22,70.87999725341797,71.4000015258789,70.81999969482422,71.29000091552734,62.45016860961914,9575700
2021-10-25,71.23999786376953,71.4000015258789,70.73999786376953,71.23999786376953,62.40639114379883,6844600
2021-10-26,71.25,71.66999816894531,71.19999694824219,71.48999786376953,62.625396728515625,8805500
2021-10-27,71.86000061035156,71.91000366210938,71.04000091552734,71.06999969482422,62.25747299194336,10334900
2021-10-28,71.08999633789062,71.3499984741211,70.97000122070312,71.31999969482422,62.476463317871094,8614800
2021-10-29,71.13999938964844,71.52999877929688,71.06999969482422,71.25,62.41514205932617,8105300
2021-11-01,71.4000015258789,71.5199966430664,71.11000061035156,71.36000061035156,62.51151657104492,7033700
2021-11-02,71.4000015258789,72.0,71.19000244140625,71.83999633789062,62.93198013305664,9942700
2021-11-03,71.8499984741211,72.51000213623047,71.80000305175781,72.51000213623047,63.51889419555664,10471100
2021-11-04,72.25,72.63999938964844,72.05999755859375,72.58000183105469,63.58022689819336,11701700
2021-11-05,72.86000061035156,73.12000274658203,72.72000122070312,73.0,63.94814682006836,9929100
2021-11-08,73.02999877929688,73.08000183105469,72.08000183105469,72.41999816894531,63.440059661865234,12813600
2021-11-09,72.44000244140625,72.73999786376953,72.19999694824219,72.66999816894531,63.659080505371094,13527600
2021-11-10,72.73999786376953,73.08000183105469,72.61000061035156,72.88999938964844,63.85178756713867,11350400
2021-11-11,72.94000244140625,72.9800033569336,72.66999816894531,72.83999633789062,63.80796813964844,6319100
2021-11-12,72.98999786376953,73.18000030517578,72.72000122070312,72.83999633789062,63.80796813964844,7469800
2021-11-15,72.97000122070312,73.2699966430664,72.83000183105469,73.19000244140625,64.11458587646484,6381300
2021-11-16,73.13999938964844,73.37999725341797,72.69999694824219,72.7300033569336,63.71162414550781,6562200
2021-11-17,72.66000366210938,72.80000305175781,72.44000244140625,72.56999969482422,63.57145309448242,10444900
2021-11-18,72.37999725341797,72.4800033569336,71.95999908447266,72.30999755859375,63.34368896484375,11269500
2021-11-19,72.47000122070312,72.48999786376953,72.01000213623047,72.05000305175781,63.11595153808594,11924000
2021-11-22,72.13999938964844,73.12000274658203,72.05999755859375,72.62000274658203,63.61528778076172,13425400
2021-11-23,72.62999725341797,73.22000122070312,72.51000213623047,73.0999984741211,64.03575897216797,13405700
2021-11-24,73.0,73.11000061035156,72.55000305175781,72.87999725341797,63.84304428100586,9556400
2021-11-26,72.38999938964844,72.72000122070312,71.69999694824219,71.95999908447266,63.0370979309082,11715600
2021-11-29,72.04000091552734,72.41999816894531,71.68000030517578,72.13999938964844,63.19477462768555,13646600
2021-11-30,71.69000244140625,71.75,70.13999938964844,70.29000091552734,61.57418441772461,23715100
2021-12-01,70.7699966430664,71.36000061035156,69.91999816894531,69.94999694824219,61.27633285522461,22897400
2021-12-02,70.19000244140625,71.13999938964844,70.19000244140625,70.69000244140625,61.924583435058594,18704000
2021-12-03,71.08000183105469,71.68000030517578,70.87000274658203,71.56999969482422,62.695457458496094,22867600
2021-12-06,72.08000183105469,73.0999984741211,72.06999969482422,72.83000183105469,63.799232482910156,18524400
2021-12-07,72.94999694824219,73.3499984741211,72.80999755859375,72.98999786376953,63.939395904541016,13169300
2021-12-08,72.87000274658203,73.19000244140625,72.13999938964844,72.76000213623047,63.73790740966797,14489800
2021-12-09,72.75,73.22000122070312,72.44000244140625,72.95999908447266,63.91310501098633,8613900
2021-12-10,73.38999938964844,74.23999786376953,73.26000213623047,74.19000244140625,64.9906005859375,10890000
2021-12-13,74.16999816894531,75.38999938964844,74.05999755859375,75.16000366210938,65.84033203125,16518100
2021-12-14,75.01000213623047,75.33000183105469,74.72000122070312,75.20999908447266,65.88412475585938,16048300
2021-12-15,75.22000122070312,76.05999755859375,75.19000244140625,75.97000122070312,66.54988098144531,21277000
2021-12-16,75.91000366210938,76.77999877929688,75.9000015258789,76.51000213623047,67.02293395996094,14499000
2021-12-17,76.23999786376953,76.62000274658203,75.16000366210938,75.19999694824219,65.87533569335938,23809700
2021-12-20,74.12000274658203,74.75,74.02999877929688,74.70999908447266,65.89476776123047,14116700
2021-12-21,74.70999908447266,74.76000213623047,74.16999816894531,74.61000061035156,65.80655670166016,11872100
2021-12-22,74.58000183105469,75.11000061035156,74.29000091552734,75.08000183105469,66.22111511230469,7650200
2021-12-23,75.26000213623047,75.51000213623047,75.13999938964844,75.25,66.37105560302734,8089000
2021-12-27,75.30000305175781,76.05000305175781,75.30000305175781,76.05000305175781,67.07664489746094,7343200
2021-12-28,75.95999908447266,76.55999755859375,75.95999908447266,76.4800033569336,67.45590209960938,7285200
2021-12-29,76.55999755859375,77.0199966430664,76.43000030517578,76.83000183105469,67.76461791992188,7891600
2021-12-30,77.0199966430664,77.0999984741211,76.54000091552734,76.58999633789062,67.55291748046875,6802800
2021-12-31,76.54000091552734,77.2300033569336,76.5,77.11000061035156,68.01158142089844,11289000
2022-01-03,76.66000366210938,77.13999938964844,76.0199966430664,77.0999984741211,68.00275421142578,22320300
2022-01-04,77.08000183105469,77.86000061035156,77.05000305175781,77.62000274658203,68.46138763427734,23066000
2022-01-05,77.5199966430664,78.18000030517578,77.48999786376953,77.55000305175781,68.39967346191406,29748500
2022-01-06,77.5,77.9800033569336,77.2300033569336,77.33999633789062,68.21442413330078,25023900
2022-01-07,77.22000122070312,77.72000122070312,77.01000213623047,77.41999816894531,68.2850112915039,12650300
2022-01-10,77.30000305175781,77.45999908447266,76.55999755859375,76.80999755859375,67.74698638916016,18578300
2022-01-11,76.7300033569336,76.79000091552734,75.87999725341797,76.72000122070312,67.66759490966797,19571600
2022-01-12,76.66999816894531,76.80999755859375,76.38999938964844,76.75,67.69405364990234,11155200
2022-01-13,76.83000183105469,77.05000305175781,76.58000183105469,76.88999938964844,67.8175277709961,14287300
2022-01-14,76.69999694824219,77.12999725341797,76.3499984741211,77.02999877929688,67.9410171508789,21391700
2022-01-18,76.45999908447266,76.4800033569336,75.68000030517578,75.91999816894531,66.96197509765625,16683800
2022-01-19,76.05999755859375,76.93000030517578,76.04000091552734,76.4000015258789,67.3853530883789,18518500
2022-01-20,76.33000183105469,76.9800033569336,75.83000183105469,75.9000015258789,66.9443588256836,15677800
2022-01-21,76.27999877929688,76.93000030517578,75.83999633789062,75.95999908447266,66.99727630615234,25270600
2022-01-24,75.66000366210938,76.16000366210938,74.11000061035156,75.70999908447266,66.77677154541016,35518900
2022-01-25,75.05000305175781,75.30999755859375,73.97000122070312,74.87000274658203,66.03587341308594,28638500
2022-01-26,74.63999938964844,75.30999755859375,73.86000061035156,74.30000305175781,65.53314208984375,33222000
2022-01-27,74.88999938964844,75.9800033569336,74.51000213623047,74.80000305175781,65.97415924072266,23816500
2022-01-28,74.41000366210938,75.72000122070312,73.76000213623047,75.68000030517578,66.75031280517578,25111500
2022-01-31,75.22000122070312,76.04000091552734,75.05000305175781,75.97000122070312,67.0060806274414,15453000
2022-02-01,75.97000122070312,76.13999938964844,75.12000274658203,75.9000015258789,66.9443588256836,15620900
2022-02-02,75.9800033569336,76.93000030517578,75.91000366210938,76.80999755859375,67.74698638916016,13630400
2022-02-03,76.45999908447266,77.20999908447266,76.3499984741211,76.83000183105469,67.76461791992188,14414700
2022-02-04,76.30999755859375,76.66999816894531,75.45999908447266,75.88999938964844,66.9355239868164,17939500
2022-02-07,76.19000244140625,76.4000015258789,75.58999633789062,76.02999877929688,67.05902099609375,10949400
2022-02-08,76.20999908447266,76.52999877929688,75.91000366210938,76.31999969482422,67.31477355957031,11472900
2022-02-09,76.69000244140625,76.86000061035156,76.20999908447266,76.33999633789062,67.33241271972656,14899300
2022-02-10,75.91999816894531,76.2699966430664,75.25,75.5199966430664,66.60917663574219,19828500
2022-02-11,75.73999786376953,76.0199966430664,75.02999877929688,75.25,66.37105560302734,18498300
2022-02-14,75.25,75.52999877929688,74.04000091552734,75.04000091552734,66.18582916259766,23550800
2022-02-15,75.48999786376953,75.97000122070312,74.81999969482422,75.16999816894531,66.30049133300781,12300400
2022-02-16,75.12999725341797,75.58000183105469,74.58000183105469,75.30999755859375,66.42396545410156,13507700
2022-02-17,75.12000274658203,76.0999984741211,74.9000015258789,75.88999938964844,66.9355239868164,12873300
2022-02-18,75.83000183105469,76.31999969482422,75.58000183105469,76.02999877929688,67.05902099609375,16470100
2022-02-22,76.08999633789062,76.1500015258789,74.95999908447266,75.44000244140625,66.53861999511719,21545800
2022-02-23,75.69000244140625,75.7300033569336,74.7300033569336,74.83000183105469,66.00059509277344,15134300
2022-02-24,73.83999633789062,74.0,72.19000244140625,73.54000091552734,64.86280822753906,30125500
2022-02-25,73.97000122070312,76.0199966430664,73.94000244140625,75.91000366210938,66.95316314697266,21141600
2022-02-28,74.77999877929688,75.20999908447266,74.08999633789062,74.9000015258789,66.06236267089844,20975100
2022-03-01,74.69999694824219,75.30999755859375,74.05999755859375,74.45999908447266,65.67426300048828,18750300
2022-03-02,74.4800033569336,75.58999633789062,74.37999725341797,75.25,66.37105560302734,18935000
2022-03-03,75.58000183105469,76.30999755859375,75.5199966430664,75.86000061035156,66.90906524658203,19576500
2022-03-04,75.0,76.02999877929688,74.70999908447266,75.87000274658203,66.91787719726562,22078900
2022-03-07,75.45999908447266,75.79000091552734,74.4000015258789,74.48999786376953,65.70072937011719,20057300
2022-03-08,74.56999969482422,74.76000213623047,72.43000030517578,72.4800033569336,63.927886962890625,29710400
2022-03-09,73.61000061035156,73.62999725341797,72.66000366210938,72.97000122070312,64.36006164550781,18254000
2022-03-10,72.44999694824219,72.7300033569336,71.5999984741211,72.27999877929688,63.7514762878418,21892400
2022-03-11,72.54000091552734,72.94000244140625,71.33999633789062,71.44000244140625,63.010589599609375,14276500
2022-03-14,71.88999938964844,72.54000091552734,71.43000030517578,71.81999969482422,63.345760345458984,18438900
2022-03-15,72.47000122070312,73.5199966430664,72.30000305175781,73.43000030517578,64.76580047607422,17078100
2022-03-16,73.61000061035156,73.88999938964844,72.45999908447266,73.51000213623047,64.83633422851562,18783200
2022-03-17,73.45999908447266,74.1500015258789,73.29000091552734,74.0199966430664,65.28616333007812,14484600
2022-03-18,74.08999633789062,74.26000213623047,73.52999877929688,74.19000244140625,65.43612670898438,20278600
2022-03-21,74.04000091552734,74.61000061035156,73.54000091552734,73.94999694824219,65.5202865600586,17659100
2022-03-22,74.5,74.6500015258789,73.87000274658203,74.5,66.00758361816406,11667300
2022-03-23,74.58999633789062,74.77999877929688,73.83000183105469,73.9000015258789,65.47598266601562,14027800
2022-03-24,74.19999694824219,74.44999694824219,73.94999694824219,74.41999816894531,65.93670654296875,9458800
2022-03-25,74.5999984741211,75.19000244140625,74.52999877929688,75.04000091552734,66.48603820800781,12508400
2022-03-28,75.06999969482422,75.3499984741211,74.62999725341797,75.3499984741211,66.76068878173828,11602600
2022-03-29,75.94000244140625,76.16000366210938,75.33999633789062,76.0199966430664,67.35430908203125,16595100
2022-03-30,75.72000122070312,76.08000183105469,75.4000015258789,76.06999969482422,67.39861297607422,13367500
2022-03-31,75.9800033569336,76.3499984741211,75.76000213623047,75.88999938964844,67.23914337158203,12388500
2022-04-01,76.02999877929688,76.73999786376953,75.73999786376953,76.6500015258789,67.91250610351562,12644000
2022-04-04,76.5199966430664,76.5199966430664,75.54000091552734,76.41000366210938,67.69986724853516,9618400
2022-04-05,76.05999755859375,77.2699966430664,76.05999755859375,76.4800033569336,67.76187896728516,12717200
2022-04-06,76.4800033569336,77.55000305175781,76.1500015258789,77.44999694824219,68.6213150024414,23849600
2022-04-07,77.70999908447266,78.55999755859375,77.48999786376953,78.38999938964844,69.45417022705078,18311500
2022-04-08,78.5999984741211,78.95999908447266,78.25,78.72000122070312,69.74655151367188,13879400
2022-04-11,78.86000061035156,79.12000274658203,78.25,78.4000015258789,69.46302795410156,18229900
2022-04-12,78.41000366210938,78.95999908447266,78.13999938964844,78.41999816894531,69.48072814941406,19804800
2022-04-13,78.36000061035156,78.97000122070312,78.3499984741211,78.86000061035156,69.8705825805664,11715500
2022-04-14,78.98999786376953,79.38999938964844,78.79000091552734,78.83999633789062,69.85285186767578,12195600
2022-04-18,78.66000366210938,78.94999694824219,77.97000122070312,78.19000244140625,69.27696990966797,11426700
2022-04-19,78.22000122070312,79.48999786376953,78.1500015258789,79.37999725341797,70.331298828125,12814100
2022-04-20,79.81999969482422,80.75,79.7699966430664,80.56999969482422,71.38565826416016,21659600
2022-04-21,80.7300033569336,81.33999633789062,80.44000244140625,80.5,71.32364654541016,18501800
2022-04-22,80.69000244140625,80.79000091552734,79.16999816894531,79.23999786376953,70.20726776123047,19747900
2022-04-25,79.48999786376953,79.83000183105469,78.18000030517578,79.58999633789062,70.51736450195312,30868200
2022-04-26,79.47000122070312,79.8499984741211,78.33999633789062,78.36000061035156,69.42757415771484,26864500
2022-04-27,78.52999877929688,79.47000122070312,78.31999969482422,78.6500015258789,69.68453216552734,29441700
2022-04-28,78.76000213623047,79.9000015258789,78.3499984741211,79.80999755859375,70.71229553222656,22128500
2022-04-29,79.41000366210938,79.52999877929688,77.54000091552734,77.63999938964844,68.78965759277344,27802900
2022-05-02,78.18000030517578,78.29000091552734,75.48999786376953,76.62000274658203,67.88591766357422,55145100
2022-05-03,76.48999786376953,77.12000274658203,75.9000015258789,76.4000015258789,67.69100952148438,47646900
2022-05-04,76.43000030517578,78.2300033569336,76.19999694824219,78.12000274658203,69.2149429321289,37161600
2022-05-05,77.69999694824219,77.87999725341797,76.06999969482422,76.63999938964844,67.90365600585938,32186100
2022-05-06,76.36000061035156,77.11000061035156,75.97000122070312,76.72000122070312,67.9745101928711,34046900
2022-05-09,76.12999725341797,77.37000274658203,75.7699966430664,76.69000244140625,67.94794464111328,33323800
2022-05-10,77.08000183105469,77.33000183105469,75.8499984741211,76.16000366210938,67.47837829589844,32510900
2022-05-11,76.25,77.11000061035156,75.7699966430664,75.83000183105469,67.18598175048828,30110100
2022-05-12,75.9800033569336,76.36000061035156,75.0,75.80999755859375,67.16825866699219,29049700
2022-05-13,76.19000244140625,77.01000213623047,75.7300033569336,76.94999694824219,68.17829895019531,15405300
2022-05-16,76.9000015258789,77.6500015258789,76.56999969482422,77.30000305175781,68.4884033203125,14613700
2022-05-17,77.02999877929688,77.2300033569336,75.98999786376953,76.7699966430664,68.01882934570312,20637000
2022-05-18,75.93000030517578,75.95999908447266,71.5999984741211,71.83000183105469,63.64194107055664,40188900
2022-05-19,71.43000030517578,71.44999694824219,70.08000183105469,70.55000305175781,62.50785827636719,38772000
2022-05-20,70.94999694824219,70.97000122070312,69.58000183105469,70.69999694824219,62.64076232910156,26185000
2022-05-23,71.4800033569336,72.41999816894531,71.2699966430664,72.16000366210938,63.934329986572266,17710900
2022-05-24,71.98999786376953,73.44999694824219,71.87000274658203,73.33999633789062,64.97982788085938,23272400
2022-05-25,73.19999694824219,73.56999969482422,72.73999786376953,73.36000061035156,64.99755096435547,16647300
2022-05-26,73.69999694824219,74.5199966430664,73.58000183105469,74.13999938964844,65.68862915039062,16580500
2022-05-27,74.25,75.0,74.12000274658203,75.0,66.45059204101562,16921300
2022-05-31,74.5999984741211,74.95999908447266,73.69000244140625,74.47000122070312,65.98102569580078,19212200
2022-06-01,74.56999969482422,74.62999725341797,73.01000213623047,73.5,65.12158203125,17552000
2022-06-02,73.66999816894531,74.56999969482422,72.45999908447266,74.56999969482422,66.06961059570312,17618500
2022-06-03,74.26000213623047,74.55000305175781,73.62999725341797,73.81999969482422,65.40509796142578,9750300
2022-06-06,74.33000183105469,74.55999755859375,73.5999984741211,73.8499984741211,65.43167877197266,10924200
2022-06-07,72.88999938964844,74.33999633789062,72.88999938964844,74.23999786376953,65.77723693847656,9070200
2022-06-08,73.81999969482422,73.98999786376953,73.27999877929688,73.33000183105469,64.9709701538086,7896600
2022-06-09,73.26000213623047,73.97000122070312,72.20999908447266,72.2300033569336,63.99634552001953,9442200
2022-06-10,71.33999633789062,72.48999786376953,70.97000122070312,71.91999816894531,63.72168731689453,17720500
2022-06-13,70.8499984741211,71.33999633789062,70.08000183105469,70.37000274658203,62.348384857177734,22813000
2022-06-14,70.3499984741211,70.66999816894531,69.04000091552734,69.54000091552734,61.612979888916016,19864600
2022-06-15,70.02999877929688,70.58999633789062,68.83000183105469,69.61000061035156,61.67500305175781,20069400
2022-06-16,68.66000366210938,69.61000061035156,68.22000122070312,69.08000183105469,61.205421447753906,19017100
2022-06-17,69.19999694824219,69.58000183105469,68.5199966430664,68.83000183105469,60.98393249511719,24825300
2022-06-21,69.12999725341797,70.33000183105469,68.80000305175781,70.13999938964844,62.61124801635742,16147200
2022-06-22,69.79000091552734,70.56999969482422,69.5199966430664,70.08999633789062,62.56659698486328,15207200
2022-06-23,70.56999969482422,71.5199966430664,70.5,71.44999694824219,63.78062057495117,16570700
2022-06-24,72.08000183105469,72.87999725341797,71.81999969482422,72.8499984741211,65.03034973144531,13437000
2022-06-27,72.91999816894531,73.04000091552734,72.44000244140625,72.6500015258789,64.8518295288086,10936500
2022-06-28,72.86000061035156,73.31999969482422,71.62000274658203,71.68000030517578,63.985939025878906,11004000
2022-06-29,71.95999908447266,72.43000030517578,71.79000091552734,72.12999725341797,64.38764190673828,9230600
2022-06-30,71.76000213623047,72.5,71.33000183105469,72.18000030517578,64.43228912353516,12670700
2022-07-01,72.19999694824219,73.2699966430664,72.08000183105469,73.22000122070312,65.36064147949219,11664100
2022-07-05,72.7300033569336,72.9800033569336,71.58000183105469,72.75,64.94110107421875,12828700
2022-07-06,73.0199966430664,73.47000122070312,72.7300033569336,72.95999908447266,65.1285400390625,11768100
2022-07-07,72.9000015258789,73.1500015258789,72.5999984741211,73.02999877929688,65.19103240966797,8476300
2022-07-08,73.05999755859375,73.4800033569336,72.66999816894531,72.9000015258789,65.07499694824219,10732500
2022-07-11,72.80999755859375,73.30000305175781,72.55000305175781,72.80000305175781,64.98573303222656,7172500
2022-07-12,72.9000015258789,73.55000305175781,72.33000183105469,72.58999633789062,64.7982406616211,11032200
2022-07-13,72.16999816894531,73.29000091552734,71.98999786376953,72.63999938964844,64.84288787841797,13851600
2022-07-14,71.70999908447266,72.80999755859375,71.69000244140625,72.69999694824219,64.89644622802734,10801700
2022-07-15,73.18000030517578,73.41000366210938,72.6500015258789,72.94000244140625,65.11070251464844,9300100
2022-07-18,73.06999969482422,73.19000244140625,72.0999984741211,72.2300033569336,64.47691345214844,8473600
2022-07-19,72.83000183105469,73.12999725341797,72.62999725341797,72.98999786376953,65.15533447265625,8729100
2022-07-20,73.06999969482422,73.13999938964844,72.12000274658203,72.5,64.71792602539062,10232000
2022-07-21,72.36000061035156,72.88999938964844,72.1500015258789,72.72000122070312,64.91431427001953,11944800
2022-07-22,72.87999725341797,73.41000366210938,72.7699966430664,73.19999694824219,65.34278869628906,9369800
2022-07-25,73.29000091552734,73.7300033569336,73.13999938964844,73.55999755859375,65.66413879394531,8157500
2022-07-26,72.88999938964844,73.5,72.6500015258789,73.38999938964844,65.51239013671875,9764200
2022-07-27,73.25,74.0999984741211,72.69000244140625,73.88999938964844,65.95870971679688,10995600
2022-07-28,73.94000244140625,75.22000122070312,73.80999755859375,75.06999969482422,67.01206970214844,9372000
2022-07-29,74.20999908447266,74.61000061035156,74.01000213623047,74.48999786376953,66.49430847167969,13198900
2022-08-01,74.38999938964844,75.66000366210938,74.36000061035156,75.41999816894531,67.32447814941406,13150400
2022-08-02,75.37000274658203,75.51000213623047,74.70999908447266,74.81999969482422,66.78888702392578,10632700
2022-08-03,74.83999633789062,75.45999908447266,74.52999877929688,75.30999755859375,67.2262954711914,12808400
2022-08-04,75.13999938964844,75.3499984741211,74.51000213623047,74.80999755859375,66.77996826171875,11983600
2022-08-05,74.44000244140625,74.69000244140625,73.94000244140625,74.63999938964844,66.62821960449219,7125700
2022-08-08,74.93000030517578,75.16000366210938,74.41999816894531,74.5999984741211,66.5925064086914,6966100
2022-08-09,74.70999908447266,74.81999969482422,74.3499984741211,74.48999786376953,66.49430847167969,8086200
2022-08-10,75.19999694824219,75.2699966430664,74.77999877929688,75.04000091552734,66.98529052734375,11262300
2022-08-11,75.36000061035156,75.5999984741211,74.69000244140625,74.86000061035156,66.8246078491211,8959500
2022-08-12,75.08999633789062,75.51000213623047,74.80000305175781,75.51000213623047,67.40483093261719,11094400
2022-08-15,75.47000122070312,76.33999633789062,75.3499984741211,76.26000213623047,68.07432556152344,10207200
2022-08-16,76.54000091552734,77.4000015258789,76.4800033569336,77.12000274658203,68.8420181274414,12312600
2022-08-17,76.80000305175781,77.19999694824219,76.70999908447266,76.9000015258789,68.64563751220703,9667600
2022-08-18,76.77999877929688,77.2699966430664,76.69000244140625,77.16000366210938,68.87772369384766,5777700
2022-08-19,76.91999816894531,77.27999877929688,76.7699966430664,76.91000366210938,68.65455627441406,6456500
2022-08-22,76.68000030517578,76.69999694824219,76.0,76.12999725341797,67.95828247070312,7113700
2022-08-23,75.8499984741211,75.91000366210938,75.47000122070312,75.80000305175781,67.66370391845703,10183400
2022-08-24,75.93000030517578,76.1500015258789,75.66999816894531,75.98999786376953,67.83332061767578,8061900
2022-08-25,76.0199966430664,76.33999633789062,75.66000366210938,76.33999633789062,68.14574432373047,6105000
2022-08-26,76.37999725341797,76.47000122070312,74.36000061035156,74.44999694824219,66.45861053466797,11212500
2022-08-29,74.01000213623047,74.75,73.81999969482422,74.33000183105469,66.35149383544922,13214300
2022-08-30,74.47000122070312,74.47000122070312,73.37000274658203,73.55999755859375,65.66413879394531,10316700
2022-08-31,73.79000091552734,73.91999816894531,73.11000061035156,73.11000061035156,65.26245880126953,10397800
2022-09-01,72.86000061035156,73.68000030517578,72.58000183105469,73.5199966430664,65.62842559814453,15968200
2022-09-02,74.08000183105469,74.37000274658203,72.33000183105469,72.55999755859375,64.77147674560547,15846700
2022-09-06,72.5999984741211,73.18000030517578,72.05000305175781,72.1500015258789,64.40547943115234,21871800
2022-09-07,72.37999725341797,73.54000091552734,72.31999969482422,73.44999694824219,65.56594848632812,19632300
2022-09-08,73.08999633789062,73.54000091552734,72.4000015258789,73.26000213623047,65.3963394165039,14843900
2022-09-09,73.44999694824219,74.47000122070312,73.18000030517578,73.9800033569336,66.03905487060547,18139000
2022-09-12,74.04000091552734,74.5199966430664,73.94000244140625,74.2699966430664,66.29792785644531,8680000
2022-09-13,73.6500015258789,73.75,71.58999633789062,71.79000091552734,64.08413696289062,12940800
2022-09-14,72.01000213623047,72.0999984741211,71.33999633789062,71.76000213623047,64.057373046875,12291500
2022-09-15,71.72000122070312,71.79000091552734,70.97000122070312,71.16000366210938,63.521759033203125,11234700
2022-09-16,70.91000366210938,71.41000366210938,70.9000015258789,71.33000183105469,63.673500061035156,13452600
2022-09-19,70.5999984741211,71.38999938964844,70.5999984741211,71.33999633789062,64.09669494628906,9370400
2022-09-20,70.87000274658203,71.11000061035156,70.4000015258789,70.94999694824219,63.74629592895508,9169900
2022-09-21,71.37999725341797,72.08000183105469,70.63999938964844,70.68000030517578,63.50370788574219,14189700
2022-09-22,70.73999786376953,71.05999755859375,70.44999694824219,70.58000183105469,63.413841247558594,10428400
2022-09-23,70.19000244140625,70.19000244140625,68.66000366210938,69.37999725341797,62.335689544677734,15909500
2022-09-26,69.2300033569336,70.02999877929688,69.0999984741211,69.43000030517578,62.380615234375,11638000
2022-09-27,69.7699966430664,70.1500015258789,68.0999984741211,68.2300033569336,61.30245590209961,17159300
2022-09-28,68.54000091552734,69.38999938964844,67.94000244140625,69.05000305175781,62.03921127319336,14259200
2022-09-29,68.88999938964844,69.02999877929688,67.48999786376953,67.91000366210938,61.01494598388672,13508200
2022-09-30,68.08000183105469,68.19000244140625,66.68000030517578,66.7300033569336,59.954769134521484,13427400
2022-10-03,67.20999908447266,68.05000305175781,66.83999633789062,67.87999725341797,60.98799514770508,12703300
2022-10-04,68.29000091552734,69.2699966430664,68.27999877929688,68.91000366210938,61.91341018676758,13366400
2022-10-05,68.55000305175781,68.87999725341797,67.79000091552734,68.51000213623047,61.55403518676758,10596100
2022-10-06,68.48999786376953,68.61000061035156,67.36000061035156,67.51000213623047,60.65556716918945,10607000
2022-10-07,67.37999725341797,67.45999908447266,66.23999786376953,66.5,59.74810791015625,13741600
2022-10-10,66.62000274658203,67.0199966430664,66.18000030517578,66.73999786376953,59.9637336730957,11799000
2022-10-11,66.77999877929688,67.9000015258789,66.66999816894531,67.29000091552734,60.45790100097656,10783400
2022-10-12,67.94999694824219,68.41999816894531,67.63999938964844,67.6500015258789,60.781349182128906,10963200
2022-10-13,67.0,69.02999877929688,66.69000244140625,68.7699966430664,61.787635803222656,18475600
2022-10-14,69.18000030517578,69.26000213623047,67.41999816894531,67.52999877929688,60.67353057861328,11611200
2022-10-17,68.23999786376953,68.5999984741211,68.0999984741211,68.26000213623047,61.32942199707031,9105200
2022-10-18,69.27999877929688,69.62000274658203,68.73999786376953,69.1500015258789,62.129051208496094,11000700
2022-10-19,69.25,69.62000274658203,68.55000305175781,68.83000183105469,61.84154510498047,8985300
2022-10-20,68.86000061035156,69.0199966430664,67.80999755859375,67.87000274658203,60.97899627685547,10023200
2022-10-21,67.83000183105469,69.08000183105469,67.61000061035156,68.91000366210938,61.91341018676758,9613300
2022-10-24,69.4000015258789,70.29000091552734,69.25,70.1500015258789,63.02751159667969,11076000
2022-10-25,70.30999755859375,71.16000366210938,69.91000366210938,71.06999969482422,63.85410690307617,10619600
2022-10-26,71.2300033569336,72.05000305175781,71.01000213623047,71.54000091552734,64.27637481689453,9483700
2022-10-27,71.61000061035156,72.06999969482422,71.48999786376953,71.5999984741211,64.33028411865234,9988200
2022-10-28,71.7300033569336,73.30000305175781,71.69999694824219,73.16999816894531,65.74089813232422,9545400
2022-10-31,72.95999908447266,73.19000244140625,72.55000305175781,72.73999786376953,65.35455322265625,9201000
2022-11-01,72.91999816894531,73.2699966430664,72.25,72.51000213623047,65.14789581298828,9535200
2022-11-02,72.36000061035156,73.08000183105469,71.20999908447266,71.25,64.01581573486328,16291600
2022-11-03,70.6500015258789,71.33000183105469,70.48999786376953,71.01000213623047,63.800193786621094,10624500
2022-11-04,71.86000061035156,72.25,70.91000366210938,71.8499984741211,64.55491638183594,11938600
2022-11-07,72.0,72.62000274658203,71.86000061035156,72.48999786376953,65.12992858886719,7133600
2022-11-08,72.70999908447266,73.1500015258789,71.94999694824219,72.69999694824219,65.318603515625,9091700
2022-11-09,72.5199966430664,72.97000122070312,71.8499984741211,71.91000366210938,64.60883331298828,9465200
2022-11-10,73.44999694824219,73.79000091552734,72.37999725341797,73.5999984741211,66.12725067138672,19286100
2022-11-11,73.80000305175781,73.87999725341797,72.37000274658203,73.5199966430664,66.05534362792969,14289300
2022-11-14,73.44999694824219,74.11000061035156,72.9000015258789,72.94000244140625,65.53421783447266,14803000
2022-11-15,73.86000061035156,74.0999984741211,72.94999694824219,73.55000305175781,66.08230590820312,15064200
2022-11-16,73.6500015258789,74.27999877929688,73.61000061035156,73.91000366210938,66.40576171875,9748600
2022-11-17,73.26000213623047,73.93000030517578,73.26000213623047,73.88999938964844,66.38777923583984,7827000
2022-11-18,74.48999786376953,74.7699966430664,74.18000030517578,74.68000030517578,67.09757232666016,9070800
2022-11-21,74.81999969482422,75.5,74.66999816894531,75.38999938964844,67.73548889160156,8054900
2022-11-22,75.94999694824219,76.01000213623047,75.66000366210938,75.94000244140625,68.22965240478516,6307100
2022-11-23,76.0,76.3499984741211,75.9000015258789,76.19999694824219,68.46324157714844,6286400
2022-11-25,76.30000305175781,76.30999755859375,76.0999984741211,76.25,68.5081787109375,2978000
2022-11-28,75.97000122070312,76.37999725341797,75.8499984741211,75.95999908447266,68.24762725830078,8698300
2022-11-29,75.76000213623047,75.91999816894531,75.27999877929688,75.66999816894531,67.98706817626953,7755100
2022-11-30,75.62000274658203,77.20999908447266,75.22000122070312,77.19000244140625,69.35272979736328,11704200
2022-12-01,77.05000305175781,77.13999938964844,76.5199966430664,76.83999633789062,69.03826904296875,10215700
2022-12-02,76.27999877929688,77.29000091552734,76.19000244140625,77.19000244140625,69.35272979736328,6087200
2022-12-05,76.36000061035156,76.44999694824219,76.0,76.22000122070312,68.48121643066406,8632900
2022-12-06,76.30000305175781,76.58999633789062,75.37999725341797,75.75,68.05892181396484,8136300
2022-12-07,75.88999938964844,76.2300033569336,75.75,76.06999969482422,68.34642791748047,7298700
2022-12-08,75.94999694824219,76.48999786376953,75.8499984741211,76.4800033569336,68.71481323242188,7803400
2022-12-09,76.11000061035156,76.44000244140625,75.87999725341797,75.88999938964844,68.18473052978516,9761700
2022-12-12,76.02999877929688,76.69999694824219,75.79000091552734,76.69000244140625,68.90348815917969,6996800
2022-12-13,77.44999694824219,77.62000274658203,76.0999984741211,76.58000183105469,68.80465698242188,11349000
2022-12-14,76.69999694824219,77.2699966430664,76.08000183105469,76.52999877929688,68.7597427368164,13820200
2022-12-15,75.88999938964844,76.04000091552734,74.66999816894531,75.2300033569336,67.59172821044922,11281000
2022-12-16,74.83999633789062,75.0999984741211,74.20999908447266,74.86000061035156,67.25930786132812,14561500
2022-12-19,74.30999755859375,74.94000244140625,73.83999633789062,74.27999877929688,67.21678924560547,8093900
2022-12-20,74.1500015258789,74.51000213623047,73.80999755859375,74.22000122070312,67.16246795654297,7368900
2022-12-21,74.58000183105469,75.25,74.52999877929688,74.95999908447266,67.83209991455078,7953100
2022-12-22,74.69000244140625,74.83000183105469,73.95999908447266,74.79000091552734,67.67826843261719,6888300
2022-12-23,74.83000183105469,75.2300033569336,74.58000183105469,75.18000030517578,68.03119659423828,4874700
2022-12-27,75.27999877929688,75.69000244140625,75.12000274658203,75.54000091552734,68.35697174072266,4839700
2022-12-28,75.76000213623047,75.86000061035156,74.5999984741211,74.5999984741211,67.5063247680664,5028900
2022-12-29,74.9000015258789,75.19000244140625,74.77999877929688,74.91999816894531,67.7958984375,5574800
2022-12-30,74.7699966430664,74.83000183105469,74.01000213623047,74.55000305175781,67.46109008789062,6249900
2023-01-03,74.58999633789062,74.62000274658203,73.5199966430664,74.2699966430664,67.20771789550781,14433300
2023-01-04,74.4800033569336,75.0199966430664,74.08999633789062,74.55999755859375,67.47014617919922,12197300
2023-01-05,74.41999816894531,74.48999786376953,73.66000366210938,73.80999755859375,66.79145050048828,9848200
2023-01-06,74.76000213623047,76.08000183105469,74.69999694824219,75.77999877929688,68.57412719726562,9982400
2023-01-09,75.7300033569336,76.25,75.04000091552734,75.04000091552734,67.90450286865234,11081800
2023-01-10,75.12999725341797,75.25,74.69000244140625,74.94000244140625,67.81401062011719,8427900
2023-01-11,75.19000244140625,75.41000366210938,74.31999969482422,74.9800033569336,67.85023498535156,9848300
2023-01-12,75.13999938964844,75.1500015258789,74.20999908447266,74.38999938964844,67.31629943847656,9841300
2023-01-13,74.19000244140625,74.76000213623047,74.13999938964844,74.73999786376953,67.63301849365234,9274200
2023-01-17,74.86000061035156,75.41999816894531,74.68000030517578,74.79000091552734,67.67826843261719,9006800
2023-01-18,74.61000061035156,74.66000366210938,72.63999938964844,72.75,65.8322525024414,16069900
2023-01-19,72.45999908447266,72.79000091552734,72.04000091552734,72.05999755859375,65.20785522460938,12421500
2023-01-20,72.11000061035156,72.6500015258789,71.5999984741211,72.62000274658203,65.71463012695312,12349600
2023-01-23,72.76000213623047,73.22000122070312,72.55000305175781,72.8499984741211,65.92273712158203,12000200
2023-01-24,72.83000183105469,73.3499984741211,72.4000015258789,73.1500015258789,66.19422149658203,13465600
2023-01-25,72.70999908447266,73.33000183105469,72.3499984741211,73.33000183105469,66.35709381103516,11606800
2023-01-26,73.25,73.30999755859375,72.83000183105469,73.06999969482422,66.121826171875,8081500
2023-01-27,73.0199966430664,73.19000244140625,72.51000213623047,72.86000061035156,65.93179321289062,10341700
2023-01-30,72.70999908447266,73.5,72.70999908447266,72.94999694824219,66.01322174072266,10463100
2023-01-31,73.08999633789062,73.75,72.87000274658203,73.73999786376953,66.72811126708984,8002700
2023-02-01,73.68000030517578,74.66000366210938,73.36000061035156,74.33000183105469,67.26201629638672,15447600
2023-02-02,73.83000183105469,74.16999816894531,73.36000061035156,73.69000244140625,66.682861328125,12238800
2023-02-03,73.91000366210938,73.93000030517578,72.86000061035156,73.4000015258789,66.42044830322266,12874800
2023-02-06,73.27999877929688,73.62999725341797,73.2300033569336,73.48999786376953,66.50189208984375,7208900
2023-02-07,72.95999908447266,73.31999969482422,72.44999694824219,73.18000030517578,66.22137451171875,9268200
2023-02-08,72.77999877929688,72.91000366210938,72.48999786376953,72.62000274658203,65.71463012695312,8933500
2023-02-09,73.0,73.26000213623047,72.20999908447266,72.30000305175781,65.425048828125,8341500
2023-02-10,72.30000305175781,73.02999877929688,72.1500015258789,72.97000122070312,66.0313491821289,8197200
2023-02-13,73.19000244140625,73.83000183105469,73.1500015258789,73.80000305175781,66.78241729736328,7440500
2023-02-14,73.75,73.77999877929688,72.87999725341797,73.12999725341797,66.17610168457031,9344700
2023-02-15,72.9800033569336,73.29000091552734,72.68000030517578,73.2699966430664,66.30279541015625,9006000
2023-02-16,72.62000274658203,73.18000030517578,72.30999755859375,72.73999786376953,65.82320404052734,8355100
2023-02-17,72.52999877929688,73.70999908447266,72.52999877929688,73.68000030517578,66.673828125,11116000
2023-02-21,73.37999725341797,73.79000091552734,73.01000213623047,73.4000015258789,66.42044830322266,8974700
2023-02-22,73.5,74.01000213623047,73.11000061035156,73.29000091552734,66.3208999633789,8851000
2023-02-23,73.36000061035156,73.55999755859375,72.75,73.19999694824219,66.23946380615234,12700000
2023-02-24,72.66000366210938,72.83000183105469,72.2699966430664,72.70999908447266,65.79605865478516,11340600
2023-02-27,73.05999755859375,73.26000213623047,72.47000122070312,72.62999725341797,65.72366333007812,10162300
2023-02-28,72.33000183105469,72.45999908447266,72.0,72.02999877929688,65.18070220947266,9757300
2023-03-01,71.80999755859375,71.88999938964844,70.93000030517578,71.5,64.70111846923828,10475000
2023-03-02,71.51000213623047,72.62000274658203,71.44000244140625,72.4800033569336,65.58792877197266,9876000
2023-03-03,72.4800033569336,72.61000061035156,71.87000274658203,72.54000091552734,65.6422119140625,12384300
2023-03-06,72.33999633789062,72.83999633789062,72.30999755859375,72.7300033569336,65.81414794921875,8356000
2023-03-07,72.73999786376953,72.9800033569336,71.88999938964844,72.01000213623047,65.1626205444336,10059400
2023-03-08,71.94000244140625,72.20999908447266,71.69000244140625,72.12999725341797,65.27119445800781,11170800
2023-03-09,72.41000366210938,72.52999877929688,71.25,71.45999908447266,64.66490936279297,15612700
2023-03-10,71.5999984741211,71.87999725341797,70.8499984741211,71.11000061035156,64.34819793701172,19026300
2023-03-13,71.04000091552734,72.58000183105469,71.0,71.47000122070312,64.6739501953125,29831400
2023-03-14,71.68000030517578,72.16000366210938,71.43000030517578,72.12000274658203,65.26217651367188,19139200
2023-03-15,71.6500015258789,72.68000030517578,71.48999786376953,72.58999633789062,65.68746185302734,21438000
2023-03-16,72.54000091552734,72.70999908447266,72.12999725341797,72.63999938964844,65.73270416259766,15712500
2023-03-17,72.54000091552734,72.66000366210938,71.79000091552734,72.11000061035156,65.25312805175781,13283900
2023-03-20,72.04000091552734,72.83000183105469,72.01000213623047,72.76000213623047,66.1578140258789,14130900
2023-03-21,72.87000274658203,73.02999877929688,72.19000244140625,72.69999694824219,66.10326385498047,12499700
2023-03-22,72.83000183105469,73.13999938964844,72.0199966430664,72.02999877929688,65.49404907226562,11942200
2023-03-23,72.22000122070312,72.4800033569336,71.4800033569336,71.75,65.23946380615234,12160300
2023-03-24,71.94000244140625,73.04000091552734,71.86000061035156,72.97000122070312,66.34878540039062,12352500
2023-03-27,73.22000122070312,73.69000244140625,73.20999908447266,73.36000061035156,66.70338439941406,10865500
2023-03-28,73.47000122070312,73.88999938964844,73.38999938964844,73.48999786376953,66.82158660888672,11593400
2023-03-29,73.9000015258789,73.9800033569336,73.70999908447266,73.9000015258789,67.19438171386719,9483400
2023-03-30,74.08999633789062,74.30000305175781,73.87999725341797,74.11000061035156,67.38531494140625,10737800
2023-03-31,74.48999786376953,74.73999786376953,74.36000061035156,74.70999908447266,67.9308853149414,10338700
2023-04-03,74.76000213623047,75.26000213623047,74.4800033569336,75.0999984741211,68.28548431396484,9607700
2023-04-04,75.06999969482422,75.38999938964844,74.79000091552734,74.94999694824219,68.14910125732422,7272900
2023-04-05,75.16000366210938,75.62999725341797,75.16000366210938,75.30000305175781,68.46733093261719,12409900
2023-04-06,75.2300033569336,75.48999786376953,74.91000366210938,75.36000061035156,68.52190399169922,8616800
2023-04-10,75.0999984741211,75.37999725341797,74.63999938964844,75.36000061035156,68.52190399169922,9423400
2023-04-11,75.5,75.79000091552734,75.44000244140625,75.58000183105469,68.7219467163086,12944300
2023-04-12,75.56999969482422,75.81999969482422,75.13999938964844,75.23999786376953,68.41278839111328,10386400
2023-04-13,75.2699966430664,75.69999694824219,74.91999816894531,75.66000366210938,68.79469299316406,12919000
2023-04-14,75.45999908447266,75.79000091552734,74.97000122070312,75.18000030517578,68.35824584960938,8789700
2023-04-17,75.33000183105469,75.66999816894531,75.23999786376953,75.66000366210938,68.79469299316406,9683400
2023-04-18,75.6500015258789,75.95999908447266,75.41000366210938,75.88999938964844,69.00382232666016,7233100
2023-04-19,75.9800033569336,76.05999755859375,75.61000061035156,75.83999633789062,68.95834350585938,6283600
2023-04-20,75.56999969482422,76.26000213623047,75.52999877929688,76.0199966430664,69.12201690673828,7329500
2023-04-21,76.52999877929688,76.97000122070312,76.41000366210938,76.56999969482422,69.62211608886719,10431000
2023-04-24,76.56999969482422,76.93000030517578,76.56999969482422,76.87999725341797,69.90396881103516,8723100
2023-04-25,76.86000061035156,77.37000274658203,76.69000244140625,76.77999877929688,69.81305694580078,12179700
2023-04-26,76.41999816894531,76.72000122070312,76.13999938964844,76.18000030517578,69.26749420166016,8778800
2023-04-27,76.22000122070312,77.11000061035156,76.16999816894531,77.02999877929688,70.04037475585938,11287800
2023-04-28,77.2300033569336,77.58000183105469,77.04000091552734,77.44000244140625,70.41316986083984,9757600
2023-05-01,77.30999755859375,77.81999969482422,77.29000091552734,77.5,70.46772766113281,10860800
2023-05-02,77.43000030517578,77.47000122070312,76.51000213623047,77.29000091552734,70.27676391601562,19136000
2023-05-03,77.05999755859375,77.37999725341797,76.63999938964844,76.66000366210938,69.70393371582031,11656600
2023-05-04,76.73999786376953,76.86000061035156,76.22000122070312,76.47000122070312,69.53118133544922,11682600
2023-05-05,76.58999633789062,77.23999786376953,76.5,77.18000030517578,70.17675018310547,10479400
2023-05-08,76.91000366210938,77.05000305175781,76.69000244140625,76.94999694824219,69.96762084960938,8069200
2023-05-09,76.95999908447266,76.95999908447266,76.56999969482422,76.70999908447266,69.74940490722656,6939500
2023-05-10,76.7300033569336,77.05999755859375,76.05999755859375,76.58999633789062,69.64028930664062,12259100
2023-05-11,76.56999969482422,76.87000274658203,76.1500015258789,76.81999969482422,69.84944152832031,11790600
2023-05-12,76.9000015258789,77.1500015258789,76.73999786376953,77.12000274658203,70.1221923828125,7012000
2023-05-15,77.23999786376953,77.33999633789062,76.58999633789062,76.93000030517578,69.94944763183594,8652200
2023-05-16,76.81999969482422,76.81999969482422,76.16999816894531,76.27999877929688,69.3584213256836,11310700
2023-05-17,76.4800033569336,76.48999786376953,75.7699966430664,76.23999786376953,69.32205963134766,10891300
2023-05-18,75.95999908447266,76.05999755859375,75.41000366210938,75.87000274658203,68.98562622070312,10765300
2023-05-19,76.02999877929688,76.12000274658203,75.58000183105469,75.91999816894531,69.03108215332031,10457600
2023-05-22,75.72000122070312,75.8499984741211,74.7300033569336,74.7699966430664,67.98543548583984,14575700
2023-05-23,74.56999969482422,74.62999725341797,74.12000274658203,74.22000122070312,67.48534393310547,13700400
2023-05-24,74.25,74.30000305175781,73.68000030517578,73.73999786376953,67.04889678955078,11901800
2023-05-25,73.08999633789062,73.44000244140625,72.62999725341797,73.18000030517578,66.53971862792969,17725000
2023-05-26,73.11000061035156,73.55000305175781,72.86000061035156,73.43000030517578,66.76702880859375,15531000
2023-05-30,73.0,73.18000030517578,72.3499984741211,72.58999633789062,66.00324249267578,22766900
2023-05-31,72.68000030517578,73.06999969482422,72.30999755859375,72.66999816894531,66.07599639892578,22328600
2023-06-01,72.6500015258789,72.7300033569336,72.23999786376953,72.61000061035156,66.02145385742188,13836100
2023-06-02,72.63999938964844,73.66000366210938,72.62000274658203,73.61000061035156,66.93070220947266,14719800
2023-06-05,73.5,74.02999877929688,73.20999908447266,73.33999633789062,66.6851806640625,9629600
2023-06-06,73.41000366210938,73.55000305175781,72.55000305175781,72.97000122070312,66.34878540039062,10796900
2023-06-07,72.5,72.93000030517578,72.27999877929688,72.7300033569336,66.13053894042969,13595100
2023-06-08,72.80999755859375,73.25,72.63999938964844,73.2300033569336,66.58517456054688,8881300
2023-06-09,72.9800033569336,73.33999633789062,72.83000183105469,73.11000061035156,66.47608184814453,8756200
2023-06-12,73.19999694824219,73.2699966430664,72.72000122070312,73.08999633789062,66.45787048339844,11357600
2023-06-13,72.98999786376953,73.5,72.88999938964844,73.38999938964844,66.73065185546875,8401800
2023-06-14,73.7300033569336,74.08999633789062,73.51000213623047,73.83999633789062,67.13981628417969,13849900
2023-06-15,74.0999984741211,74.76000213623047,73.95999908447266,74.58000183105469,67.81268310546875,16251200
2023-06-16,74.80999755859375,75.05000305175781,74.5999984741211,74.66999816894531,67.89451599121094,12672900
2023-06-20,74.05000305175781,74.27999877929688,73.55999755859375,73.58000183105469,67.37805938720703,9731800
2023-06-21,73.54000091552734,74.08000183105469,73.26000213623047,73.83999633789062,67.61612701416016,13633500
2023-06-22,74.22000122070312,74.37999725341797,73.9800033569336,74.2699966430664,68.0098876953125,17247600
2023-06-23,74.38999938964844,74.38999938964844,73.73999786376953,73.77999877929688,67.56119537353516,9706900
2023-06-26,73.77999877929688,73.91000366210938,73.26000213623047,73.87999725341797,67.65275573730469,8955400
2023-06-27,73.68000030517578,74.16999816894531,73.66000366210938,74.0999984741211,67.8542251586914,8965400
2023-06-28,73.76000213623047,73.80999755859375,73.19999694824219,73.5999984741211,67.39637756347656,12800400
2023-06-29,73.23999786376953,73.6500015258789,73.0,73.52999877929688,67.33226776123047,10018000
2023-06-30,73.69999694824219,74.27999877929688,73.63999938964844,74.16999816894531,67.91831970214844,14266200
2023-07-03,74.05999755859375,74.75,73.86000061035156,74.75,68.44941711425781,12817100
2023-07-05,74.44000244140625,74.69000244140625,74.3499984741211,74.62000274658203,68.33039093017578,17579200
2023-07-06,74.27999877929688,74.47000122070312,74.05000305175781,74.43000030517578,68.1563949584961,14881300
2023-07-07,74.25,74.25,73.41000366210938,73.45999908447266,67.26817321777344,16405400
2023-07-10,73.56999969482422,74.16000366210938,73.3499984741211,73.44000244140625,67.24983978271484,11953600
2023-07-11,73.5,73.66000366210938,73.11000061035156,73.55000305175781,67.35057830810547,9812500
2023-07-12,73.68000030517578,73.91999816894531,73.55999755859375,73.72000122070312,67.5062484741211,12680900
2023-07-13,73.8499984741211,74.16000366210938,73.55000305175781,74.02999877929688,67.79012298583984,10581500
2023-07-14,74.05000305175781,74.41000366210938,73.83000183105469,74.27999877929688,68.0190658569336,12475600
2023-07-17,74.0,74.30999755859375,73.79000091552734,74.05999755859375,67.81758880615234,9496300
2023-07-18,73.98999786376953,74.61000061035156,73.75,73.9800033569336,67.74433898925781,10124100
2023-07-19,74.22000122070312,74.80999755859375,74.16999816894531,74.7300033569336,68.43113708496094,14718700
2023-07-20,74.80000305175781,75.47000122070312,74.63999938964844,75.37000274658203,69.01717376708984,16106300
2023-07-21,75.48999786376953,75.83999633789062,75.4000015258789,75.62999725341797,69.2552490234375,13836800
2023-07-24,75.61000061035156,76.02999877929688,75.54000091552734,75.91999816894531,69.52080535888672,10692500
2023-07-25,75.83000183105469,75.91999816894531,75.51000213623047,75.9000015258789,69.50251007080078,8576600
2023-07-26,75.69999694824219,76.20999908447266,75.58000183105469,75.98999786376953,69.58492279052734,10506500
2023-07-27,76.12999725341797,76.30999755859375,75.31999969482422,75.31999969482422,68.97138977050781,10008500
2023-07-28,75.9800033569336,76.4000015258789,75.77999877929688,76.0999984741211,69.68565368652344,9672400
2023-07-31,76.0,76.2300033569336,75.45999908447266,75.75,69.36514282226562,10057100
2023-08-01,75.6500015258789,75.97000122070312,75.27999877929688,75.33999633789062,68.98971557617188,9376700
2023-08-02,75.04000091552734,76.08000183105469,75.04000091552734,75.61000061035156,69.23694610595703,11509700
2023-08-03,75.56999969482422,75.76000213623047,75.36000061035156,75.4000015258789,69.0446548461914,8774900
2023-08-04,75.5,75.68000030517578,74.58000183105469,74.6500015258789,68.35785675048828,10022800
2023-08-07,74.79000091552734,75.33999633789062,74.7699966430664,75.26000213623047,68.91647338867188,8875600
2023-08-08,75.20999908447266,75.29000091552734,74.5199966430664,74.72000122070312,68.42195892333984,11413600
2023-08-09,74.76000213623047,75.22000122070312,74.63999938964844,74.83000183105469,68.52268981933594,11912200
2023-08-10,75.06999969482422,75.52999877929688,74.58000183105469,74.68000030517578,68.38533020019531,10357700
2023-08-11,74.70999908447266,74.98999786376953,74.52999877929688,74.80000305175781,68.49520874023438,7472500
2023-08-14,74.9000015258789,75.0999984741211,74.30000305175781,74.43000030517578,68.1563949584961,11483800
2023-08-15,74.22000122070312,74.33999633789062,73.5999984741211,73.62999725341797,67.423828125,13257500
2023-08-16,73.93000030517578,74.13999938964844,73.37000274658203,73.45999908447266,67.26817321777344,14814900
2023-08-17,73.4800033569336,73.66999816894531,72.63999938964844,72.75,66.61800384521484,11798000
2023-08-18,72.62999725341797,73.16999816894531,72.55999755859375,73.0199966430664,66.8652572631836,12334500
2023-08-21,72.83000183105469,72.97000122070312,72.22000122070312,72.52999877929688,66.41656494140625,12005400
2023-08-22,72.30000305175781,72.37999725341797,72.0199966430664,72.12000274658203,66.0411148071289,11496100
2023-08-23,72.37000274658203,72.5999984741211,72.25,72.5999984741211,66.48065185546875,10796800
2023-08-24,72.3499984741211,73.0,72.0,72.0199966430664,65.94954681396484,13797500
2023-08-25,72.31999969482422,72.5999984741211,71.97000122070312,72.41999816894531,66.3158187866211,13088500
2023-08-28,72.66000366210938,72.87999725341797,72.5,72.75,66.61800384521484,6914800
2023-08-29,72.79000091552734,73.05000305175781,72.37999725341797,73.01000213623047,66.85609436035156,9502800
2023-08-30,73.0999984741211,73.36000061035156,72.93000030517578,73.12999725341797,66.9659652709961,9679300
2023-08-31,72.86000061035156,73.12000274658203,72.75,72.76000213623047,66.62715911865234,7731300
2023-09-01,73.0,73.04000091552734,71.9000015258789,72.13999938964844,66.05941772460938,8346400
2023-09-05,72.01000213623047,72.27999877929688,71.5199966430664,71.5199966430664,65.49168395996094,8634200
2023-09-06,71.44000244140625,71.5999984741211,71.20999908447266,71.44000244140625,65.41844177246094,9050100
2023-09-07,71.56999969482422,71.87000274658203,71.31999969482422,71.61000061035156,65.57408905029297,10149000
2023-09-08,71.63999938964844,71.70999908447266,71.41999816894531,71.69999694824219,65.65650177001953,8323000
2023-09-11,71.80000305175781,72.37999725341797,71.80000305175781,72.31999969482422,66.22425842285156,8450700
2023-09-12,72.36000061035156,72.37999725341797,71.63999938964844,71.69999694824219,65.65650177001953,13300200
2023-09-13,71.81999969482422,72.0999984741211,71.66999816894531,71.91999816894531,65.85797119140625,7863700
2023-09-14,72.12000274658203,72.69999694824219,72.08999633789062,72.6500015258789,66.52644348144531,9356000
2023-09-15,72.5,72.76000213623047,71.98999786376953,72.05000305175781,65.97701263427734,10891600
2023-09-18,71.80000305175781,71.83000183105469,71.23999786376953,71.54000091552734,65.9539566040039,6841200
2023-09-19,71.41999816894531,71.5,71.01000213623047,71.37000274658203,65.79723358154297,7733500
2023-09-20,71.56999969482422,71.91999816894531,71.2300033569336,71.44000244140625,65.86176300048828,10841700
2023-09-21,71.37999725341797,71.45999908447266,70.51000213623047,70.5199966430664,65.01360321044922,11869900
2023-09-22,70.54000091552734,70.72000122070312,70.0999984741211,70.13999938964844,64.66327667236328,12243000
2023-09-25,69.91999816894531,70.06999969482422,69.56999969482422,69.88999938964844,64.43279266357422,9137600
2023-09-26,69.58999633789062,69.79000091552734,69.30000305175781,69.37000274658203,63.95340347290039,11541000
2023-09-27,69.2699966430664,69.48999786376953,68.44000244140625,68.80000305175781,63.42790985107422,14182700
2023-09-28,68.9000015258789,69.19000244140625,68.72000122070312,69.01000213623047,63.621517181396484,12094400
2023-09-29,69.2300033569336,69.33999633789062,68.44000244140625,68.80999755859375,63.437110900878906,11797500
2023-10-02,68.6500015258789,68.73999786376953,67.88999938964844,68.33999633789062,63.00382614135742,12642500
2023-10-03,68.13999938964844,68.48999786376953,67.80000305175781,67.8499984741211,62.55208969116211,15396200
2023-10-04,68.0199966430664,68.44000244140625,67.62999725341797,68.38999938964844,63.0499153137207,15125900
2023-10-05,68.26000213623047,68.33999633789062,67.01000213623047,67.04000091552734,61.805335998535156,15757300
2023-10-06,66.75,66.9000015258789,65.18000030517578,66.66999816894531,61.4642333984375,28723400
2023-10-09,66.41999816894531,66.76000213623047,65.94999694824219,66.7300033569336,61.51955032348633,15662900
2023-10-10,67.27999877929688,67.73999786376953,67.06999969482422,67.41000366210938,62.14644241333008,18809600
2023-10-11,67.70999908447266,67.83000183105469,66.6500015258789,66.94999694824219,61.72236251831055,18293200
2023-10-12,67.1500015258789,67.18000030517578,65.98999786376953,66.22000122070312,61.04936599731445,15185000
2023-10-13,66.33999633789062,66.9000015258789,66.22000122070312,66.80000305175781,61.584068298339844,15641000
2023-10-16,67.19000244140625,67.69999694824219,66.91000366210938,67.48999786376953,62.22019958496094,16172800
2023-10-17,67.22000122070312,67.91000366210938,67.22000122070312,67.77999877929688,62.48755645751953,13192200
2023-10-18,68.05999755859375,68.55000305175781,67.91999816894531,68.02999877929688,62.71803283691406,16617700
2023-10-19,67.9800033569336,68.25,67.51000213623047,67.52999877929688,62.257076263427734,18237000
2023-10-20,67.68000030517578,67.9800033569336,67.2699966430664,67.2699966430664,62.017372131347656,14730500
2023-10-23,67.19000244140625,67.62999725341797,66.94999694824219,67.13999938964844,61.89752197265625,13777300
2023-10-24,67.23999786376953,67.83000183105469,67.22000122070312,67.70999908447266,62.42301559448242,12055600
2023-10-25,67.5999984741211,68.23999786376953,67.41999816894531,67.94000244140625,62.63506317138672,11351100
2023-10-26,67.97000122070312,68.22000122070312,67.4800033569336,67.5,62.22942352294922,13662200
2023-10-27,67.37999725341797,67.6500015258789,66.37999725341797,66.58000183105469,61.38125228881836,17587700
2023-10-30,66.83000183105469,67.73999786376953,66.83000183105469,67.62000274658203,62.34006118774414,12224000
2023-10-31,67.68000030517578,67.93000030517578,67.33999633789062,67.86000061035156,62.56131362915039,8586400
2023-11-01,67.91000366210938,68.05000305175781,67.41000366210938,67.79000091552734,62.49677658081055,18709400
2023-11-02,68.02999877929688,68.7699966430664,67.7699966430664,68.66999816894531,63.308048248291016,21175900
2023-11-03,69.06999969482422,69.33999633789062,68.75,68.75,63.38180923461914,17201100
2023-11-06,68.7699966430664,69.16000366210938,68.72000122070312,68.86000061035156,63.48323059082031,14663200
2023-11-07,68.87999725341797,69.31999969482422,68.80000305175781,69.02999877929688,63.639949798583984,12567700
2023-11-08,69.16000366210938,69.26000213623047,68.56999969482422,68.76000213623047,63.39103698730469,10481700
2023-11-09,68.83999633789062,68.9000015258789,68.31999969482422,68.4800033569336,63.132896423339844,10336900
2023-11-10,68.63999938964844,69.02999877929688,68.2699966430664,68.95999908447266,63.57542037963867,9266200
2023-11-13,68.9000015258789,69.37999725341797,68.83999633789062,69.18000030517578,63.77824020385742,8540800
2023-11-14,69.52999877929688,70.12000274658203,69.5,69.88999938964844,64.43279266357422,13606200
2023-11-15,70.4000015258789,70.58999633789062,70.22000122070312,70.44999694824219,64.9490737915039,10618900
2023-11-16,69.72000122070312,70.0199966430664,69.44000244140625,69.58000183105469,64.14701080322266,16536300
2023-11-17,69.66999816894531,69.72000122070312,69.23999786376953,69.48999786376953,64.06402587890625,10761100
2023-11-20,69.19999694824219,69.55999755859375,69.1500015258789,69.44000244140625,64.0179443359375,11651300
2023-11-21,69.43000030517578,69.69999694824219,69.12999725341797,69.6500015258789,64.2115478515625,11681400
2023-11-22,69.80000305175781,70.19000244140625,69.80000305175781,70.1500015258789,64.6725082397461,8862100
2023-11-24,70.16000366210938,70.47000122070312,70.16000366210938,70.41000366210938,64.91218566894531,4500800
2023-11-27,70.33999633789062,70.47000122070312,70.16999816894531,70.20999908447266,64.72781372070312,11746800
2023-11-28,70.19000244140625,70.70999908447266,70.18000030517578,70.52999877929688,65.0228271484375,8562300
2023-11-29,70.5999984741211,70.5999984741211,69.87000274658203,69.95999908447266,64.4973373413086,9873800
2023-11-30,70.02999877929688,70.69999694824219,69.56999969482422,70.66000366210938,65.14268493652344,11803600
2023-12-01,70.61000061035156,70.9800033569336,70.4000015258789,70.94999694824219,65.41004180908203,13490300
2023-12-04,70.55999755859375,71.27999877929688,70.55999755859375,71.04000091552734,65.49299621582031,11386300
2023-12-05,70.93000030517578,71.0999984741211,70.38999938964844,70.4800033569336,64.97673797607422,11565900
2023-12-06,70.31999969482422,70.47000122070312,70.01000213623047,70.30000305175781,64.81079864501953,11008700
2023-12-07,70.5,70.83000183105469,70.25,70.5999984741211,65.08737182617188,8460000
2023-12-08,70.47000122070312,70.52999877929688,70.01000213623047,70.11000061035156,64.6356201171875,8191300
2023-12-11,70.5,70.80999755859375,70.38999938964844,70.77999877929688,65.25332641601562,16192800
2023-12-12,70.93000030517578,71.01000213623047,70.61000061035156,71.01000213623047,65.46533966064453,8764500
2023-12-13,71.0,72.31999969482422,70.81999969482422,72.30000305175781,66.65461730957031,14052700
2023-12-14,72.36000061035156,72.47000122070312,71.19000244140625,71.23999786376953,65.67738342285156,16056700
2023-12-15,71.13999938964844,71.44000244140625,70.95999908447266,71.23999786376953,65.67738342285156,17434600
2023-12-18,71.01000213623047,71.69999694824219,70.86000061035156,71.44000244140625,66.36105346679688,11816000
2023-12-19,71.30999755859375,71.66000366210938,71.27999877929688,71.58000183105469,66.49110412597656,8283200
2023-12-20,71.11000061035156,71.2699966430664,70.19000244140625,70.19000244140625,65.1999282836914,16705400
2023-12-21,70.56999969482422,70.75,70.12000274658203,70.68000030517578,65.65508270263672,10971900
2023-12-22,70.86000061035156,71.3499984741211,70.79000091552734,71.22000122070312,66.1567153930664,7831800
2023-12-26,71.06999969482422,71.69999694824219,71.06999969482422,71.5199966430664,66.43536376953125,6915800
2023-12-27,71.54000091552734,71.8499984741211,71.44000244140625,71.8499984741211,66.74191284179688,7566700
2023-12-28,71.75,71.97000122070312,71.6500015258789,71.87999725341797,66.76976776123047,6466000
2023-12-29,71.77999877929688,72.06999969482422,71.70999908447266,72.02999877929688,66.90911102294922,10412700
2024-01-02,71.7699966430664,72.95999908447266,71.7699966430664,72.83999633789062,67.66153717041016,12912000
2024-01-03,72.97000122070312,73.08999633789062,72.16000366210938,72.2699966430664,67.13204193115234,13979700
2024-01-04,72.22000122070312,72.66000366210938,72.0199966430664,72.16999816894531,67.03916931152344,10865000
2024-01-05,72.20999908447266,72.4800033569336,71.58999633789062,72.01000213623047,66.89054870605469,12802800
2024-01-08,72.0199966430664,72.56999969482422,71.9800033569336,72.54000091552734,67.38285827636719,9409000
2024-01-09,72.2699966430664,72.7300033569336,72.01000213623047,72.7300033569336,67.5593490600586,7838600
2024-01-10,72.66999816894531,73.0,72.36000061035156,72.58000183105469,67.42001342773438,11113300
2024-01-11,72.5,72.61000061035156,72.08000183105469,72.56999969482422,67.41071319580078,9507800
2024-01-12,72.81999969482422,72.9800033569336,72.55000305175781,72.80000305175781,67.62438201904297,7712800
2024-01-16,72.80999755859375,72.8499984741211,72.11000061035156,72.4000015258789,67.25279998779297,11566900
2024-01-17,72.2300033569336,72.5999984741211,72.08000183105469,72.3499984741211,67.20635986328125,9641400
2024-01-18,72.16999816894531,72.30999755859375,71.70999908447266,72.26000213623047,67.12277221679688,10548800
2024-01-19,72.31999969482422,72.33999633789062,71.68000030517578,72.05000305175781,66.92768859863281,11309600
2024-01-22,71.73999786376953,72.0,71.55999755859375,71.69999694824219,66.60256958007812,15078600
2024-01-23,72.08000183105469,72.58999633789062,72.05999755859375,72.4800033569336,67.3271255493164,13859600
2024-01-24,72.41999816894531,72.45999908447266,71.56999969482422,71.58999633789062,66.50038146972656,12290500
2024-01-25,71.88999938964844,72.27999877929688,71.58999633789062,72.27999877929688,67.1413345336914,12160900
2024-01-26,72.41999816894531,72.73999786376953,72.41999816894531,72.62999725341797,67.46646881103516,7432800
2024-01-29,72.83000183105469,73.08000183105469,72.56999969482422,73.05000305175781,67.85661315917969,9321900
2024-01-30,72.94000244140625,73.5,72.68000030517578,73.45999908447266,68.2374496459961,11058900
2024-01-31,73.44000244140625,73.6500015258789,72.83000183105469,72.91999816894531,67.73584747314453,17220600
2024-02-01,72.94999694824219,74.41000366210938,72.72000122070312,74.41000366210938,69.11991119384766,20588700
2024-02-02,74.19000244140625,74.4800033569336,73.80999755859375,74.16999816894531,68.89698028564453,23158000
2024-02-05,74.19000244140625,74.23999786376953,73.69000244140625,73.70999908447266,68.46967315673828,14564700
2024-02-06,73.70999908447266,73.91999816894531,73.47000122070312,73.87999725341797,68.62760162353516,11224200
2024-02-07,74.19000244140625,74.2300033569336,73.73999786376953,73.80999755859375,68.56256103515625,7544100
2024-02-08,73.69000244140625,74.08000183105469,73.47000122070312,73.79000091552734,68.54399108886719,16287600
2024-02-09,73.5999984741211,73.5999984741211,73.0,73.11000061035156,67.9123306274414,20698800
2024-02-12,73.19000244140625,73.63999938964844,72.80000305175781,73.62999725341797,68.3953628540039,13422900
2024-02-13,73.58000183105469,73.79000091552734,72.4000015258789,72.83999633789062,67.66153717041016,21640600
2024-02-14,72.77999877929688,72.81999969482422,72.36000061035156,72.69999694824219,67.53147888183594,15191300
2024-02-15,72.98999786376953,73.2699966430664,72.91000366210938,73.16999816894531,67.96807098388672,14235700
2024-02-16,73.0999984741211,73.62000274658203,72.79000091552734,73.27999877929688,68.07024383544922,15568300
2024-02-20,73.80000305175781,74.47000122070312,73.68000030517578,74.05000305175781,68.78551483154297,15388700
2024-02-21,74.19000244140625,74.44000244140625,73.97000122070312,74.31999969482422,69.03632354736328,13776600
2024-02-22,73.98999786376953,74.62999725341797,73.69000244140625,74.55000305175781,69.24996948242188,11744900
2024-02-23,74.58999633789062,75.16000366210938,74.45999908447266,74.77999877929688,69.46360778808594,12548300
2024-02-26,74.80000305175781,74.81999969482422,74.37000274658203,74.4800033569336,69.1849365234375,11806000
2024-02-27,74.41000366210938,74.52999877929688,74.27999877929688,74.48999786376953,69.19422912597656,8294300
2024-02-28,74.44000244140625,74.63999938964844,74.25,74.56999969482422,69.26854705810547,6768700
2024-02-29,74.80000305175781,74.91000366210938,74.30999755859375,74.44999694824219,69.1570816040039,14083400
2024-03-01,74.25,74.54000091552734,73.94000244140625,74.45999908447266,69.16636657714844,15512500
2024-03-04,74.16999816894531,74.58000183105469,74.1500015258789,74.5199966430664,69.22208404541016,15912700
2024-03-05,74.83999633789062,75.22000122070312,74.55000305175781,74.69999694824219,69.38929748535156,15708400
2024-03-06,75.05000305175781,75.45999908447266,74.9800033569336,75.33000183105469,69.97451782226562,11816200
2024-03-07,75.63999938964844,75.83000183105469,75.45999908447266,75.76000213623047,70.37393188476562,9174900
2024-03-08,75.25,75.38999938964844,74.88999938964844,75.16000366210938,69.81659698486328,13301600
2024-03-11,75.33000183105469,75.68000030517578,75.11000061035156,75.56999969482422,70.19744110107422,9316500
2024-03-12,75.73999786376953,76.19000244140625,75.63999938964844,75.95999908447266,70.55970764160156,10454900
2024-03-13,75.94999694824219,76.19999694824219,75.83000183105469,76.1500015258789,70.73621368408203,9739500
2024-03-14,76.0999984741211,76.27999877929688,75.30999755859375,75.55999755859375,70.18815612792969,14086100
2024-03-15,75.19999694824219,75.61000061035156,75.08000183105469,75.52999877929688,70.16029357910156,14248300
2024-03-18,74.88999938964844,75.68000030517578,74.88999938964844,75.45999908447266,70.61132049560547,10229000
2024-03-19,75.55999755859375,75.77999877929688,75.5199966430664,75.73999786376953,70.87332916259766,10245900
2024-03-20,75.8499984741211,76.0,75.56999969482422,75.97000122070312,71.08854675292969,10986100
2024-03-21,76.01000213623047,76.2699966430664,75.69000244140625,76.01000213623047,71.12596893310547,8936100
2024-03-22,76.01000213623047,76.12999725341797,75.62000274658203,75.63999938964844,70.77973937988281,10942300
2024-03-25,75.63999938964844,75.81999969482422,75.2699966430664,75.43000030517578,70.58325958251953,11003700
2024-03-26,75.5199966430664,75.69000244140625,75.41000366210938,75.47000122070312,70.62067413330078,7964400
2024-03-27,75.8499984741211,76.26000213623047,75.8499984741211,76.26000213623047,71.35992431640625,9848100
2024-03-28,76.48999786376953,76.61000061035156,76.26000213623047,76.36000061035156,71.45348358154297,9172700
2024-04-01,76.3499984741211,76.45999908447266,75.75,75.75,70.88268280029297,13205200
2024-04-02,75.75,75.86000061035156,75.23999786376953,75.36000061035156,70.51774597167969,16269200
2024-04-03,75.33000183105469,75.33000183105469,74.41000366210938,74.52999877929688,69.74107360839844,16094700
2024-04-04,74.86000061035156,74.98999786376953,74.11000061035156,74.20999908447266,69.44164276123047,18289500
2024-04-05,74.1500015258789,74.55999755859375,73.98999786376953,74.33000183105469,69.5539321899414,11148900
2024-04-08,74.19999694824219,74.48999786376953,74.1500015258789,74.22000122070312,69.45099639892578,10040700
2024-04-09,74.44000244140625,74.5999984741211,74.0199966430664,74.58000183105469,69.7878646850586,12629600
2024-04-10,74.0,74.43000030517578,73.7699966430664,74.30999755859375,69.53520965576172,15018400
2024-04-11,74.66999816894531,74.69000244140625,73.9000015258789,74.12999725341797,69.36676788330078,10551900
2024-04-12,73.83000183105469,74.0199966430664,73.30000305175781,73.37999725341797,68.66496276855469,14605900
2024-04-15,73.83000183105469,74.0199966430664,72.97000122070312,73.08000183105469,68.3842544555664,12119600
2024-04-16,73.2300033569336,73.33000183105469,72.93000030517578,73.11000061035156,68.41231536865234,12737600
2024-04-17,73.54000091552734,73.63999938964844,73.02999877929688,73.37999725341797,68.66496276855469,12731500
2024-04-18,73.62000274658203,73.88999938964844,73.47000122070312,73.72000122070312,68.9831314086914,11964200
2024-04-19,73.69000244140625,74.4800033569336,73.55999755859375,74.44000244140625,69.6568603515625,15843100
2024-04-22,74.58999633789062,75.3499984741211,74.26000213623047,75.1500015258789,70.32124328613281,12181600
2024-04-23,75.2699966430664,75.43000030517578,75.0199966430664,75.36000061035156,70.51774597167969,12821100
2024-04-24,74.83999633789062,76.0199966430664,74.48999786376953,75.93000030517578,71.0511245727539,15011000
2024-04-25,76.08999633789062,76.47000122070312,75.47000122070312,75.75,70.88268280029297,14352600
2024-04-26,75.4800033569336,76.0,75.43000030517578,75.58999633789062,70.73296356201172,13488200
2024-04-29,75.61000061035156,75.86000061035156,75.37999725341797,75.83000183105469,70.95755004882812,9244000
2024-04-30,75.75,75.7699966430664,75.31999969482422,75.5,70.64874267578125,12517400
2024-05-01,75.27999877929688,75.56999969482422,74.70999908447266,75.0199966430664,70.1995849609375,24867400
2024-05-02,75.2699966430664,75.91999816894531,74.9800033569336,75.6500015258789,70.78910064697266,22820400
2024-05-03,75.68000030517578,76.02999877929688,75.25,75.87999725341797,71.00433349609375,18088200
2024-05-06,76.05000305175781,76.13999938964844,75.43000030517578,75.91999816894531,71.04176330566406,12508400
2024-05-07,76.23999786376953,76.79000091552734,76.23999786376953,76.75,71.81842041015625,14641800
2024-05-08,76.73999786376953,76.88999938964844,76.41999816894531,76.5199966430664,71.60320281982422,12686000
2024-05-09,76.58999633789062,77.18000030517578,76.54000091552734,77.18000030517578,72.22079467773438,12851900
2024-05-10,77.16999816894531,77.70999908447266,77.0999984741211,77.62000274658203,72.63252258300781,10774900
2024-05-13,77.7699966430664,78.0,77.2699966430664,77.4000015258789,72.42666625976562,11755400
2024-05-14,77.47000122070312,77.5999984741211,76.87000274658203,77.25,72.28630065917969,10117600
2024-05-15,77.05000305175781,77.41999816894531,77.05000305175781,77.30000305175781,72.33308410644531,18143000
2024-05-16,78.0,78.61000061035156,77.83000183105469,78.4000015258789,73.36241149902344,17360400
2024-05-17,78.30999755859375,78.37999725341797,78.01000213623047,78.20999908447266,73.18462371826172,11265700
2024-05-20,78.19000244140625,78.19000244140625,77.58000183105469,77.66999816894531,72.67931365966797,9226400
2024-05-21,77.87999725341797,78.16000366210938,77.72000122070312,78.12999725341797,73.1097640991211,6595200
2024-05-22,77.5999984741211,78.08000183105469,77.45999908447266,77.81999969482422,72.81967163085938,9395100
2024-05-23,77.58000183105469,77.70999908447266,76.86000061035156,76.9000015258789,71.95878601074219,10751300
2024-05-24,77.16999816894531,77.4000015258789,77.05999755859375,77.0999984741211,72.14595031738281,6943200
2024-05-28,76.8499984741211,77.05999755859375,76.22000122070312,76.5,71.58450317382812,8840700
2024-05-29,76.08999633789062,76.36000061035156,75.91999816894531,75.94999694824219,71.06983947753906,10402400
2024-05-30,76.16999816894531,76.36000061035156,75.97000122070312,76.1500015258789,71.25698852539062,7404400
2024-05-31,76.08000183105469,77.37999725341797,75.7300033569336,77.33999633789062,72.37051391601562,11873900
2024-06-03,77.08999633789062,77.68000030517578,76.86000061035156,77.30999755859375,72.34243774414062,12223400
2024-06-04,77.31999969482422,78.11000061035156,77.19000244140625,77.9800033569336,72.96939849853516,9097500
2024-06-05,77.87999725341797,77.98999786376953,77.19000244140625,77.80999755859375,72.81031799316406,9095100
2024-06-06,77.76000213623047,78.33000183105469,77.5999984741211,78.05000305175781,73.03490447998047,9759400
2024-06-07,78.02999877929688,78.25,77.58000183105469,77.66000366210938,72.66996765136719,7490500
2024-06-10,77.77999877929688,77.80000305175781,77.0999984741211,77.5999984741211,72.61381530761719,10033800
2024-06-11,77.48999786376953,77.55999755859375,76.91999816894531,77.55999755859375,72.57637786865234,8583700
2024-06-12,77.70999908447266,77.75,76.5199966430664,76.70999908447266,71.78099060058594,14172800
2024-06-13,76.68000030517578,76.87999725341797,76.36000061035156,76.80999755859375,71.87458038330078,8723500
2024-06-14,76.58999633789062,76.94999694824219,76.38999938964844,76.94999694824219,72.00557708740234,7246400
2024-06-17,76.66000366210938,77.81999969482422,76.5,77.68000030517578,72.68867492675781,8762000
2024-06-18,77.55999755859375,77.87999725341797,77.44999694824219,77.77999877929688,72.78225708007812,6567100
2024-06-20,77.63999938964844,78.01000213623047,77.41000366210938,77.61000061035156,72.62317657470703,9316300
2024-06-21,77.7699966430664,78.16999816894531,77.61000061035156,77.66999816894531,72.67931365966797,11594000
2024-06-24,77.2699966430664,78.01000213623047,77.11000061035156,77.91000366210938,73.45431518554688,9722600
2024-06-25,77.62000274658203,77.7300033569336,77.11000061035156,77.41000366210938,72.98290252685547,10705700
2024-06-26,76.87000274658203,77.44000244140625,76.70999908447266,77.25,72.8320541381836,8405200
2024-06-27,77.2300033569336,77.30000305175781,76.5999984741211,76.91999816894531,72.52091979980469,4592300
2024-06-28,76.91000366210938,77.0,76.37999725341797,76.58000183105469,72.20037078857422,8396900
2024-07-01,76.9800033569336,77.2699966430664,75.9800033569336,76.04000091552734,71.69125366210938,9275300
2024-07-02,76.12999725341797,76.58000183105469,75.88999938964844,76.56999969482422,72.19093322753906,8233400
2024-07-03,76.44000244140625,76.70999908447266,76.23999786376953,76.44000244140625,72.06837463378906,5600600
2024-07-05,76.44000244140625,77.43000030517578,76.33000183105469,77.37999725341797,72.9546127319336,7202900
2024-07-08,77.44000244140625,77.52999877929688,77.05000305175781,77.26000213623047,72.84147644042969,4486800
2024-07-09,77.26000213623047,77.43000030517578,77.02999877929688,77.05999755859375,72.65290832519531,5635700
2024-07-10,77.19999694824219,77.43000030517578,77.01000213623047,77.4000015258789,72.97348022460938,7249100
2024-07-11,77.29000091552734,77.43000030517578,76.88999938964844,77.11000061035156,72.70006561279297,11414600
2024-07-12,77.5199966430664,77.86000061035156,77.19000244140625,77.44999694824219,73.02061462402344,10028200
2024-07-15,77.4000015258789,77.5999984741211,76.94000244140625,77.0,72.59635162353516,8481200
2024-07-16,77.02999877929688,77.75,76.91999816894531,77.73999786376953,73.29402160644531,7987300
2024-07-17,77.86000061035156,78.88999938964844,77.83999633789062,78.73999786376953,74.2368392944336,18297900
2024-07-18,78.44999694824219,79.1500015258789,78.33999633789062,78.3499984741211,73.86914825439453,14877200
2024-07-19,78.55000305175781,78.6500015258789,77.97000122070312,78.08999633789062,73.62400817871094,11816500
2024-07-22,78.2699966430664,78.33000183105469,77.7699966430664,78.13999938964844,73.67115020751953,9408200
2024-07-23,78.22000122070312,78.36000061035156,77.79000091552734,77.86000061035156,73.40715789794922,6937900
2024-07-24,77.58000183105469,77.93000030517578,77.27999877929688,77.79000091552734,73.34117889404297,10620400
2024-07-25,78.05999755859375,78.87999725341797,77.69999694824219,77.69999694824219,73.25630950927734,15686200
2024-07-26,78.01000213623047,78.58000183105469,77.81999969482422,78.48999786376953,74.00113677978516,10271900
2024-07-29,78.33999633789062,78.69000244140625,77.94000244140625,78.5199966430664,74.02941131591797,9115000
2024-07-30,77.58000183105469,78.12000274658203,77.23999786376953,77.98999786376953,73.52972412109375,11818400
2024-07-31,77.98999786376953,78.33999633789062,77.51000213623047,77.8499984741211,73.39772033691406,10474100
2024-08-01,78.0,78.73999786376953,77.76000213623047,78.56999969482422,74.0765609741211,16535000
2024-08-02,79.16999816894531,79.75,77.80000305175781,79.26000213623047,74.72710418701172,24086900
2024-08-05,79.12000274658203,79.3499984741211,77.44000244140625,77.69999694824219,73.25630950927734,29057400
2024-08-06,78.08000183105469,79.08999633789062,77.98999786376953,78.23999786376953,73.76542663574219,15801400
2024-08-07,78.56999969482422,79.4000015258789,78.2699966430664,78.31999969482422,73.84085083007812,14182300
2024-08-08,78.0999984741211,79.16000366210938,78.0199966430664,79.02999877929688,74.51026153564453,13889800
2024-08-09,78.87000274658203,79.29000091552734,78.52999877929688,79.1500015258789,74.6233901977539,10319800
2024-08-12,79.11000061035156,79.16999816894531,78.55000305175781,78.75,74.24626922607422,9735300
2024-08-13,78.75,79.12999725341797,78.3499984741211,79.11000061035156,74.58567810058594,7513900
2024-08-14,79.05000305175781,79.70999908447266,78.91999816894531,79.47000122070312,74.92510223388672,7264000
2024-08-15,80.58999633789062,80.80999755859375,80.05000305175781,80.29000091552734,75.69818878173828,7745200
2024-08-16,80.20999908447266,80.58000183105469,80.08000183105469,80.51000213623047,75.9056167602539,6976700
2024-08-19,80.5999984741211,80.97000122070312,80.56999969482422,80.77999877929688,76.16017150878906,7330000
2024-08-20,80.76000213623047,81.18000030517578,80.62999725341797,81.18000030517578,76.53729248046875,6931200
2024-08-21,81.86000061035156,82.29000091552734,81.5,81.7300033569336,77.05585479736328,7960700
2024-08-22,81.94999694824219,81.94999694824219,81.26000213623047,81.61000061035156,76.94269561767578,7632600
2024-08-23,81.75,81.86000061035156,81.33000183105469,81.83999633789062,77.1595458984375,6505100
2024-08-26,81.93000030517578,82.58999633789062,81.91999816894531,82.41999816894531,77.70638275146484,7270700
2024-08-27,82.54000091552734,82.7699966430664,82.30999755859375,82.62000274658203,77.89494323730469,5674600
2024-08-28,82.63999938964844,82.75,81.95999908447266,82.2699966430664,77.56495666503906,6666800
2024-08-29,82.16999816894531,82.16999816894531,81.69000244140625,81.86000061035156,77.17840576171875,6343700
2024-08-30,82.0199966430664,82.58000183105469,81.80000305175781,82.51000213623047,77.79122924804688,8884800
2024-09-03,82.52999877929688,83.37000274658203,82.43000030517578,83.08999633789062,78.33806610107422,15503700
2024-09-04,82.94000244140625,83.54000091552734,82.86000061035156,83.4800033569336,78.70575714111328,19276700
2024-09-05,83.5,83.62999725341797,82.73999786376953,83.16000366210938,78.40406036376953,12775800
2024-09-06,83.1500015258789,83.51000213623047,82.88999938964844,82.98999786376953,78.2437744140625,12616500
2024-09-09,83.0,83.79000091552734,82.86000061035156,83.62999725341797,78.84716033935547,10061000
2024-09-10,83.51000213623047,84.0,83.38999938964844,83.61000061035156,78.82833099365234,14002500
2024-09-11,83.30999755859375,83.37000274658203,82.08000183105469,82.83000183105469,78.09294128417969,14556400
2024-09-12,82.8499984741211,83.43000030517578,82.56999969482422,83.33999633789062,78.5737533569336,8659100
2024-09-13,83.4000015258789,84.0,83.22000122070312,83.93000030517578,79.1300277709961,5953700
2024-09-16,84.1500015258789,84.52999877929688,83.87000274658203,84.26000213623047,79.44114685058594,7794600
2024-09-17,83.97000122070312,84.20999908447266,83.36000061035156,83.45999908447266,78.6868896484375,8404900
2024-09-18,83.4000015258789,83.86000061035156,82.80000305175781,83.13999938964844,78.38520812988281,12935600
2024-09-19,83.36000061035156,83.37000274658203,82.5199966430664,82.6500015258789,77.92322540283203,14934200
2024-09-20,82.56999969482422,83.11000061035156,82.43000030517578,83.05000305175781,78.30035400390625,12719100
2024-09-23,82.44000244140625,83.36000061035156,82.37999725341797,83.08999633789062,78.75434112548828,11985900
2024-09-24,82.9800033569336,83.27999877929688,82.69000244140625,82.88999938964844,78.5647964477539,8985100
2024-09-25,83.18000030517578,83.26000213623047,82.55999755859375,82.68000030517578,78.36575317382812,6100900
2024-09-26,82.52999877929688,83.25,82.52999877929688,82.87000274658203,78.54583740234375,8565600
2024-09-27,82.9800033569336,83.5,82.87999725341797,83.0199966430664,78.68799591064453,6432600
2024-09-30,83.31999969482422,83.4800033569336,82.68000030517578,83.0,78.66903686523438,8468900
2024-10-01,83.02999877929688,83.13999938964844,82.47000122070312,82.72000122070312,78.40365600585938,15725800
2024-10-02,82.5,82.51000213623047,81.86000061035156,82.0199966430664,77.74018096923828,10788300
2024-10-03,81.69000244140625,81.80999755859375,81.05999755859375,81.19999694824219,76.96296691894531,11507900
2024-10-04,81.06999969482422,81.56999969482422,80.94999694824219,81.47000122070312,77.21888732910156,12463000
2024-10-07,81.5,81.5,80.55999755859375,80.66000366210938,76.45115661621094,9270800
2024-10-08,80.69000244140625,81.16000366210938,80.47000122070312,81.05999755859375,76.83028411865234,8218300
2024-10-09,81.12999725341797,81.66999816894531,81.0,81.55000305175781,77.29470825195312,9276300
2024-10-10,81.52999877929688,81.69999694824219,80.98999786376953,81.19000244140625,76.9534912109375,9122600
2024-10-11,81.47000122070312,81.72000122070312,81.11000061035156,81.63999938964844,77.3800048828125,8741500
2024-10-14,81.5999984741211,82.01000213623047,81.47000122070312,81.97000122070312,77.69280242919922,6263000
2024-10-15,82.08000183105469,83.19000244140625,82.08000183105469,82.48999786376953,78.18566131591797,11287700
2024-10-16,82.20999908447266,82.54000091552734,82.0199966430664,82.43000030517578,78.12879180908203,7720300
2024-10-17,82.54000091552734,82.6500015258789,81.83999633789062,82.05999755859375,77.77809143066406,7716400
2024-10-18,81.87999725341797,82.2699966430664,81.63999938964844,82.23999786376953,77.9487075805664,8314200
2024-10-21,82.20999908447266,82.38999938964844,81.47000122070312,81.55000305175781,77.29470825195312,8704600
2024-10-22,81.43000030517578,82.11000061035156,81.3499984741211,82.01000213623047,77.730712890625,8912400
2024-10-23,81.5999984741211,81.97000122070312,81.44000244140625,81.8499984741211,77.57904815673828,6926500
2024-10-24,81.83000183105469,82.0,81.5,81.73999786376953,77.47480010986328,6211500
2024-10-25,81.73999786376953,81.87000274658203,80.98999786376953,81.05999755859375,76.83028411865234,6546900
2024-10-28,81.37999725341797,81.55999755859375,81.16999816894531,81.20999908447266,76.97245025634766,5714200
2024-10-29,80.83000183105469,81.04000091552734,80.36000061035156,80.41000366210938,76.21419525146484,9459900
2024-10-30,80.30000305175781,80.54000091552734,80.05000305175781,80.27999877929688,76.09098052978516,8504800
2024-10-31,80.08000183105469,80.58999633789062,79.95999908447266,80.12000274658203,75.93933868408203,10905300
2024-11-01,80.37999725341797,80.44000244140625,80.05000305175781,80.1500015258789,75.96776580810547,7916100
2024-11-04,80.2699966430664,80.61000061035156,80.1500015258789,80.37000274658203,76.1762924194336,6958900
2024-11-05,80.16999816894531,80.87999725341797,80.0199966430664,80.87999725341797,76.65966033935547,5304800
2024-11-06,81.08999633789062,81.20999908447266,79.36000061035156,79.55999755859375,75.40855407714844,18487700
2024-11-07,79.7300033569336,80.30999755859375,79.66999816894531,79.8499984741211,75.68341827392578,17598100
2024-11-08,79.86000061035156,81.0199966430664,79.8499984741211,80.81999969482422,76.6028060913086,11530300
2024-11-11,80.70999908447266,81.44999694824219,80.4800033569336,80.54000091552734,76.33741760253906,9273800
2024-11-12,80.83999633789062,80.94999694824219,80.48999786376953,80.62999725341797,76.4227066040039,13518000
2024-11-13,80.63999938964844,80.94999694824219,80.4000015258789,80.87000274658203,76.65019226074219,6781600
2024-11-14,80.66999816894531,81.13999938964844,80.61000061035156,80.66999816894531,76.46062469482422,7572200
2024-11-15,80.5999984741211,80.66000366210938,79.91999816894531,79.95999908447266,75.78767395019531,11359100
2024-11-18,80.13999938964844,80.66999816894531,80.05000305175781,80.5199966430664,76.31845092773438,8747600
2024-11-19,80.7300033569336,80.88999938964844,80.13999938964844,80.62999725341797,76.4227066040039,8020800
2024-11-20,79.9000015258789,80.22000122070312,79.52999877929688,80.22000122070312,76.03411102294922,7687200
2024-11-21,80.30999755859375,81.18000030517578,80.08999633789062,81.08999633789062,76.85871124267578,8185800
2024-11-22,81.54000091552734,81.91000366210938,81.44000244140625,81.83999633789062,77.569580078125,7703800
2024-11-25,82.37999725341797,82.62999725341797,82.04000091552734,82.29000091552734,77.99609375,8243100
2024-11-26,82.23999786376953,82.70999908447266,82.13999938964844,82.62999725341797,78.318359375,6973600
2024-11-27,83.0,83.23999786376953,82.6500015258789,82.80000305175781,78.47948455810547,7067800
2024-11-29,82.77999877929688,83.30000305175781,82.66999816894531,83.22000122070312,78.87757110595703,4982600
2024-12-02,83.13999938964844,83.22000122070312,82.5199966430664,83.12000274658203,78.78279876708984,10750100
2024-12-03,83.05000305175781,83.11000061035156,82.54000091552734,82.69000244140625,78.3752212524414,11053200
2024-12-04,82.47000122070312,82.58000183105469,82.05000305175781,82.45999908447266,78.15723419189453,10100900
2024-12-05,82.55000305175781,82.94999694824219,82.33000183105469,82.79000091552734,78.47000122070312,12639000
2024-12-06,82.80999755859375,83.29000091552734,82.37999725341797,82.37999725341797,78.0813980102539,7180600
2024-12-09,82.5,82.87999725341797,82.02999877929688,82.25,77.95818328857422,11614000
2024-12-10,82.19000244140625,82.83999633789062,81.86000061035156,82.63999938964844,78.32783508300781,8497200
2024-12-11,82.7699966430664,83.11000061035156,81.97000122070312,82.01000213623047,77.730712890625,9046100
2024-12-12,82.52999877929688,82.62000274658203,82.12000274658203,82.25,77.95818328857422,5410800
2024-12-13,82.08999633789062,82.5199966430664,81.62999725341797,82.04000091552734,77.75914001464844,8154300
2024-12-16,82.06999969482422,82.4800033569336,81.58999633789062,81.61000061035156,77.3515853881836,6495000
2024-12-17,81.44000244140625,81.88999938964844,81.33000183105469,81.47000122070312,77.21888732910156,8535900
2024-12-18,81.16000366210938,81.43000030517578,80.20999908447266,80.2300033569336,76.04358673095703,17223000
2024-12-19,80.16000366210938,80.55999755859375,79.66000366210938,79.66000366210938,75.50333404541016,15778400
2024-12-20,79.62000274658203,80.4000015258789,79.3499984741211,79.94000244140625,75.76872253417969,11035400
2024-12-23,79.05000305175781,79.2300033569336,78.16000366210938,78.91999816894531,75.36953735351562,11469000
2024-12-24,78.8499984741211,79.48999786376953,78.73999786376953,79.44000244140625,75.86611938476562,3932600
2024-12-26,79.29000091552734,79.73999786376953,79.22000122070312,79.69000244140625,76.10488891601562,4253700
2024-12-27,79.31999969482422,79.72000122070312,79.01000213623047,79.30000305175781,75.73243713378906,6601700
2024-12-30,78.95999908447266,79.01000213623047,78.12000274658203,78.37000274658203,74.8442611694336,7249300
2024-12-31,78.52999877929688,78.86000061035156,78.16000366210938,78.61000061035156,75.07347106933594,6125500
2025-01-02,78.77999877929688,79.13999938964844,78.11000061035156,78.37000274658203,74.8442611694336,9321800
2025-01-03,78.5199966430664,78.69999694824219,78.05000305175781,78.33000183105469,74.80606079101562,6991300
2025-01-06,78.41999816894531,78.44000244140625,77.41999816894531,77.51000213623047,74.0229721069336,9275700
2025-01-07,77.70999908447266,78.16000366210938,77.12999725341797,77.23999786376953,73.76510620117188,11112800
2025-01-08,77.16000366210938,77.45999908447266,76.66999816894531,77.37999725341797,73.89881134033203,9277400
2025-01-10,76.88999938964844,77.33000183105469,76.23999786376953,76.33999633789062,72.90559387207031,13943200
2025-01-13,76.4000015258789,76.66000366210938,76.05999755859375,76.47000122070312,73.02974700927734,9490900
2025-01-14,76.55999755859375,76.6500015258789,76.12999725341797,76.48999786376953,73.0488510131836,7763700
2025-01-15,76.91000366210938,77.1500015258789,76.11000061035156,76.2300033569336,72.80054473876953,11426800
2025-01-16,76.08000183105469,76.87999725341797,75.80999755859375,76.80000305175781,73.34490966796875,11223400
2025-01-17,76.94000244140625,77.4000015258789,76.8499984741211,77.23999786376953,73.76510620117188,10524800
2025-01-21,77.38999938964844,77.9000015258789,77.30999755859375,77.5999984741211,74.10890197753906,8849500
2025-01-22,77.94999694824219,77.94999694824219,77.1500015258789,77.22000122070312,73.74601745605469,8357500
2025-01-23,77.11000061035156,77.52999877929688,76.80000305175781,77.5,74.0134048461914,7562500
2025-01-24,77.47000122070312,77.93000030517578,77.43000030517578,77.9000015258789,74.3954086303711,6685300
2025-01-27,78.69000244140625,80.16000366210938,78.68000030517578,80.01000213623047,76.41048431396484,17519900
2025-01-28,79.76000213623047,80.0999984741211,78.5999984741211,78.76000213623047,75.21672821044922,11664900
2025-01-29,78.87999725341797,79.30000305175781,78.80999755859375,78.94999694824219,75.3981704711914,10195100
2025-01-30,79.33999633789062,79.9000015258789,79.18000030517578,79.7300033569336,76.1430892944336,8192000
2025-01-31,79.02999877929688,79.56999969482422,78.93000030517578,78.9800033569336,75.42682647705078,10269000
2025-02-03,78.41000366210938,79.44999694824219,78.2300033569336,79.29000091552734,75.7228775024414,13340800
2025-02-04,79.0199966430664,79.0999984741211,78.30000305175781,78.62000274658203,75.0830307006836,9307500
2025-02-05,78.61000061035156,79.12999725341797,78.19000244140625,79.11000061035156,75.55097198486328,8847800
2025-02-06,80.1500015258789,80.16999816894531,79.22000122070312,79.47000122070312,75.894775390625,9846300
2025-02-07,79.48999786376953,79.68000030517578,79.12000274658203,79.3499984741211,75.78018188476562,8104000
2025-02-10,79.55999755859375,79.8499984741211,79.05999755859375,79.83999633789062,76.24813842773438,7949600
2025-02-11,79.95999908447266,80.62999725341797,79.66999816894531,80.61000061035156,76.98348999023438,9157100
2025-02-12,79.91999816894531,80.6500015258789,79.87000274658203,80.55000305175781,76.92620086669922,10564000
2025-02-13,80.76000213623047,81.48999786376953,80.54000091552734,81.41999816894531,77.75704956054688,10132300
2025-02-14,81.37999725341797,81.43000030517578,80.58999633789062,80.61000061035156,76.98348999023438,10470300
2025-02-18,80.3499984741211,80.91999816894531,79.9000015258789,80.9000015258789,77.26045989990234,10432400
2025-02-19,81.08999633789062,81.58000183105469,80.88999938964844,81.55000305175781,77.8812026977539,6450800
2025-02-20,80.55999755859375,81.2300033569336,80.43000030517578,81.2300033569336,77.57559967041016,14264000
2025-02-21,81.2300033569336,82.25,80.9800033569336,82.18000030517578,78.48287963867188,18203300
2025-02-24,81.8499984741211,82.80999755859375,81.80999755859375,82.43000030517578,78.72161865234375,14114200
2025-02-25,82.69000244140625,83.87999725341797,82.69000244140625,83.5999984741211,79.83898162841797,18198000
2025-02-26,83.27999877929688,83.36000061035156,81.8499984741211,82.0,78.31096649169922,19969500
2025-02-27,81.63999938964844,82.43000030517578,81.62000274658203,81.98999786376953,78.3014144897461,16613700
2025-02-28,82.69000244140625,83.12999725341797,82.13999938964844,83.08000183105469,79.34237670898438,15163900
2025-03-03,82.68000030517578,83.81999969482422,82.68000030517578,83.5199966430664,79.76258087158203,18918900
2025-03-04,83.36000061035156,84.13999938964844,82.05000305175781,82.0999984741211,78.40645599365234,21845600
2025-03-05,81.94000244140625,82.75,81.80999755859375,82.44000244140625,78.73117065429688,13772700
2025-03-06,82.12999725341797,82.80000305175781,81.94000244140625,82.58999633789062,78.8744125366211,13729400
2025-03-07,82.05999755859375,83.43000030517578,82.04000091552734,82.86000061035156,79.13226318359375,19631100
2025-03-10,82.98999786376953,84.3499984741211,82.36000061035156,82.68000030517578,78.96037292480469,27412700
2025-03-11,82.51000213623047,82.58000183105469,81.41000366210938,81.47000122070312,77.8048095703125,27913700
2025-03-12,80.68000030517578,80.9800033569336,79.62000274658203,79.69999694824219,76.11442565917969,22000500
2025-03-13,79.80000305175781,80.12000274658203,79.18000030517578,79.33000183105469,75.7610855102539,18077400
2025-03-14,79.1500015258789,79.58000183105469,78.87999725341797,79.51000213623047,75.9329833984375,10251300
2025-03-17,79.6500015258789,80.91000366210938,79.58000183105469,80.66999816894531,77.04078674316406,12470000
2025-03-18,80.61000061035156,80.70999908447266,79.69999694824219,79.75,76.16218566894531,9461100
2025-03-19,79.56999969482422,79.83000183105469,79.13999938964844,79.75,76.16218566894531,12042700
2025-03-20,79.62999725341797,79.91999816894531,79.23999786376953,79.36000061035156,75.78974151611328,10954500
2025-03-21,79.30000305175781,79.52999877929688,78.98999786376953,79.33000183105469,75.7610855102539,11926200
2025-03-24,79.02999877929688,79.4800033569336,78.95999908447266,79.4000015258789,76.22959899902344,9586600
2025-03-25,79.26000213623047,79.36000061035156,78.43000030517578,78.68000030517578,75.53834533691406,12703200
2025-03-26,78.8499984741211,80.08000183105469,78.8499984741211,79.9000015258789,76.70963287353516,11491900
2025-03-27,80.12999725341797,80.97000122070312,80.06999969482422,80.80999755859375,77.58329772949219,9253000
2025-03-28,80.91999816894531,81.0999984741211,80.11000061035156,80.41000366210938,77.19927215576172,12493200
2025-03-31,80.52999877929688,81.91999816894531,80.52999877929688,81.66999816894531,78.4089584350586,14299100
2025-04-01,81.86000061035156,82.01000213623047,81.31999969482422,81.79000091552734,78.52415466308594,11201000
2025-04-02,81.83000183105469,82.05999755859375,81.18000030517578,81.55000305175781,78.29374694824219,9219000
2025-04-03,81.75,82.81999969482422,81.3499984741211,82.0199966430664,78.74497985839844,20746100
2025-04-04,81.58000183105469,82.04000091552734,78.45999908447266,78.45999908447266,75.32713317871094,35619500
2025-04-07,76.5999984741211,79.37999725341797,76.16000366210938,77.55000305175781,74.4534683227539,45133500
2025-04-08,78.70999908447266,78.97000122070312,75.61000061035156,76.3499984741211,73.30137634277344,26842500
2025-04-09,75.97000122070312,79.94000244140625,75.83000183105469,79.30999755859375,76.14319610595703,39358900
2025-04-10,79.30000305175781,80.1500015258789,77.97000122070312,79.3499984741211,76.18158721923828,25968000
2025-04-11,79.6500015258789,80.86000061035156,78.91000366210938,80.3499984741211,77.14166259765625,19009500
2025-04-14,80.69000244140625,82.05000305175781,80.33000183105469,81.72000122070312,78.45694732666016,12388100
2025-04-15,81.83999633789062,81.94000244140625,80.9800033569336,81.02999877929688,77.79450988769531,8920200
2025-04-16,81.37000274658203,81.48999786376953,79.81999969482422,80.16000366210938,76.9592514038086,13657300
2025-04-17,80.51000213623047,82.26000213623047,80.38999938964844,81.87000274658203,78.6009750366211,13663600
2025-04-21,81.94000244140625,82.02999877929688,80.19999694824219,81.08999633789062,77.85211944580078,13804400
2025-04-22,81.4000015258789,82.70999908447266,81.26000213623047,82.23999786376953,78.95619201660156,11258800
2025-04-23,82.37999725341797,82.70999908447266,81.12999725341797,81.7699966430664,78.50495147705078,17717300
2025-04-24,81.22000122070312,81.33000183105469,80.68000030517578,81.05000305175781,77.81370544433594,12480700
2025-04-25,81.19999694824219,81.44000244140625,80.0,80.83999633789062,77.61209106445312,14378000
2025-04-28,80.91000366210938,81.22000122070312,80.13999938964844,80.56999969482422,77.35286712646484,12088900
2025-04-29,80.2300033569336,81.30000305175781,79.79000091552734,81.23999786376953,77.99613189697266,10065700
2025-04-30,81.69000244140625,82.1500015258789,80.66999816894531,81.83000183105469,78.56256103515625,10565800
2025-05-01,81.29000091552734,81.55000305175781,80.83000183105469,81.12000274658203,77.88092803955078,13203000
2025-05-02,81.58000183105469,81.86000061035156,81.20999908447266,81.55999755859375,78.30335235595703,14859700
2025-05-05,81.58000183105469,81.68000030517578,81.0,81.48999786376953,78.23612976074219,10236300
2025-05-06,81.33000183105469,81.62999725341797,80.97000122070312,81.3499984741211,78.10173034667969,10506300
2025-05-07,81.43000030517578,81.8499984741211,81.16000366210938,81.4800033569336,78.22653198242188,10474900
2025-05-08,81.56999969482422,81.94999694824219,81.06999969482422,81.37999725341797,78.13053131103516,11018500
2025-05-09,81.02999877929688,81.33999633789062,80.81999969482422,80.91000366210938,77.67930603027344,9231500
2025-05-12,80.97000122070312,81.2300033569336,80.33000183105469,81.02999877929688,77.79450988769531,18914800
2025-05-13,80.76000213623047,80.87999725341797,79.6500015258789,79.94000244140625,76.7480239868164,13148500
2025-05-14,79.80000305175781,79.91000366210938,79.36000061035156,79.51000213623047,76.335205078125,10352000
2025-05-15,79.58000183105469,81.19000244140625,79.26000213623047,81.13999938964844,77.90011596679688,13370000
2025-05-16,81.22000122070312,82.06999969482422,81.0999984741211,82.06999969482422,78.79297637939453,11973300
2025-05-19,81.8499984741211,82.37000274658203,81.61000061035156,82.30999755859375,79.02339935302734,13601400
2025-05-20,82.2699966430664,82.83999633789062,82.2699966430664,82.5999984741211,79.30181884765625,12719300
2025-05-21,82.19999694824219,82.33000183105469,81.51000213623047,81.63999938964844,78.3801498413086,10989100
2025-05-22,81.56999969482422,81.73999786376953,80.97000122070312,81.30000305175781,78.0537338256836,11871600
2025-05-23,81.26000213623047,81.7699966430664,80.76000213623047,81.5999984741211,78.34174346923828,10693100
2025-05-27,81.9000015258789,82.38999938964844,81.72000122070312,82.33999633789062,79.05220031738281,14433600
2025-05-28,82.30999755859375,82.58000183105469,81.69000244140625,81.77999877929688,78.51455688476562,9963800
2025-05-29,81.80999755859375,82.16000366210938,81.4000015258789,82.11000061035156,78.83137512207031,13321300
2025-05-30,81.97000122070312,83.19000244140625,81.97000122070312,82.83000183105469,79.52262878417969,17778900
2025-06-02,82.58999633789062,82.88999938964844,82.05999755859375,82.87999725341797,79.57063293457031,15827900
2025-06-03,82.73999786376953,82.93000030517578,82.22000122070312,82.80000305175781,79.49384307861328,13265600
2025-06-04,82.81999969482422,82.83999633789062,82.1500015258789,82.22000122070312,78.9369888305664,10804100
2025-06-05,82.05000305175781,82.16000366210938,81.20999908447266,81.43000030517578,78.17853546142578,16474500
2025-06-06,81.80999755859375,81.94999694824219,81.43000030517578,81.69000244140625,78.42815399169922,10948900
2025-06-09,81.55999755859375,81.83000183105469,81.19000244140625,81.58000183105469,78.32254791259766,13027300
2025-06-10,81.58999633789062,81.94999694824219,81.44999694824219,81.76000213623047,78.495361328125,12364900
2025-06-11,81.70999908447266,81.70999908447266,81.20999908447266,81.4800033569336,78.22653198242188,11204000
2025-06-12,81.44999694824219,81.9800033569336,81.08999633789062,81.95999908447266,78.6873779296875,10709900
2025-06-13,81.70999908447266,82.16000366210938,80.7699966430664,80.95999908447266,77.72730255126953,15635100
2025-06-16,81.16000366210938,81.8499984741211,80.97000122070312,81.22000122070312,77.97691345214844,12728200
2025-06-17,80.98999786376953,81.12000274658203,80.5,80.52999877929688,77.3144760131836,15059900
2025-06-18,80.75,80.83999633789062,80.37999725341797,80.43000030517578,77.21845245361328,11117700
2025-06-20,80.72000122070312,81.23999786376953,80.61000061035156,81.0199966430664,77.784912109375,16771500
2025-06-23,80.52999877929688,81.47000122070312,80.47000122070312,81.4000015258789,78.68582916259766,17771400
2025-06-24,81.38999938964844,81.4800033569336,80.97000122070312,81.33000183105469,78.61817169189453,12580900
2025-06-25,81.16000366210938,81.16000366210938,80.12999725341797,80.23999786376953,77.56451416015625,12880400
2025-06-26,80.31999969482422,80.63999938964844,79.97000122070312,80.16999816894531,77.49683380126953,13783200
2025-06-27,80.25,80.80000305175781,80.16999816894531,80.55000305175781,77.86417388916016,15135300
2025-06-30,80.51000213623047,81.12000274658203,80.38999938964844,80.97000122070312,78.2701644897461,12080000
2025-07-01,81.05999755859375,82.4800033569336,81.05999755859375,81.9800033569336,79.24649810791016,23302100
2025-07-02,81.91999816894531,82.2699966430664,81.54000091552734,82.22000122070312,79.47848510742188,16429100
2025-07-03,82.2699966430664,82.33000183105469,81.77999877929688,82.18000030517578,79.43982696533203,10898400
2025-07-07,82.0999984741211,82.16000366210938,81.68000030517578,82.11000061035156,79.37215423583984,14365100
2025-07-08,81.79000091552734,81.91000366210938,81.27999877929688,81.3499984741211,78.63748931884766,15712800
2025-07-09,81.45999908447266,81.55000305175781,80.37000274658203,80.81999969482422,78.12516784667969,22179000
2025-07-10,80.86000061035156,81.41999816894531,80.56999969482422,81.11000061035156,78.40550231933594,16687900
2025-07-11,80.79000091552734,81.01000213623047,80.4000015258789,80.80999755859375,78.11550903320312,16936700
2025-07-14,80.83000183105469,80.93000030517578,80.27999877929688,80.87999725341797,78.18316650390625,13694000
2025-07-15,80.69999694824219,80.8499984741211,80.05999755859375,80.06999969482422,77.40017700195312,17681600
2025-07-16,80.11000061035156,80.41999816894531,79.68000030517578,80.3499984741211,77.67084503173828,15633600
2025-07-17,80.66000366210938,81.16000366210938,80.47000122070312,81.11000061035156,78.40550231933594,17079000
2025-07-18,81.1500015258789,81.48999786376953,80.79000091552734,80.88999938964844,78.19283294677734,12755000
2025-07-21,80.95999908447266,81.31999969482422,80.79000091552734,80.87999725341797,78.18316650390625,13430900
2025-07-22,80.4800033569336,81.76000213623047,80.41999816894531,81.62000274658203,78.89849090576172,20413700
2025-07-23,81.6500015258789,81.86000061035156,81.38999938964844,81.6500015258789,78.92748260498047,13808900
2025-07-24,81.72000122070312,81.80999755859375,81.29000091552734,81.36000061035156,78.64716339111328,11462600
2025-07-25,81.30999755859375,81.5199966430664,81.04000091552734,81.5,78.7824935913086,9284900
2025-07-28,81.06999969482422,81.19999694824219,80.55000305175781,80.66000366210938,77.97051239013672,12113200
2025-07-29,80.80000305175781,81.43000030517578,80.37000274658203,81.19000244140625,78.48284149169922,18872900
2025-07-30,81.2300033569336,81.48999786376953,80.25,80.47000122070312,77.78683471679688,16485500
2025-07-31,79.9000015258789,80.55999755859375,79.6500015258789,79.77999877929688,77.11984252929688,18339700
2025-08-01,80.22000122070312,80.66000366210938,80.05000305175781,80.16000366210938,77.48717498779297,28529200
2025-08-04,80.05999755859375,80.69000244140625,80.05999755859375,80.55000305175781,77.86417388916016,14441900
2025-08-05,80.51000213623047,80.91000366210938,80.3499984741211,80.47000122070312,77.78683471679688,15062900
2025-08-06,80.69999694824219,81.88999938964844,80.5,81.62000274658203,78.89849090576172,16043200
2025-08-07,81.76000213623047,82.36000061035156,81.48999786376953,82.23999786376953,79.4978256225586,15984100
2025-08-08,82.30999755859375,82.79000091552734,82.27999877929688,82.4800033569336,79.72982788085938,14135200
2025-08-11,82.5199966430664,82.62999725341797,81.91000366210938,82.41000366210938,79.66215515136719,12970500
2025-08-12,82.5199966430664,82.69999694824219,82.26000213623047,82.62999725341797,79.87480926513672,16449500
2025-08-13,82.19000244140625,82.80000305175781,81.93000030517578,82.62999725341797,79.87480926513672,17683900
2025-08-14,82.3499984741211,82.4000015258789,81.83000183105469,81.88999938964844,79.15949249267578,12826500
2025-08-15,82.02999877929688,82.2699966430664,81.6500015258789,82.0199966430664,79.28514862060547,12217700
2025-08-18,82.05999755859375,82.29000091552734,81.86000061035156,81.91000366210938,79.17882537841797,11892100
2025-08-19,82.06999969482422,82.87999725341797,82.05000305175781,82.75,79.99081420898438,13215600
2025-08-20,82.72000122070312,83.9000015258789,82.63999938964844,83.22000122070312,80.44514465332031,24835800
2025-08-21,82.6500015258789,82.69000244140625,82.18000030517578,82.47000122070312,79.72015380859375,18125200
2025-08-22,82.72000122070312,83.26000213623047,82.26000213623047,82.47000122070312,79.72015380859375,16491500
2025-08-25,82.08999633789062,82.2300033569336,80.9800033569336,81.05999755859375,78.35716247558594,20490600
2025-08-26,80.94999694824219,81.0,80.37999725341797,80.52999877929688,77.84484100341797,17724000
2025-08-27,80.44000244140625,80.80000305175781,80.3499984741211,80.7699966430664,78.07682800292969,11764700
2025-08-28,80.81999969482422,80.87000274658203,80.0199966430664,80.26000213623047,77.5838394165039,14505000
2025-08-29,80.44000244140625,80.83999633789062,80.27999877929688,80.77999877929688,78.08649444580078,15675800
2025-09-02,80.91999816894531,81.19999694824219,80.33000183105469,80.6500015258789,77.9608383178711,16662400
2025-09-03,80.25,80.62999725341797,79.91000366210938,80.58999633789062,77.90283966064453,14723100
2025-09-04,80.75,81.05000305175781,80.44000244140625,80.63999938964844,77.951171875,12717400
2025-09-05,80.62000274658203,81.27999877929688,80.41999816894531,80.87000274658203,78.17350006103516,20657300
2025-09-08,80.77999877929688,80.79000091552734,80.04000091552734,80.56999969482422,77.88349914550781,18019800
2025-09-09,80.41000366210938,80.8499984741211,80.31999969482422,80.7300033569336,78.03816986083984,13459600
2025-09-10,80.38999938964844,80.54000091552734,79.54000091552734,79.94000244140625,77.2745132446289,19041800
2025-09-11,80.1500015258789,80.81999969482422,80.02999877929688,80.58999633789062,77.90283966064453,16717500
2025-09-12,80.44999694824219,80.63999938964844,80.11000061035156,80.31999969482422,77.64183807373047,10261000
2025-09-15,80.29000091552734,80.4800033569336,79.36000061035156,79.4000015258789,76.75251007080078,14871900
2025-09-16,79.52999877929688,79.94000244140625,79.3499984741211,79.76000213623047,77.10051727294922,16171000
2025-09-17,79.87999725341797,80.73999786376953,79.87999725341797,80.23999786376953,77.56451416015625,14408700
2025-09-18,79.70999908447266,80.0199966430664,79.52999877929688,79.54000091552734,76.88784790039062,21046100
2025-09-19,79.7300033569336,79.75,79.30999755859375,79.37999725341797,76.73318481445312,13348900
2025-09-22,78.54000091552734,78.5999984741211,77.91000366210938,77.95999908447266,75.87765502929688,11993700
2025-09-23,78.02999877929688,78.37999725341797,77.7300033569336,78.3499984741211,76.25724029541016,9703700
2025-09-24,78.33000183105469,78.83000183105469,78.19999694824219,78.5199966430664,76.4227066040039,10634100
2025-09-25,78.86000061035156,78.93000030517578,77.7699966430664,77.7699966430664,75.69273376464844,12046100
2025-09-26,77.69000244140625,78.01000213623047,77.48999786376953,77.95999908447266,75.87765502929688,11547800
2025-09-29,78.08999633789062,78.12999725341797,77.58000183105469,78.11000061035156,76.0236587524414,11490300
2025-09-30,78.01000213623047,78.54000091552734,77.94999694824219,78.37000274658203,76.27671813964844,12306100
2025-10-01,78.2699966430664,78.48999786376953,77.80000305175781,78.25,76.15991973876953,10125300
2025-10-02,77.91000366210938,78.19999694824219,77.75,77.94000244140625,75.85820007324219,8422100
2025-10-03,77.91000366210938,78.3499984741211,77.80999755859375,78.02999877929688,75.94579315185547,8426600
2025-10-06,77.86000061035156,77.91999816894531,77.37999725341797,77.45999908447266,75.3910140991211,10740000
2025-10-07,77.55999755859375,78.30000305175781,77.16000366210938,78.18000030517578,76.09178161621094,12084200
2025-10-08,78.12000274658203,78.12999725341797,77.66000366210938,77.79000091552734,75.71219635009766,9503000
2025-10-09,78.04000091552734,78.16000366210938,77.69000244140625,78.04000091552734,75.95552825927734,9315600
2025-10-10,78.30000305175781,78.7699966430664,78.0999984741211,78.0999984741211,76.01392364501953,20763500
2025-10-13,77.7300033569336,78.12999725341797,77.44000244140625,77.83999633789062,75.76085662841797,12692100
2025-10-14,77.91999816894531,79.12999725341797,77.79000091552734,79.08999633789062,76.97747802734375,12884100
2025-10-15,79.08000183105469,79.72000122070312,78.95999908447266,79.2300033569336,77.1137466430664,9111200
2025-10-16,79.43000030517578,79.75,78.4800033569336,78.68000030517578,76.57842254638672,13600000
2025-10-17,79.05999755859375,79.77999877929688,79.0199966430664,79.7300033569336,77.60038757324219,13983900
2025-10-20,79.9000015258789,80.01000213623047,79.52999877929688,79.66000366210938,77.53225708007812,13002500
2025-10-21,79.80000305175781,79.8499984741211,79.06999969482422,79.29000091552734,77.1721420288086,17471400
2025-10-22,79.41000366210938,80.25,78.98999786376953,79.73999786376953,77.61011505126953,13294700
2025-10-23,79.83000183105469,79.86000061035156,79.01000213623047,79.3499984741211,77.23053741455078,10809500
2025-10-24,79.87999725341797,79.9000015258789,79.05999755859375,79.08999633789062,76.97747802734375,12735500
2025-10-27,79.30000305175781,79.33000183105469,78.87000274658203,79.22000122070312,77.10401153564453,13984700
2025-10-28,78.91000366210938,79.0,78.41000366210938,78.43000030517578,76.3351058959961,8927500
2025-10-29,77.88999938964844,77.9000015258789,76.48999786376953,76.58000183105469,74.5345230102539,19894100
2025-10-30,76.61000061035156,76.94999694824219,76.47000122070312,76.5,74.45665740966797,17364800
2025-10-31,76.19000244140625,76.48999786376953,75.80999755859375,76.27999877929688,74.2425308227539,14658200
2025-11-03,76.12000274658203,76.18000030517578,75.45999908447266,75.68000030517578,73.65856170654297,16185500
2025-11-04,76.0,76.19999694824219,75.55000305175781,75.98999786376953,73.96028137207031,18147000
2025-11-05,75.9000015258789,76.20999908447266,75.51000213623047,75.94000244140625,73.91162109375,15782900
2025-11-06,75.69999694824219,75.93000030517578,75.16000366210938,75.5999984741211,73.58069610595703,15452200
2025-11-07,76.12999725341797,76.8499984741211,75.87999725341797,76.70999908447266,74.66104888916016,16959500
2025-11-10,76.4800033569336,76.61000061035156,75.93000030517578,76.43000030517578,74.3885269165039,16805900
2025-11-11,76.66999816894531,77.54000091552734,76.61000061035156,77.43000030517578,75.36182403564453,19801200
2025-11-12,77.48999786376953,77.7300033569336,77.30000305175781,77.31999969482422,75.25475311279297,10978200
2025-11-13,77.33000183105469,77.79000091552734,77.12000274658203,77.31999969482422,75.25475311279297,15370800
2025-11-14,77.3499984741211,77.61000061035156,76.79000091552734,77.26000213623047,75.19635772705078,13138200
2025-11-17,77.27999877929688,77.5999984741211,76.72000122070312,76.7699966430664,74.71943664550781,13887100
2025-11-18,76.9800033569336,77.37999725341797,76.63999938964844,77.0999984741211,75.04063415527344,16840000
2025-11-19,76.94000244140625,77.06999969482422,76.2300033569336,76.51000213623047,74.46639251708984,15122100
2025-11-20,76.75,77.37999725341797,76.69999694824219,77.05999755859375,75.00170135498047,21590200
2025-11-21,77.36000061035156,78.4000015258789,77.20999908447266,77.9000015258789,75.81926727294922,22216000
2025-11-24,77.80000305175781,77.93000030517578,76.9000015258789,77.0,74.94330596923828,17869400
2025-11-25,77.19999694824219,78.08999633789062,77.19999694824219,78.05999755859375,75.97499084472656,18586300
2025-11-26,78.05999755859375,79.11000061035156,78.05999755859375,78.91000366210938,76.80228424072266,13275100
2025-11-28,78.80000305175781,79.38999938964844,78.80000305175781,79.37000274658203,77.25,8914300
2025-12-01,79.26000213623047,79.52999877929688,79.04000091552734,79.29000091552734,77.1721420288086,16939900
2025-12-02,79.05000305175781,79.05000305175781,78.16999816894531,78.7699966430664,76.666015625,20551000
2025-12-03,78.93000030517578,79.55000305175781,78.73999786376953,78.83000183105469,76.72442626953125,16832900
2025-12-04,78.69000244140625,78.91000366210938,78.01000213623047,78.44999694824219,76.35457611083984,14269500
2025-12-05,78.4000015258789,78.98999786376953,78.2300033569336,78.45999908447266,76.36431121826172,13343200
2025-12-08,78.30999755859375,78.31999969482422,77.68000030517578,77.80999755859375,75.73165893554688,14602000
2025-12-09,77.9800033569336,78.22000122070312,77.6500015258789,77.98999786376953,75.9068603515625,14040200
2025-12-10,78.19000244140625,78.37999725341797,77.93000030517578,78.22000122070312,76.1307144165039,13945300
2025-12-11,78.41000366210938,79.06999969482422,78.4000015258789,78.80000305175781,76.69522857666016,13753800
2025-12-12,78.93000030517578,79.45999908447266,78.80000305175781,79.41999816894531,77.29866027832031,14506900
2025-12-15,79.62999725341797,79.91000366210938,79.31999969482422,79.63999938964844,77.5127944946289,14499400
2025-12-16,79.79000091552734,79.97000122070312,79.0999984741211,79.27999877929688,77.16239929199219,13055300
2025-12-17,79.38999938964844,79.87999725341797,79.3499984741211,79.6500015258789,77.52252960205078,14268400
2025-12-18,79.33000183105469,79.81999969482422,79.13999938964844,79.19000244140625,77.0748062133789,12117100
2025-12-19,79.12000274658203,79.16000366210938,78.76000213623047,78.77999877929688,76.6757583618164,13142000
2025-12-22,77.97000122070312,78.19999694824219,77.7300033569336,77.87999725341797,76.40791320800781,10983600
2025-12-23,77.80999755859375,77.81999969482422,77.37999725341797,77.51000213623047,76.044921875,7638500
2025-12-24,77.55000305175781,78.19000244140625,77.55000305175781,78.12000274658203,76.64338684082031,4697100
2025-12-26,78.04000091552734,78.41000366210938,77.97000122070312,78.2300033569336,76.75130462646484,8761300
2025-12-29,78.16999816894531,78.4800033569336,78.16999816894531,78.27999877929688,76.80036163330078,9242300
2025-12-30,78.0999984741211,78.33000183105469,78.04000091552734,78.1500015258789,76.67282104492188,5610900
2025-12-31,77.98999786376953,78.12000274658203,77.66999816894531,77.68000030517578,76.21170043945312,5872000
2026-01-02,77.70999908447266,77.97000122070312,77.30000305175781,77.69000244140625,76.22151184082031,15968600
2026-01-05,77.55999755859375,77.56999969482422,76.76000213623047,77.3499984741211,75.88793182373047,23429400
2026-01-06,77.33999633789062,77.69000244140625,77.13999938964844,77.47000122070312,76.00567626953125,17108100
2026-01-07,77.55999755859375,77.69000244140625,76.5999984741211,76.62000274658203,75.17173767089844,18977200
2026-01-08,76.61000061035156,78.7300033569336,76.51000213623047,78.44000244140625,76.95733642578125,26260100
2026-01-09,78.43000030517578,79.33999633789062,78.37000274658203,79.25,77.75202178955078,18234000
2026-01-12,79.52999877929688,80.2699966430664,79.26000213623047,80.18000030517578,78.6644515991211,26411200
2026-01-13,80.20999908447266,81.19000244140625,80.20999908447266,81.11000061035156,79.57686614990234,26284200
2026-01-14,81.08000183105469,82.3499984741211,81.05000305175781,82.2300033569336,80.67570495605469,32494200
2026-01-15,82.0999984741211,82.51000213623047,81.8499984741211,82.37000274658203,80.81305694580078,29123700
2026-01-16,82.1500015258789,82.27999877929688,81.72000122070312,82.11000061035156,80.55796813964844,23754200
2026-01-20,81.94999694824219,82.55999755859375,81.44999694824219,82.36000061035156,80.80323791503906,19889000
2026-01-21,82.16999816894531,82.56999969482422,81.66000366210938,82.44000244140625,80.88172912597656,23029100
2026-01-22,82.33999633789062,82.56999969482422,82.05000305175781,82.2699966430664,80.71493530273438,15777300
2026-01-23,82.37999725341797,82.94000244140625,82.30999755859375,82.91000366210938,81.34284973144531,20185600
2026-01-26,83.05000305175781,83.33000183105469,82.63999938964844,82.77999877929688,81.21530151367188,13188000
2026-01-27,82.76000213623047,83.23999786376953,82.44999694824219,83.16000366210938,81.58811950683594,13532200
2026-01-28,83.0,83.4000015258789,81.94999694824219,82.31999969482422,80.76399993896484,16303200
2026-01-29,82.36000061035156,82.8499984741211,82.01000213623047,82.12999725341797,80.57758331298828,18799300
2026-01-30,82.18000030517578,83.51000213623047,82.02999877929688,83.51000213623047,81.93151092529297,18174800
2026-02-02,83.76000213623047,84.66000366210938,83.29000091552734,84.5,82.90278625488281,26041700
2026-02-03,84.12000274658203,86.33999633789062,84.05999755859375,85.87000274658203,84.24689483642578,33052500
2026-02-04,86.31999969482422,87.3499984741211,86.22000122070312,86.98999786376953,85.34571838378906,33748100
2026-02-05,87.58000183105469,87.63999938964844,86.47000122070312,86.91999816894531,85.27704620361328,38772900
2026-02-06,86.8499984741211,88.08999633789062,86.69999694824219,87.94000244140625,86.27777099609375,29568600
2026-02-09,87.91000366210938,88.22000122070312,86.87999725341797,87.43000030517578,85.77740478515625,21853900
2026-02-10,87.33000183105469,87.83000183105469,86.81999969482422,87.1500015258789,85.50270080566406,20908100
2026-02-11,86.98999786376953,88.70999908447266,86.7300033569336,88.4000015258789,86.72907257080078,25588300
2026-02-12,88.48999786376953,90.05999755859375,88.48999786376953,89.20999908447266,87.52376556396484,35282800
2026-02-13,89.05000305175781,90.0,88.62000274658203,89.51000213623047,87.8180923461914,25649700
2026-02-17,89.62999725341797,90.13999938964844,87.6500015258789,88.19999694824219,86.53285217285156,29819300
2026-02-18,87.93000030517578,88.5199966430664,87.62000274658203,88.04000091552734,86.37586975097656,20422200
2026-02-19,88.0,88.69999694824219,87.37000274658203,87.66999816894531,86.01287078857422,18447200
2026-02-20,87.66999816894531,87.94999694824219,87.18000030517578,87.88999938964844,86.22870635986328,17909400
2026-02-23,87.68000030517578,89.16999816894531,87.68000030517578,88.97000122070312,87.28829956054688,22070900
2026-02-24,88.95999908447266,89.77999877929688,88.76000213623047,89.73999786376953,88.04374694824219,20364000
2026-02-25,89.33999633789062,89.45999908447266,88.31999969482422,89.01000213623047,87.32754516601562,15215600
2026-02-26,89.26000213623047,89.63999938964844,88.58999633789062,88.86000061035156,87.18038177490234,15925900
2026-02-27,88.9800033569336,90.05999755859375,88.95999908447266,90.01000213623047,88.30863952636719,17314200
2026-03-02,89.44000244140625,89.79000091552734,88.69000244140625,88.70999908447266,87.03321838378906,27606700
2026-03-03,88.3499984741211,88.51000213623047,87.16000366210938,87.73999786376953,86.08154296875,36852400
2026-03-04,87.80999755859375,87.95999908447266,86.93000030517578,87.16000366210938,85.51251983642578,22736400
2026-03-05,86.33999633789062,86.44000244140625,85.05999755859375,85.41000366210938,83.79560089111328,33738500
2026-03-06,84.91999816894531,85.8499984741211,84.62000274658203,85.77999877929688,84.1585922241211,25859700
2026-03-09,85.2699966430664,86.16000366210938,84.80000305175781,85.97000122070312,84.34500885009766,20729100
2026-03-10,85.69000244140625,86.48999786376953,85.16000366210938,85.72000122070312,84.09972381591797,18864900
2026-03-11,85.55000305175781,85.61000061035156,84.20999908447266,84.58999633789062,82.99108123779297,18432200
2026-03-12,83.91999816894531,84.97000122070312,83.69000244140625,84.25,82.65751647949219,17861800
2026-03-13,84.70999908447266,85.11000061035156,84.55999755859375,84.73999786376953,83.13824462890625,13103600
2026-03-16,85.20999908447266,85.45999908447266,84.81999969482422,84.9800033569336,83.37371826171875,12882500
2026-03-17,85.4000015258789,85.68000030517578,84.63999938964844,84.69999694824219,83.09900665283203,12224900
2026-03-18,84.01000213623047,84.02999877929688,82.5999984741211,82.63999938964844,81.07794189453125,19412700
2026-03-19,82.62000274658203,83.0,81.83000183105469,81.97000122070312,80.42060852050781,18581300
2026-03-20,82.11000061035156,82.30999755859375,81.05999755859375,81.29000091552734,79.75346374511719,20895800
2026-03-23,81.77999877929688,81.83000183105469,80.9800033569336,81.18000030517578,80.0938491821289,21027400
2026-03-24,80.80000305175781,82.02999877929688,80.62999725341797,81.11000061035156,80.0247802734375,14830000
2026-03-25,81.43000030517578,81.62999725341797,80.51000213623047,81.51000213623047,80.41943359375,17648200
2026-03-26,81.4800033569336,82.2300033569336,81.06999969482422,81.13999938964844,80.05438232421875,14148400
2026-03-27,81.2699966430664,82.31999969482422,80.98999786376953,81.77999877929688,80.6858139038086,25942100
2026-03-30,81.91000366210938,82.61000061035156,81.62999725341797,81.87999725341797,80.78447723388672,15855700
2026-03-31,82.0,82.2699966430664,81.1500015258789,81.9800033569336,80.88314819335938,19522700
2026-04-01,81.72000122070312,81.87000274658203,80.91999816894531,81.45999908447266,80.37010192871094,29643400
2026-04-02,81.70999908447266,81.9800033569336,81.16000366210938,81.88999938964844,80.79434967041016,20709800
2026-04-06,81.86000061035156,82.69000244140625,81.61000061035156,82.66000366210938,81.5540542602539,9796700
2026-04-07,82.45999908447266,82.54000091552734,81.0999984741211,81.26000213623047,80.17278289794922,13331200
2026-04-08,81.25,82.80000305175781,80.97000122070312,82.77999877929688,81.67243957519531,12645900
2026-04-09,82.23999786376953,83.63999938964844,82.05999755859375,83.44999694824219,82.3334732055664,11716200
2026-04-10,83.37999725341797,83.41000366210938,82.13999938964844,82.37000274658203,81.26792907714844,12097000
2026-04-13,82.13999938964844,82.2699966430664,81.06999969482422,81.55000305175781,80.45890045166016,9981200
2026-04-14,81.05999755859375,81.75,80.70999908447266,81.47000122070312,80.37996673583984,11577400
2026-04-15,81.2300033569336,81.31999969482422,80.45999908447266,81.05999755859375,79.97545623779297,10893700
2026-04-16,80.98999786376953,81.80000305175781,80.87000274658203,81.43000030517578,80.34049987792969,13279000
2026-04-17,81.31999969482422,82.54000091552734,81.1500015258789,82.45999908447266,81.35671997070312,12251700
2026-04-20,82.55000305175781,82.94999694824219,82.08000183105469,82.38999938964844,81.28765869140625,9430800
2026-04-21,82.33999633789062,82.44999694824219,81.73999786376953,81.83999633789062,80.74501037597656,8710400
2026-04-22,82.08999633789062,82.51000213623047,81.8499984741211,82.11000061035156,81.01140594482422,9138500
2026-04-23,82.36000061035156,83.66000366210938,82.36000061035156,83.4800033569336,82.36307525634766,12354400
2026-04-24,83.76000213623047,83.86000061035156,82.94999694824219,83.2300033569336,82.11642456054688,10852700
2026-04-27,83.0999984741211,83.33999633789062,82.2699966430664,82.33999633789062,81.23832702636719,11125800
2026-04-28,83.5999984741211,83.6500015258789,82.62000274658203,83.08000183105469,81.96842956542969,10170400
2026-04-29,82.76000213623047,83.23999786376953,82.47000122070312,82.91999816894531,81.8105697631836,12096900
2026-04-30,83.29000091552734,84.44000244140625,83.18000030517578,84.30999755859375,83.18196868896484,15360200
2026-05-01,84.72000122070312,85.05999755859375,83.73999786376953,84.16999816894531,83.0438461303711,13320000
2026-05-04,83.54000091552734,84.3499984741211,83.13999938964844,83.54000091552734,82.42227172851562,12599100
2026-05-05,83.4800033569336,84.45999908447266,83.2699966430664,84.05999755859375,82.93531036376953,10891500
2026-05-06,84.33999633789062,84.51000213623047,83.83999633789062,84.23999786376953,83.11289978027344,11529800
2026-05-07,83.93000030517578,84.30000305175781,83.1500015258789,83.9800033569336,82.85638427734375,10116900
2026-05-08,84.52999877929688,84.80000305175781,84.16000366210938,84.18000030517578,83.0537109375,10323400
2026-05-11,84.08000183105469,84.29000091552734,82.83000183105469,83.37000274658203,82.25454711914062,11062700
2026-05-12,83.70999908447266,85.0199966430664,83.20999908447266,84.44000244140625,83.31023406982422,16105000
2026-05-13,84.19999694824219,85.26000213623047,84.13999938964844,84.72000122070312,83.58648681640625,10463200
2026-05-14,84.94999694824219,85.26000213623047,84.79000091552734,84.9800033569336,83.84300994873047,6627600
2026-05-15,85.52999877929688,85.58999633789062,84.51000213623047,84.63999938964844,83.50755310058594,12229600
2026-05-18,84.75,85.94000244140625,84.68000030517578,85.9000015258789,84.75069427490234,11634800
2026-05-19,85.81999969482422,86.69999694824219,85.16000366210938,86.08999633789062,84.93815612792969,12233000
2026-05-20,85.58000183105469,86.06999969482422,84.80999755859375,85.5199966430664,84.37577056884766,14035000
2026-05-21,84.55999755859375,84.7699966430664,83.44000244140625,84.66000366210938,83.52729034423828,13185200
2026-05-22,84.72000122070312,85.12000274658203,84.44000244140625,84.80000305175781,83.66542053222656,7889900
2026-05-26,84.79000091552734,84.88999938964844,83.52999877929688,83.62999725341797,82.51106262207031,9475800
2026-05-27,84.0199966430664,85.16000366210938,83.9000015258789,84.58000183105469,83.44835662841797,12224200
2026-05-28,84.86000061035156,84.94999694824219,84.37000274658203,84.43000030517578,83.30036926269531,6414300
2026-05-29,83.97000122070312,84.0999984741211,82.8499984741211,82.91000366210938,81.80070495605469,13011100
2026-06-01,82.51000213623047,82.63999938964844,81.68000030517578,82.02999877929688,80.93247985839844,20246700
2026-06-02,81.91999816894531,82.29000091552734,81.4800033569336,81.83000183105469,80.73515319824219,15723400
2026-06-03,81.79000091552734,82.72000122070312,81.6500015258789,82.16000366210938,81.06073760986328,14750300
2026-06-04,83.33999633789062,83.61000061035156,81.83999633789062,82.04000091552734,80.94233703613281,12184700
2026-06-05,82.58999633789062,84.38999938964844,82.44000244140625,83.44000244140625,82.32361602783203,17021500
2026-06-08,82.97000122070312,83.48999786376953,82.93000030517578,83.06999969482422,81.95855712890625,9544500
2026-06-09,83.18000030517578,84.58999633789062,83.04000091552734,84.0999984741211,82.97477722167969,12440600
2026-06-10,84.76000213623047,85.62000274658203,84.4000015258789,85.48999786376953,84.34618377685547,13134100
2026-06-11,85.68000030517578,85.95999908447266,85.19999694824219,85.2699966430664,84.12911987304688,18013600
2026-06-12,85.45999908447266,85.86000061035156,85.12000274658203,85.81999969482422,84.67176055908203,9363000
2026-06-15,85.47000122070312,85.7699966430664,85.12999725341797,85.4800033569336,84.33631896972656,10980200
2026-06-16,85.79000091552734,86.3499984741211,85.08999633789062,85.58999633789062,84.44483947753906,9364100
2026-06-17,85.19000244140625,85.38999938964844,83.36000061035156,83.68000030517578,82.56039428710938,18015200
2026-06-18,83.83999633789062,83.88999938964844,83.12999725341797,83.30000305175781,82.18548583984375,10446700
2026-06-22,82.66000366210938,83.13999938964844,82.1500015258789,82.18000030517578,81.64305114746094,11243600
2026-06-23,83.62000274658203,83.83999633789062,83.02999877929688,83.72000122070312,83.17298889160156,14963300
2026-06-24,84.04000091552734,84.80999755859375,83.81999969482422,84.44000244140625,83.88829040527344,11294900
2026-06-25,83.94999694824219,84.98999786376953,83.69999694824219,83.94000244140625,83.39155578613281,12076100
2026-06-26,84.6500015258789,85.22000122070312,84.44999694824219,84.70999908447266,84.1565170288086,11372100
2026-06-29,84.91000366210938,85.08000183105469,84.05000305175781,84.37000274658203,83.8187484741211,10163800
2026-06-30,83.98999786376953,84.08999633789062,82.94999694824219,83.06999969482422,82.52723693847656,12752500
2026-07-01,83.0999984741211,83.33000183105469,82.7699966430664,83.30000305175781,82.7557373046875,12210100
2026-07-02,83.75,85.13999938964844,83.75,84.98999786376953,84.4346923828125,16704700
2026-07-06,84.80000305175781,85.0999984741211,83.31999969482422,84.0999984741211,83.55050659179688,13176600
2026-07-07,85.5199966430664,85.95999908447266,84.44999694824219,84.86000061035156,84.3055419921875,13234800
2026-07-08,85.16999816894531,85.30000305175781,84.3499984741211,84.38999938964844,83.83861541748047,10998500
2026-07-09,83.55000305175781,83.83999633789062,83.11000061035156,83.19999694824219,82.65638732910156,11322100
2026-07-10,83.23999786376953,84.19000244140625,83.16999816894531,84.12000274658203,83.57038116455078,8305400
2026-07-13,84.55000305175781,85.54000091552734,84.37999725341797,84.58999633789062,84.03730010986328,8118700
2026-07-14,84.51000213623047,84.73999786376953,83.3499984741211,83.41999816894531,82.87494659423828,7871000
2026-07-15,83.0999984741211,84.22000122070312,82.97000122070312,83.47000122070312,82.92462158203125,7387500
2026-07-16,84.13999938964844,85.81999969482422,84.04000091552734,85.80999755859375,85.24932861328125,12146500
2026-07-17,86.79000091552734,87.43000030517578,84.76000213623047,85.19000244140625,84.63338470458984,15692300
2026-07-20,85.13999938964844,85.4000015258789,84.55999755859375,84.86000061035156,84.3055419921875,8570800
2026-07-21,84.43000030517578,84.5999984741211,83.91999816894531,84.05999755859375,83.5107650756836,7388000
2026-07-22,84.58000183105469,85.0199966430664,84.06999969482422,84.37999725341797,83.82867431640625,6545700
2026-07-23,83.19999694824219,83.69000244140625,82.80999755859375,83.20999908447266,82.66632080078125,10350900
2026-07-24,83.37000274658203,84.27999877929688,83.16000366210938,84.12999725341797,83.58030700683594,9634500
2026-07-27,84.41999816894531,85.7699966430664,84.37999725341797,85.36000061035156,84.80227661132812,12238200
2026-07-28,87.06999969482422,88.77999877929688,86.93000030517578,87.05999755859375,86.49116516113281,22246300
2026-07-29,86.33999633789062,87.87999725341797,86.33999633789062,87.36000061035156,86.7892074584961,14859700
2026-07-30,86.0,86.08999633789062,84.98999786376953,85.47000122070312,84.91156005859375,16600400
2026-07-31,84.8499984741211,85.43000030517578,84.33000183105469,85.05000305175781,84.49430084228516,11382900
2026-08-03,85.91999816894531,86.33999633789062,84.62999725341797,84.86000061035156,84.3055419921875,12592500
2026-08-04,84.29000091552734,85.43000030517578,83.86000061035156,85.37000274658203,84.81221008300781,13262100
2026-08-05,85.73999786376953,85.87999725341797,84.79000091552734,85.33000183105469,84.77247619628906,7739100
2026-08-06,86.30999755859375,86.41000366210938,84.69000244140625,85.11000061035156,84.55390930175781,8275700
2026-08-07,84.5,85.20999908447266,84.25,85.12000274658203,84.5638427734375,5690700
2026-08-10,84.66000366210938,85.05000305175781,84.33000183105469,84.94999694824219,84.39495086669922,6917500
2026-08-11,84.62000274658203,84.9800033569336,84.3499984741211,84.69000244140625,84.13665771484375,7358300
2026-08-12,84.08999633789062,85.12999725341797,84.01000213623047,85.08000183105469,84.52410888671875,6448300
2026-08-13,85.61000061035156,86.19999694824219,85.51000213623047,86.0,85.43809509277344,10352900
2026-08-14,86.0,86.30000305175781,85.81999969482422,86.08999633789062,85.52750396728516,6970200
2026-08-17,85.36000061035156,85.61000061035156,84.58999633789062,84.68000030517578,84.12671661376953,10513400
2026-08-18,85.76000213623047,86.19000244140625,85.12999725341797,85.58000183105469,85.02083587646484,10663000
2026-08-19,85.72000122070312,87.19000244140625,85.72000122070312,86.54000091552734,85.97456359863281,11244000
2026-08-20,85.19999694824219,86.0,85.0,85.31999969482422,84.76253509521484,11495300
2026-08-21,85.5999984741211,86.01000213623047,85.27999877929688,85.98999786376953,85.42815399169922,11194000
2026-08-24,86.44999694824219,87.47000122070312,86.44999694824219,87.44999694824219,86.87861633300781,9105200
2026-08-25,86.86000061035156,87.01000213623047,86.25,86.5199966430664,85.9546890258789,7022700
2026-08-26,86.62000274658203,86.69000244140625,86.25,86.2699966430664,85.70632934570312,7315400
2026-08-27,85.30999755859375,85.86000061035156,85.06999969482422,85.08000183105469,84.52410888671875,8492100
2026-08-28,85.5,85.61000061035156,85.20999908447266,85.44999694824219,84.89168548583984,6807200
2026-08-31,85.3499984741211,85.3499984741211,84.9000015258789,84.9800033569336,84.42475891113281,7012600
2026-09-01,85.51000213623047,86.16000366210938,85.1500015258789,85.25,84.6929931640625,9353100
2026-09-02,85.37000274658203,86.08000183105469,85.04000091552734,85.52999877929688,84.97116088867188,8445200
2026-09-03,85.37000274658203,85.6500015258789,84.77999877929688,85.26000213623047,84.70292663574219,10265000
2026-09-04,84.81999969482422,85.30000305175781,84.54000091552734,84.58000183105469,84.02737426757812,9903700
2026-09-08,84.27999877929688,84.56999969482422,83.80999755859375,84.0199966430664,83.47102355957031,13542700
2026-09-09,83.51000213623047,83.5199966430664,82.8499984741211,83.05000305175781,82.50736999511719,12245300
2026-09-10,83.37000274658203,83.80999755859375,83.05999755859375,83.08999633789062,82.54710388183594,10349500
2026-09-11,83.51000213623047,83.69000244140625,83.04000091552734,83.37999725341797,82.83521270751953,10836500
2026-09-14,84.37999725341797,84.88999938964844,84.25,84.41999816894531,83.86841583251953,10520300
2026-09-15,84.0,84.06999969482422,83.56999969482422,83.7300033569336,83.18292999267578,14382200
2026-09-16,83.68000030517578,84.05999755859375,83.31999969482422,83.33000183105469,82.78553771972656,9644400
2026-09-17,83.51000213623047,83.72000122070312,83.0,83.48999786376953,82.94448852539062,7635600
2026-09-18,83.13999938964844,83.19999694824219,82.80000305175781,82.80000305175781,82.25900268554688,10629700
2026-09-21,82.0999984741211,82.30999755859375,81.7300033569336,81.91999816894531,81.91999816894531,8564200
2026-09-22,82.45999908447266,82.9000015258789,82.29000091552734,82.7300033569336,82.7300033569336,10294500
2026-09-23,82.66000366210938,82.9800033569336,82.25,82.43000030517578,82.43000030517578,10778900
2026-09-24,82.91000366210938,83.08000183105469,81.69999694824219,81.69999694824219,81.69999694824219,10636300
2026-09-25,81.41000366210938,82.16000366210938,81.33000183105469,82.05999755859375,82.05999755859375,8611100
2026-09-28,81.80999755859375,82.51000213623047,81.55000305175781,82.27999877929688,82.27999877929688,14114000
2026-09-29,81.58999633789062,81.87000274658203,81.29000091552734,81.8499984741211,81.8499984741211,14543800
2026-09-30,82.16000366210938,82.30000305175781,80.56999969482422,80.5999984741211,80.5999984741211,11463100
2026-10-01,80.56999969482422,80.66000366210938,80.1500015258789,80.33000183105469,80.33000183105469,12895900
2026-10-02,80.47000122070312,80.73999786376953,80.12999725341797,80.52999877929688,80.52999877929688,9318800
2026-10-05,80.51000213623047,81.04000091552734,80.0999984741211,81.04000091552734,81.04000091552734,9270000
2026-10-06,81.06999969482422,82.02999877929688,81.02999877929688,81.80000305175781,81.80000305175781,12023400
2026-10-07,82.08000183105469,82.30000305175781,81.69000244140625,81.69999694824219,81.69999694824219,9440000
2026-10-08,82.08999633789062,83.63999938964844,82.0199966430664,83.41999816894531,83.41999816894531,14621500
