Date,Open,High,Low,Close,Adj Close,Volume
1998-12-22,12.65625,12.734375,12.65625,12.734375,9.34021282196045,7400
1998-12-23,12.75,12.875,12.734375,12.789063453674316,9.380324363708496,24000
1998-12-24,12.96875,13.023438453674316,12.90625,13.023438453674316,9.552231788635254,3200
1998-12-28,12.960938453674316,12.96875,12.90625,12.90625,9.466275215148926,17200
1998-12-29,12.945313453674316,13.1875,12.945313453674316,13.1875,9.672569274902344,2200
1998-12-30,13.179688453674316,13.203125,13.078125,13.078125,9.592334747314453,63400
1998-12-31,13.078125,13.125,13.0625,13.0625,9.580877304077148,64800
1999-01-04,13.078125,13.265625,12.953125,12.984375,9.523576736450195,10400
1999-01-05,13.0625,13.203125,13.0625,13.203125,9.684021949768066,2600
1999-01-06,13.359375,13.578125,13.359375,13.578125,9.959074974060059,16200
1999-01-07,13.515625,13.65625,13.5,13.5625,9.947610855102539,27400
1999-01-08,13.640625,13.703125,13.554688453674316,13.578125,9.959074974060059,37200
1999-01-11,13.625,13.640625,13.398438453674316,13.507813453674316,9.907504081726074,126200
1999-01-12,13.304688453674316,13.34375,13.140625,13.15625,9.649651527404785,6600
1999-01-13,12.84375,13.21875,12.84375,13.21875,9.695487022399902,6800
1999-01-14,13.09375,13.15625,12.859375,12.921875,9.47773551940918,73200
1999-01-15,13.09375,13.101563453674316,13.023438453674316,13.085938453674316,9.598075866699219,69600
1999-01-19,13.234375,13.289063453674316,13.078125,13.078125,9.592334747314453,8200
1999-01-20,13.265625,13.421875,13.210938453674316,13.296875,9.752789497375488,7000
1999-01-21,13.265625,13.28125,13.140625,13.171875,9.661101341247559,63000
1999-01-22,12.96875,13.273438453674316,12.9375,13.234375,9.706945419311523,24600
1999-01-25,13.171875,13.234375,13.109375,13.203125,9.684021949768066,16200
1999-01-26,13.28125,13.515625,13.242188453674316,13.515625,9.913230895996094,7400
1999-01-27,13.53125,13.5625,13.5,13.5,9.901765823364258,3800
1999-01-28,13.53125,13.640625,13.53125,13.640625,10.004912376403809,8600
1999-01-29,13.6875,13.78125,13.59375,13.734375,10.073676109313965,13600
1999-02-01,13.796875,13.804688453674316,13.71875,13.765625,10.096596717834473,12200
1999-02-02,13.65625,13.65625,13.46875,13.59375,9.970534324645996,41800
1999-02-03,13.5625,13.828125,13.546875,13.8125,10.130979537963867,46200
1999-02-04,13.898438453674316,13.914063453674316,13.71875,13.734375,10.073676109313965,39000
1999-02-05,13.59375,13.679688453674316,13.390625,13.390625,9.821548461914062,11600
1999-02-08,13.507813453674316,13.609375,13.335938453674316,13.609375,9.981989860534668,16400
1999-02-09,13.4375,13.453125,13.1875,13.1875,9.672569274902344,18800
1999-02-10,13.171875,13.265625,13.109375,13.1875,9.672569274902344,18400
1999-02-11,13.265625,13.632813453674316,13.226563453674316,13.617188453674316,9.987724304199219,24400
1999-02-12,13.4375,13.453125,13.289063453674316,13.375,9.81009292602539,11600
1999-02-16,13.492188453674316,13.625,13.484375,13.546875,9.936152458190918,18600
1999-02-17,13.578125,13.773438453674316,13.5,13.5,9.901765823364258,29400
1999-02-18,13.5,13.515625,13.382813453674316,13.515625,9.913230895996094,7000
1999-02-19,13.53125,13.585938453674316,13.492188453674316,13.585938453674316,9.964807510375977,1800
1999-02-22,13.625,13.929688453674316,13.625,13.929688453674316,10.21693229675293,28000
1999-02-23,13.9375,13.953125,13.75,13.859375,10.165362358093262,13600
1999-02-24,13.953125,14.046875,13.6875,13.6875,10.039292335510254,18000
1999-02-25,13.65625,13.671875,13.328125,13.53125,9.924694061279297,38200
1999-02-26,13.515625,13.703125,13.515625,13.648438453674316,10.010644912719727,17000
1999-03-01,13.609375,13.65625,13.53125,13.65625,10.016376495361328,17200
1999-03-02,13.6875,13.851563453674316,13.6875,13.6875,10.039292335510254,36200
1999-03-03,13.703125,13.726563453674316,13.617188453674316,13.617188453674316,9.987724304199219,2000
1999-03-04,13.921875,13.953125,13.78125,13.90625,10.199743270874023,10800
1999-03-05,14.21875,14.421875,14.21875,14.328125,10.509174346923828,49600
1999-03-08,14.4375,14.4375,14.203125,14.390625,10.555014610290527,24600
1999-03-09,14.359375,14.515625,14.320313453674316,14.429688453674316,10.58366870880127,24200
1999-03-10,14.4375,14.460938453674316,14.359375,14.390625,10.555014610290527,11200
1999-03-11,14.5,14.632813453674316,14.460938453674316,14.546875,10.669618606567383,26200
1999-03-12,14.703125,14.78125,14.25,14.609375,10.715458869934082,27400
1999-03-15,14.59375,14.648438453674316,14.5,14.640625,10.738378524780273,14200
1999-03-16,14.734375,14.734375,14.5,14.5625,10.68107795715332,12400
1999-03-17,14.546875,14.546875,14.359375,14.5,10.635234832763672,13400
1999-03-18,14.40625,14.75,14.40625,14.75,10.818605422973633,14000
1999-03-19,14.734375,14.734375,14.53125,14.53125,10.669731140136719,26200
1999-03-22,14.5,14.5,14.3125,14.375,10.555002212524414,37200
1999-03-23,14.265625,14.265625,13.90625,13.9375,10.23376178741455,19600
1999-03-24,14.0,14.0,13.796875,13.828125,10.153457641601562,25800
1999-03-25,14.046875,14.25,13.96875,14.25,10.463221549987793,20400
1999-03-26,14.21875,14.28125,14.09375,14.15625,10.39438533782959,12600
1999-03-29,14.398438453674316,14.5,14.367188453674316,14.5,10.646782875061035,10200
1999-03-30,14.4375,14.546875,14.390625,14.515625,10.658257484436035,72600
1999-03-31,14.59375,14.609375,14.296875,14.296875,10.497641563415527,48800
1999-04-01,14.375,14.375,14.195313453674316,14.28125,10.486163139343262,8200
1999-04-05,14.375,14.515625,14.328125,14.46875,10.623841285705566,19200
1999-04-06,14.523438453674316,14.640625,14.46875,14.546875,10.681204795837402,21800
1999-04-07,14.664063453674316,14.703125,14.625,14.671875,10.772984504699707,27200
1999-04-08,14.71875,15.0,14.71875,15.0,11.013915061950684,41600
1999-04-09,14.9375,15.164063453674316,14.9375,15.140625,11.117170333862305,145800
1999-04-12,14.90625,15.328125,14.90625,15.265625,11.208951950073242,42200
1999-04-13,15.3125,15.328125,15.109375,15.1875,11.151588439941406,65400
1999-04-14,15.1875,15.21875,14.84375,14.84375,10.899188041687012,99400
1999-04-15,14.9375,14.96875,14.59375,14.8125,10.876242637634277,71600
1999-04-16,14.8125,14.875,14.703125,14.859375,10.910662651062012,23200
1999-04-19,15.09375,15.28125,14.484375,14.53125,10.669731140136719,74800
1999-04-20,14.625,14.78125,14.578125,14.71875,10.807402610778809,31200
1999-04-21,14.8125,14.96875,14.734375,14.96875,10.990968704223633,90200
1999-04-22,15.046875,15.15625,14.9375,15.007813453674316,11.019655227661133,71400
1999-04-23,15.0625,15.203125,15.0625,15.171875,11.140115737915039,4000
1999-04-26,15.234375,15.25,15.078125,15.078125,11.07127857208252,188800
1999-04-27,15.171875,15.1875,15.0625,15.117188453674316,11.099964141845703,8200
1999-04-28,15.203125,15.296875,15.0625,15.0625,11.059806823730469,12000
1999-04-29,14.9375,15.046875,14.65625,14.71875,10.807402610778809,35800
1999-04-30,14.859375,14.890625,14.234375,14.671875,10.772984504699707,74600
1999-05-03,14.703125,15.046875,14.703125,15.03125,11.036861419677734,181200
1999-05-04,15.203125,15.21875,14.765625,14.859375,10.910662651062012,382800
1999-05-05,14.890625,14.890625,14.5,14.734375,10.818877220153809,99400
1999-05-06,14.59375,14.65625,14.40625,14.40625,10.577949523925781,24000
1999-05-07,14.578125,14.734375,14.5625,14.734375,10.818877220153809,51200
1999-05-10,14.78125,14.953125,14.625,14.71875,10.807402610778809,38400
1999-05-11,14.859375,15.109375,14.859375,15.015625,11.025390625,62200
1999-05-12,15.03125,15.109375,14.84375,15.109375,11.094225883483887,25000
1999-05-13,15.203125,15.203125,14.9375,15.03125,11.036861419677734,27200
1999-05-14,14.6875,14.8125,14.671875,14.734375,10.818877220153809,20400
1999-05-17,14.5,14.578125,14.28125,14.4375,10.600893020629883,20800
1999-05-18,14.546875,14.765625,14.53125,14.53125,10.669731140136719,10200
1999-05-19,14.671875,14.671875,14.359375,14.359375,10.543530464172363,1400
1999-05-20,14.5625,14.59375,14.484375,14.484375,10.635315895080566,15000
1999-05-21,14.46875,14.46875,14.375,14.390625,10.566478729248047,10200
1999-05-24,14.359375,14.4375,14.078125,14.078125,10.337021827697754,7200
1999-05-25,14.28125,14.296875,13.9375,13.9375,10.23376178741455,14000
1999-05-26,14.078125,14.09375,13.90625,14.09375,10.348492622375488,10200
1999-05-27,14.0,14.015625,13.8125,13.8125,10.141983032226562,23800
1999-05-28,13.921875,14.09375,13.921875,14.007813453674316,10.28538703918457,2200
1999-06-01,14.03125,14.09375,13.882813453674316,14.09375,10.348492622375488,59200
1999-06-02,14.25,14.265625,14.0625,14.0625,10.325547218322754,12800
1999-06-03,14.421875,14.4375,14.328125,14.390625,10.566478729248047,8400
1999-06-04,14.578125,14.578125,14.4375,14.5,10.646782875061035,9800
1999-06-07,14.4375,14.5625,14.4375,14.539063453674316,10.675468444824219,5800
1999-06-08,14.484375,14.5,14.320313453674316,14.320313453674316,10.51484489440918,8400
1999-06-09,14.265625,14.296875,14.179688453674316,14.179688453674316,10.411592483520508,9800
1999-06-10,14.109375,14.109375,13.945313453674316,13.976563453674316,10.262449264526367,15600
1999-06-11,14.046875,14.125,13.882813453674316,13.90625,10.210816383361816,5200
1999-06-14,14.03125,14.0625,13.921875,13.921875,10.222288131713867,2600
1999-06-15,13.9375,13.9375,13.8125,13.828125,10.153457641601562,9800
1999-06-16,14.09375,14.226563453674316,14.078125,14.203125,10.42879867553711,39600
1999-06-17,14.171875,14.203125,14.125,14.132813453674316,10.377172470092773,6400
1999-06-18,14.09375,14.234375,14.078125,14.21875,10.454329490661621,10200
1999-06-21,14.296875,14.46875,14.296875,14.46875,10.638138771057129,9400
1999-06-22,14.40625,14.4375,14.328125,14.375,10.5692138671875,5600
1999-06-23,14.28125,14.28125,14.078125,14.171875,10.419862747192383,10400
1999-06-24,14.125,14.140625,13.9375,14.140625,10.396885871887207,11800
1999-06-25,14.1875,14.1875,14.078125,14.09375,10.362422943115234,2400
1999-06-28,14.140625,14.40625,14.140625,14.367188453674316,10.563471794128418,4600
1999-06-29,14.429688453674316,14.609375,14.429688453674316,14.609375,10.741532325744629,16400
1999-06-30,14.484375,14.890625,14.484375,14.890625,10.948323249816895,22600
1999-07-01,14.78125,14.96875,14.78125,14.96875,11.005762100219727,5800
1999-07-02,14.90625,15.125,14.90625,15.046875,11.06320858001709,21800
1999-07-06,15.09375,15.289063453674316,15.078125,15.171875,11.155112266540527,34000
1999-07-07,15.109375,15.125,15.03125,15.03125,11.051719665527344,40000
1999-07-08,14.859375,15.0625,14.859375,14.90625,10.959818840026855,8400
1999-07-09,14.921875,15.0,14.90625,14.90625,10.959818840026855,33600
1999-07-12,14.921875,14.921875,14.804688453674316,14.8125,10.890884399414062,9200
1999-07-13,14.796875,14.8125,14.671875,14.703125,10.810461044311523,62400
1999-07-14,14.75,14.8125,14.703125,14.734375,10.833441734313965,41800
1999-07-15,14.921875,14.984375,14.859375,14.929688453674316,10.977045059204102,216800
1999-07-16,14.96875,15.015625,14.90625,15.015625,11.040231704711914,5600
1999-07-19,15.03125,15.03125,14.90625,14.984375,11.017252922058105,12200
1999-07-20,14.875,14.90625,14.59375,14.59375,10.730043411254883,45400
1999-07-21,14.6875,14.695313453674316,14.453125,14.453125,10.626653671264648,17600
1999-07-22,14.4375,14.5,14.21875,14.265625,10.488794326782227,21400
1999-07-23,14.265625,14.265625,14.15625,14.15625,10.40837574005127,3000
1999-07-26,14.078125,14.328125,14.078125,14.234375,10.4658203125,60400
1999-07-27,14.375,14.375,14.203125,14.3125,10.523260116577148,52000
1999-07-28,14.21875,14.328125,14.15625,14.265625,10.488794326782227,4800
1999-07-29,14.15625,14.15625,13.84375,14.046875,10.327957153320312,14200
1999-07-30,13.921875,13.921875,13.71875,13.78125,10.132654190063477,30400
1999-08-02,13.828125,13.921875,13.679688453674316,13.679688453674316,10.057987213134766,315600
1999-08-03,13.78125,13.78125,13.5,13.507813453674316,9.931612968444824,21400
1999-08-04,13.546875,13.546875,13.234375,13.234375,9.730567932128906,7600
1999-08-05,13.140625,13.140625,12.90625,13.117188453674316,9.644405364990234,98800
1999-08-06,13.03125,13.132813453674316,12.921875,13.015625,9.569734573364258,26000
1999-08-09,13.0625,13.0625,12.78125,12.84375,9.443360328674316,3400
1999-08-10,12.773438453674316,12.875,12.578125,12.84375,9.443360328674316,13600
1999-08-11,13.0625,13.140625,13.054688453674316,13.125,9.650150299072266,6000
1999-08-12,13.28125,13.390625,13.28125,13.28125,9.765032768249512,10400
1999-08-13,13.4375,13.546875,13.4375,13.546875,9.960332870483398,16400
1999-08-16,13.53125,13.734375,13.484375,13.734375,10.098194122314453,23800
1999-08-17,13.84375,13.84375,13.625,13.703125,10.075213432312012,48200
1999-08-18,13.6875,13.796875,13.65625,13.65625,10.040748596191406,7800
1999-08-19,13.578125,13.578125,13.429688453674316,13.539063453674316,9.95458984375,10800
1999-08-20,13.671875,13.6875,13.632813453674316,13.6875,10.063725471496582,4400
1999-08-23,13.867188453674316,13.921875,13.835938453674316,13.90625,10.224559783935547,18200
1999-08-24,13.9375,13.984375,13.796875,13.890625,10.213077545166016,17200
1999-08-25,13.8125,14.03125,13.75,14.03125,10.316469192504883,6000
1999-08-26,14.0,14.0,13.734375,13.757813453674316,10.115422248840332,40200
1999-08-27,13.765625,13.765625,13.59375,13.703125,10.075213432312012,7600
1999-08-30,13.59375,13.601563453674316,13.40625,13.40625,9.856941223144531,12400
1999-08-31,13.21875,13.25,13.046875,13.25,9.742060661315918,8600
1999-09-01,13.320313453674316,13.34375,13.265625,13.265625,9.75354290008545,2200
1999-09-02,13.0,13.125,13.0,13.109375,9.63865852355957,44400
1999-09-03,13.421875,13.46875,13.328125,13.46875,9.902892112731934,10000
1999-09-07,13.3125,13.40625,13.242188453674316,13.257813453674316,9.747797966003418,65400
1999-09-08,13.117188453674316,13.273438453674316,13.117188453674316,13.1875,9.6961088180542,13000
1999-09-09,13.3125,13.3125,13.1875,13.234375,9.730567932128906,11200
1999-09-10,13.445313453674316,13.523438453674316,13.398438453674316,13.484375,9.91438102722168,37400
1999-09-13,13.421875,13.445313453674316,13.382813453674316,13.445313453674316,9.885663032531738,2400
1999-09-14,13.335938453674316,13.429688453674316,13.335938453674316,13.375,9.833961486816406,3200
1999-09-15,13.421875,13.46875,13.257813453674316,13.257813453674316,9.747797966003418,5600
1999-09-16,13.039063453674316,13.039063453674316,12.835938453674316,12.976563453674316,9.541008949279785,22800
1999-09-17,13.03125,13.171875,13.03125,13.140625,9.675430297851562,4000
1999-09-20,13.101563453674316,13.148438453674316,13.0625,13.125,9.663924217224121,19600
1999-09-21,12.945313453674316,12.953125,12.828125,12.828125,9.445342063903809,13800
1999-09-22,12.898438453674316,12.96875,12.875,12.96875,9.54887866973877,26600
1999-09-23,13.007813453674316,13.039063453674316,12.914063453674316,13.03125,9.594903945922852,12000
1999-09-24,12.796875,12.90625,12.765625,12.765625,9.399319648742676,13800
1999-09-27,12.976563453674316,13.007813453674316,12.921875,12.984375,9.560381889343262,8200
1999-09-28,12.898438453674316,12.945313453674316,12.671875,12.945313453674316,9.531625747680664,17000
1999-09-29,12.867188453674316,12.90625,12.851563453674316,12.851563453674316,9.462592124938965,3400
1999-09-30,12.890625,13.15625,12.890625,13.039063453674316,9.600653648376465,151800
1999-10-01,13.109375,13.171875,13.023438453674316,13.109375,9.652419090270996,3200
1999-10-04,13.28125,13.539063453674316,13.28125,13.53125,9.963047981262207,12200
1999-10-05,13.671875,13.796875,13.429688453674316,13.554688453674316,9.980307579040527,15800
1999-10-06,13.585938453674316,13.796875,13.476563453674316,13.703125,10.089603424072266,17200
1999-10-07,13.75,13.804688453674316,13.664063453674316,13.664063453674316,10.060839653015137,7800
1999-10-08,13.953125,14.054688453674316,13.890625,14.054688453674316,10.348454475402832,156800
1999-10-11,13.625,14.195313453674316,13.625,14.15625,10.423235893249512,213400
1999-10-12,14.0,14.0,13.867188453674316,13.867188453674316,10.21040153503418,29600
1999-10-13,13.8125,13.875,13.703125,13.703125,10.089603424072266,10400
1999-10-14,13.375,13.554688453674316,13.3125,13.507813453674316,9.945796012878418,14800
1999-10-15,13.25,13.328125,13.164063453674316,13.164063453674316,9.692688941955566,11000
1999-10-18,13.148438453674316,13.25,12.953125,13.25,9.755967140197754,17400
1999-10-19,13.421875,13.578125,13.335938453674316,13.382813453674316,9.853754997253418,10400
1999-10-20,13.367188453674316,13.617188453674316,13.351563453674316,13.617188453674316,10.02631950378418,95200
1999-10-21,13.390625,13.5,13.367188453674316,13.5,9.940038681030273,3000
1999-10-22,13.664063453674316,13.898438453674316,13.640625,13.851563453674316,10.198896408081055,9200
1999-10-25,13.578125,13.734375,13.578125,13.609375,10.020572662353516,5000
1999-10-26,13.65625,13.65625,13.148438453674316,13.273438453674316,9.773221969604492,38200
1999-10-27,13.25,13.3125,13.109375,13.3125,9.801983833312988,30400
1999-10-28,13.5625,13.875,13.5625,13.8125,10.17013168334961,22400
1999-10-29,14.3125,14.53125,14.195313453674316,14.195313453674316,10.452000617980957,24600
1999-11-01,14.25,14.3125,14.09375,14.09375,10.377215385437012,25400
1999-11-02,14.023438453674316,14.273438453674316,13.992188453674316,13.992188453674316,10.302434921264648,6600
1999-11-03,14.03125,14.046875,13.875,13.875,10.216157913208008,6200
1999-11-04,13.96875,14.0625,13.96875,14.046875,10.342700958251953,37200
1999-11-05,14.179688453674316,14.25,14.101563453674316,14.140625,10.411734580993652,14000
1999-11-08,14.109375,14.1875,14.09375,14.09375,10.377215385437012,5000
1999-11-09,14.03125,14.03125,13.890625,13.945313453674316,10.267925262451172,23800
1999-11-10,14.039063453674316,14.101563453674316,14.0,14.0,10.308192253112793,15000
1999-11-11,14.03125,14.109375,14.015625,14.03125,10.331199645996094,11400
1999-11-12,14.28125,14.359375,14.109375,14.359375,10.572797775268555,15800
1999-11-15,14.234375,14.515625,14.234375,14.382813453674316,10.590054512023926,12400
1999-11-16,14.4375,14.5625,14.34375,14.445313453674316,10.63608169555664,10200
1999-11-17,14.484375,14.546875,14.3125,14.320313453674316,10.544032096862793,27000
1999-11-18,14.414063453674316,14.414063453674316,14.304688453674316,14.382813453674316,10.590054512023926,4400
1999-11-19,14.335938453674316,14.359375,14.226563453674316,14.25,10.492266654968262,29400
1999-11-22,14.0625,14.109375,14.046875,14.085938453674316,10.371463775634766,4200
1999-11-23,14.046875,14.0625,13.945313453674316,14.03125,10.331199645996094,20200
1999-11-24,14.0,14.140625,13.976563453674316,14.109375,10.388717651367188,8400
1999-11-26,14.109375,14.28125,14.109375,14.28125,10.515270233154297,13400
1999-11-29,14.234375,14.4375,14.234375,14.40625,10.60731029510498,17800
1999-11-30,14.429688453674316,14.484375,14.203125,14.203125,10.457749366760254,13800
1999-12-01,14.375,14.429688453674316,14.335938453674316,14.375,10.58430290222168,17600
1999-12-02,14.3125,14.3125,14.195313453674316,14.3125,10.538286209106445,314200
1999-12-03,14.445313453674316,14.59375,14.4375,14.476563453674316,10.659077644348145,17600
1999-12-06,14.484375,14.609375,14.375,14.5,10.676337242126465,23800
1999-12-07,14.390625,14.453125,14.257813453674316,14.257813453674316,10.498016357421875,12800
1999-12-08,14.21875,14.34375,14.125,14.179688453674316,10.440492630004883,22000
1999-12-09,14.617188453674316,14.617188453674316,14.109375,14.15625,10.423235893249512,36400
1999-12-10,14.46875,14.546875,14.453125,14.546875,10.71084976196289,32200
1999-12-13,14.6875,14.984375,14.6875,14.984375,11.03298282623291,8800
1999-12-14,14.953125,15.0,14.78125,14.789063453674316,10.889174461364746,41800
1999-12-15,14.6875,14.867188453674316,14.6875,14.859375,10.940947532653809,1600
1999-12-16,14.96875,15.1875,14.929688453674316,15.1875,11.182543754577637,17800
1999-12-17,15.171875,15.203125,15.054688453674316,15.09375,11.127434730529785,1715600
1999-12-20,15.015625,15.070313453674316,14.617188453674316,14.65625,10.804903030395508,1760000
1999-12-21,14.65625,14.75,14.640625,14.71875,10.850976943969727,1297000
1999-12-22,14.734375,14.757813453674316,14.640625,14.75,10.874018669128418,1107000
1999-12-23,14.796875,15.09375,14.796875,15.039063453674316,11.087117195129395,355200
1999-12-27,15.265625,15.28125,15.15625,15.1875,11.196551322937012,2777600
1999-12-28,15.109375,15.421875,15.109375,15.34375,11.311738967895508,21200
1999-12-29,15.304688453674316,15.40625,15.304688453674316,15.40625,11.357817649841309,2800
1999-12-30,15.265625,15.484375,15.265625,15.359375,11.323263168334961,4000
1999-12-31,15.484375,15.546875,15.40625,15.53125,11.449972152709961,38200
2000-01-03,15.5,15.5,14.929688453674316,15.0625,11.104395866394043,425800
2000-01-04,14.84375,14.90625,14.515625,14.609375,10.770340919494629,354400
2000-01-05,14.671875,14.671875,14.359375,14.429688453674316,10.637877464294434,249200
2000-01-06,14.523438453674316,14.703125,14.5,14.59375,10.758830070495605,271600
2000-01-07,14.75,15.28125,14.75,15.28125,11.265667915344238,140000
2000-01-10,15.265625,15.296875,15.078125,15.203125,11.208067893981934,83800
2000-01-11,15.25,15.3125,15.046875,15.117188453674316,11.144715309143066,59200
2000-01-12,15.15625,15.15625,14.96875,15.03125,11.081361770629883,106200
2000-01-13,15.109375,15.15625,14.976563453674316,15.109375,11.138951301574707,141200
2000-01-14,15.125,15.164063453674316,15.070313453674316,15.070313453674316,11.110157012939453,205200
2000-01-18,15.0,15.0625,14.828125,14.984375,11.046802520751953,107600
2000-01-19,14.976563453674316,15.132813453674316,14.953125,14.953125,11.02376937866211,227600
2000-01-20,15.03125,15.03125,14.671875,14.75,10.874018669128418,322800
2000-01-21,14.765625,14.765625,14.445313453674316,14.445313453674316,10.649404525756836,340400
2000-01-24,14.546875,14.5625,13.90625,13.90625,10.251985549926758,10200
2000-01-25,13.953125,14.03125,13.8125,13.992188453674316,10.315340042114258,126000
2000-01-26,13.859375,14.101563453674316,13.859375,14.09375,10.390213966369629,76200
2000-01-27,14.203125,14.203125,13.828125,14.054688453674316,10.361416816711426,238200
2000-01-28,13.828125,13.882813453674316,13.453125,13.5,9.952489852905273,24800
2000-01-31,13.4375,13.601563453674316,13.4375,13.601563453674316,10.027365684509277,21600
2000-02-01,13.71875,14.09375,13.71875,14.09375,10.390213966369629,259800
2000-02-02,14.125,14.140625,14.0,14.0,10.321104049682617,10600
2000-02-03,14.140625,14.140625,14.015625,14.054688453674316,10.361416816711426,52400
2000-02-04,14.179688453674316,14.179688453674316,14.0,14.03125,10.344141006469727,46200
2000-02-07,13.9375,13.9375,13.734375,13.734375,10.125274658203125,41600
2000-02-08,13.84375,14.132813453674316,13.84375,14.046875,10.355656623840332,411400
2000-02-09,14.09375,14.09375,13.789063453674316,13.8125,10.182870864868164,57200
2000-02-10,13.835938453674316,13.835938453674316,13.640625,13.6875,10.090713500976562,20200
2000-02-11,13.773438453674316,13.773438453674316,13.382813453674316,13.492188453674316,9.946728706359863,66000
2000-02-14,13.484375,13.65625,13.484375,13.5625,9.998560905456543,5600
2000-02-15,13.578125,13.59375,13.375,13.59375,10.0216064453125,15800
2000-02-16,13.5,13.5,13.0625,13.0625,9.629953384399414,36000
2000-02-17,13.15625,13.15625,12.625,12.6875,9.353496551513672,134000
2000-02-18,12.617188453674316,12.664063453674316,12.414063453674316,12.5,9.215267181396484,15000
2000-02-22,12.671875,12.6875,12.390625,12.53125,9.238302230834961,141400
2000-02-23,12.65625,12.65625,12.421875,12.492188453674316,9.209508895874023,686000
2000-02-24,12.390625,12.390625,11.945313453674316,12.09375,8.915772438049316,217800
2000-02-25,12.09375,12.328125,12.09375,12.140625,8.950328826904297,62600
2000-02-28,12.34375,12.609375,12.257813453674316,12.578125,9.27286434173584,519400
2000-02-29,12.71875,12.921875,12.71875,12.84375,9.468688011169434,35200
2000-03-01,12.851563453674316,12.851563453674316,12.59375,12.695313453674316,9.359258651733398,691400
2000-03-02,12.828125,12.84375,12.664063453674316,12.679688453674316,9.347739219665527,417200
2000-03-03,12.875,13.0,12.820313453674316,12.914063453674316,9.520524978637695,416000
2000-03-06,12.789063453674316,12.8125,12.5,12.609375,9.295900344848633,1200400
2000-03-07,12.5625,12.5625,12.164063453674316,12.257813453674316,9.036724090576172,12600
2000-03-08,12.046875,12.453125,12.015625,12.40625,9.146147727966309,344400
2000-03-09,12.257813453674316,12.671875,12.140625,12.65625,9.330459594726562,612800
2000-03-10,12.546875,12.648438453674316,12.4375,12.484375,9.203744888305664,880600
2000-03-13,12.117188453674316,12.46875,12.117188453674316,12.382813453674316,9.12887954711914,885800
2000-03-14,12.40625,12.515625,12.304688453674316,12.40625,9.146147727966309,458600
2000-03-15,12.40625,13.25,12.28125,13.15625,9.699071884155273,1443600
2000-03-16,13.421875,14.15625,13.359375,14.125,10.41325569152832,302800
2000-03-17,14.125,14.25,14.03125,14.132813453674316,10.439336776733398,48600
2000-03-20,14.140625,14.140625,13.84375,14.0,10.341232299804688,162200
2000-03-21,13.96875,14.1875,13.875,14.15625,10.456646919250488,314400
2000-03-22,14.03125,14.15625,13.875,14.09375,10.410481452941895,266600
2000-03-23,13.890625,14.195313453674316,13.890625,14.132813453674316,10.439336776733398,18000
2000-03-24,14.25,14.421875,14.179688453674316,14.179688453674316,10.473967552185059,39200
2000-03-27,14.179688453674316,14.28125,14.109375,14.140625,10.445110321044922,28000
2000-03-28,14.0625,14.34375,14.0625,14.1875,10.479735374450684,41600
2000-03-29,14.3125,14.515625,14.3125,14.46875,10.687481880187988,24600
2000-03-30,14.765625,14.945313453674316,14.6875,14.789063453674316,10.924080848693848,45000
2000-03-31,14.664063453674316,14.851563453674316,14.585938453674316,14.632813453674316,10.80866813659668,749200
2000-04-03,14.828125,15.148438453674316,14.828125,15.070313453674316,11.131832122802734,82000
2000-04-04,15.320313453674316,15.375,14.296875,14.882813453674316,10.993332862854004,142000
2000-04-05,14.804688453674316,14.96875,14.75,14.90625,11.010645866394043,24000
2000-04-06,14.828125,15.164063453674316,14.828125,15.0625,11.126060485839844,27200
2000-04-07,15.15625,15.25,15.0625,15.0625,11.126060485839844,111400
2000-04-10,15.171875,15.429688453674316,15.125,15.414063453674316,11.3857421875,31600
2000-04-11,15.257813453674316,15.539063453674316,15.257813453674316,15.523438453674316,11.46653938293457,92200
2000-04-12,15.648438453674316,15.96875,15.492188453674316,15.492188453674316,11.443456649780273,214000
2000-04-13,15.46875,15.46875,15.1875,15.203125,11.229935646057129,74800
2000-04-14,14.6875,14.71875,14.0,14.0,10.341232299804688,235200
2000-04-17,14.1875,14.1875,13.6875,14.015625,10.35277271270752,281200
2000-04-18,13.9375,14.359375,13.859375,14.3125,10.572070121765137,104200
2000-04-19,14.203125,14.484375,14.203125,14.421875,10.652860641479492,16800
2000-04-20,14.40625,14.609375,14.40625,14.609375,10.791351318359375,28600
2000-04-24,14.609375,15.03125,14.609375,14.765625,10.906771659851074,24600
2000-04-25,14.859375,15.0625,14.859375,15.03125,11.10297966003418,51200
2000-04-26,14.96875,15.078125,14.96875,15.015625,11.091438293457031,23800
2000-04-27,14.65625,14.703125,14.53125,14.703125,10.86060619354248,6600
2000-04-28,14.59375,14.6875,14.328125,14.328125,10.58360481262207,8600
2000-05-01,14.390625,14.765625,14.390625,14.765625,10.906771659851074,13400
2000-05-02,14.546875,14.71875,14.546875,14.664063453674316,10.831751823425293,130600
2000-05-03,14.078125,14.203125,13.890625,13.96875,10.318150520324707,334600
2000-05-04,13.90625,13.90625,13.671875,13.742188453674316,10.150798797607422,45600
2000-05-05,13.765625,13.9375,13.765625,13.914063453674316,10.277761459350586,30200
2000-05-08,13.78125,13.921875,13.6875,13.875,10.248899459838867,109200
2000-05-09,14.09375,14.1875,14.015625,14.015625,10.35277271270752,35800
2000-05-10,13.953125,14.046875,13.890625,14.015625,10.35277271270752,126000
2000-05-11,14.21875,14.25,14.140625,14.140625,10.445110321044922,36200
2000-05-12,14.296875,14.34375,14.21875,14.34375,10.595149993896484,6000
2000-05-15,14.21875,14.484375,14.15625,14.390625,10.629770278930664,53400
2000-05-16,14.625,14.625,14.375,14.5,10.710558891296387,15400
2000-05-17,14.21875,14.242188453674316,14.125,14.15625,10.456646919250488,19000
2000-05-18,14.15625,14.4375,14.15625,14.4375,10.664395332336426,3200
2000-05-19,14.15625,14.3125,14.0625,14.070313453674316,10.393172264099121,3800
2000-05-22,13.953125,13.953125,13.765625,13.859375,10.237359046936035,17000
2000-05-23,13.84375,14.03125,13.796875,13.796875,10.19119644165039,40000
2000-05-24,13.671875,13.671875,13.3125,13.546875,10.006525039672852,7800
2000-05-25,13.59375,13.640625,13.421875,13.421875,9.914196014404297,42000
2000-05-26,13.398438453674316,13.398438453674316,13.140625,13.140625,9.706449508666992,80600
2000-05-30,13.15625,13.25,13.070313453674316,13.242188453674316,9.781468391418457,184000
2000-05-31,13.25,13.5625,13.25,13.554688453674316,10.012298583984375,56000
2000-06-01,13.5,13.65625,13.5,13.65625,10.087320327758789,3000
2000-06-02,13.890625,14.03125,13.875,14.03125,10.364320755004883,47400
2000-06-05,13.875,14.0625,13.875,13.953125,10.306608200073242,2400
2000-06-06,13.828125,13.828125,13.46875,13.507813453674316,9.977673530578613,11200
2000-06-07,13.46875,13.6875,13.453125,13.507813453674316,9.977673530578613,42200
2000-06-08,13.523438453674316,13.523438453674316,13.296875,13.375,9.879570960998535,31600
2000-06-09,13.40625,13.5,13.140625,13.15625,9.71799087524414,135400
2000-06-12,12.859375,12.921875,12.796875,12.828125,9.475615501403809,24800
2000-06-13,12.796875,13.21875,12.796875,13.078125,9.660282135009766,230800
2000-06-14,13.09375,13.28125,13.09375,13.125,9.69490909576416,89200
2000-06-15,13.203125,13.234375,13.09375,13.09375,9.671820640563965,271600
2000-06-16,13.015625,13.015625,12.875,12.921875,9.563127517700195,37200
2000-06-19,12.796875,12.9375,12.75,12.90625,9.551566123962402,44600
2000-06-20,12.84375,12.84375,12.59375,12.625,9.343415260314941,28200
2000-06-21,12.632813453674316,12.632813453674316,12.507813453674316,12.539063453674316,9.27981948852539,324600
2000-06-22,12.46875,12.9375,12.375,12.484375,9.23934268951416,513800
2000-06-23,12.453125,12.5625,12.40625,12.5625,9.297162055969238,81800
2000-06-26,12.640625,12.703125,12.0625,12.5625,9.297162055969238,26400
2000-06-27,12.59375,13.0,12.59375,12.921875,9.563127517700195,264600
2000-06-28,12.875,12.9375,12.8125,12.875,9.528433799743652,65800
2000-06-29,12.75,12.796875,12.578125,12.65625,9.366545677185059,309800
2000-06-30,12.734375,12.890625,12.671875,12.796875,9.470617294311523,65400
2000-07-03,12.84375,12.96875,12.796875,12.96875,9.597822189331055,86600
2000-07-05,13.078125,13.1875,13.03125,13.125,9.71345043182373,112000
2000-07-06,13.125,13.296875,13.109375,13.21875,9.782835960388184,15400
2000-07-07,13.28125,13.875,13.28125,13.859375,10.256939888000488,355000
2000-07-10,13.734375,14.140625,13.734375,14.0625,10.407268524169922,247800
2000-07-11,14.078125,14.28125,14.078125,14.164063453674316,10.482434272766113,128200
2000-07-12,14.234375,14.234375,14.046875,14.203125,10.511345863342285,17200
2000-07-13,14.15625,14.15625,13.9375,13.9375,10.314764976501465,53200
2000-07-14,14.0,14.125,13.875,14.109375,10.441961288452148,15000
2000-07-17,14.0625,14.109375,13.9375,14.03125,10.384145736694336,199000
2000-07-18,13.984375,14.078125,13.953125,14.0625,10.407268524169922,461400
2000-07-19,13.984375,14.023438453674316,13.859375,13.882813453674316,10.274287223815918,137200
2000-07-20,13.9375,14.03125,13.84375,13.84375,10.245384216308594,98600
2000-07-21,13.84375,13.90625,13.75,13.8125,10.222251892089844,220000
2000-07-24,13.804688453674316,13.804688453674316,13.5,13.59375,10.060359001159668,27800
2000-07-25,13.53125,13.625,13.421875,13.625,10.083490371704102,34800
2000-07-26,13.53125,13.6875,13.453125,13.578125,10.048802375793457,166800
2000-07-27,13.546875,13.6875,13.53125,13.6875,10.129744529724121,7000
2000-07-28,13.5625,13.5625,13.265625,13.265625,9.817529678344727,16600
2000-07-31,13.390625,13.390625,13.0,13.0,9.620946884155273,31400
2000-08-01,13.0625,13.1875,12.953125,13.1875,9.75970458984375,172000
2000-08-02,13.0625,13.25,13.046875,13.1875,9.75970458984375,226600
2000-08-03,13.171875,13.28125,13.078125,13.125,9.71345043182373,31400
2000-08-04,13.125,13.125,13.007813453674316,13.070313453674316,9.672978401184082,16800
2000-08-07,13.03125,13.46875,13.03125,13.421875,9.93316650390625,11200
2000-08-08,13.546875,13.921875,13.546875,13.820313453674316,10.228035926818848,9000
2000-08-09,13.65625,13.65625,13.5,13.578125,10.048802375793457,168200
2000-08-10,13.359375,13.359375,13.1875,13.1875,9.75970458984375,9000
2000-08-11,13.203125,13.46875,13.203125,13.375,9.898468971252441,45000
2000-08-14,13.5,13.609375,13.5,13.546875,10.02567195892334,800
2000-08-15,13.5,13.5,13.15625,13.15625,9.736578941345215,7800
2000-08-16,12.890625,12.96875,12.8125,12.898438453674316,9.545782089233398,20800
2000-08-17,12.953125,12.953125,12.796875,12.90625,9.551566123962402,53000
2000-08-18,12.960938453674316,13.085938453674316,12.953125,13.078125,9.67875862121582,6400
2000-08-21,13.015625,13.015625,12.75,12.765625,9.447489738464355,22400
2000-08-22,12.890625,13.15625,12.890625,13.015625,9.63250732421875,28200
2000-08-23,13.007813453674316,13.078125,12.9375,12.9375,9.574685096740723,64200
2000-08-24,13.03125,13.03125,12.90625,12.9375,9.574685096740723,8400
2000-08-25,13.03125,13.054688453674316,12.9375,13.054688453674316,9.661423683166504,2000
2000-08-28,12.984375,13.039063453674316,12.84375,12.84375,9.505311012268066,52600
2000-08-29,12.90625,12.90625,12.75,12.789063453674316,9.464837074279785,17000
2000-08-30,12.75,12.75,12.640625,12.640625,9.354985237121582,9200
2000-08-31,12.5625,12.5625,12.359375,12.460938453674316,9.22199821472168,30200
2000-09-01,12.40625,12.710938453674316,12.40625,12.710938453674316,9.40701675415039,325000
2000-09-05,12.78125,12.9375,12.75,12.84375,9.505311012268066,2447000
2000-09-06,13.03125,13.117188453674316,13.0,13.03125,9.644070625305176,61000
2000-09-07,13.09375,13.09375,12.921875,12.921875,9.563127517700195,229600
2000-09-08,13.0,13.242188453674316,13.0,13.164063453674316,9.742362976074219,11740200
2000-09-11,13.234375,13.4375,13.234375,13.40625,9.921597480773926,5248400
2000-09-12,13.375,13.5,13.257813453674316,13.40625,9.921597480773926,2242200
2000-09-13,13.484375,13.484375,13.351563453674316,13.40625,9.921597480773926,175600
2000-09-14,13.375,13.421875,13.265625,13.328125,9.86378288269043,34000
2000-09-15,13.226563453674316,13.226563453674316,13.101563453674316,13.179688453674316,9.778133392333984,87800
2000-09-18,13.007813453674316,13.0625,12.90625,12.914063453674316,9.581068992614746,32600
2000-09-19,12.8125,12.84375,12.65625,12.695313453674316,9.418773651123047,6108600
2000-09-20,12.75,12.75,12.421875,12.445313453674316,9.233298301696777,27600
2000-09-21,12.742188453674316,12.90625,12.695313453674316,12.90625,9.575268745422363,7600
2000-09-22,12.78125,12.84375,12.78125,12.820313453674316,9.511515617370605,2800
2000-09-25,12.796875,12.796875,12.609375,12.625,9.366609573364258,6019400
2000-09-26,12.625,12.625,12.226563453674316,12.34375,9.157940864562988,15600
2000-09-27,12.421875,12.484375,12.375,12.460938453674316,9.244891166687012,6600
2000-09-28,12.445313453674316,12.703125,12.4375,12.65625,9.389793395996094,8600
2000-09-29,12.5625,12.625,12.445313453674316,12.445313453674316,9.233298301696777,20200
2000-10-02,12.4375,12.5,12.25,12.25,9.08839225769043,2016000
2000-10-03,12.265625,12.40625,12.25,12.34375,9.157940864562988,20800
2000-10-04,12.34375,12.734375,12.34375,12.5625,9.32024097442627,4025200
2000-10-05,12.546875,12.546875,12.398438453674316,12.398438453674316,9.198522567749023,10800
2000-10-06,12.28125,12.28125,12.007813453674316,12.007813453674316,8.908712387084961,24000
2000-10-09,12.078125,12.1875,12.078125,12.085938453674316,8.966676712036133,8800
2000-10-10,12.15625,12.15625,12.03125,12.09375,8.972467422485352,9200
2000-10-11,12.0,12.0,11.671875,11.75,8.717440605163574,236800
2000-10-12,11.117188453674316,11.117188453674316,10.78125,10.929688453674316,8.108844757080078,91200
2000-10-13,10.96875,11.1875,10.875,11.15625,8.276928901672363,175200
2000-10-16,11.28125,11.429688453674316,11.28125,11.351563453674316,8.421832084655762,8800
2000-10-17,11.515625,11.515625,11.039063453674316,11.039063453674316,8.189990043640137,12800
2000-10-18,10.914063453674316,11.265625,10.914063453674316,11.25,8.346480369567871,8800
2000-10-19,11.265625,11.734375,11.265625,11.710938453674316,8.688457489013672,59200
2000-10-20,11.476563453674316,11.578125,11.390625,11.5,8.531962394714355,4200
2000-10-23,11.53125,11.59375,11.5,11.570313453674316,8.584125518798828,8600
2000-10-24,11.578125,11.75,11.578125,11.578125,8.58991813659668,33600
2000-10-25,11.625,11.625,11.40625,11.40625,8.462413787841797,283600
2000-10-26,11.40625,11.421875,11.265625,11.367188453674316,8.433425903320312,6800
2000-10-27,11.25,11.5,11.25,11.476563453674316,8.514569282531738,11400
2000-10-30,11.421875,11.921875,11.421875,11.765625,8.72903060913086,97400
2000-10-31,12.03125,12.320313453674316,12.0,12.289063453674316,9.1173734664917,300400
2000-11-01,12.375,12.46875,12.28125,12.390625,9.192723274230957,322600
2000-11-02,12.296875,12.5,12.21875,12.5,9.273866653442383,15000
2000-11-03,12.515625,12.515625,12.15625,12.320313453674316,9.140556335449219,27800
2000-11-06,12.28125,12.515625,12.28125,12.484375,9.262276649475098,4400
2000-11-07,12.390625,12.46875,12.328125,12.359375,9.169543266296387,33400
2000-11-08,12.546875,12.65625,12.5,12.5,9.273866653442383,46200
2000-11-09,12.09375,12.140625,11.828125,12.015625,8.914506912231445,29600
2000-11-10,11.578125,11.640625,11.460938453674316,11.460938453674316,8.502984046936035,61000
2000-11-13,11.4375,11.78125,11.40625,11.78125,8.740622520446777,44600
2000-11-14,12.09375,12.140625,12.046875,12.132813453674316,9.001452445983887,121200
2000-11-15,12.0,12.25,12.0,12.25,9.08839225769043,29000
2000-11-16,12.203125,12.203125,12.0625,12.117188453674316,8.989859580993652,20400
2000-11-17,12.03125,12.140625,11.953125,12.109375,8.984063148498535,8400
2000-11-20,11.992188453674316,12.0,11.796875,11.8125,8.763802528381348,129200
2000-11-21,11.851563453674316,11.851563453674316,11.71875,11.71875,8.694253921508789,179400
2000-11-22,11.640625,11.734375,11.53125,11.59375,8.601515769958496,129600
2000-11-24,11.53125,11.671875,11.53125,11.671875,8.659477233886719,1400
2000-11-27,12.0,12.125,11.96875,12.09375,8.972467422485352,5600
2000-11-28,12.0,12.109375,11.859375,12.046875,8.937688827514648,74200
2000-11-29,12.109375,12.21875,12.09375,12.21875,9.065205574035645,57400
2000-11-30,12.09375,12.09375,11.75,11.984375,8.89132308959961,87400
2000-12-01,12.078125,12.1875,11.921875,12.0,8.902912139892578,103200
2000-12-04,12.234375,12.453125,12.203125,12.453125,9.239089965820312,8200
2000-12-05,12.40625,12.859375,12.40625,12.75,9.4593505859375,361800
2000-12-06,12.875,12.875,12.625,12.671875,9.401384353637695,53400
2000-12-07,12.734375,12.734375,12.484375,12.5,9.273866653442383,34400
2000-12-08,12.6875,12.75,12.59375,12.632813453674316,9.372406005859375,13000
2000-12-11,12.5,12.5,12.328125,12.476563453674316,9.256484031677246,27000
2000-12-12,12.328125,12.578125,12.25,12.5,9.273866653442383,31000
2000-12-13,12.484375,12.53125,12.25,12.25,9.08839225769043,107400
2000-12-14,12.203125,12.28125,12.09375,12.210938453674316,9.059408187866211,230600
2000-12-15,11.953125,12.015625,11.78125,11.859375,8.820615768432617,17800
2000-12-18,11.96875,12.140625,11.96875,12.117188453674316,9.012371063232422,145600
2000-12-19,12.148438453674316,12.148438453674316,11.8125,11.828125,8.797371864318848,194400
2000-12-20,11.453125,11.75,11.40625,11.6875,8.692776679992676,63000
2000-12-21,11.671875,12.125,11.671875,12.046875,8.960068702697754,194200
2000-12-22,12.09375,12.3125,12.09375,12.25,9.111148834228516,54400
2000-12-26,12.140625,12.210938453674316,12.0,12.015625,8.936827659606934,146800
2000-12-27,12.09375,12.65625,12.09375,12.59375,9.366817474365234,158800
2000-12-28,12.671875,12.75,12.59375,12.75,9.483036994934082,60400
2000-12-29,12.796875,13.03125,12.734375,12.796875,9.51789379119873,27800
2001-01-02,12.890625,12.96875,12.71875,12.773438453674316,9.500473022460938,334200
2001-01-03,12.65625,13.78125,12.65625,13.78125,10.250041961669922,2068800
2001-01-04,13.703125,14.15625,13.703125,13.976563453674316,10.395310401916504,519800
2001-01-05,13.84375,13.84375,13.375,13.515625,10.05247974395752,182600
2001-01-08,13.390625,13.46875,13.1875,13.335938453674316,9.91883659362793,55200
2001-01-09,13.453125,13.453125,13.21875,13.226563453674316,9.837485313415527,193000
2001-01-10,13.109375,13.3125,12.96875,13.3125,9.901402473449707,261800
2001-01-11,13.296875,13.5,13.109375,13.429688453674316,9.988565444946289,87600
2001-01-12,13.28125,13.5,13.28125,13.421875,9.982754707336426,143400
2001-01-16,13.40625,13.75,13.40625,13.734375,10.215181350708008,39800
2001-01-17,13.734375,13.75,13.453125,13.546875,10.075725555419922,341600
2001-01-18,13.546875,13.5625,13.34375,13.34375,9.924646377563477,14400
2001-01-19,13.015625,13.046875,12.8125,12.8125,9.52951431274414,446200
2001-01-22,13.15625,13.34375,13.0625,13.296875,9.889782905578613,181600
2001-01-23,13.34375,13.453125,13.25,13.453125,10.005995750427246,114800
2001-01-24,13.4375,13.484375,13.34375,13.46875,10.017619132995605,785600
2001-01-25,13.53125,13.8125,13.40625,13.679688453674316,10.174505233764648,11587400
2001-01-26,13.65625,13.6875,13.5,13.53125,10.064104080200195,864000
2001-01-29,13.670000076293945,13.8100004196167,13.59000015258789,13.800000190734863,10.263985633850098,717400
2001-01-30,13.800000190734863,13.904999732971191,13.625,13.84000015258789,10.293744087219238,1441200
2001-01-31,13.975000381469727,14.3149995803833,13.975000381469727,14.28499984741211,10.624711036682129,235000
2001-02-01,14.25,14.265000343322754,14.09000015258789,14.265000343322754,10.609842300415039,87600
2001-02-02,14.270000457763672,14.305000305175781,13.960000038146973,13.994999885559082,10.409028053283691,277600
2001-02-05,14.079999923706055,14.079999923706055,13.875,13.914999961853027,10.349522590637207,44400
2001-02-06,13.989999771118164,14.119999885559082,13.930000305175781,13.930000305175781,10.360672950744629,38800
2001-02-07,14.010000228881836,14.039999961853027,13.875,13.960000038146973,10.382994651794434,192800
2001-02-08,13.824999809265137,13.824999809265137,13.494999885559082,13.550000190734863,10.078047752380371,423400
2001-02-09,13.75,13.75,13.279999732971191,13.375,9.947884559631348,3275600
2001-02-12,13.40999984741211,13.75,13.40999984741211,13.75,10.226799964904785,6844000
2001-02-13,13.819999694824219,14.024999618530273,13.71500015258789,13.9350004196167,10.364396095275879,57000
2001-02-14,13.989999771118164,13.989999771118164,13.789999961853027,13.800000190734863,10.263985633850098,187600
2001-02-15,13.869999885559082,13.885000228881836,13.729999542236328,13.795000076293945,10.260268211364746,29000
2001-02-16,13.649999618530273,13.859999656677246,13.619999885559082,13.619999885559082,10.130106925964355,18600
2001-02-20,13.850000381469727,14.0,13.734999656677246,13.800000190734863,10.263985633850098,149800
2001-02-21,13.6899995803833,13.6899995803833,13.180000305175781,13.204999923706055,9.821447372436523,263600
2001-02-22,13.15999984741211,13.239999771118164,12.920000076293945,13.0,9.668973922729492,71200
2001-02-23,13.0600004196167,13.229999542236328,12.854999542236328,13.21500015258789,9.828887939453125,189200
2001-02-26,13.449999809265137,13.619999885559082,13.350000381469727,13.619999885559082,10.130106925964355,181000
2001-02-27,13.550000190734863,13.670000076293945,13.40999984741211,13.550000190734863,10.078047752380371,187600
2001-02-28,13.579999923706055,13.579999923706055,13.199999809265137,13.265000343322754,9.866071701049805,159800
2001-03-01,13.260000228881836,13.260000228881836,12.925000190734863,13.050000190734863,9.706167221069336,255200
2001-03-02,12.829999923706055,13.175000190734863,12.824999809265137,13.149999618530273,9.780538558959961,487800
2001-03-05,13.074999809265137,13.25,13.010000228881836,13.010000228881836,9.676410675048828,8600
2001-03-06,13.350000381469727,13.399999618530273,13.21500015258789,13.34000015258789,9.921857833862305,229600
2001-03-07,13.46500015258789,13.670000076293945,13.46500015258789,13.670000076293945,10.1673002243042,152600
2001-03-08,13.680000305175781,13.899999618530273,13.680000305175781,13.890000343322754,10.330928802490234,542600
2001-03-09,13.675000190734863,13.78499984741211,13.645000457763672,13.75,10.226799964904785,119200
2001-03-12,13.5,13.59000015258789,13.199999809265137,13.239999771118164,9.847478866577148,529600
2001-03-13,13.170000076293945,13.194999694824219,12.895000457763672,13.180000305175781,9.80285358428955,484200
2001-03-14,12.824999809265137,13.0,12.765000343322754,12.895000457763672,9.5908842086792,362000
2001-03-15,12.944999694824219,13.045000076293945,12.824999809265137,13.039999961853027,9.69872760772705,84000
2001-03-16,12.960000038146973,12.960000038146973,12.6899995803833,12.75,9.502345085144043,134400
2001-03-19,12.800000190734863,12.979999542236328,12.699999809265137,12.899999618530273,9.6141357421875,242400
2001-03-20,13.0,13.3100004196167,12.930000305175781,12.930000305175781,9.636499404907227,269200
2001-03-21,12.850000381469727,13.029999732971191,12.75,12.850000381469727,9.576871871948242,381600
2001-03-22,12.5600004196167,12.5600004196167,12.095000267028809,12.449999809265137,9.278759002685547,494400
2001-03-23,12.359999656677246,12.59000015258789,12.180000305175781,12.59000015258789,9.383099555969238,240200
2001-03-26,12.854999542236328,12.899999618530273,12.75,12.8100004196167,9.547063827514648,193200
2001-03-27,12.8100004196167,13.09000015258789,12.779999732971191,13.09000015258789,9.755742073059082,154400
2001-03-28,12.824999809265137,12.925000190734863,12.729999542236328,12.875,9.595504760742188,372400
2001-03-29,12.75,13.010000228881836,12.75,13.0,9.688666343688965,331200
2001-03-30,12.960000038146973,13.045000076293945,12.875,13.045000076293945,9.722201347351074,45000
2001-04-02,12.920000076293945,13.119999885559082,12.914999961853027,13.050000190734863,9.725933074951172,123000
2001-04-03,13.125,13.125,12.595000267028809,12.609999656677246,9.398008346557617,428200
2001-04-04,12.75,12.845000267028809,12.625,12.744999885559082,9.498616218566895,178400
2001-04-05,13.0,13.050000190734863,12.899999618530273,13.029999732971191,9.711024284362793,87400
2001-04-06,12.899999618530273,13.039999961853027,12.744999885559082,12.989999771118164,9.681211471557617,277000
2001-04-09,12.925000190734863,13.039999961853027,12.824999809265137,12.869999885559082,9.591782569885254,128000
2001-04-10,12.994999885559082,13.154999732971191,12.989999771118164,13.0,9.688666343688965,204400
2001-04-11,13.039999961853027,13.039999961853027,12.699999809265137,12.854999542236328,9.580601692199707,386600
2001-04-12,12.710000038146973,12.774999618530273,12.5,12.635000228881836,9.416634559631348,412400
2001-04-16,12.899999618530273,12.944999694824219,12.694999694824219,12.694999694824219,9.461350440979004,50200
2001-04-17,12.729999542236328,12.899999618530273,12.729999542236328,12.869999885559082,9.591782569885254,252600
2001-04-18,12.970000267028809,13.805000305175781,12.954999923706055,13.65999984741211,10.18055248260498,315400
2001-04-19,13.574999809265137,13.71500015258789,13.539999961853027,13.699999809265137,10.210362434387207,39400
2001-04-20,13.630000114440918,13.65999984741211,13.484999656677246,13.555000305175781,10.102294921875,21600
2001-04-23,13.5600004196167,13.640000343322754,13.395000457763672,13.46500015258789,10.0352201461792,193000
2001-04-24,13.130000114440918,13.260000228881836,13.130000114440918,13.229999542236328,9.860077857971191,12800
2001-04-25,13.220000267028809,13.34000015258789,13.170000076293945,13.239999771118164,9.867534637451172,255200
2001-04-26,13.34000015258789,13.630000114440918,13.34000015258789,13.569999694824219,10.11347484588623,26800
2001-04-27,13.729999542236328,13.904999732971191,13.699999809265137,13.895000457763672,10.35568904876709,189200
2001-04-30,13.914999961853027,13.949999809265137,13.550000190734863,13.649999618530273,10.173099517822266,196400
2001-05-01,13.699999809265137,13.84000015258789,13.614999771118164,13.800000190734863,10.284889221191406,225000
2001-05-02,13.774999618530273,13.914999961853027,13.75,13.90999984741211,10.36687183380127,78000
2001-05-03,13.744999885559082,13.8149995803833,13.654999732971191,13.75,10.247621536254883,212200
2001-05-04,13.475000381469727,13.875,13.475000381469727,13.875,10.340789794921875,38400
2001-05-07,13.774999618530273,13.829999923706055,13.6850004196167,13.770000457763672,10.262531280517578,587400
2001-05-08,13.75,13.760000228881836,13.614999771118164,13.760000228881836,10.255083084106445,49000
2001-05-09,13.704999923706055,13.725000381469727,13.550000190734863,13.550000190734863,10.0985689163208,42400
2001-05-10,13.994999885559082,14.09000015258789,13.920000076293945,13.9399995803833,10.389227867126465,68600
2001-05-11,14.114999771118164,14.114999771118164,13.920000076293945,14.0,10.433950424194336,85400
2001-05-14,14.005000114440918,14.020000457763672,13.920000076293945,13.96500015258789,10.407861709594727,9000
2001-05-15,14.079999923706055,14.100000381469727,13.885000228881836,13.914999961853027,10.370597839355469,96400
2001-05-16,13.8149995803833,14.145000457763672,13.770000457763672,14.085000038146973,10.497291564941406,665200
2001-05-17,14.199999809265137,14.319999694824219,14.170000076293945,14.300000190734863,10.657536506652832,422200
2001-05-18,14.260000228881836,14.289999961853027,14.109999656677246,14.289999961853027,10.650079727172852,180400
2001-05-21,14.25,14.475000381469727,14.130000114440918,14.449999809265137,10.76932144165039,102400
2001-05-22,14.550000190734863,14.550000190734863,14.40999984741211,14.5,10.806594848632812,596600
2001-05-23,14.425000190734863,14.425000190734863,14.125,14.239999771118164,10.612812042236328,255200
2001-05-24,14.239999771118164,14.300000190734863,14.125,14.1899995803833,10.575551986694336,119800
2001-05-25,14.15999984741211,14.199999809265137,14.100000381469727,14.119999885559082,10.523380279541016,736600
2001-05-29,14.125,14.125,13.925000190734863,14.010000228881836,10.441401481628418,44200
2001-05-30,13.9399995803833,13.970000267028809,13.755000114440918,13.755000114440918,10.251354217529297,762800
2001-05-31,13.930000305175781,13.975000381469727,13.770000457763672,13.975000381469727,10.415310859680176,8000
2001-06-01,13.850000381469727,13.944999694824219,13.789999961853027,13.925000190734863,10.378052711486816,427000
2001-06-04,13.875,13.880000114440918,13.71500015258789,13.880000114440918,10.344514846801758,23000
2001-06-05,13.875,14.050000190734863,13.875,14.045000076293945,10.467488288879395,16800
2001-06-06,14.045000076293945,14.045000076293945,13.899999618530273,13.899999618530273,10.359414100646973,20200
2001-06-07,13.800000190734863,14.069999694824219,13.800000190734863,14.005000114440918,10.437676429748535,23200
2001-06-08,14.050000190734863,14.055000305175781,13.975000381469727,14.055000305175781,10.47493839263916,21000
2001-06-11,13.989999771118164,14.039999961853027,13.845000267028809,13.845000267028809,10.318431854248047,28000
2001-06-12,13.75,13.949999809265137,13.699999809265137,13.949999809265137,10.396681785583496,88800
2001-06-13,13.899999618530273,13.944999694824219,13.800000190734863,13.800000190734863,10.284889221191406,45800
2001-06-14,13.850000381469727,13.850000381469727,13.635000228881836,13.654999732971191,10.176820755004883,83200
2001-06-15,13.574999809265137,13.625,13.420000076293945,13.489999771118164,10.075617790222168,40800
2001-06-18,13.630000114440918,13.770000457763672,13.630000114440918,13.635000228881836,10.18392276763916,70000
2001-06-19,13.850000381469727,13.850000381469727,13.654999732971191,13.680000305175781,10.21753215789795,83400
2001-06-20,13.789999961853027,13.904999732971191,13.739999771118164,13.880000114440918,10.366908073425293,42000
2001-06-21,13.800000190734863,14.244999885559082,13.800000190734863,14.130000114440918,10.55363655090332,145600
2001-06-22,14.114999771118164,14.114999771118164,13.920000076293945,13.989999771118164,10.449069023132324,52400
2001-06-25,13.979999542236328,13.979999542236328,13.65999984741211,13.8100004196167,10.31462574005127,56800
2001-06-26,13.59000015258789,13.71500015258789,13.53499984741211,13.625,10.176454544067383,375600
2001-06-27,13.625,13.75,13.524999618530273,13.5600004196167,10.12790298461914,65400
2001-06-28,13.710000038146973,13.9399995803833,13.710000038146973,13.774999618530273,10.288477897644043,32000
2001-06-29,13.850000381469727,13.979999542236328,13.755000114440918,13.835000038146973,10.333293914794922,110800
2001-07-02,13.819999694824219,13.975000381469727,13.819999694824219,13.970000267028809,10.434130668640137,66000
2001-07-03,13.824999809265137,13.949999809265137,13.824999809265137,13.944999694824219,10.415456771850586,67200
2001-07-05,13.75,13.824999809265137,13.65999984741211,13.65999984741211,10.202592849731445,69000
2001-07-06,13.630000114440918,13.649999618530273,13.300000190734863,13.335000038146973,9.959855079650879,180000
2001-07-09,13.3149995803833,13.484999656677246,13.3149995803833,13.430000305175781,10.030805587768555,145200
2001-07-10,13.550000190734863,13.579999923706055,13.369999885559082,13.369999885559082,9.985993385314941,101000
2001-07-11,13.425000190734863,13.614999771118164,13.34000015258789,13.515000343322754,10.094292640686035,334200
2001-07-12,13.75,14.170000076293945,13.75,14.100000381469727,10.531231880187988,25800
2001-07-13,14.039999961853027,14.359999656677246,13.960000038146973,14.329999923706055,10.703014373779297,59200
2001-07-16,14.345000267028809,14.460000038146973,14.295000076293945,14.369999885559082,10.73288631439209,94600
2001-07-17,14.3149995803833,14.449999809265137,14.279999732971191,14.449999809265137,10.79263973236084,18000
2001-07-18,14.375,14.460000038146973,14.300000190734863,14.460000038146973,10.800106048583984,587600
2001-07-19,14.550000190734863,14.675000190734863,14.449999809265137,14.5600004196167,10.874800682067871,297200
2001-07-20,14.529999732971191,14.670000076293945,14.529999732971191,14.574999809265137,10.885998725891113,70600
2001-07-23,14.5600004196167,14.595000267028809,14.305000305175781,14.305000305175781,10.684344291687012,40800
2001-07-24,14.300000190734863,14.300000190734863,14.010000228881836,14.100000381469727,10.531231880187988,96400
2001-07-25,13.979999542236328,14.375,13.925000190734863,14.375,10.73662281036377,90600
2001-07-26,14.324999809265137,14.430000305175781,14.170000076293945,14.390000343322754,10.747827529907227,59600
2001-07-27,14.375,14.449999809265137,14.274999618530273,14.350000381469727,10.717950820922852,113200
2001-07-30,14.449999809265137,14.449999809265137,14.28499984741211,14.444999694824219,10.788904190063477,59200
2001-07-31,14.404999732971191,14.625,14.404999732971191,14.449999809265137,10.79263973236084,78600
2001-08-01,14.399999618530273,14.59000015258789,14.364999771118164,14.4350004196167,10.781434059143066,52800
2001-08-02,14.550000190734863,14.5600004196167,14.425000190734863,14.524999618530273,10.848658561706543,175200
2001-08-03,14.425000190734863,14.430000305175781,14.375,14.430000305175781,10.777700424194336,21200
2001-08-06,14.399999618530273,14.399999618530273,14.170000076293945,14.170000076293945,10.58350944519043,20600
2001-08-07,14.25,14.364999771118164,14.170000076293945,14.329999923706055,10.703014373779297,108600
2001-08-08,14.345000267028809,14.46500015258789,14.09000015258789,14.149999618530273,10.568572044372559,12400
2001-08-09,14.149999618530273,14.170000076293945,13.960000038146973,14.100000381469727,10.531231880187988,543200
2001-08-10,13.854999542236328,14.109999656677246,13.845000267028809,14.09000015258789,10.52375602722168,86200
2001-08-13,14.0,14.0,13.795000076293945,13.930000305175781,10.40424633026123,32600
2001-08-14,13.949999809265137,14.050000190734863,13.944999694824219,13.970000267028809,10.434130668640137,321600
2001-08-15,14.0,14.079999923706055,13.850000381469727,13.850000381469727,10.344504356384277,31200
2001-08-16,13.845000267028809,13.954999923706055,13.755000114440918,13.954999923706055,10.422927856445312,824600
2001-08-17,13.850000381469727,13.850000381469727,13.579999923706055,13.59000015258789,10.150304794311523,1094400
2001-08-20,13.774999618530273,13.774999618530273,13.630000114440918,13.760000228881836,10.277283668518066,70400
2001-08-21,13.75,13.75,13.375,13.420000076293945,10.023338317871094,625600
2001-08-22,13.430000305175781,13.545000076293945,13.324999809265137,13.454999923706055,10.049479484558105,339600
2001-08-23,13.425000190734863,13.46500015258789,13.335000038146973,13.385000228881836,9.997200965881348,143200
2001-08-24,13.399999618530273,13.71500015258789,13.399999618530273,13.640000343322754,10.187652587890625,46800
2001-08-27,13.625,13.699999809265137,13.550000190734863,13.625,10.176454544067383,46600
2001-08-28,13.5,13.510000228881836,13.375,13.510000228881836,10.090559005737305,130400
2001-08-29,13.399999618530273,13.494999885559082,13.260000228881836,13.260000228881836,9.903831481933594,58800
2001-08-30,13.324999809265137,13.359999656677246,12.970000267028809,12.989999771118164,9.702171325683594,178600
2001-08-31,13.074999809265137,13.279999732971191,13.050000190734863,13.1850004196167,9.84781551361084,116400
2001-09-04,13.220000267028809,13.585000038146973,13.220000267028809,13.255000114440918,9.900100708007812,162000
2001-09-05,13.229999542236328,13.274999618530273,13.010000228881836,13.260000228881836,9.903831481933594,356200
2001-09-06,13.199999809265137,13.199999809265137,12.779999732971191,12.779999732971191,9.545327186584473,348200
2001-09-07,12.5,12.649999618530273,12.204999923706055,12.3149995803833,9.198018074035645,1081800
2001-09-10,12.100000381469727,12.350000381469727,12.055000305175781,12.210000038146973,9.11959171295166,439600
2001-09-17,11.125,11.425000190734863,11.0,11.074999809265137,8.271865844726562,1586800
2001-09-18,11.074999809265137,11.425000190734863,11.024999618530273,11.140000343322754,8.320417404174805,168800
2001-09-19,11.265000343322754,11.305000305175781,10.625,10.885000228881836,8.129955291748047,170400
2001-09-20,10.699999809265137,10.789999961853027,10.510000228881836,10.510000228881836,7.8498735427856445,166000
2001-09-21,10.055000305175781,10.675000190734863,10.0,10.524999618530273,7.884706497192383,285800
2001-09-24,10.824999809265137,11.210000038146973,10.824999809265137,11.104999542236328,8.3192138671875,624200
2001-09-25,11.194999694824219,11.369999885559082,11.085000038146973,11.135000228881836,8.341682434082031,564200
2001-09-26,11.385000228881836,11.385000228881836,11.079999923706055,11.170000076293945,8.367903709411621,102600
2001-09-27,11.199999809265137,11.21500015258789,10.914999961853027,11.199999809265137,8.39037799835205,208200
2001-09-28,11.390000343322754,11.579999923706055,11.3149995803833,11.484999656677246,8.60388469696045,361600
2001-10-01,11.5,11.520000457763672,11.234999656677246,11.475000381469727,8.596390724182129,193400
2001-10-02,11.625,11.795000076293945,11.529999732971191,11.795000076293945,8.836112022399902,148200
2001-10-03,11.824999809265137,12.274999618530273,11.8100004196167,12.210000038146973,9.14700698852539,159800
2001-10-04,12.274999618530273,12.274999618530273,11.949999809265137,11.949999809265137,8.95223331451416,45000
2001-10-05,12.050000190734863,12.050000190734863,11.795000076293945,12.050000190734863,9.027144432067871,230800
2001-10-08,11.835000038146973,11.960000038146973,11.805000305175781,11.805000305175781,8.84360408782959,223000
2001-10-09,11.75,11.824999809265137,11.710000038146973,11.8149995803833,8.851097106933594,56600
2001-10-10,11.875,12.305000305175781,11.875,12.305000305175781,9.218174934387207,139200
2001-10-11,12.5,12.71500015258789,12.5,12.699999809265137,9.514083862304688,274000
2001-10-12,12.550000190734863,12.550000190734863,12.175000190734863,12.425000190734863,9.308073043823242,91200
2001-10-15,12.260000228881836,12.449999809265137,12.25,12.390000343322754,9.28185749053955,37800
2001-10-16,12.604999542236328,12.604999542236328,12.354999542236328,12.515000343322754,9.375496864318848,38600
2001-10-17,12.675000190734863,12.675000190734863,12.199999809265137,12.199999809265137,9.139520645141602,36600
2001-10-18,12.199999809265137,12.25,12.100000381469727,12.199999809265137,9.139520645141602,33600
2001-10-19,12.135000228881836,12.135000228881836,12.029999732971191,12.029999732971191,9.012164115905762,51800
2001-10-22,12.324999809265137,12.324999809265137,12.135000228881836,12.300000190734863,9.214432716369629,9000
2001-10-23,12.375,12.595000267028809,12.324999809265137,12.324999809265137,9.233160018920898,42600
2001-10-24,12.375,12.449999809265137,12.274999618530273,12.274999618530273,9.195698738098145,20800
2001-10-25,12.170000076293945,12.390000343322754,12.100000381469727,12.390000343322754,9.28185749053955,43000
2001-10-26,12.350000381469727,12.550000190734863,12.324999809265137,12.520000457763672,9.379236221313477,21200
2001-10-29,12.385000228881836,12.385000228881836,12.085000038146973,12.085000038146973,9.053362846374512,24800
2001-10-30,11.949999809265137,12.0,11.75,11.854999542236328,8.88106632232666,682000
2001-10-31,11.949999809265137,12.194999694824219,11.949999809265137,12.09000015258789,9.057113647460938,730000
2001-11-01,12.039999961853027,12.364999771118164,12.039999961853027,12.3149995803833,9.225667953491211,338600
2001-11-02,12.399999618530273,12.579999923706055,12.399999618530273,12.5,9.364259719848633,70200
2001-11-05,12.675000190734863,12.850000381469727,12.649999618530273,12.795000076293945,9.585257530212402,201200
2001-11-06,12.725000381469727,13.0,12.699999809265137,12.949999809265137,9.701372146606445,84600
2001-11-07,12.949999809265137,13.029999732971191,12.824999809265137,12.859999656677246,9.633949279785156,54600
2001-11-08,13.074999809265137,13.210000038146973,12.925000190734863,12.970000267028809,9.71635627746582,284200
2001-11-09,12.875,12.994999885559082,12.875,12.899999618530273,9.663914680480957,24800
2001-11-12,12.824999809265137,12.975000381469727,12.649999618530273,12.944999694824219,9.697624206542969,240200
2001-11-13,13.050000190734863,13.295000076293945,13.050000190734863,13.274999618530273,9.944843292236328,211800
2001-11-14,13.574999809265137,13.579999923706055,13.420000076293945,13.574999809265137,10.16958236694336,232800
2001-11-15,13.625,13.75,13.505000114440918,13.574999809265137,10.16958236694336,177000
2001-11-16,13.75,13.75,13.425000190734863,13.425000190734863,10.05721378326416,249400
2001-11-19,13.510000228881836,13.869999885559082,13.510000228881836,13.869999885559082,10.390579223632812,510800
2001-11-20,13.675000190734863,13.739999771118164,13.625,13.699999809265137,10.263232231140137,244200
2001-11-21,13.505000114440918,13.604999542236328,13.454999923706055,13.569999694824219,10.165841102600098,48000
2001-11-23,13.600000381469727,13.800000190734863,13.529999732971191,13.725000381469727,10.281953811645508,205000
2001-11-26,13.850000381469727,13.850000381469727,13.680000305175781,13.835000038146973,10.364359855651855,1647000
2001-11-27,13.699999809265137,13.720000267028809,13.550000190734863,13.585000038146973,10.177077293395996,1774800
2001-11-28,13.449999809265137,13.649999618530273,13.404999732971191,13.5,10.113395690917969,43800
2001-11-29,13.505000114440918,13.595000267028809,13.425000190734863,13.595000267028809,10.184565544128418,33000
2001-11-30,13.725000381469727,13.850000381469727,13.625,13.699999809265137,10.263232231140137,77400
2001-12-03,13.574999809265137,13.725000381469727,13.5,13.5,10.113395690917969,45000
2001-12-04,13.574999809265137,13.800000190734863,13.524999618530273,13.800000190734863,10.338140487670898,212200
2001-12-05,13.850000381469727,14.274999618530273,13.779999732971191,14.210000038146973,10.645289421081543,1249200
2001-12-06,14.199999809265137,14.220000267028809,14.050000190734863,14.050000190734863,10.525430679321289,1002600
2001-12-07,14.0,14.145000457763672,14.0,14.055000305175781,10.5291748046875,912800
2001-12-10,13.979999542236328,14.074999809265137,13.829999923706055,13.869999885559082,10.390579223632812,36000
2001-12-11,13.800000190734863,13.800000190734863,13.625,13.774999618530273,10.319416046142578,957600
2001-12-12,13.800000190734863,13.819999694824219,13.670000076293945,13.800000190734863,10.338140487670898,59800
2001-12-13,13.574999809265137,13.725000381469727,13.574999809265137,13.645000457763672,10.222027778625488,2265400
2001-12-14,13.625,13.829999923706055,13.600000381469727,13.755000114440918,10.304431915283203,143200
2001-12-17,13.75,13.944999694824219,13.725000381469727,13.904999732971191,10.416803359985352,256200
2001-12-18,14.149999618530273,14.149999618530273,13.925000190734863,14.050000190734863,10.525430679321289,268400
2001-12-19,13.949999809265137,14.119999885559082,13.899999618530273,14.119999885559082,10.577865600585938,411000
2001-12-20,14.149999618530273,14.199999809265137,14.03499984741211,14.03499984741211,10.514192581176758,2120600
2001-12-21,14.130000114440918,14.225000381469727,14.074999809265137,14.21500015258789,10.665753364562988,26200
2001-12-24,14.25,14.324999809265137,14.204999923706055,14.265000343322754,10.70327377319336,32800
2001-12-26,14.274999618530273,14.475000381469727,14.274999618530273,14.399999618530273,10.80456256866455,237200
2001-12-27,14.375,14.5,14.350000381469727,14.414999961853027,10.815811157226562,35200
2001-12-28,14.475000381469727,14.550000190734863,14.425000190734863,14.520000457763672,10.894598007202148,35400
2001-12-31,14.449999809265137,14.574999809265137,14.300000190734863,14.300000190734863,10.729531288146973,61200
2002-01-02,14.425000190734863,14.425000190734863,14.125,14.345000267028809,10.76329517364502,2402600
2002-01-03,14.375,14.425000190734863,14.255000114440918,14.300000190734863,10.729531288146973,166800
2002-01-04,14.5,14.625,14.449999809265137,14.53499984741211,10.905858993530273,105600
2002-01-07,14.65999984741211,14.725000381469727,14.449999809265137,14.449999809265137,10.842076301574707,88800
2002-01-08,14.5,14.649999618530273,14.475000381469727,14.5,10.879596710205078,75200
2002-01-09,14.5,14.600000381469727,14.300000190734863,14.300000190734863,10.729531288146973,1712400
2002-01-10,14.350000381469727,14.449999809265137,14.300000190734863,14.399999618530273,10.80456256866455,709800
2002-01-11,14.274999618530273,14.369999885559082,14.104999542236328,14.130000114440918,10.601975440979004,55400
2002-01-14,14.050000190734863,14.149999618530273,14.024999618530273,14.024999618530273,10.52319622039795,1125000
2002-01-15,14.0,14.149999618530273,14.0,14.114999771118164,10.590719223022461,90800
2002-01-16,14.024999618530273,14.050000190734863,13.875,13.875,10.410648345947266,97000
2002-01-17,13.925000190734863,14.050000190734863,13.824999809265137,14.039999961853027,10.534448623657227,99800
2002-01-18,13.989999771118164,14.0649995803833,13.949999809265137,14.0,10.504435539245605,733400
2002-01-22,14.175000190734863,14.265000343322754,14.074999809265137,14.09000015258789,10.5719633102417,63800
2002-01-23,14.125,14.395000457763672,14.125,14.395000457763672,10.800813674926758,44000
2002-01-24,14.350000381469727,14.470000267028809,14.350000381469727,14.399999618530273,10.80456256866455,8100600
2002-01-25,14.350000381469727,14.399999618530273,14.225000381469727,14.25,10.69201374053955,61600
2002-01-28,14.375,14.5,14.375,14.494999885559082,10.875840187072754,75400
2002-01-29,14.574999809265137,14.625,14.1899995803833,14.1899995803833,10.646997451782227,52000
2002-01-30,14.149999618530273,14.600000381469727,14.149999618530273,14.550000190734863,10.917112350463867,333400
2002-01-31,14.595000267028809,14.770000457763672,14.550000190734863,14.770000457763672,11.082180976867676,413600
2002-02-01,14.725000381469727,14.75,14.550000190734863,14.619999885559082,10.969633102416992,1064000
2002-02-04,14.625,14.670000076293945,14.375,14.375,10.78580379486084,1677000
2002-02-05,14.399999618530273,14.5,14.319999694824219,14.359999656677246,10.774552345275879,3022000
2002-02-06,14.350000381469727,14.390000343322754,14.199999809265137,14.244999885559082,10.68826675415039,128400
2002-02-07,14.225000381469727,14.430000305175781,14.074999809265137,14.074999809265137,10.560708999633789,1919800
2002-02-08,14.130000114440918,14.270000457763672,14.074999809265137,14.199999809265137,10.654500007629395,31200
2002-02-11,14.300000190734863,14.625,14.300000190734863,14.625,10.973382949829102,1770200
2002-02-12,14.574999809265137,14.625,14.449999809265137,14.5,10.879596710205078,1445000
2002-02-13,14.739999771118164,14.800000190734863,14.649999618530273,14.71500015258789,11.040911674499512,86200
2002-02-14,14.75,14.850000381469727,14.649999618530273,14.770000457763672,11.082180976867676,550800
2002-02-15,14.800000190734863,14.800000190734863,14.574999809265137,14.600000381469727,10.954627990722656,1214400
2002-02-19,14.550000190734863,14.694999694824219,14.414999961853027,14.430000305175781,10.82707405090332,482800
2002-02-20,14.550000190734863,14.725000381469727,14.444999694824219,14.71500015258789,11.040911674499512,317000
2002-02-21,14.699999809265137,14.875,14.574999809265137,14.574999809265137,10.935872077941895,1492400
2002-02-22,14.454999923706055,14.595000267028809,14.300000190734863,14.595000267028809,10.950875282287598,34200
2002-02-25,14.699999809265137,14.850000381469727,14.699999809265137,14.84000015258789,11.1347017288208,56000
2002-02-26,14.949999809265137,15.095000267028809,14.774999618530273,15.0,11.254753112792969,412000
2002-02-27,15.125,15.125,14.850000381469727,14.975000381469727,11.235991477966309,796600
2002-02-28,14.944999694824219,15.024999618530273,14.779999732971191,14.850000381469727,11.142208099365234,752800
2002-03-01,14.850000381469727,15.0,14.850000381469727,14.989999771118164,11.247245788574219,433200
2002-03-04,15.024999618530273,15.225000381469727,14.949999809265137,15.21500015258789,11.416067123413086,318600
2002-03-05,15.100000381469727,15.100000381469727,14.680000305175781,14.770000457763672,11.082180976867676,502400
2002-03-06,14.725000381469727,14.989999771118164,14.725000381469727,14.975000381469727,11.235991477966309,227000
2002-03-07,15.180000305175781,15.180000305175781,14.954999923706055,15.09000015258789,11.322278022766113,1053200
2002-03-08,15.274999618530273,15.295000076293945,15.074999809265137,15.175000190734863,11.386055946350098,472600
2002-03-11,15.074999809265137,15.194999694824219,14.954999923706055,15.104999542236328,11.333537101745605,1034600
2002-03-12,15.005000114440918,15.220000267028809,14.949999809265137,15.135000228881836,11.356042861938477,609000
2002-03-13,15.125,15.154999732971191,15.0,15.100000381469727,11.329787254333496,1204600
2002-03-14,15.149999618530273,15.210000038146973,15.069999694824219,15.100000381469727,11.329787254333496,152200
2002-03-15,15.175000190734863,15.324999809265137,15.145000457763672,15.274999618530273,11.475529670715332,116600
2002-03-18,15.375,15.375,15.100000381469727,15.279999732971191,11.479287147521973,59600
2002-03-19,15.350000381469727,15.40999984741211,15.234999656677246,15.345000267028809,11.528117179870605,574000
2002-03-20,15.25,15.369999885559082,15.210000038146973,15.28499984741211,11.483040809631348,173600
2002-03-21,15.274999618530273,15.274999618530273,14.949999809265137,15.095000267028809,11.340304374694824,372400
2002-03-22,14.925000190734863,15.149999618530273,14.880000114440918,15.024999618530273,11.287711143493652,499400
2002-03-25,15.024999618530273,15.069999694824219,14.75,14.75,11.0811128616333,1123800
2002-03-26,14.800000190734863,15.0600004196167,14.800000190734863,14.949999809265137,11.231369018554688,766800
2002-03-27,14.925000190734863,15.079999923706055,14.890000343322754,15.050000190734863,11.30649185180664,330200
2002-03-28,15.0,15.100000381469727,14.975000381469727,15.020000457763672,11.283958435058594,493400
2002-04-01,14.675000190734863,14.800000190734863,14.550000190734863,14.739999771118164,11.073600769042969,108600
2002-04-02,14.649999618530273,14.649999618530273,14.449999809265137,14.475000381469727,10.874521255493164,583000
2002-04-03,14.524999618530273,14.65999984741211,13.960000038146973,14.364999771118164,10.791882514953613,208800
2002-04-04,14.375,14.630000114440918,14.375,14.5600004196167,10.93837833404541,534800
2002-04-05,14.675000190734863,14.774999618530273,14.614999771118164,14.649999618530273,11.005990982055664,382800
2002-04-08,14.529999732971191,14.885000228881836,14.529999732971191,14.869999885559082,11.171265602111816,476400
2002-04-09,14.885000228881836,15.020000457763672,14.885000228881836,14.975000381469727,11.250154495239258,2571000
2002-04-10,15.0649995803833,15.21500015258789,15.045000076293945,15.149999618530273,11.381621360778809,2166800
2002-04-11,15.25,15.270000457763672,14.920000076293945,14.920000076293945,11.208831787109375,63600
2002-04-12,15.0,15.239999771118164,15.0,15.225000381469727,11.437965393066406,120800
2002-04-15,15.225000381469727,15.225000381469727,14.9350004196167,14.994999885559082,11.265174865722656,270800
2002-04-16,15.050000190734863,15.21500015258789,15.050000190734863,15.21500015258789,11.430455207824707,60600
2002-04-17,15.25,15.25,15.005000114440918,15.0600004196167,11.314009666442871,42400
2002-04-18,15.039999961853027,15.095000267028809,14.789999961853027,14.960000038146973,11.238883972167969,1417600
2002-04-19,15.045000076293945,15.069999694824219,14.989999771118164,15.024999618530273,11.287711143493652,114200
2002-04-22,15.050000190734863,15.050000190734863,14.824999809265137,14.880000114440918,11.178783416748047,90000
2002-04-23,14.8100004196167,15.010000228881836,14.8100004196167,14.904999732971191,11.197562217712402,88200
2002-04-24,14.960000038146973,15.039999961853027,14.739999771118164,14.774999618530273,11.099896430969238,106600
2002-04-25,14.6899995803833,14.819999694824219,14.664999961853027,14.8149995803833,11.1299467086792,697200
2002-04-26,14.914999961853027,14.96500015258789,14.694999694824219,14.725000381469727,11.062337875366211,249200
2002-04-29,14.6850004196167,14.789999961853027,14.5649995803833,14.5649995803833,10.942134857177734,2029600
2002-04-30,14.524999618530273,14.645000457763672,14.524999618530273,14.600000381469727,10.968428611755371,349000
2002-05-01,14.625,14.734999656677246,14.350000381469727,14.680000305175781,11.028532028198242,199600
2002-05-02,14.774999618530273,14.845000267028809,14.739999771118164,14.8149995803833,11.1299467086792,256200
2002-05-03,14.800000190734863,14.800000190734863,14.59000015258789,14.614999771118164,10.979695320129395,175400
2002-05-06,14.600000381469727,14.770000457763672,14.350000381469727,14.350000381469727,10.780610084533691,119600
2002-05-07,14.515000343322754,14.619999885559082,14.454999923706055,14.5600004196167,10.93837833404541,357400
2002-05-08,14.78499984741211,14.8100004196167,14.635000228881836,14.774999618530273,11.099896430969238,37000
2002-05-09,14.649999618530273,14.664999961853027,14.494999885559082,14.550000190734863,10.930866241455078,699800
2002-05-10,14.600000381469727,14.625,14.3100004196167,14.3100004196167,10.750560760498047,1064000
2002-05-13,14.414999961853027,14.524999618530273,14.414999961853027,14.46500015258789,10.867005348205566,20200
2002-05-14,14.890000343322754,14.979999542236328,14.824999809265137,14.979999542236328,11.253908157348633,518800
2002-05-15,14.944999694824219,15.095000267028809,14.890000343322754,14.890000343322754,11.186297416687012,811200
2002-05-16,15.0,15.079999923706055,14.949999809265137,15.0,11.26893138885498,264400
2002-05-17,15.100000381469727,15.15999984741211,15.050000190734863,15.125,11.362838745117188,415000
2002-05-20,15.1850004196167,15.204999923706055,15.050000190734863,15.074999809265137,11.325279235839844,941000
2002-05-21,15.074999809265137,15.074999809265137,14.699999809265137,14.699999809265137,11.04355239868164,325800
2002-05-22,14.600000381469727,14.6850004196167,14.520000457763672,14.635000228881836,10.994722366333008,653600
2002-05-23,14.725000381469727,14.779999732971191,14.619999885559082,14.774999618530273,11.099896430969238,110600
2002-05-24,14.824999809265137,14.895000457763672,14.654999732971191,14.65999984741211,11.013504981994629,43800
2002-05-28,14.600000381469727,14.625,14.329999923706055,14.430000305175781,10.840716361999512,1580800
2002-05-29,14.4399995803833,14.510000228881836,14.399999618530273,14.399999618530273,10.818174362182617,53000
2002-05-30,14.329999923706055,14.369999885559082,14.199999809265137,14.274999618530273,10.724267959594727,241800
2002-05-31,14.399999618530273,14.645000457763672,14.380000114440918,14.524999618530273,10.912078857421875,415800
2002-06-03,14.5,14.520000457763672,14.140000343322754,14.140000343322754,10.622852325439453,77200
2002-06-04,14.140000343322754,14.140000343322754,13.875,14.0600004196167,10.56274700164795,1436200
2002-06-05,14.149999618530273,14.364999771118164,14.149999618530273,14.350000381469727,10.780610084533691,290800
2002-06-06,14.300000190734863,14.300000190734863,14.069999694824219,14.125,10.611578941345215,979600
2002-06-07,14.005000114440918,14.239999771118164,14.005000114440918,14.140000343322754,10.622852325439453,2689400
2002-06-10,14.225000381469727,14.479999542236328,14.225000381469727,14.375,10.799396514892578,1219200
2002-06-11,14.550000190734863,14.6899995803833,14.300000190734863,14.300000190734863,10.743051528930664,1136400
2002-06-12,14.305000305175781,14.420000076293945,14.210000038146973,14.420000076293945,10.83320140838623,213000
2002-06-13,14.274999618530273,14.329999923706055,14.079999923706055,14.09000015258789,10.585284233093262,914000
2002-06-14,13.949999809265137,14.0,13.699999809265137,14.0,10.517667770385742,4805800
2002-06-17,14.045000076293945,14.380000114440918,14.045000076293945,14.369999885559082,10.795638084411621,1251800
2002-06-18,14.25,14.359999656677246,14.25,14.324999809265137,10.761831283569336,247400
2002-06-19,14.25,14.385000228881836,14.229999542236328,14.265000343322754,10.716753005981445,885200
2002-06-20,14.199999809265137,14.225000381469727,14.055000305175781,14.055000305175781,10.558991432189941,285600
2002-06-21,13.875,14.010000228881836,13.805000305175781,13.8100004196167,10.39378547668457,1067200
2002-06-24,13.899999618530273,14.0600004196167,13.555000305175781,13.960000038146973,10.50668716430664,999600
2002-06-25,14.0,14.149999618530273,13.725000381469727,13.725000381469727,10.329809188842773,73000
2002-06-26,13.460000038146973,13.694999694824219,13.354999542236328,13.600000381469727,10.235737800598145,2870000
2002-06-27,13.699999809265137,13.704999923706055,13.3100004196167,13.680000305175781,10.295942306518555,311000
2002-06-28,13.699999809265137,13.920000076293945,13.699999809265137,13.734999656677246,10.337339401245117,1016000
2002-07-01,13.734999656677246,13.8149995803833,13.319999694824219,13.319999694824219,10.02499771118164,62000
2002-07-02,13.25,13.300000190734863,12.989999771118164,13.135000228881836,9.885765075683594,212600
2002-07-03,13.024999618530273,13.350000381469727,12.90999984741211,13.305000305175781,10.013710975646973,177600
2002-07-05,13.475000381469727,13.829999923706055,13.475000381469727,13.829999923706055,10.408842086791992,54600
2002-07-08,13.875,13.875,13.614999771118164,13.640000343322754,10.265841484069824,26400
2002-07-09,13.649999618530273,13.71500015258789,13.305000305175781,13.329999923706055,10.032522201538086,63400
2002-07-10,13.335000038146973,13.40999984741211,12.859999656677246,12.895000457763672,9.705130577087402,146400
2002-07-11,12.850000381469727,12.90999984741211,12.510000228881836,12.885000228881836,9.69760799407959,221800
2002-07-12,12.774999618530273,12.864999771118164,12.5649995803833,12.720000267028809,9.5734224319458,1023800
2002-07-15,12.399999618530273,12.524999618530273,12.100000381469727,12.524999618530273,9.42666244506836,250800
2002-07-16,12.574999809265137,12.574999809265137,12.175000190734863,12.1850004196167,9.17076587677002,265000
2002-07-17,12.5,12.53499984741211,11.90999984741211,12.119999885559082,9.121848106384277,99600
2002-07-18,12.149999618530273,12.21500015258789,11.90999984741211,11.920000076293945,8.971321105957031,48000
2002-07-19,11.649999618530273,11.75,11.34000015258789,11.34000015258789,8.534797668457031,129400
2002-07-22,11.449999809265137,11.545000076293945,10.949999809265137,11.154999732971191,8.395563125610352,246200
2002-07-23,11.175000190734863,11.345000267028809,10.9399995803833,10.975000381469727,8.260090827941895,249200
2002-07-24,10.600000381469727,11.619999885559082,10.600000381469727,11.619999885559082,8.745530128479004,201000
2002-07-25,11.574999809265137,11.694999694824219,11.015000343322754,11.430000305175781,8.602530479431152,105600
2002-07-26,11.369999885559082,11.604999542236328,11.354999542236328,11.5649995803833,8.704136848449707,204000
2002-07-29,11.800000190734863,12.244999885559082,11.774999618530273,12.199999809265137,9.18205451965332,285000
2002-07-30,12.074999809265137,12.329999923706055,11.9399995803833,12.154999732971191,9.14819049835205,131800
2002-07-31,12.074999809265137,12.125,11.864999771118164,12.095000267028809,9.103034019470215,168000
2002-08-01,12.074999809265137,12.074999809265137,11.710000038146973,11.725000381469727,8.82456111907959,90200
2002-08-02,11.5,11.53499984741211,11.109999656677246,11.204999923706055,8.433191299438477,56600
2002-08-05,11.274999618530273,11.274999618530273,10.944999694824219,10.944999694824219,8.237508773803711,53800
2002-08-06,11.125,11.479999542236328,11.125,11.270000457763672,8.4821138381958,83000
2002-08-07,11.524999618530273,11.524999618530273,11.199999809265137,11.430000305175781,8.602530479431152,639600
2002-08-08,11.399999618530273,11.579999923706055,11.154999732971191,11.579999923706055,8.71542739868164,230000
2002-08-09,11.375,11.635000228881836,11.375,11.625,8.74929428100586,74200
2002-08-12,11.300000190734863,11.470000267028809,11.300000190734863,11.460000038146973,8.625107765197754,94200
2002-08-13,11.399999618530273,11.699999809265137,11.329999923706055,11.329999923706055,8.527274131774902,476600
2002-08-14,11.329999923706055,11.949999809265137,11.3149995803833,11.949999809265137,8.993901252746582,476800
2002-08-15,12.125,12.4399995803833,12.079999923706055,12.4399995803833,9.362687110900879,132000
2002-08-16,12.350000381469727,12.46500015258789,12.164999961853027,12.425000190734863,9.351398468017578,71800
2002-08-19,12.350000381469727,12.71500015258789,12.350000381469727,12.71500015258789,9.569655418395996,58800
2002-08-20,12.619999885559082,12.729999542236328,12.510000228881836,12.625,9.501923561096191,60800
2002-08-21,12.850000381469727,12.899999618530273,12.625,12.835000038146973,9.659975051879883,323800
2002-08-22,12.850000381469727,13.039999961853027,12.774999618530273,13.029999732971191,9.806736946105957,77400
2002-08-23,12.850000381469727,12.850000381469727,12.600000381469727,12.670000076293945,9.53579044342041,68200
2002-08-26,12.649999618530273,12.744999885559082,12.4350004196167,12.744999885559082,9.59223747253418,90800
2002-08-27,12.774999618530273,12.774999618530273,12.470000267028809,12.484999656677246,9.396553993225098,131200
2002-08-28,12.399999618530273,12.449999809265137,12.300000190734863,12.34000015258789,9.28742504119873,109400
2002-08-29,12.25,12.475000381469727,12.1850004196167,12.454999923706055,9.373978614807129,165600
2002-08-30,12.350000381469727,12.579999923706055,12.350000381469727,12.460000038146973,9.377742767333984,99400
2002-09-03,12.210000038146973,12.300000190734863,11.984999656677246,12.015000343322754,9.042821884155273,116600
2002-09-04,11.975000381469727,12.260000228881836,11.949999809265137,12.239999771118164,9.212164878845215,146800
2002-09-05,11.899999618530273,12.149999618530273,11.835000038146973,12.015000343322754,9.042821884155273,94800
2002-09-06,12.289999961853027,12.5,12.260000228881836,12.390000343322754,9.32506275177002,224400
2002-09-09,12.274999618530273,12.574999809265137,12.244999885559082,12.555000305175781,9.449240684509277,23800
2002-09-10,12.524999618530273,12.739999771118164,12.524999618530273,12.710000038146973,9.565896987915039,213600
2002-09-11,12.949999809265137,12.949999809265137,12.699999809265137,12.71500015258789,9.569655418395996,74800
2002-09-12,12.585000038146973,12.585000038146973,12.359999656677246,12.399999618530273,9.332579612731934,46400
2002-09-13,12.324999809265137,12.579999923706055,12.255000114440918,12.524999618530273,9.42666244506836,176200
2002-09-16,12.550000190734863,12.640000343322754,12.470000267028809,12.5600004196167,9.453001022338867,226600
2002-09-17,12.774999618530273,12.774999618530273,12.274999618530273,12.420000076293945,9.347637176513672,130000
2002-09-18,12.25,12.4350004196167,12.149999618530273,12.4350004196167,9.358925819396973,126400
2002-09-19,12.274999618530273,12.350000381469727,11.989999771118164,12.0,9.031532287597656,843600
2002-09-20,12.050000190734863,12.164999961853027,12.0,12.164999961853027,9.167174339294434,41000
2002-09-23,12.0,12.0,11.699999809265137,11.78499984741211,8.880817413330078,88800
2002-09-24,11.574999809265137,11.694999694824219,11.529999732971191,11.600000381469727,8.741408348083496,243200
2002-09-25,11.800000190734863,11.920000076293945,11.529999732971191,11.829999923706055,8.914727210998535,40800
2002-09-26,11.875,12.180000305175781,11.875,12.114999771118164,9.129496574401855,327800
2002-09-27,12.074999809265137,12.149999618530273,11.75,11.760000228881836,8.861978530883789,130800
2002-09-30,11.399999618530273,11.449999809265137,11.180000305175781,11.335000038146973,8.54171371459961,267200
2002-10-01,11.324999809265137,11.649999618530273,11.114999771118164,11.649999618530273,8.779088973999023,167000
2002-10-02,11.574999809265137,11.75,11.390000343322754,11.390000343322754,8.58315372467041,35400
2002-10-03,11.375,11.53499984741211,11.270000457763672,11.335000038146973,8.54171371459961,81600
2002-10-04,11.369999885559082,11.404999732971191,10.944999694824219,11.1899995803833,8.432448387145996,113200
2002-10-07,11.225000381469727,11.225000381469727,10.710000038146973,10.755000114440918,8.104644775390625,233400
2002-10-08,10.925000190734863,11.135000228881836,10.680000305175781,11.074999809265137,8.345786094665527,375600
2002-10-09,10.699999809265137,10.854999542236328,10.625,10.675000190734863,8.044355392456055,87600
2002-10-10,10.475000381469727,10.949999809265137,10.335000038146973,10.864999771118164,8.187533378601074,184600
2002-10-11,11.199999809265137,11.550000190734863,11.149999618530273,11.390000343322754,8.58315372467041,117800
2002-10-14,11.375,11.609999656677246,11.375,11.479999542236328,8.650979995727539,229600
2002-10-15,11.949999809265137,12.100000381469727,11.90999984741211,12.050000190734863,9.080511093139648,1993400
2002-10-16,12.050000190734863,12.074999809265137,11.75,11.835000038146973,8.918496131896973,192400
2002-10-17,12.149999618530273,12.149999618530273,11.96500015258789,11.96500015258789,9.016462326049805,828600
2002-10-18,11.824999809265137,12.15999984741211,11.824999809265137,12.130000114440918,9.140799522399902,88000
2002-10-21,12.0,12.40999984741211,11.96500015258789,12.399999618530273,9.344261169433594,66200
2002-10-22,12.270000457763672,12.5,12.180000305175781,12.329999923706055,9.291516304016113,177400
2002-10-23,12.350000381469727,12.520000457763672,12.225000381469727,12.470000267028809,9.397008895874023,233600
2002-10-24,12.574999809265137,12.649999618530273,12.3100004196167,12.3149995803833,9.2802095413208,130600
2002-10-25,12.3149995803833,12.579999923706055,12.3100004196167,12.5649995803833,9.468600273132324,62800
2002-10-28,12.649999618530273,12.699999809265137,12.350000381469727,12.364999771118164,9.317885398864746,2043400
2002-10-29,12.300000190734863,12.395000457763672,12.050000190734863,12.350000381469727,9.306587219238281,532600
2002-10-30,12.25,12.324999809265137,12.079999923706055,12.135000228881836,9.144573211669922,105000
2002-10-31,12.149999618530273,12.234999656677246,12.039999961853027,12.100000381469727,9.118191719055176,51000
2002-11-01,12.0,12.300000190734863,11.979999542236328,12.279999732971191,9.253838539123535,282400
2002-11-04,12.420000076293945,12.5,12.225000381469727,12.225000381469727,9.212388038635254,156000
2002-11-05,12.270000457763672,12.404999732971191,12.225000381469727,12.390000343322754,9.336732864379883,52200
2002-11-06,12.449999809265137,12.5600004196167,12.300000190734863,12.529999732971191,9.442227363586426,2162600
2002-11-07,12.300000190734863,12.4399995803833,12.154999732971191,12.225000381469727,9.212388038635254,35800
2002-11-08,12.149999618530273,12.3149995803833,12.029999732971191,12.0649995803833,9.091817855834961,309000
2002-11-11,11.925000190734863,12.005000114440918,11.8100004196167,11.869999885559082,8.944873809814453,98600
2002-11-12,11.899999618530273,12.140000343322754,11.864999771118164,12.050000190734863,9.080511093139648,55200
2002-11-13,12.024999618530273,12.149999618530273,11.845000267028809,12.085000038146973,9.106891632080078,38200
2002-11-14,12.25,12.425000190734863,12.225000381469727,12.425000190734863,9.363103866577148,82200
2002-11-15,12.359999656677246,13.489999771118164,12.34000015258789,12.524999618530273,9.438461303710938,389000
2002-11-18,12.5600004196167,12.5600004196167,12.274999618530273,12.319999694824219,9.283981323242188,20400
2002-11-19,12.239999771118164,12.239999771118164,12.024999618530273,12.0649995803833,9.091817855834961,34000
2002-11-20,12.074999809265137,12.229999542236328,12.0,12.180000305175781,9.178478240966797,38400
2002-11-21,12.324999809265137,12.5,12.274999618530273,12.5,9.419625282287598,126000
2002-11-22,12.449999809265137,12.640000343322754,12.399999618530273,12.53499984741211,9.44599437713623,1692000
2002-11-25,12.494999885559082,12.640000343322754,12.449999809265137,12.614999771118164,9.5062837600708,71200
2002-11-26,12.475000381469727,12.539999961853027,12.260000228881836,12.270000457763672,9.246302604675293,553200
2002-11-27,12.420000076293945,12.800000190734863,12.420000076293945,12.779999732971191,9.630622863769531,98800
2002-11-29,12.800000190734863,12.819999694824219,12.65999984741211,12.65999984741211,9.540193557739258,53400
2002-12-02,13.024999618530273,13.140000343322754,12.649999618530273,12.75,9.608009338378906,1775400
2002-12-03,12.625,12.625,12.300000190734863,12.350000381469727,9.306587219238281,510200
2002-12-04,12.1850004196167,12.420000076293945,12.109999656677246,12.350000381469727,9.306587219238281,157600
2002-12-05,12.1899995803833,12.329999923706055,12.154999732971191,12.265000343322754,9.242530822753906,31600
2002-12-06,12.024999618530273,12.265000343322754,12.024999618530273,12.25,9.23122787475586,76600
2002-12-09,12.100000381469727,12.100000381469727,11.845000267028809,11.850000381469727,8.929800033569336,262400
2002-12-10,11.925000190734863,12.0649995803833,11.779999732971191,12.0649995803833,9.091817855834961,100600
2002-12-11,11.899999618530273,12.069999694824219,11.899999618530273,12.050000190734863,9.080511093139648,97000
2002-12-12,12.024999618530273,12.085000038146973,11.914999961853027,11.975000381469727,9.023996353149414,64200
2002-12-13,11.850000381469727,11.9399995803833,11.725000381469727,11.760000228881836,8.861978530883789,113400
2002-12-16,11.774999618530273,12.050000190734863,11.725000381469727,12.050000190734863,9.080511093139648,1255400
2002-12-17,11.925000190734863,11.984999656677246,11.84000015258789,11.875,8.948641777038574,88600
2002-12-18,11.774999618530273,11.774999618530273,11.614999771118164,11.725000381469727,8.835604667663574,71200
2002-12-19,11.619999885559082,11.845000267028809,11.5649995803833,11.619999885559082,8.756476402282715,1729400
2002-12-20,11.699999809265137,11.755000114440918,11.635000228881836,11.739999771118164,8.867135047912598,627000
2002-12-23,11.675000190734863,11.71500015258789,11.545000076293945,11.574999809265137,8.742508888244629,846600
2002-12-24,11.5,11.569999694824219,11.479999542236328,11.515000343322754,8.697190284729004,246800
2002-12-26,11.625,11.75,11.59000015258789,11.645000457763672,8.795374870300293,240000
2002-12-27,11.524999618530273,11.539999961853027,11.324999809265137,11.375,8.591447830200195,70000
2002-12-30,11.420000076293945,11.53499984741211,11.279999732971191,11.484999656677246,8.674531936645508,2021200
2002-12-31,11.484999656677246,11.600000381469727,11.380000114440918,11.555000305175781,8.727397918701172,119800
2003-01-02,11.664999961853027,11.989999771118164,11.625,11.989999771118164,9.05595874786377,162200
2003-01-03,11.90999984741211,11.90999984741211,11.65999984741211,11.71500015258789,8.848245620727539,454600
2003-01-06,11.800000190734863,11.960000038146973,11.78499984741211,11.930000305175781,9.010635375976562,546800
2003-01-07,11.925000190734863,12.0,11.864999771118164,11.864999771118164,8.96154499053955,62000
2003-01-08,11.800000190734863,11.954999923706055,11.744999885559082,11.755000114440918,8.878458976745605,106200
2003-01-09,11.850000381469727,12.140000343322754,11.850000381469727,12.079999923706055,9.12392520904541,98800
2003-01-10,12.024999618530273,12.225000381469727,12.0,12.109999656677246,9.146584510803223,55400
2003-01-13,12.199999809265137,12.3100004196167,12.079999923706055,12.170000076293945,9.19190502166748,94800
2003-01-14,12.175000190734863,12.194999694824219,12.079999923706055,12.1850004196167,9.20323371887207,92000
2003-01-15,12.100000381469727,12.140000343322754,11.989999771118164,12.039999961853027,9.09371566772461,22200
2003-01-16,12.024999618530273,12.119999885559082,11.90999984741211,11.994999885559082,9.059731483459473,195200
2003-01-17,11.899999618530273,11.975000381469727,11.8100004196167,11.875,8.969094276428223,364200
2003-01-21,11.859999656677246,11.859999656677246,11.524999618530273,11.539999961853027,8.716070175170898,54800
2003-01-22,11.550000190734863,11.600000381469727,11.364999771118164,11.375,8.591447830200195,161000
2003-01-23,11.449999809265137,11.645000457763672,11.350000381469727,11.640000343322754,8.791598320007324,26200
2003-01-24,11.600000381469727,11.600000381469727,11.260000228881836,11.3149995803833,8.546130180358887,391600
2003-01-27,11.199999809265137,11.34000015258789,11.09000015258789,11.135000228881836,8.410175323486328,76600
2003-01-28,11.149999618530273,11.300000190734863,11.140000343322754,11.300000190734863,8.534798622131348,128200
2003-01-29,11.050000190734863,11.414999961853027,11.050000190734863,11.399999618530273,8.610323905944824,113600
2003-01-30,11.335000038146973,11.345000267028809,11.029999732971191,11.074999809265137,8.36486530303955,258400
2003-01-31,11.0,11.234999656677246,11.0,11.170000076293945,8.436616897583008,1405000
2003-02-03,11.175000190734863,11.329999923706055,11.170000076293945,11.210000038146973,8.466826438903809,61200
2003-02-04,10.989999771118164,11.024999618530273,10.899999618530273,10.979999542236328,8.293106079101562,502800
2003-02-05,10.925000190734863,11.1850004196167,10.899999618530273,10.949999809265137,8.270447731018066,252800
2003-02-06,10.975000381469727,11.039999961853027,10.84000015258789,10.90999984741211,8.240234375,101400
2003-02-07,11.100000381469727,11.100000381469727,10.760000228881836,10.824999809265137,8.176033973693848,66600
2003-02-10,10.824999809265137,10.899999618530273,10.680000305175781,10.829999923706055,8.179814338684082,438400
2003-02-11,10.850000381469727,11.03499984741211,10.774999618530273,10.869999885559082,8.210022926330566,60000
2003-02-12,10.800000190734863,10.84000015258789,10.720000267028809,10.779999732971191,8.142050743103027,86200
2003-02-13,10.699999809265137,10.71500015258789,10.484999656677246,10.645000457763672,8.040085792541504,104800
2003-02-14,10.625,10.90999984741211,10.600000381469727,10.875,8.213801383972168,69000
2003-02-18,11.024999618530273,11.1899995803833,11.024999618530273,11.175000190734863,8.440389633178711,87000
2003-02-19,11.109999656677246,11.149999618530273,10.949999809265137,11.020000457763672,8.323317527770996,66000
2003-02-20,11.100000381469727,11.100000381469727,10.864999771118164,10.914999961853027,8.244012832641602,56400
2003-02-21,11.03499984741211,11.109999656677246,10.90999984741211,11.079999923706055,8.368634223937988,155200
2003-02-24,11.100000381469727,11.100000381469727,10.770000457763672,10.770000457763672,8.134495735168457,73600
2003-02-25,10.625,11.0,10.569999694824219,10.989999771118164,8.30066204071045,197200
2003-02-26,10.949999809265137,10.970000267028809,10.805000305175781,10.84000015258789,8.187368392944336,168200
2003-02-27,10.875,11.029999732971191,10.829999923706055,10.989999771118164,8.30066204071045,153000
2003-02-28,11.03499984741211,11.154999732971191,11.029999732971191,11.119999885559082,8.398850440979004,98000
2003-03-03,11.199999809265137,11.204999923706055,10.9350004196167,10.949999809265137,8.270447731018066,96400
2003-03-04,11.0,11.0,10.645000457763672,10.645000457763672,8.040085792541504,102800
2003-03-05,10.664999961853027,10.779999732971191,10.585000038146973,10.779999732971191,8.142050743103027,177200
2003-03-06,10.640000343322754,10.835000038146973,10.630000114440918,10.654999732971191,8.04763412475586,125200
2003-03-07,10.5,10.84000015258789,10.5,10.8149995803833,8.168481826782227,127600
2003-03-10,10.734999656677246,10.78499984741211,10.5600004196167,10.5600004196167,7.975889205932617,202400
2003-03-11,10.625,10.704999923706055,10.470000267028809,10.470000267028809,7.907904624938965,2966000
2003-03-12,10.399999618530273,10.489999771118164,10.324999809265137,10.449999809265137,7.892804145812988,2699800
2003-03-13,10.710000038146973,11.039999961853027,10.664999961853027,11.005000114440918,8.311988830566406,553200
2003-03-14,11.09000015258789,11.175000190734863,10.989999771118164,11.024999618530273,8.327095985412598,575200
2003-03-17,11.005000114440918,11.600000381469727,11.0,11.555000305175781,8.727397918701172,2078400
2003-03-18,11.625,11.640000343322754,11.425000190734863,11.479999542236328,8.670756340026855,115200
2003-03-19,11.600000381469727,11.699999809265137,11.4350004196167,11.699999809265137,8.83691692352295,275600
2003-03-20,11.609999656677246,11.800000190734863,11.4399995803833,11.789999961853027,8.90489387512207,1154800
2003-03-21,11.875,12.140000343322754,11.765000343322754,12.140000343322754,9.18248462677002,434800
2003-03-24,11.774999618530273,11.789999961853027,11.550000190734863,11.585000038146973,8.762693405151367,111000
2003-03-25,11.595000267028809,11.835000038146973,11.550000190734863,11.755000114440918,8.891283988952637,68000
2003-03-26,11.645000457763672,11.805000305175781,11.645000457763672,11.770000457763672,8.902626037597656,410600
2003-03-27,11.600000381469727,11.774999618530273,11.5649995803833,11.725000381469727,8.86859130859375,65600
2003-03-28,11.625,11.699999809265137,11.53499984741211,11.604999542236328,8.777822494506836,126400
2003-03-31,11.420000076293945,11.550000190734863,11.274999618530273,11.364999771118164,8.59628963470459,1762200
2003-04-01,11.364999771118164,11.515000343322754,11.305000305175781,11.5,8.698403358459473,2010200
2003-04-02,11.675000190734863,11.890000343322754,11.670000076293945,11.800000190734863,8.925314903259277,1336600
2003-04-03,11.949999809265137,11.960000038146973,11.829999923706055,11.859999656677246,8.97070026397705,2709600
2003-04-04,11.925000190734863,11.944999694824219,11.805000305175781,11.944999694824219,9.034991264343262,260600
2003-04-07,12.234999656677246,12.319999694824219,12.050000190734863,12.050000190734863,9.114411354064941,130600
2003-04-08,12.0,12.104999542236328,11.930000305175781,12.0600004196167,9.12197494506836,133600
2003-04-09,12.045000076293945,12.114999771118164,11.899999618530273,11.899999618530273,9.000953674316406,555200
2003-04-10,11.824999809265137,12.039999961853027,11.8100004196167,12.03499984741211,9.103067398071289,89200
2003-04-11,12.199999809265137,12.199999809265137,11.90999984741211,11.90999984741211,9.008520126342773,666600
2003-04-14,11.899999618530273,12.220000267028809,11.899999618530273,12.21500015258789,9.239216804504395,294200
2003-04-15,12.199999809265137,12.324999809265137,12.175000190734863,12.305000305175781,9.307291030883789,850600
2003-04-16,12.425000190734863,12.425000190734863,11.675000190734863,12.135000228881836,9.178706169128418,322200
2003-04-17,12.140000343322754,12.380000114440918,12.104999542236328,12.364999771118164,9.352673530578613,162200
2003-04-21,12.375,12.404999732971191,12.25,12.369999885559082,9.356456756591797,82000
2003-04-22,12.300000190734863,12.65999984741211,12.270000457763672,12.619999885559082,9.545547485351562,137800
2003-04-23,12.71500015258789,12.760000228881836,12.585000038146973,12.75,9.643881797790527,951200
2003-04-24,12.600000381469727,12.640000343322754,12.5,12.550000190734863,9.492605209350586,362800
2003-04-25,12.545000076293945,12.545000076293945,12.354999542236328,12.359999656677246,9.34889030456543,671200
2003-04-28,12.470000267028809,12.6899995803833,12.470000267028809,12.645000457763672,9.564461708068848,41800
2003-04-29,12.699999809265137,12.824999809265137,12.645000457763672,12.75,9.643881797790527,70800
2003-04-30,12.645000457763672,12.760000228881836,12.625,12.694999694824219,9.602277755737305,148000
2003-05-01,12.694999694824219,12.694999694824219,12.420000076293945,12.579999923706055,9.515297889709473,74800
2003-05-02,12.53499984741211,12.725000381469727,12.53499984741211,12.699999809265137,9.606060981750488,252400
2003-05-05,12.699999809265137,12.699999809265137,12.5600004196167,12.654999732971191,9.57201862335205,252800
2003-05-06,12.65999984741211,12.904999732971191,12.635000228881836,12.819999694824219,9.696825981140137,1781600
2003-05-07,12.675000190734863,12.899999618530273,12.675000190734863,12.8100004196167,9.689262390136719,211400
2003-05-08,12.649999618530273,12.819999694824219,12.645000457763672,12.6899995803833,9.598499298095703,84000
2003-05-09,12.75,12.835000038146973,12.635000228881836,12.835000038146973,9.708175659179688,92400
2003-05-12,12.779999732971191,13.104999542236328,12.744999885559082,13.029999732971191,9.85566520690918,216200
2003-05-13,12.975000381469727,13.119999885559082,12.960000038146973,13.015000343322754,9.844320297241211,638200
2003-05-14,13.050000190734863,13.050000190734863,12.850000381469727,12.914999961853027,9.768684387207031,113400
2003-05-15,13.0,13.0,12.779999732971191,12.944999694824219,9.791376113891602,357800
2003-05-16,12.9350004196167,12.970000267028809,12.805000305175781,12.96500015258789,9.806501388549805,1839800
2003-05-19,12.975000381469727,12.975000381469727,12.539999961853027,12.574999809265137,9.511512756347656,426400
2003-05-20,12.675000190734863,12.800000190734863,12.479999542236328,12.579999923706055,9.515297889709473,524200
2003-05-21,12.600000381469727,12.649999618530273,12.494999885559082,12.635000228881836,9.556892395019531,66200
2003-05-22,12.675000190734863,12.90999984741211,12.654999732971191,12.850000381469727,9.719520568847656,175600
2003-05-23,12.774999618530273,12.835000038146973,12.739999771118164,12.805000305175781,9.685482025146484,131000
2003-05-27,12.699999809265137,13.100000381469727,12.699999809265137,13.100000381469727,9.908612251281738,247800
2003-05-28,13.149999618530273,13.220000267028809,13.085000038146973,13.104999542236328,9.912397384643555,377000
2003-05-29,13.149999618530273,13.305000305175781,13.09000015258789,13.09000015258789,9.901050567626953,379000
2003-05-30,13.260000228881836,13.385000228881836,13.244999885559082,13.369999885559082,10.112838745117188,615400
2003-06-02,13.524999618530273,13.6850004196167,13.46500015258789,13.494999885559082,10.207385063171387,2050600
2003-06-03,13.524999618530273,13.529999732971191,13.34000015258789,13.475000381469727,10.192251205444336,1612000
2003-06-04,13.5,13.71500015258789,13.475000381469727,13.6850004196167,10.351096153259277,813800
2003-06-05,13.71500015258789,13.819999694824219,13.5649995803833,13.760000228881836,10.407827377319336,350800
2003-06-06,13.925000190734863,14.005000114440918,13.65999984741211,13.6899995803833,10.354878425598145,272200
2003-06-09,13.649999618530273,13.664999961853027,13.425000190734863,13.494999885559082,10.207385063171387,917000
2003-06-10,13.524999618530273,13.645000457763672,13.524999618530273,13.645000457763672,10.320842742919922,791000
2003-06-11,13.574999809265137,13.824999809265137,13.569999694824219,13.795000076293945,10.43429946899414,314000
2003-06-12,13.925000190734863,13.925000190734863,13.755000114440918,13.880000114440918,10.498592376708984,147800
2003-06-13,13.925000190734863,13.925000190734863,13.694999694824219,13.729999542236328,10.385130882263184,39800
2003-06-16,13.875,14.050000190734863,13.845000267028809,14.050000190734863,10.627176284790039,342800
2003-06-17,14.100000381469727,14.130000114440918,13.984999656677246,14.050000190734863,10.627176284790039,342400
2003-06-18,14.050000190734863,14.050000190734863,13.845000267028809,13.920000076293945,10.528847694396973,1842200
2003-06-19,13.875,13.949999809265137,13.649999618530273,13.6899995803833,10.354878425598145,195200
2003-06-20,13.760000228881836,13.760000228881836,13.625,13.6899995803833,10.369270324707031,195400
2003-06-23,13.574999809265137,13.635000228881836,13.40999984741211,13.520000457763672,10.240507125854492,165800
2003-06-24,13.550000190734863,13.640000343322754,13.470000267028809,13.520000457763672,10.240507125854492,577600
2003-06-25,13.5,13.625,13.395000457763672,13.4399995803833,10.179914474487305,73000
2003-06-26,13.5,13.555000305175781,13.399999618530273,13.539999961853027,10.255656242370605,1409400
2003-06-27,13.524999618530273,13.635000228881836,13.414999961853027,13.460000038146973,10.195060729980469,71400
2003-06-30,13.5649995803833,13.635000228881836,13.494999885559082,13.545000076293945,10.259442329406738,128400
2003-07-01,13.425000190734863,13.555000305175781,13.28499984741211,13.515000343322754,10.23671817779541,1054800
2003-07-02,13.524999618530273,13.670000076293945,13.524999618530273,13.640000343322754,10.331396102905273,94400
2003-07-03,13.524999618530273,13.75,13.524999618530273,13.625,10.320036888122559,99200
2003-07-07,13.774999618530273,13.96500015258789,13.774999618530273,13.899999618530273,10.528334617614746,524000
2003-07-08,13.96500015258789,14.095000267028809,13.920000076293945,14.095000267028809,10.676034927368164,534600
2003-07-09,14.0,14.079999923706055,13.895000457763672,13.920000076293945,10.543479919433594,214400
2003-07-10,13.824999809265137,13.850000381469727,13.625,13.739999771118164,10.407145500183105,92000
2003-07-11,13.824999809265137,13.944999694824219,13.795000076293945,13.944999694824219,10.56241226196289,147200
2003-07-14,14.050000190734863,14.220000267028809,14.020000457763672,14.020000457763672,10.619227409362793,144800
2003-07-15,14.0,14.125,13.899999618530273,13.9350004196167,10.554840087890625,1633600
2003-07-16,14.020000457763672,14.03499984741211,13.84000015258789,13.895000457763672,10.52454662322998,66200
2003-07-17,13.899999618530273,13.954999923706055,13.725000381469727,13.734999656677246,10.403356552124023,50200
2003-07-18,13.859999656677246,13.895000457763672,13.765000343322754,13.824999809265137,10.471521377563477,42400
2003-07-21,13.774999618530273,13.795000076293945,13.619999885559082,13.670000076293945,10.354121208190918,45800
2003-07-22,13.75,13.789999961853027,13.550000190734863,13.770000457763672,10.429869651794434,101800
2003-07-23,13.800000190734863,13.800000190734863,13.569999694824219,13.710000038146973,10.384420394897461,151800
2003-07-24,13.75,13.895000457763672,13.694999694824219,13.694999694824219,10.373062133789062,95800
2003-07-25,13.649999618530273,13.895000457763672,13.625,13.875,10.50939655303955,603400
2003-07-28,13.925000190734863,13.970000267028809,13.850000381469727,13.944999694824219,10.56241226196289,163000
2003-07-29,13.975000381469727,14.010000228881836,13.800000190734863,13.854999542236328,10.494244575500488,372600
2003-07-30,13.854999542236328,13.854999542236328,13.734999656677246,13.765000343322754,10.426077842712402,41200
2003-07-31,13.850000381469727,14.0,13.774999618530273,13.795000076293945,10.448802947998047,433200
2003-08-01,13.824999809265137,13.824999809265137,13.699999809265137,13.779999732971191,10.437435150146484,367600
2003-08-04,13.654999732971191,13.729999542236328,13.5,13.675000190734863,10.35791015625,101800
2003-08-05,13.649999618530273,13.649999618530273,13.40999984741211,13.449999809265137,10.187484741210938,873600
2003-08-06,13.399999618530273,13.604999542236328,13.399999618530273,13.494999885559082,10.221566200256348,236000
2003-08-07,13.574999809265137,13.635000228881836,13.489999771118164,13.609999656677246,10.30867862701416,144400
2003-08-08,13.699999809265137,13.770000457763672,13.680000305175781,13.739999771118164,10.407145500183105,150800
2003-08-11,13.725000381469727,13.824999809265137,13.71500015258789,13.800000190734863,10.452591896057129,90000
2003-08-12,13.850000381469727,13.984999656677246,13.774999618530273,13.984999656677246,10.592710494995117,152200
2003-08-13,14.050000190734863,14.050000190734863,13.880000114440918,13.9350004196167,10.554840087890625,272200
2003-08-14,13.9350004196167,14.03499984741211,13.829999923706055,14.0,10.60407829284668,117200
2003-08-15,14.050000190734863,14.100000381469727,14.0,14.100000381469727,10.679819107055664,56800
2003-08-18,14.125,14.204999923706055,14.100000381469727,14.180000305175781,10.7404146194458,725400
2003-08-19,14.199999809265137,14.270000457763672,14.15999984741211,14.194999694824219,10.751773834228516,277000
2003-08-20,14.239999771118164,14.3149995803833,14.175000190734863,14.279999732971191,10.816160202026367,2352200
2003-08-21,14.324999809265137,14.420000076293945,14.300000190734863,14.390000343322754,10.899477005004883,546600
2003-08-22,14.475000381469727,14.489999771118164,14.1899995803833,14.194999694824219,10.751773834228516,1186000
2003-08-25,14.1850004196167,14.220000267028809,14.095000267028809,14.149999618530273,10.717686653137207,169200
2003-08-26,14.149999618530273,14.255000114440918,14.039999961853027,14.244999885559082,10.789648056030273,278000
2003-08-27,14.225000381469727,14.28499984741211,14.164999961853027,14.265000343322754,10.80479621887207,172400
2003-08-28,14.300000190734863,14.364999771118164,14.199999809265137,14.364999771118164,10.880537033081055,401400
2003-08-29,14.329999923706055,14.550000190734863,14.324999809265137,14.5,10.982794761657715,261000
2003-09-02,14.625,14.710000038146973,14.460000038146973,14.699999809265137,11.134282112121582,772000
2003-09-03,14.699999809265137,14.725000381469727,14.625,14.694999694824219,11.13049602508545,225000
2003-09-04,14.710000038146973,14.760000228881836,14.625,14.739999771118164,11.164581298828125,168400
2003-09-05,14.625,14.694999694824219,14.520000457763672,14.595000267028809,11.05474853515625,328800
2003-09-08,14.59000015258789,14.609999656677246,14.505000114440918,14.600000381469727,11.058538436889648,208000
2003-09-09,14.5,14.510000228881836,14.295000076293945,14.3149995803833,10.84266471862793,170600
2003-09-10,14.300000190734863,14.300000190734863,14.104999542236328,14.135000228881836,10.706329345703125,194200
2003-09-11,14.175000190734863,14.295000076293945,14.15999984741211,14.25,10.793431282043457,129200
2003-09-12,14.199999809265137,14.239999771118164,14.039999961853027,14.199999809265137,10.755566596984863,183400
2003-09-15,14.274999618530273,14.319999694824219,14.229999542236328,14.25,10.793431282043457,85400
2003-09-16,14.319999694824219,14.484999656677246,14.300000190734863,14.460000038146973,10.952494621276855,60200
2003-09-17,14.479999542236328,14.524999618530273,14.395000457763672,14.454999923706055,10.948707580566406,223400
2003-09-18,14.399999618530273,14.550000190734863,14.375,14.550000190734863,11.02066421508789,49200
2003-09-19,14.5,14.5,14.390000343322754,14.444999694824219,10.955438613891602,62800
2003-09-22,14.274999618530273,14.28499984741211,14.149999618530273,14.225000381469727,10.788591384887695,171600
2003-09-23,14.25,14.399999618530273,14.25,14.354999542236328,10.887185096740723,121200
2003-09-24,14.399999618530273,14.399999618530273,14.074999809265137,14.074999809265137,10.674822807312012,405200
2003-09-25,14.074999809265137,14.225000381469727,14.020000457763672,14.020000457763672,10.633108139038086,513400
2003-09-26,13.979999542236328,13.984999656677246,13.829999923706055,13.864999771118164,10.515555381774902,913600
2003-09-29,13.925000190734863,13.925000190734863,13.6899995803833,13.845000267028809,10.500382423400879,239400
2003-09-30,13.850000381469727,13.90999984741211,13.699999809265137,13.789999961853027,10.458671569824219,231200
2003-10-01,13.90999984741211,14.199999809265137,13.90999984741211,14.170000076293945,10.746870040893555,3804600
2003-10-02,14.125,14.25,14.095000267028809,14.244999885559082,10.803755760192871,376800
2003-10-03,14.460000038146973,14.5649995803833,14.375,14.404999732971191,10.925104141235352,943400
2003-10-06,14.46500015258789,14.555000305175781,14.375,14.510000228881836,11.004738807678223,312400
2003-10-07,14.390000343322754,14.579999923706055,14.369999885559082,14.569999694824219,11.050241470336914,694600
2003-10-08,14.59000015258789,14.59000015258789,14.4399995803833,14.46500015258789,10.97060489654541,46400
2003-10-09,14.6850004196167,14.8149995803833,14.609999656677246,14.649999618530273,11.110920906066895,488800
2003-10-10,14.699999809265137,14.75,14.625,14.680000305175781,11.133671760559082,230800
2003-10-13,14.699999809265137,14.885000228881836,14.699999809265137,14.829999923706055,11.247435569763184,804200
2003-10-14,14.84000015258789,14.90999984741211,14.760000228881836,14.90999984741211,11.308106422424316,102200
2003-10-15,14.949999809265137,14.949999809265137,14.755000114440918,14.850000381469727,11.262606620788574,380800
2003-10-16,14.800000190734863,14.954999923706055,14.795000076293945,14.914999961853027,11.311899185180664,121400
2003-10-17,14.914999961853027,14.925000190734863,14.680000305175781,14.704999923706055,11.15262508392334,747000
2003-10-20,14.699999809265137,14.734999656677246,14.625,14.6899995803833,11.141251564025879,58600
2003-10-21,14.725000381469727,14.779999732971191,14.664999961853027,14.734999656677246,11.175378799438477,210800
2003-10-22,14.574999809265137,14.600000381469727,14.475000381469727,14.529999732971191,11.019904136657715,528600
2003-10-23,14.484999656677246,14.574999809265137,14.444999694824219,14.529999732971191,11.019904136657715,197800
2003-10-24,14.449999809265137,14.545000076293945,14.34000015258789,14.545000076293945,11.031281471252441,378000
2003-10-27,14.609999656677246,14.744999885559082,14.609999656677246,14.704999923706055,11.15262508392334,696400
2003-10-28,14.850000381469727,15.03499984741211,14.765000343322754,15.03499984741211,11.402908325195312,163400
2003-10-29,15.0,15.055000305175781,14.944999694824219,15.005000114440918,11.380157470703125,141400
2003-10-30,15.125,15.149999618530273,14.930000305175781,15.055000305175781,11.41808032989502,190800
2003-10-31,15.09000015258789,15.09000015258789,14.975000381469727,15.045000076293945,11.410496711730957,341600
2003-11-03,15.149999618530273,15.220000267028809,15.104999542236328,15.15999984741211,11.497714042663574,129800
2003-11-04,15.095000267028809,15.15999984741211,15.050000190734863,15.069999694824219,11.429455757141113,117600
2003-11-05,15.074999809265137,15.079999923706055,14.925000190734863,15.055000305175781,11.41808032989502,301000
2003-11-06,15.050000190734863,15.164999961853027,14.975000381469727,15.164999961853027,11.501505851745605,53200
2003-11-07,15.239999771118164,15.3100004196167,15.180000305175781,15.204999923706055,11.531839370727539,130600
2003-11-10,15.125,15.15999984741211,15.024999618530273,15.024999618530273,11.3953275680542,204000
2003-11-11,15.074999809265137,15.074999809265137,14.975000381469727,15.0,11.376362800598145,239200
2003-11-12,15.074999809265137,15.15999984741211,15.03499984741211,15.149999618530273,11.490129470825195,593200
2003-11-13,15.104999542236328,15.104999542236328,15.015000343322754,15.095000267028809,11.448418617248535,157600
2003-11-14,15.125,15.170000076293945,14.925000190734863,14.930000305175781,11.323280334472656,907800
2003-11-17,14.835000038146973,14.875,14.680000305175781,14.795000076293945,11.220887184143066,510400
2003-11-18,14.864999771118164,14.885000228881836,14.604999542236328,14.604999542236328,11.076793670654297,347800
2003-11-19,14.574999809265137,14.729999542236328,14.545000076293945,14.699999809265137,11.148837089538574,355800
2003-11-20,14.664999961853027,14.84000015258789,14.625,14.6850004196167,11.137459754943848,245200
2003-11-21,14.720000267028809,14.770000457763672,14.635000228881836,14.75,11.186756134033203,69800
2003-11-24,14.875,15.050000190734863,14.859999656677246,15.045000076293945,11.410496711730957,323600
2003-11-25,14.975000381469727,15.210000038146973,14.975000381469727,15.1899995803833,11.52047061920166,175800
2003-11-26,15.25,15.25,15.024999618530273,15.1850004196167,11.516674041748047,490400
2003-11-28,15.225000381469727,15.225000381469727,15.175000190734863,15.180000305175781,11.5128812789917,63600
2003-12-01,15.300000190734863,15.329999923706055,15.180000305175781,15.324999809265137,11.622854232788086,122600
2003-12-02,15.274999618530273,15.295000076293945,15.194999694824219,15.210000038146973,11.535632133483887,501400
2003-12-03,15.274999618530273,15.319999694824219,15.149999618530273,15.149999618530273,11.490129470825195,201000
2003-12-04,15.199999809265137,15.199999809265137,14.920000076293945,15.114999771118164,11.463579177856445,131600
2003-12-05,15.050000190734863,15.055000305175781,14.895000457763672,14.960000038146973,11.346031188964844,90200
2003-12-08,14.975000381469727,15.024999618530273,14.885000228881836,15.024999618530273,11.3953275680542,141800
2003-12-09,15.074999809265137,15.100000381469727,14.949999809265137,14.949999809265137,11.338447570800781,404800
2003-12-10,14.899999618530273,15.010000228881836,14.819999694824219,14.880000114440918,11.285353660583496,268600
2003-12-11,14.864999771118164,15.1850004196167,14.864999771118164,15.109999656677246,11.459793090820312,259400
2003-12-12,15.199999809265137,15.210000038146973,15.095000267028809,15.1899995803833,11.52047061920166,171200
2003-12-15,15.425000190734863,15.425000190734863,15.114999771118164,15.125,11.471166610717773,427200
2003-12-16,15.125,15.125,14.975000381469727,15.09000015258789,11.444623947143555,508600
2003-12-17,15.125,15.229999542236328,15.050000190734863,15.229999542236328,11.550801277160645,96400
2003-12-18,15.265000343322754,15.4350004196167,15.204999923706055,15.425000190734863,11.69869327545166,129800
2003-12-19,15.449999809265137,15.449999809265137,15.3100004196167,15.430000305175781,11.734441757202148,158400
2003-12-22,15.425000190734863,15.515000343322754,15.390000343322754,15.479999542236328,11.77246379852295,584000
2003-12-23,15.5,15.585000038146973,15.470000267028809,15.529999732971191,11.810487747192383,314000
2003-12-24,15.489999771118164,15.505000114440918,15.425000190734863,15.470000267028809,11.764859199523926,70800
2003-12-26,15.5,15.585000038146973,15.5,15.539999961853027,11.818096160888672,23600
2003-12-29,15.625,15.680000305175781,15.53499984741211,15.680000305175781,11.92456340789795,244000
2003-12-30,15.699999809265137,15.699999809265137,15.600000381469727,15.630000114440918,11.88653564453125,78400
2003-12-31,15.710000038146973,15.78499984741211,15.640000343322754,15.744999885559082,11.973994255065918,289000
2004-01-02,15.8100004196167,15.885000228881836,15.574999809265137,15.609999656677246,11.871322631835938,127600
2004-01-05,15.699999809265137,15.765000343322754,15.604999542236328,15.744999885559082,11.973994255065918,356400
2004-01-06,15.744999885559082,15.824999809265137,15.699999809265137,15.805000305175781,12.019625663757324,169600
2004-01-07,15.75,15.885000228881836,15.680000305175781,15.875,12.072859764099121,142400
2004-01-08,15.859999656677246,15.930000305175781,15.774999618530273,15.824999809265137,12.034832954406738,338400
2004-01-09,15.699999809265137,15.895000457763672,15.699999809265137,15.760000228881836,11.985404014587402,374400
2004-01-12,15.75,15.765000343322754,15.635000228881836,15.725000381469727,11.95878791809082,118800
2004-01-13,15.774999618530273,15.795000076293945,15.654999732971191,15.699999809265137,11.939772605895996,194200
2004-01-14,15.850000381469727,15.869999885559082,15.760000228881836,15.824999809265137,12.034832954406738,563200
2004-01-15,15.824999809265137,15.9399995803833,15.729999542236328,15.869999885559082,12.069059371948242,184600
2004-01-16,15.949999809265137,15.949999809265137,15.829999923706055,15.869999885559082,12.069059371948242,97200
2004-01-20,15.9399995803833,15.9399995803833,15.725000381469727,15.755000114440918,11.981602668762207,367400
2004-01-21,15.850000381469727,15.989999771118164,15.744999885559082,15.949999809265137,12.129899024963379,284200
2004-01-22,16.0,16.104999542236328,16.0,16.075000762939453,12.224956512451172,281200
2004-01-23,16.125,16.170000076293945,15.949999809265137,16.024999618530273,12.186931610107422,123600
2004-01-26,16.049999237060547,16.09000015258789,15.90999984741211,16.05500030517578,12.209745407104492,120200
2004-01-27,16.100000381469727,16.1200008392334,15.914999961853027,15.944999694824219,12.126094818115234,128800
2004-01-28,15.975000381469727,15.975000381469727,15.550000190734863,15.5649995803833,11.837106704711914,259600
2004-01-29,15.524999618530273,15.699999809265137,15.479999542236328,15.664999961853027,11.913156509399414,523800
2004-01-30,15.675000190734863,15.699999809265137,15.5600004196167,15.654999732971191,11.905556678771973,388600
2004-02-02,15.649999618530273,15.725000381469727,15.5,15.609999656677246,11.871322631835938,480600
2004-02-03,15.625,15.654999732971191,15.524999618530273,15.524999618530273,11.806687355041504,116000
2004-02-04,15.524999618530273,15.600000381469727,15.4350004196167,15.505000114440918,11.791476249694824,111200
2004-02-05,15.574999809265137,15.649999618530273,15.550000190734863,15.625,11.88273811340332,323000
2004-02-06,15.675000190734863,15.8149995803833,15.625,15.789999961853027,12.008217811584473,178000
2004-02-09,15.800000190734863,15.930000305175781,15.800000190734863,15.8100004196167,12.023427963256836,234000
2004-02-10,15.800000190734863,15.970000267028809,15.800000190734863,15.944999694824219,12.126094818115234,101000
2004-02-11,15.944999694824219,16.170000076293945,15.895000457763672,16.104999542236328,12.24777603149414,450000
2004-02-12,16.125,16.139999389648438,15.989999771118164,16.024999618530273,12.186931610107422,148200
2004-02-13,15.975000381469727,16.03499984741211,15.8149995803833,15.864999771118164,12.065254211425781,676000
2004-02-17,15.925000190734863,16.09000015258789,15.925000190734863,16.06999969482422,12.22115421295166,596800
2004-02-18,16.059999465942383,16.059999465942383,15.944999694824219,15.975000381469727,12.148906707763672,124200
2004-02-19,16.040000915527344,16.15999984741211,15.989999771118164,15.989999771118164,12.160311698913574,209600
2004-02-20,15.989999771118164,15.989999771118164,15.779999732971191,15.869999885559082,12.069059371948242,440800
2004-02-23,15.949999809265137,15.949999809265137,15.729999542236328,15.755000114440918,11.981602668762207,580200
2004-02-24,15.699999809265137,15.835000038146973,15.680000305175781,15.78499984741211,12.004416465759277,169000
2004-02-25,15.819999694824219,15.875,15.75,15.869999885559082,12.069059371948242,128600
2004-02-26,15.800000190734863,15.989999771118164,15.789999961853027,15.970000267028809,12.14510726928711,295800
2004-02-27,16.0,16.079999923706055,15.90999984741211,15.994999885559082,12.164117813110352,144000
2004-03-01,16.040000915527344,16.145000457763672,16.010000228881836,16.094999313354492,12.240168571472168,247600
2004-03-02,16.149999618530273,16.149999618530273,16.010000228881836,16.049999237060547,12.205942153930664,298400
2004-03-03,16.065000534057617,16.100000381469727,15.9350004196167,16.065000534057617,12.217351913452148,232800
2004-03-04,16.149999618530273,16.174999237060547,16.059999465942383,16.1299991607666,12.266786575317383,275800
2004-03-05,16.059999465942383,16.290000915527344,16.059999465942383,16.2450008392334,12.35424518585205,251400
2004-03-08,16.149999618530273,16.2549991607666,16.020000457763672,16.020000457763672,12.183130264282227,459400
2004-03-09,16.075000762939453,16.075000762939453,15.880000114440918,15.914999961853027,12.103276252746582,327000
2004-03-10,15.9399995803833,15.9399995803833,15.649999618530273,15.720000267028809,11.954981803894043,262600
2004-03-11,15.699999809265137,15.725000381469727,15.430000305175781,15.430000305175781,11.734441757202148,136000
2004-03-12,15.510000228881836,15.6850004196167,15.510000228881836,15.675000190734863,11.920759201049805,145200
2004-03-15,15.649999618530273,15.649999618530273,15.364999771118164,15.364999771118164,11.685009002685547,181200
2004-03-16,15.539999961853027,15.539999961853027,15.369999885559082,15.5,11.787674903869629,833200
2004-03-17,15.550000190734863,15.725000381469727,15.545000076293945,15.720000267028809,11.954981803894043,1561400
2004-03-18,15.649999618530273,15.75,15.539999961853027,15.680000305175781,11.92456340789795,502200
2004-03-19,15.625,15.725000381469727,15.555000305175781,15.569999694824219,11.856789588928223,585000
2004-03-22,15.425000190734863,15.449999809265137,15.295000076293945,15.329999923706055,11.67402458190918,1265400
2004-03-23,15.329999923706055,15.4350004196167,15.274999618530273,15.300000190734863,11.651179313659668,1097400
2004-03-24,15.300000190734863,15.420000076293945,15.274999618530273,15.375,11.708291053771973,212800
2004-03-25,15.475000381469727,15.675000190734863,15.420000076293945,15.645000457763672,11.913901329040527,808400
2004-03-26,15.654999732971191,15.729999542236328,15.574999809265137,15.630000114440918,11.90247631072998,233400
2004-03-29,15.75,15.850000381469727,15.734999656677246,15.774999618530273,12.012896537780762,276600
2004-03-30,15.800000190734863,15.899999618530273,15.779999732971191,15.895000457763672,12.10428524017334,274200
2004-03-31,15.899999618530273,15.975000381469727,15.84000015258789,15.875,12.089051246643066,155800
2004-04-01,15.9399995803833,15.994999885559082,15.854999542236328,15.944999694824219,12.14235782623291,949000
2004-04-02,16.174999237060547,16.174999237060547,16.0049991607666,16.09000015258789,12.252775192260742,930400
2004-04-05,16.03499984741211,16.2549991607666,16.03499984741211,16.2549991607666,12.378427505493164,185200
2004-04-06,16.149999618530273,16.270000457763672,16.135000228881836,16.219999313354492,12.351768493652344,154800
2004-04-07,16.200000762939453,16.200000762939453,16.040000915527344,16.100000381469727,12.260392189025879,671200
2004-04-08,16.25,16.25,15.944999694824219,16.0,12.184239387512207,242200
2004-04-12,16.075000762939453,16.184999465942383,16.065000534057617,16.135000228881836,12.287043571472168,245000
2004-04-13,16.200000762939453,16.200000762939453,15.795000076293945,15.835000038146973,12.058588981628418,227800
2004-04-14,15.699999809265137,15.864999771118164,15.699999809265137,15.8100004196167,12.039551734924316,835600
2004-04-15,15.824999809265137,15.890000343322754,15.734999656677246,15.795000076293945,12.02812671661377,328800
2004-04-16,15.795000076293945,15.970000267028809,15.795000076293945,15.944999694824219,12.14235782623291,265800
2004-04-19,15.885000228881836,15.979999542236328,15.850000381469727,15.954999923706055,12.149969100952148,210400
2004-04-20,16.049999237060547,16.094999313354492,15.850000381469727,15.854999542236328,12.073821067810059,351000
2004-04-21,15.75,15.914999961853027,15.734999656677246,15.875,12.089051246643066,293800
2004-04-22,15.975000381469727,16.209999084472656,15.930000305175781,16.19499969482422,12.332734107971191,124200
2004-04-23,16.174999237060547,16.174999237060547,16.024999618530273,16.1299991607666,12.283235549926758,115400
2004-04-26,16.149999618530273,16.19499969482422,15.954999923706055,16.0,12.184239387512207,185000
2004-04-27,16.149999618530273,16.219999313354492,16.075000762939453,16.110000610351562,12.2680082321167,737000
2004-04-28,16.100000381469727,16.100000381469727,15.90999984741211,15.920000076293945,12.123311996459961,2324400
2004-04-29,15.920000076293945,16.06999969482422,15.710000038146973,15.8149995803833,12.043357849121094,270600
2004-04-30,15.864999771118164,15.899999618530273,15.635000228881836,15.694999694824219,11.951974868774414,230200
2004-05-03,15.675000190734863,15.800000190734863,15.649999618530273,15.774999618530273,12.012896537780762,2623800
2004-05-04,15.729999542236328,15.850000381469727,15.649999618530273,15.744999885559082,11.990052223205566,945000
2004-05-05,15.699999809265137,15.789999961853027,15.680000305175781,15.779999732971191,12.016705513000488,434200
2004-05-06,15.585000038146973,15.645000457763672,15.40999984741211,15.545000076293945,11.837752342224121,1364600
2004-05-07,15.395000457763672,15.53499984741211,15.170000076293945,15.170000076293945,11.552176475524902,823800
2004-05-10,14.96500015258789,15.119999885559082,14.899999618530273,14.979999542236328,11.407496452331543,812000
2004-05-11,15.100000381469727,15.234999656677246,15.100000381469727,15.199999809265137,11.575024604797363,1137400
2004-05-12,15.199999809265137,15.25,14.904999732971191,15.25,11.613105773925781,1909600
2004-05-13,15.175000190734863,15.229999542236328,15.09000015258789,15.199999809265137,11.575024604797363,989000
2004-05-14,15.25,15.279999732971191,15.074999809265137,15.204999923706055,11.578832626342773,765800
2004-05-17,15.149999618530273,15.149999618530273,14.864999771118164,14.96500015258789,11.396071434020996,903000
2004-05-18,15.149999618530273,15.229999542236328,15.0,15.199999809265137,11.575024604797363,2336400
2004-05-19,15.305000305175781,15.420000076293945,15.135000228881836,15.135000228881836,11.525527954101562,455200
2004-05-20,15.125,15.204999923706055,15.069999694824219,15.170000076293945,11.552176475524902,161000
2004-05-21,15.170000076293945,15.329999923706055,15.149999618530273,15.244999885559082,11.609292030334473,228400
2004-05-24,15.399999618530273,15.4399995803833,15.28499984741211,15.404999732971191,11.731139183044434,316600
2004-05-25,15.350000381469727,15.71500015258789,15.300000190734863,15.71500015258789,11.967207908630371,221200
2004-05-26,15.680000305175781,15.739999771118164,15.635000228881836,15.725000381469727,11.974824905395508,684800
2004-05-27,15.699999809265137,15.885000228881836,15.699999809265137,15.795000076293945,12.02812671661377,129000
2004-05-28,15.795000076293945,15.8100004196167,15.75,15.795000076293945,12.02812671661377,631800
2004-06-01,15.725000381469727,15.795000076293945,15.65999984741211,15.779999732971191,12.016705513000488,484400
2004-06-02,15.850000381469727,15.850000381469727,15.720000267028809,15.84000015258789,12.062397003173828,408800
2004-06-03,15.819999694824219,15.885000228881836,15.729999542236328,15.739999771118164,11.986244201660156,578400
2004-06-04,15.869999885559082,15.885000228881836,15.755000114440918,15.805000305175781,12.035740852355957,921600
2004-06-07,15.899999618530273,16.024999618530273,15.854999542236328,16.024999618530273,12.203275680541992,488600
2004-06-08,15.975000381469727,16.084999084472656,15.944999694824219,16.079999923706055,12.245160102844238,929000
2004-06-09,16.0,16.09000015258789,15.954999923706055,15.960000038146973,12.153777122497559,238000
2004-06-10,15.954999923706055,16.059999465942383,15.954999923706055,16.024999618530273,12.203275680541992,290200
2004-06-14,16.024999618530273,16.024999618530273,15.779999732971191,15.819999694824219,12.047165870666504,2766600
2004-06-15,15.925000190734863,16.010000228881836,15.885000228881836,15.914999961853027,12.119507789611816,523600
2004-06-16,15.975000381469727,15.975000381469727,15.885000228881836,15.930000305175781,12.130935668945312,142400
2004-06-17,15.90999984741211,15.975000381469727,15.859999656677246,15.970000267028809,12.16139030456543,86400
2004-06-18,15.890000343322754,16.014999389648438,15.890000343322754,15.944999694824219,12.158342361450195,100000
2004-06-21,16.0,16.0,15.880000114440918,15.890000343322754,12.116406440734863,209800
2004-06-22,15.869999885559082,15.869999885559082,15.704999923706055,15.819999694824219,12.063027381896973,175400
2004-06-23,15.774999618530273,15.944999694824219,15.774999618530273,15.944999694824219,12.158342361450195,135600
2004-06-24,15.899999618530273,16.030000686645508,15.899999618530273,15.949999809265137,12.16215705871582,181800
2004-06-25,15.925000190734863,16.045000076293945,15.904999732971191,15.9350004196167,12.150720596313477,593000
2004-06-28,16.049999237060547,16.06999969482422,15.885000228881836,15.904999732971191,12.127842903137207,1451200
2004-06-29,15.850000381469727,15.854999542236328,15.770000457763672,15.78499984741211,12.036340713500977,346800
2004-06-30,15.774999618530273,15.859999656677246,15.710000038146973,15.8149995803833,12.059211730957031,880000
2004-07-01,15.850000381469727,15.854999542236328,15.640000343322754,15.720000267028809,11.986775398254395,1212200
2004-07-02,15.75,15.75,15.619999885559082,15.635000228881836,11.921960830688477,372800
2004-07-06,15.550000190734863,15.595000267028809,15.484999656677246,15.53499984741211,11.845708847045898,1114200
2004-07-07,15.5,15.5600004196167,15.46500015258789,15.489999771118164,11.811397552490234,318000
2004-07-08,15.399999618530273,15.425000190734863,15.279999732971191,15.279999732971191,11.651268005371094,309200
2004-07-09,15.375,15.375,15.289999961853027,15.364999771118164,11.716083526611328,1161800
2004-07-12,15.300000190734863,15.430000305175781,15.274999618530273,15.404999732971191,11.74658203125,422600
2004-07-13,15.375,15.5,15.375,15.46500015258789,11.79233169555664,117400
2004-07-14,15.399999618530273,15.555000305175781,15.359999656677246,15.399999618530273,11.742768287658691,210400
2004-07-15,15.420000076293945,15.444999694824219,15.324999809265137,15.324999809265137,11.685580253601074,302200
2004-07-16,15.385000228881836,15.385000228881836,15.154999732971191,15.154999732971191,11.555951118469238,434400
2004-07-19,15.154999732971191,15.220000267028809,15.03499984741211,15.095000267028809,11.510202407836914,328400
2004-07-20,15.100000381469727,15.279999732971191,15.100000381469727,15.265000343322754,11.639832496643066,1975400
2004-07-21,15.265000343322754,15.385000228881836,15.130000114440918,15.130000114440918,11.53689193725586,425400
2004-07-22,15.024999618530273,15.180000305175781,14.9350004196167,15.154999732971191,11.555951118469238,184600
2004-07-23,15.100000381469727,15.135000228881836,14.979999542236328,15.0649995803833,11.487330436706543,262600
2004-07-26,15.050000190734863,15.055000305175781,14.869999885559082,14.9350004196167,11.388201713562012,445000
2004-07-27,14.925000190734863,15.21500015258789,14.925000190734863,15.1899995803833,11.5826416015625,366400
2004-07-28,15.149999618530273,15.1899995803833,14.949999809265137,15.125,11.533080101013184,181600
2004-07-29,15.225000381469727,15.289999961853027,15.149999618530273,15.199999809265137,11.5902681350708,529600
2004-07-30,15.199999809265137,15.225000381469727,15.125,15.21500015258789,11.601705551147461,263000
2004-08-02,15.21500015258789,15.34000015258789,15.135000228881836,15.305000305175781,11.670331001281738,437000
2004-08-03,15.239999771118164,15.270000457763672,15.145000457763672,15.149999618530273,11.552145004272461,145200
2004-08-04,15.024999618530273,15.135000228881836,14.979999542236328,15.069999694824219,11.491137504577637,397000
2004-08-05,15.114999771118164,15.114999771118164,14.789999961853027,14.805000305175781,11.289072036743164,1309000
2004-08-06,14.625,14.720000267028809,14.5649995803833,14.59000015258789,11.125129699707031,725200
2004-08-09,14.574999809265137,14.694999694824219,14.5600004196167,14.569999694824219,11.109881401062012,238800
2004-08-10,14.600000381469727,14.78499984741211,14.600000381469727,14.78499984741211,11.273825645446777,92800
2004-08-11,14.625,14.694999694824219,14.5600004196167,14.680000305175781,11.19375991821289,377600
2004-08-12,14.680000305175781,14.680000305175781,14.46500015258789,14.479999542236328,11.041251182556152,487800
2004-08-13,14.449999809265137,14.59000015258789,14.449999809265137,14.515000343322754,11.067943572998047,417400
2004-08-16,14.524999618530273,14.880000114440918,14.524999618530273,14.859999656677246,11.331010818481445,703800
2004-08-17,14.859999656677246,15.085000038146973,14.859999656677246,15.050000190734863,11.4758882522583,1072600
2004-08-18,14.975000381469727,15.180000305175781,14.944999694824219,15.180000305175781,11.5750150680542,1257600
2004-08-19,15.074999809265137,15.1899995803833,15.0600004196167,15.109999656677246,11.52164363861084,1175600
2004-08-20,15.149999618530273,15.265000343322754,15.074999809265137,15.244999885559082,11.624576568603516,320600
2004-08-23,15.244999885559082,15.25,15.15999984741211,15.164999961853027,11.563578605651855,2054200
2004-08-24,15.175000190734863,15.289999961853027,15.154999732971191,15.204999923706055,11.594074249267578,537600
2004-08-25,15.149999618530273,15.319999694824219,15.114999771118164,15.319999694824219,11.681771278381348,161200
2004-08-26,15.225000381469727,15.335000038146973,15.225000381469727,15.3149995803833,11.677956581115723,1054400
2004-08-27,15.300000190734863,15.345000267028809,15.274999618530273,15.3149995803833,11.677956581115723,440600
2004-08-30,15.300000190734863,15.300000190734863,15.180000305175781,15.194999694824219,11.586455345153809,1266600
2004-08-31,15.175000190734863,15.239999771118164,15.0649995803833,15.1850004196167,11.578827857971191,991400
2004-09-01,15.149999618530273,15.239999771118164,15.149999618530273,15.234999656677246,11.61695384979248,708200
2004-09-02,15.149999618530273,15.479999542236328,15.149999618530273,15.475000381469727,11.799958229064941,1361800
2004-09-03,15.475000381469727,15.539999961853027,15.430000305175781,15.460000038146973,11.788525581359863,171600
2004-09-07,15.550000190734863,15.619999885559082,15.494999885559082,15.5649995803833,11.8685884475708,1193200
2004-09-08,15.595000267028809,15.675000190734863,15.515000343322754,15.515000343322754,11.830460548400879,534600
2004-09-09,15.5,15.53499984741211,15.390000343322754,15.4350004196167,11.769457817077637,1653600
2004-09-10,15.40999984741211,15.604999542236328,15.390000343322754,15.574999809265137,11.876211166381836,187400
2004-09-13,15.574999809265137,15.6850004196167,15.574999809265137,15.625,11.914338111877441,617800
2004-09-14,15.600000381469727,15.699999809265137,15.600000381469727,15.694999694824219,11.967710494995117,397800
2004-09-15,15.635000228881836,15.670000076293945,15.595000267028809,15.604999542236328,11.899086952209473,150400
2004-09-16,15.604999542236328,15.770000457763672,15.604999542236328,15.699999809265137,11.971526145935059,4354400
2004-09-17,15.699999809265137,15.774999618530273,15.670000076293945,15.710000038146973,11.996726989746094,471600
2004-09-20,15.675000190734863,15.680000305175781,15.550000190734863,15.59000015258789,11.90509033203125,261800
2004-09-21,15.649999618530273,15.739999771118164,15.600000381469727,15.710000038146973,11.996726989746094,527000
2004-09-22,15.600000381469727,15.609999656677246,15.494999885559082,15.5,11.836362838745117,1146800
2004-09-23,15.550000190734863,15.595000267028809,15.484999656677246,15.555000305175781,11.878361701965332,2774200
2004-09-24,15.574999809265137,15.670000076293945,15.550000190734863,15.600000381469727,11.912727355957031,667000
2004-09-27,15.595000267028809,15.595000267028809,15.489999771118164,15.489999771118164,11.828722953796387,341600
2004-09-28,15.524999618530273,15.524999618530273,15.385000228881836,15.479999542236328,11.821086883544922,592400
2004-09-29,15.550000190734863,15.550000190734863,15.414999961853027,15.53499984741211,11.863090515136719,2223600
2004-09-30,15.5,15.649999618530273,15.5,15.600000381469727,11.912727355957031,2451800
2004-10-01,15.604999542236328,15.829999923706055,15.604999542236328,15.795000076293945,12.06163501739502,1160200
2004-10-04,15.899999618530273,16.0049991607666,15.899999618530273,15.944999694824219,12.176179885864258,2138200
2004-10-05,15.949999809265137,15.949999809265137,15.845000267028809,15.925000190734863,12.160902976989746,490200
2004-10-06,15.925000190734863,16.024999618530273,15.854999542236328,16.010000228881836,12.225817680358887,748800
2004-10-07,16.0,16.05500030517578,15.895000457763672,15.895000457763672,12.137998580932617,140000
2004-10-08,15.824999809265137,15.96500015258789,15.729999542236328,15.770000457763672,12.042542457580566,566400
2004-10-11,15.824999809265137,15.859999656677246,15.795000076293945,15.829999923706055,12.088358879089355,254800
2004-10-12,15.699999809265137,15.819999694824219,15.699999809265137,15.789999961853027,12.057815551757812,986200
2004-10-13,15.800000190734863,15.90999984741211,15.699999809265137,15.739999771118164,12.019638061523438,358000
2004-10-14,15.78499984741211,15.78499984741211,15.585000038146973,15.604999542236328,11.916545867919922,270600
2004-10-15,15.6899995803833,15.765000343322754,15.625,15.71500015258789,12.000542640686035,2989000
2004-10-18,15.625,15.845000267028809,15.625,15.824999809265137,12.084543228149414,1781600
2004-10-19,15.875,15.949999809265137,15.725000381469727,15.725000381469727,12.0081787109375,1927800
2004-10-20,15.694999694824219,15.694999694824219,15.59000015258789,15.640000343322754,11.943272590637207,831200
2004-10-21,15.640000343322754,15.819999694824219,15.640000343322754,15.779999732971191,12.050177574157715,431000
2004-10-22,15.800000190734863,15.854999542236328,15.645000457763672,15.645000457763672,11.947090148925781,410000
2004-10-25,15.645000457763672,15.649999618530273,15.529999732971191,15.630000114440918,11.935633659362793,281800
2004-10-26,15.600000381469727,15.890000343322754,15.600000381469727,15.890000343322754,12.134180068969727,898000
2004-10-27,15.850000381469727,16.165000915527344,15.829999923706055,16.15999984741211,12.340364456176758,808400
2004-10-28,16.200000762939453,16.295000076293945,16.125,16.25,12.409087181091309,892400
2004-10-29,16.25,16.290000915527344,16.184999465942383,16.229999542236328,12.393819808959961,2578000
2004-11-01,16.239999771118164,16.34000015258789,16.190000534057617,16.295000076293945,12.443453788757324,806400
2004-11-02,16.274999618530273,16.475000381469727,16.274999618530273,16.354999542236328,12.489267349243164,1362600
2004-11-03,16.575000762939453,16.575000762939453,16.329999923706055,16.395000457763672,12.519817352294922,663600
2004-11-04,16.424999237060547,16.774999618530273,16.420000076293945,16.7549991607666,12.794724464416504,615400
2004-11-05,16.774999618530273,16.924999237060547,16.764999389648438,16.815000534057617,12.840544700622559,714000
2004-11-08,16.80500030517578,16.885000228881836,16.780000686645508,16.825000762939453,12.848180770874023,193800
2004-11-09,16.790000915527344,16.885000228881836,16.780000686645508,16.84000015258789,12.85962963104248,412200
2004-11-10,16.875,16.934999465942383,16.815000534057617,16.84000015258789,12.85962963104248,715400
2004-11-11,16.875,17.0049991607666,16.80500030517578,16.9950008392334,12.977999687194824,2411800
2004-11-12,17.024999618530273,17.135000228881836,16.954999923706055,17.104999542236328,13.06199836730957,240600
2004-11-15,17.104999542236328,17.204999923706055,17.075000762939453,17.155000686645508,13.100177764892578,713800
2004-11-16,17.174999237060547,17.174999237060547,16.959999084472656,16.9950008392334,12.977999687194824,1051800
2004-11-17,17.024999618530273,17.15999984741211,16.989999771118164,17.010000228881836,12.989450454711914,1458800
2004-11-18,17.024999618530273,17.104999542236328,16.975000381469727,17.09000015258789,13.05054759979248,886400
2004-11-19,17.1200008392334,17.1200008392334,16.854999542236328,16.875,12.886359214782715,1323600
2004-11-22,16.825000762939453,17.0,16.80500030517578,16.979999542236328,12.966544151306152,3088000
2004-11-23,17.024999618530273,17.125,16.969999313354492,17.075000762939453,13.039087295532227,229200
2004-11-24,17.174999237060547,17.200000762939453,17.114999771118164,17.190000534057617,13.12690258026123,4434400
2004-11-26,17.100000381469727,17.2549991607666,17.100000381469727,17.209999084472656,13.142179489135742,208200
2004-11-29,17.225000381469727,17.25,16.969999313354492,17.094999313354492,13.054363250732422,1806400
2004-11-30,17.094999313354492,17.094999313354492,16.899999618530273,16.90999984741211,12.913089752197266,1373200
2004-12-01,16.975000381469727,17.184999465942383,16.975000381469727,17.174999237060547,13.115453720092773,1664000
2004-12-02,17.149999618530273,17.295000076293945,17.03499984741211,17.19499969482422,13.13072681427002,934400
2004-12-03,17.149999618530273,17.200000762939453,17.049999237060547,17.139999389648438,13.088728904724121,961600
2004-12-06,17.084999084472656,17.135000228881836,17.03499984741211,17.110000610351562,13.065816879272461,512600
2004-12-07,17.114999771118164,17.149999618530273,16.985000610351562,16.989999771118164,12.974178314208984,433200
2004-12-08,17.0049991607666,17.100000381469727,16.96500015258789,17.09000015258789,13.05054759979248,170600
2004-12-09,17.09000015258789,17.239999771118164,17.0,17.219999313354492,13.149812698364258,761800
2004-12-10,17.274999618530273,17.274999618530273,17.165000915527344,17.200000762939453,13.134544372558594,387000
2004-12-13,17.25,17.274999618530273,17.155000686645508,17.260000228881836,13.180360794067383,502000
2004-12-14,17.200000762939453,17.385000228881836,17.200000762939453,17.350000381469727,13.249088287353516,1159400
2004-12-15,17.399999618530273,17.479999542236328,17.344999313354492,17.424999237060547,13.30635929107666,1128600
2004-12-16,17.424999237060547,17.459999084472656,17.334999084472656,17.395000457763672,13.283455848693848,320400
2004-12-17,17.399999618530273,17.399999618530273,17.229999542236328,17.264999389648438,13.225235939025879,1465600
2004-12-20,17.299999237060547,17.364999771118164,17.21500015258789,17.2450008392334,13.20991325378418,378200
2004-12-21,17.25,17.3700008392334,17.225000381469727,17.34000015258789,13.282691955566406,2356400
2004-12-22,17.274999618530273,17.485000610351562,17.274999618530273,17.459999084472656,13.374613761901855,2401000
2004-12-23,17.475000381469727,17.475000381469727,17.415000915527344,17.43000030517578,13.35163402557373,210200
2004-12-27,17.475000381469727,17.524999618530273,17.420000076293945,17.440000534057617,13.359292030334473,57200
2004-12-28,17.479999542236328,17.645000457763672,17.475000381469727,17.645000457763672,13.516322135925293,515600
2004-12-29,17.639999389648438,17.665000915527344,17.604999542236328,17.65999984741211,13.527814865112305,235200
2004-12-30,17.674999237060547,17.729999542236328,17.649999618530273,17.709999084472656,13.566119194030762,923400
2004-12-31,17.704999923706055,17.729999542236328,17.645000457763672,17.645000457763672,13.516322135925293,211000
2005-01-03,17.725000381469727,17.774999618530273,17.520000457763672,17.530000686645508,13.428230285644531,858400
2005-01-04,17.530000686645508,17.604999542236328,17.295000076293945,17.325000762939453,13.271198272705078,1690200
2005-01-05,17.399999618530273,17.399999618530273,17.260000228881836,17.260000228881836,13.221406936645508,260600
2005-01-06,17.239999771118164,17.274999618530273,17.165000915527344,17.170000076293945,13.152469635009766,258400
2005-01-07,17.2549991607666,17.2549991607666,17.094999313354492,17.165000915527344,13.148632049560547,430000
2005-01-10,17.100000381469727,17.30500030517578,17.100000381469727,17.229999542236328,13.1984281539917,244400
2005-01-11,17.125,17.184999465942383,17.100000381469727,17.1200008392334,13.11416244506836,368000
2005-01-12,17.100000381469727,17.235000610351562,17.010000228881836,17.219999313354492,13.190763473510742,498600
2005-01-13,17.219999313354492,17.225000381469727,17.075000762939453,17.094999313354492,13.095008850097656,775200
2005-01-14,17.125,17.264999389648438,17.104999542236328,17.2549991607666,13.217569351196289,228200
2005-01-18,17.200000762939453,17.399999618530273,17.165000915527344,17.399999618530273,13.32863998413086,386800
2005-01-19,17.424999237060547,17.424999237060547,17.225000381469727,17.225000381469727,13.194596290588379,350800
2005-01-20,17.104999542236328,17.104999542236328,16.90999984741211,16.915000915527344,12.957130432128906,771400
2005-01-21,16.915000915527344,16.975000381469727,16.825000762939453,16.854999542236328,12.911170959472656,669000
2005-01-24,16.860000610351562,16.899999618530273,16.690000534057617,16.690000534057617,12.78477668762207,681800
2005-01-25,16.799999237060547,16.829999923706055,16.719999313354492,16.735000610351562,12.819246292114258,539800
2005-01-26,16.809999465942383,16.844999313354492,16.71500015258789,16.825000762939453,12.888192176818848,539800
2005-01-27,16.825000762939453,16.875,16.7549991607666,16.790000915527344,12.861379623413086,95800
2005-01-28,16.75,16.774999618530273,16.614999771118164,16.709999084472656,12.800092697143555,512600
2005-01-31,16.709999084472656,16.924999237060547,16.709999084472656,16.889999389648438,12.937975883483887,769400
2005-02-01,16.90999984741211,16.950000762939453,16.850000381469727,16.905000686645508,12.949470520019531,729200
2005-02-02,16.905000686645508,16.9950008392334,16.889999389648438,16.954999923706055,12.987774848937988,599600
2005-02-03,16.924999237060547,16.924999237060547,16.850000381469727,16.920000076293945,12.960959434509277,955000
2005-02-04,16.950000762939453,17.075000762939453,16.924999237060547,17.075000762939453,13.079695701599121,313000
2005-02-07,17.09000015258789,17.155000686645508,17.045000076293945,17.1200008392334,13.11416244506836,405600
2005-02-08,17.125,17.1299991607666,17.040000915527344,17.079999923706055,13.083520889282227,111400
2005-02-09,17.125,17.125,16.8799991607666,16.889999389648438,12.937975883483887,276600
2005-02-10,16.975000381469727,16.985000610351562,16.860000610351562,16.959999084472656,12.991600036621094,1518400
2005-02-11,16.875,17.110000610351562,16.864999771118164,17.045000076293945,13.056707382202148,926200
2005-02-14,17.100000381469727,17.100000381469727,16.9950008392334,17.020000457763672,13.037562370300293,324600
2005-02-15,17.100000381469727,17.170000076293945,17.059999465942383,17.155000686645508,13.140974998474121,204200
2005-02-16,17.075000762939453,17.155000686645508,17.065000534057617,17.125,13.117992401123047,312800
2005-02-17,17.18000030517578,17.18000030517578,17.040000915527344,17.040000915527344,13.05288028717041,621200
2005-02-18,17.024999618530273,17.030000686645508,16.979999542236328,17.0049991607666,13.026074409484863,389400
2005-02-22,16.864999771118164,16.90999984741211,16.665000915527344,16.670000076293945,12.769457817077637,1011600
2005-02-23,16.71500015258789,16.809999465942383,16.684999465942383,16.774999618530273,12.84988784790039,723200
2005-02-24,16.799999237060547,16.80500030517578,16.670000076293945,16.790000915527344,12.861379623413086,739000
2005-02-25,16.780000686645508,16.889999389648438,16.7549991607666,16.8700008392334,12.922659873962402,543800
2005-02-28,16.8700008392334,16.889999389648438,16.719999313354492,16.799999237060547,12.869037628173828,922200
2005-03-01,16.799999237060547,17.014999389648438,16.799999237060547,16.989999771118164,13.014580726623535,719600
2005-03-02,16.920000076293945,17.09000015258789,16.915000915527344,17.0,13.022249221801758,662200
2005-03-03,17.100000381469727,17.100000381469727,16.924999237060547,16.979999542236328,13.00692081451416,207600
2005-03-04,17.0,17.139999389648438,17.0,17.125,13.117992401123047,372600
2005-03-07,17.125,17.200000762939453,17.114999771118164,17.139999389648438,13.129485130310059,304800
2005-03-08,17.149999618530273,17.155000686645508,17.030000686645508,17.049999237060547,13.060541152954102,1412400
2005-03-09,17.024999618530273,17.024999618530273,16.834999084472656,16.860000610351562,12.914998054504395,1033000
2005-03-10,16.850000381469727,16.94499969482422,16.809999465942383,16.889999389648438,12.937975883483887,957800
2005-03-11,16.950000762939453,16.979999542236328,16.81999969482422,16.8700008392334,12.922659873962402,346000
2005-03-14,16.864999771118164,16.915000915527344,16.815000534057617,16.895000457763672,12.941810607910156,757400
2005-03-15,17.0,17.06999969482422,16.915000915527344,16.915000915527344,12.957130432128906,2135600
2005-03-16,16.875,16.875,16.739999771118164,16.815000534057617,12.880524635314941,539600
2005-03-17,16.829999923706055,16.889999389648438,16.809999465942383,16.829999923706055,12.892019271850586,1960600
2005-03-18,16.825000762939453,16.825000762939453,16.635000228881836,16.709999084472656,12.81837272644043,1790800
2005-03-21,16.725000381469727,16.725000381469727,16.520000457763672,16.6299991607666,12.757004737854004,1261600
2005-03-22,16.725000381469727,16.725000381469727,16.479999542236328,16.489999771118164,12.649614334106445,535000
2005-03-23,16.450000762939453,16.510000228881836,16.40999984741211,16.434999465942383,12.60741901397705,653000
2005-03-24,16.424999237060547,16.565000534057617,16.424999237060547,16.459999084472656,12.626604080200195,642600
2005-03-28,16.485000610351562,16.625,16.475000381469727,16.575000762939453,12.714823722839355,1010600
2005-03-29,16.5,16.565000534057617,16.354999542236328,16.364999771118164,12.553727149963379,539200
2005-03-30,16.375,16.6299991607666,16.375,16.6299991607666,12.757004737854004,1405600
2005-03-31,16.549999237060547,16.674999237060547,16.549999237060547,16.579999923706055,12.718652725219727,2103600
2005-04-01,16.649999618530273,16.735000610351562,16.40999984741211,16.450000762939453,12.61893081665039,858800
2005-04-04,16.424999237060547,16.540000915527344,16.344999313354492,16.4950008392334,12.653447151184082,700600
2005-04-05,16.524999618530273,16.6299991607666,16.524999618530273,16.594999313354492,12.730161666870117,536600
2005-04-06,16.700000762939453,16.700000762939453,16.5049991607666,16.524999618530273,12.676464080810547,1143000
2005-04-07,16.5,16.6200008392334,16.459999084472656,16.600000381469727,12.73399829864502,413800
2005-04-08,16.59000015258789,16.635000228881836,16.450000762939453,16.469999313354492,12.634267807006836,929400
2005-04-11,16.520000457763672,16.520000457763672,16.375,16.3799991607666,12.565230369567871,431800
2005-04-12,16.424999237060547,16.56999969482422,16.260000228881836,16.53499984741211,12.68412971496582,2762800
2005-04-13,16.450000762939453,16.5049991607666,16.25,16.28499984741211,12.492358207702637,589600
2005-04-14,16.25,16.28499984741211,16.049999237060547,16.059999465942383,12.319758415222168,589400
2005-04-15,16.0,16.0,15.71500015258789,15.734999656677246,12.070446014404297,3507800
2005-04-18,15.699999809265137,15.789999961853027,15.65999984741211,15.765000343322754,12.093456268310547,3322400
2005-04-19,15.774999618530273,15.920000076293945,15.725000381469727,15.78499984741211,12.108802795410156,1231800
2005-04-20,15.734999656677246,15.770000457763672,15.505000114440918,15.524999618530273,11.909356117248535,365200
2005-04-21,15.770000457763672,15.920000076293945,15.675000190734863,15.90999984741211,12.204694747924805,567600
2005-04-22,15.949999809265137,15.949999809265137,15.5600004196167,15.670000076293945,12.020586967468262,697200
2005-04-25,15.779999732971191,15.829999923706055,15.704999923706055,15.8100004196167,12.127978324890137,1005800
2005-04-26,15.725000381469727,15.864999771118164,15.699999809265137,15.699999809265137,12.043598175048828,933000
2005-04-27,15.725000381469727,15.789999961853027,15.574999809265137,15.720000267028809,12.058939933776855,2197000
2005-04-28,15.600000381469727,15.699999809265137,15.484999656677246,15.489999771118164,11.882502555847168,639000
2005-04-29,15.550000190734863,15.604999542236328,15.3100004196167,15.524999618530273,11.909356117248535,1585400
2005-05-02,15.960000038146973,15.960000038146973,15.520000457763672,15.604999542236328,11.970723152160645,521200
2005-05-03,15.579999923706055,15.744999885559082,15.550000190734863,15.664999961853027,12.016751289367676,1134200
2005-05-04,15.800000190734863,16.0049991607666,15.739999771118164,16.0,12.273731231689453,2406000
2005-05-05,15.975000381469727,16.075000762939453,15.864999771118164,15.904999732971191,12.200858116149902,778400
2005-05-06,16.075000762939453,16.075000762939453,15.875,15.904999732971191,12.200858116149902,555200
2005-05-09,15.9399995803833,15.994999885559082,15.885000228881836,15.994999885559082,12.269895553588867,394800
2005-05-10,15.875,15.920000076293945,15.774999618530273,15.800000190734863,12.120307922363281,425600
2005-05-11,15.800000190734863,15.854999542236328,15.649999618530273,15.795000076293945,12.116472244262695,1267200
2005-05-12,15.800000190734863,15.904999732971191,15.710000038146973,15.71500015258789,12.055106163024902,819400
2005-05-13,15.699999809265137,15.835000038146973,15.614999771118164,15.704999923706055,12.047433853149414,1206200
2005-05-16,15.704999923706055,15.899999618530273,15.704999923706055,15.899999618530273,12.197017669677734,510800
2005-05-17,15.925000190734863,16.059999465942383,15.90999984741211,16.03499984741211,12.300579071044922,843800
2005-05-18,16.165000915527344,16.385000228881836,16.114999771118164,16.350000381469727,12.542217254638672,367200
2005-05-19,16.3700008392334,16.5,16.344999313354492,16.479999542236328,12.641940116882324,431800
2005-05-20,16.065000534057617,16.46500015258789,16.065000534057617,16.434999465942383,12.60741901397705,357600
2005-05-23,16.399999618530273,16.59000015258789,16.399999618530273,16.540000915527344,12.687971115112305,612200
2005-05-24,16.53499984741211,16.53499984741211,16.450000762939453,16.510000228881836,12.664957046508789,1025400
2005-05-25,16.454999923706055,16.5049991607666,16.385000228881836,16.459999084472656,12.626604080200195,575000
2005-05-26,16.5,16.56999969482422,16.469999313354492,16.545000076293945,12.691807746887207,674800
2005-05-27,16.575000762939453,16.575000762939453,16.514999389648438,16.545000076293945,12.691807746887207,987800
2005-05-31,16.520000457763672,16.530000686645508,16.440000534057617,16.485000610351562,12.64577865600586,2169600
2005-06-01,16.549999237060547,16.625,16.44499969482422,16.55500030517578,12.69947624206543,1338600
2005-06-02,16.489999771118164,16.674999237060547,16.489999771118164,16.639999389648438,12.764678001403809,356200
2005-06-03,16.594999313354492,16.684999465942383,16.489999771118164,16.520000457763672,12.672627449035645,473200
2005-06-06,16.545000076293945,16.575000762939453,16.4950008392334,16.545000076293945,12.691807746887207,742800
2005-06-07,16.514999389648438,16.735000610351562,16.514999389648438,16.56999969482422,12.710984230041504,403000
2005-06-08,16.625,16.635000228881836,16.489999771118164,16.5,12.657283782958984,798800
2005-06-09,16.475000381469727,16.604999542236328,16.415000915527344,16.565000534057617,12.70715045928955,852000
2005-06-10,16.559999465942383,16.600000381469727,16.479999542236328,16.565000534057617,12.70715045928955,902200
2005-06-13,16.575000762939453,16.68000030517578,16.4950008392334,16.59000015258789,12.72632884979248,710600
2005-06-14,16.559999465942383,16.80500030517578,16.559999465942383,16.764999389648438,12.86056900024414,628200
2005-06-15,16.80500030517578,16.854999542236328,16.665000915527344,16.764999389648438,12.86056900024414,528400
2005-06-16,16.7549991607666,16.844999313354492,16.7549991607666,16.799999237060547,12.887413024902344,237000
2005-06-17,16.825000762939453,16.915000915527344,16.80500030517578,16.844999313354492,12.940810203552246,307600
2005-06-20,16.75,16.8799991607666,16.735000610351562,16.854999542236328,12.948493003845215,406800
2005-06-21,16.924999237060547,16.924999237060547,16.790000915527344,16.864999771118164,12.95617389678955,772000
2005-06-22,16.875,16.940000534057617,16.780000686645508,16.860000610351562,12.952335357666016,955200
2005-06-23,16.825000762939453,16.864999771118164,16.565000534057617,16.565000534057617,12.725704193115234,428800
2005-06-24,16.549999237060547,16.549999237060547,16.40999984741211,16.420000076293945,12.614313125610352,1249200
2005-06-27,16.375,16.440000534057617,16.34000015258789,16.344999313354492,12.556694030761719,533000
2005-06-28,16.3799991607666,16.59000015258789,16.3799991607666,16.575000762939453,12.733390808105469,344400
2005-06-29,16.575000762939453,16.575000762939453,16.46500015258789,16.475000381469727,12.656566619873047,913000
2005-06-30,16.524999618530273,16.575000762939453,16.389999389648438,16.389999389648438,12.591266632080078,616400
2005-07-01,16.475000381469727,16.479999542236328,16.3799991607666,16.43000030517578,12.621997833251953,1095800
2005-07-05,16.475000381469727,16.600000381469727,16.385000228881836,16.584999084472656,12.741069793701172,515400
2005-07-06,16.524999618530273,16.575000762939453,16.415000915527344,16.434999465942383,12.625833511352539,434200
2005-07-07,16.295000076293945,16.5,16.225000381469727,16.485000610351562,12.664249420166016,821600
2005-07-08,16.524999618530273,16.7450008392334,16.485000610351562,16.739999771118164,12.860145568847656,2035800
2005-07-11,16.739999771118164,16.860000610351562,16.739999771118164,16.829999923706055,12.929285049438477,638400
2005-07-12,16.8700008392334,16.979999542236328,16.799999237060547,16.940000534057617,13.013790130615234,1113800
2005-07-13,17.014999389648438,17.014999389648438,16.860000610351562,16.895000457763672,12.979222297668457,350400
2005-07-14,17.024999618530273,17.09000015258789,16.94499969482422,16.985000610351562,13.048359870910645,488000
2005-07-15,16.989999771118164,17.094999313354492,16.954999923706055,17.05500030517578,13.102141380310059,391200
2005-07-18,17.0,17.114999771118164,16.950000762939453,17.06999969482422,13.11365795135498,653600
2005-07-19,17.125,17.184999465942383,17.079999923706055,17.174999237060547,13.194323539733887,2206400
2005-07-20,17.135000228881836,17.2549991607666,17.03499984741211,17.239999771118164,13.244263648986816,1537600
2005-07-21,17.25,17.299999237060547,17.139999389648438,17.200000762939453,13.213531494140625,471800
2005-07-22,17.200000762939453,17.309999465942383,17.174999237060547,17.28499984741211,13.278834342956543,297200
2005-07-25,17.274999618530273,17.364999771118164,17.149999618530273,17.149999618530273,13.175119400024414,595800
2005-07-26,17.2450008392334,17.299999237060547,17.190000534057617,17.290000915527344,13.282671928405762,463200
2005-07-27,17.325000762939453,17.334999084472656,17.19499969482422,17.334999084472656,13.317244529724121,504200
2005-07-28,17.3700008392334,17.514999389648438,17.3700008392334,17.510000228881836,13.45168399810791,875000
2005-07-29,17.5,17.510000228881836,17.31999969482422,17.31999969482422,13.305715560913086,932200
2005-08-01,17.350000381469727,17.395000457763672,17.299999237060547,17.325000762939453,13.309562683105469,529600
2005-08-02,17.354999542236328,17.40999984741211,17.325000762939453,17.40999984741211,13.374858856201172,422800
2005-08-03,17.399999618530273,17.399999618530273,17.30500030517578,17.334999084472656,13.317244529724121,1343200
2005-08-04,17.264999389648438,17.350000381469727,17.114999771118164,17.184999465942383,13.202012062072754,1392600
2005-08-05,17.1299991607666,17.15999984741211,17.0049991607666,17.05500030517578,13.102141380310059,3844200
2005-08-08,17.030000686645508,17.1299991607666,16.989999771118164,17.014999389648438,13.071409225463867,1964000
2005-08-09,17.100000381469727,17.2450008392334,17.049999237060547,17.204999923706055,13.217371940612793,987800
2005-08-10,17.280000686645508,17.399999618530273,17.155000686645508,17.19499969482422,13.20969009399414,894400
2005-08-11,17.225000381469727,17.299999237060547,17.135000228881836,17.270000457763672,13.267295837402344,622800
2005-08-12,17.200000762939453,17.270000457763672,17.024999618530273,17.225000381469727,13.232735633850098,3755200
2005-08-15,17.200000762939453,17.360000610351562,17.155000686645508,17.350000381469727,13.32876205444336,1009200
2005-08-16,17.34000015258789,17.34000015258789,16.985000610351562,16.989999771118164,13.052201271057129,2064400
2005-08-17,16.9950008392334,17.149999618530273,16.975000381469727,17.09000015258789,13.129026412963867,1123200
2005-08-18,17.024999618530273,17.079999923706055,16.959999084472656,17.020000457763672,13.075250625610352,3631800
2005-08-19,17.100000381469727,17.100000381469727,16.934999465942383,16.934999465942383,13.009952545166016,1311200
2005-08-22,17.0,17.045000076293945,16.80500030517578,16.924999237060547,13.002272605895996,1322200
2005-08-23,16.875,16.934999465942383,16.809999465942383,16.8700008392334,12.960016250610352,867000
2005-08-24,16.864999771118164,16.950000762939453,16.735000610351562,16.75,12.867833137512207,735400
2005-08-25,16.725000381469727,16.825000762939453,16.725000381469727,16.795000076293945,12.902396202087402,1162400
2005-08-26,16.75,16.770000457763672,16.68000030517578,16.725000381469727,12.848628044128418,369000
2005-08-29,16.559999465942383,16.790000915527344,16.559999465942383,16.774999618530273,12.88703441619873,1277200
2005-08-30,16.700000762939453,16.704999923706055,16.5049991607666,16.604999542236328,12.756430625915527,3321600
2005-08-31,16.610000610351562,16.75,16.53499984741211,16.75,12.867833137512207,2887400
2005-09-01,16.774999618530273,16.774999618530273,16.530000686645508,16.584999084472656,12.741069793701172,4040800
2005-09-02,16.600000381469727,16.649999618530273,16.479999542236328,16.524999618530273,12.694975852966309,3259200
2005-09-06,16.475000381469727,16.809999465942383,16.475000381469727,16.809999465942383,12.913924217224121,2708200
2005-09-07,16.850000381469727,16.950000762939453,16.774999618530273,16.93000030517578,13.006110191345215,4411000
2005-09-08,16.774999618530273,16.825000762939453,16.7450008392334,16.770000457763672,12.883196830749512,7672800
2005-09-09,16.774999618530273,16.93000030517578,16.774999618530273,16.90999984741211,12.990742683410645,3657400
2005-09-12,16.875,16.975000381469727,16.854999542236328,16.954999923706055,13.025320053100586,2633600
2005-09-13,16.899999618530273,16.899999618530273,16.709999084472656,16.709999084472656,12.837098121643066,1865400
2005-09-14,16.725000381469727,16.75,16.53499984741211,16.55500030517578,12.71802043914795,3661000
2005-09-15,16.575000762939453,16.639999389648438,16.524999618530273,16.584999084472656,12.741069793701172,1929000
2005-09-16,16.575000762939453,16.635000228881836,16.524999618530273,16.56999969482422,12.752232551574707,1943200
2005-09-19,16.549999237060547,16.604999542236328,16.299999237060547,16.3700008392334,12.598312377929688,2626200
2005-09-20,16.350000381469727,16.399999618530273,16.059999465942383,16.084999084472656,12.378975868225098,7039000
2005-09-21,16.0,16.020000457763672,15.824999809265137,15.829999923706055,12.182726860046387,8556800
2005-09-22,15.8100004196167,16.125,15.800000190734863,16.084999084472656,12.378975868225098,7693800
2005-09-23,16.100000381469727,16.21500015258789,16.024999618530273,16.145000457763672,12.425151824951172,888000
2005-09-26,16.270000457763672,16.34000015258789,16.05500030517578,16.125,12.409756660461426,1394600
2005-09-27,16.125,16.170000076293945,16.03499984741211,16.1200008392334,12.405908584594727,1507400
2005-09-28,16.110000610351562,16.15999984741211,15.954999923706055,15.975000381469727,12.294319152832031,4200400
2005-09-29,16.0,16.145000457763672,15.880000114440918,16.135000228881836,12.417455673217773,3989800
2005-09-30,16.149999618530273,16.264999389648438,16.1200008392334,16.2450008392334,12.502104759216309,3487800
2005-10-03,16.299999237060547,16.325000762939453,16.184999465942383,16.200000762939453,12.467476844787598,937800
2005-10-04,16.229999542236328,16.274999618530273,16.065000534057617,16.09000015258789,12.382824897766113,1184800
2005-10-05,16.100000381469727,16.100000381469727,15.8149995803833,15.819999694824219,12.175028800964355,2793400
2005-10-06,15.850000381469727,16.014999389648438,15.704999923706055,15.835000038146973,12.186578750610352,2597800
2005-10-07,15.899999618530273,15.944999694824219,15.805000305175781,15.850000381469727,12.19811725616455,3912600
2005-10-10,15.899999618530273,15.899999618530273,15.704999923706055,15.729999542236328,12.105761528015137,2495400
2005-10-11,15.699999809265137,15.829999923706055,15.635000228881836,15.670000076293945,12.059591293334961,3681400
2005-10-12,15.649999618530273,15.710000038146973,15.425000190734863,15.494999885559082,11.924910545349121,4074600
2005-10-13,15.375,15.574999809265137,15.375,15.539999961853027,11.959546089172363,3636000
2005-10-14,15.574999809265137,15.704999923706055,15.520000457763672,15.694999694824219,12.078831672668457,5346800
2005-10-17,15.755000114440918,15.774999618530273,15.609999656677246,15.725000381469727,12.10191822052002,3444000
2005-10-18,15.75,15.75,15.520000457763672,15.5600004196167,11.974931716918945,3990400
2005-10-19,15.475000381469727,15.854999542236328,15.414999961853027,15.854999542236328,12.201967239379883,4007600
2005-10-20,15.899999618530273,15.930000305175781,15.585000038146973,15.65999984741211,12.051897048950195,3083800
2005-10-21,15.819999694824219,15.819999694824219,15.579999923706055,15.640000343322754,12.036499977111816,3304600
2005-10-24,15.699999809265137,15.914999961853027,15.65999984741211,15.90999984741211,12.244293212890625,2881000
2005-10-25,15.944999694824219,15.944999694824219,15.710000038146973,15.795000076293945,12.155793190002441,2121400
2005-10-26,15.725000381469727,15.850000381469727,15.699999809265137,15.699999809265137,12.082679748535156,2617800
2005-10-27,15.744999885559082,15.744999885559082,15.369999885559082,15.385000228881836,11.84025764465332,4210000
2005-10-28,15.5,15.680000305175781,15.46500015258789,15.654999732971191,12.04804801940918,1877200
2005-10-31,15.845000267028809,15.989999771118164,15.835000038146973,15.914999961853027,12.248140335083008,3836400
2005-11-01,15.9399995803833,15.975000381469727,15.880000114440918,15.925000190734863,12.255839347839355,2513000
2005-11-02,15.944999694824219,16.225000381469727,15.944999694824219,16.204999923706055,12.471324920654297,2417400
2005-11-03,16.325000762939453,16.364999771118164,16.135000228881836,16.209999084472656,12.475176811218262,6520800
2005-11-04,16.299999237060547,16.299999237060547,16.170000076293945,16.270000457763672,12.52134895324707,1793600
2005-11-07,16.325000762939453,16.420000076293945,16.270000457763672,16.399999618530273,12.621400833129883,6092200
2005-11-08,16.395000457763672,16.395000457763672,16.18000030517578,16.21500015258789,12.479023933410645,2753400
2005-11-09,16.200000762939453,16.270000457763672,16.165000915527344,16.209999084472656,12.475176811218262,2485000
2005-11-10,16.174999237060547,16.485000610351562,16.174999237060547,16.454999923706055,12.663727760314941,1672000
2005-11-11,16.454999923706055,16.53499984741211,16.450000762939453,16.5049991607666,12.702202796936035,1682400
2005-11-14,16.600000381469727,16.600000381469727,16.485000610351562,16.514999389648438,12.709901809692383,2326800
2005-11-15,16.545000076293945,16.575000762939453,16.2549991607666,16.270000457763672,12.52134895324707,2862400
2005-11-16,16.270000457763672,16.31999969482422,16.19499969482422,16.260000228881836,12.513653755187988,2085000
2005-11-17,16.299999237060547,16.5,16.295000076293945,16.475000381469727,12.679117202758789,1882000
2005-11-18,16.934999465942383,16.934999465942383,16.475000381469727,16.584999084472656,12.763772010803223,1674000
2005-11-21,16.549999237060547,16.68000030517578,16.170000076293945,16.645000457763672,12.809945106506348,1563800
2005-11-22,16.625,16.739999771118164,16.56999969482422,16.719999313354492,12.867668151855469,1177000
2005-11-23,16.75,16.895000457763672,16.75,16.84000015258789,12.9600191116333,1616000
2005-11-25,16.889999389648438,16.889999389648438,16.78499984741211,16.84000015258789,12.9600191116333,163600
2005-11-28,17.135000228881836,17.135000228881836,16.665000915527344,16.684999465942383,12.840736389160156,982600
2005-11-29,16.674999237060547,16.799999237060547,16.625,16.65999984741211,12.821488380432129,1621200
2005-11-30,16.625,16.704999923706055,16.540000915527344,16.549999237060547,12.736837387084961,3407600
2005-12-01,16.625,16.7549991607666,16.614999771118164,16.739999771118164,12.883064270019531,2295400
2005-12-02,16.709999084472656,16.825000762939453,16.709999084472656,16.795000076293945,12.925387382507324,2030400
2005-12-05,16.725000381469727,16.75,16.6299991607666,16.69499969482422,12.848428726196289,8981200
2005-12-06,16.764999389648438,16.860000610351562,16.735000610351562,16.7450008392334,12.886906623840332,1379400
2005-12-07,16.770000457763672,16.795000076293945,16.65999984741211,16.729999542236328,12.875362396240234,2025200
2005-12-08,16.700000762939453,16.7549991607666,16.584999084472656,16.65999984741211,12.821488380432129,1047600
2005-12-09,16.65999984741211,16.709999084472656,16.565000534057617,16.684999465942383,12.840736389160156,1424800
2005-12-12,16.719999313354492,16.78499984741211,16.690000534057617,16.704999923706055,12.856124877929688,1043400
2005-12-13,16.670000076293945,16.834999084472656,16.6200008392334,16.780000686645508,12.913846015930176,1619800
2005-12-14,16.780000686645508,16.920000076293945,16.780000686645508,16.864999771118164,12.979259490966797,2103200
2005-12-15,16.854999542236328,16.934999465942383,16.770000457763672,16.829999923706055,12.952325820922852,938600
2005-12-16,16.795000076293945,16.795000076293945,16.665000915527344,16.704999923706055,12.921772956848145,1284600
2005-12-19,16.665000915527344,16.725000381469727,16.489999771118164,16.524999618530273,12.782532691955566,791000
2005-12-20,16.524999618530273,16.524999618530273,16.385000228881836,16.489999771118164,12.75545883178711,1893800
2005-12-21,16.94499969482422,16.94499969482422,16.440000534057617,16.5049991607666,12.767059326171875,4973400
2005-12-22,16.459999084472656,16.510000228881836,16.434999465942383,16.510000228881836,12.770934104919434,1469400
2005-12-23,16.549999237060547,16.565000534057617,16.5,16.540000915527344,12.794140815734863,2263400
2005-12-27,16.6200008392334,16.6200008392334,16.399999618530273,16.399999618530273,12.685846328735352,1263800
2005-12-28,16.450000762939453,16.479999542236328,16.420000076293945,16.43000030517578,12.709046363830566,1280600
2005-12-29,16.454999923706055,16.5049991607666,16.424999237060547,16.424999237060547,12.705181121826172,1050400
2005-12-30,16.334999084472656,16.440000534057617,16.315000534057617,16.325000762939453,12.627825736999512,1643800
2006-01-03,16.25,16.520000457763672,16.125,16.5,12.763197898864746,3390600
2006-01-04,16.5,16.524999618530273,16.40999984741211,16.514999389648438,12.774798393249512,6706800
2006-01-05,16.549999237060547,16.584999084472656,16.475000381469727,16.530000686645508,12.786405563354492,1272600
2006-01-06,16.604999542236328,16.684999465942383,16.530000686645508,16.665000915527344,12.890837669372559,644200
2006-01-09,16.68000030517578,16.834999084472656,16.674999237060547,16.834999084472656,13.022332191467285,1304400
2006-01-10,16.78499984741211,16.875,16.764999389648438,16.84000015258789,13.026193618774414,1055000
2006-01-11,16.9950008392334,17.065000534057617,16.829999923706055,16.924999237060547,13.091946601867676,1810800
2006-01-12,16.889999389648438,16.889999389648438,16.760000228881836,16.774999618530273,12.975921630859375,637400
2006-01-13,16.80500030517578,16.81999969482422,16.725000381469727,16.780000686645508,12.979788780212402,841600
2006-01-17,16.719999313354492,16.75,16.649999618530273,16.690000534057617,12.910167694091797,487800
2006-01-18,16.579999923706055,16.739999771118164,16.565000534057617,16.635000228881836,12.867623329162598,2426200
2006-01-19,16.700000762939453,16.829999923706055,16.68000030517578,16.760000228881836,12.964312553405762,1305400
2006-01-20,16.760000228881836,16.760000228881836,16.454999923706055,16.475000381469727,12.743857383728027,1931600
2006-01-23,16.5,16.53499984741211,16.43000030517578,16.46500015258789,12.736120223999023,1580800
2006-01-24,16.549999237060547,16.635000228881836,16.520000457763672,16.6299991607666,12.863758087158203,1427000
2006-01-25,16.6299991607666,16.670000076293945,16.5049991607666,16.56999969482422,12.81734848022461,2520200
2006-01-26,16.639999389648438,16.674999237060547,16.575000762939453,16.639999389648438,12.871492385864258,684000
2006-01-27,16.645000457763672,16.799999237060547,16.635000228881836,16.71500015258789,12.929502487182617,582600
2006-01-30,16.514999389648438,16.774999618530273,16.514999389648438,16.674999237060547,12.898569107055664,1155000
2006-01-31,16.625,16.674999237060547,16.565000534057617,16.614999771118164,12.852148056030273,1842800
2006-02-01,16.584999084472656,16.69499969482422,16.579999923706055,16.670000076293945,12.894698143005371,1677800
2006-02-02,16.639999389648438,16.71500015258789,16.575000762939453,16.649999618530273,12.879226684570312,1506000
2006-02-03,16.559999465942383,16.614999771118164,16.514999389648438,16.56999969482422,12.81734848022461,1234200
2006-02-06,16.559999465942383,16.584999084472656,16.5049991607666,16.565000534057617,12.813478469848633,1594200
2006-02-07,16.520000457763672,16.59000015258789,16.424999237060547,16.46500015258789,12.736120223999023,3758200
2006-02-08,16.440000534057617,16.600000381469727,16.440000534057617,16.579999923706055,12.825077056884766,1179600
2006-02-09,16.579999923706055,16.670000076293945,16.56999969482422,16.575000762939453,12.821209907531738,958000
2006-02-10,16.559999465942383,16.665000915527344,16.510000228881836,16.635000228881836,12.867623329162598,907400
2006-02-13,16.6299991607666,16.6299991607666,16.524999618530273,16.594999313354492,12.836681365966797,598800
2006-02-14,16.604999542236328,16.78499984741211,16.55500030517578,16.780000686645508,12.979788780212402,869800
2006-02-15,16.760000228881836,16.864999771118164,16.700000762939453,16.854999542236328,13.037798881530762,1203000
2006-02-16,16.84000015258789,16.915000915527344,16.829999923706055,16.90999984741211,13.080340385437012,1427000
2006-02-17,16.8700008392334,16.875,16.80500030517578,16.809999465942383,13.002991676330566,1476600
2006-02-21,16.860000610351562,16.895000457763672,16.68000030517578,16.719999313354492,12.933375358581543,620400
2006-02-22,16.739999771118164,16.864999771118164,16.739999771118164,16.844999313354492,13.030068397521973,583600
2006-02-23,16.770000457763672,16.885000228881836,16.7549991607666,16.7549991607666,12.960444450378418,1051400
2006-02-24,16.739999771118164,16.7450008392334,16.625,16.725000381469727,12.937237739562988,793800
2006-02-27,16.790000915527344,16.920000076293945,16.790000915527344,16.875,13.05327033996582,1466000
2006-02-28,16.850000381469727,16.854999542236328,16.709999084472656,16.735000610351562,12.944971084594727,1397000
2006-03-01,16.760000228881836,16.864999771118164,16.68000030517578,16.860000610351562,13.041667938232422,3806600
2006-03-02,16.764999389648438,16.780000686645508,16.68000030517578,16.75,12.956582069396973,1945600
2006-03-03,16.704999923706055,16.84000015258789,16.655000686645508,16.739999771118164,12.948847770690918,1759400
2006-03-06,16.704999923706055,16.75,16.614999771118164,16.635000228881836,12.867623329162598,814000
2006-03-07,16.575000762939453,16.6200008392334,16.520000457763672,16.559999465942383,12.809608459472656,5432400
2006-03-08,16.514999389648438,16.635000228881836,16.514999389648438,16.59000015258789,12.832816123962402,1037000
2006-03-09,16.594999313354492,16.655000686645508,16.5049991607666,16.524999618530273,12.782532691955566,1013800
2006-03-10,16.55500030517578,16.690000534057617,16.540000915527344,16.68000030517578,12.902427673339844,1587800
2006-03-13,16.69499969482422,16.75,16.639999389648438,16.674999237060547,12.898569107055664,881000
2006-03-14,16.655000686645508,16.860000610351562,16.625,16.854999542236328,13.037798881530762,743600
2006-03-15,16.864999771118164,16.954999923706055,16.80500030517578,16.950000762939453,13.111283302307129,3434600
2006-03-16,16.959999084472656,17.03499984741211,16.950000762939453,16.985000610351562,13.138360977172852,1574400
2006-03-17,16.959999084472656,17.045000076293945,16.959999084472656,17.010000228881836,13.160408020019531,3307400
2006-03-20,16.9950008392334,17.045000076293945,16.940000534057617,16.969999313354492,13.129461288452148,642200
2006-03-21,16.885000228881836,17.0,16.844999313354492,16.875,13.055962562561035,1032400
2006-03-22,16.854999542236328,16.940000534057617,16.84000015258789,16.93000030517578,13.09851360321045,755800
2006-03-23,16.864999771118164,16.934999465942383,16.850000381469727,16.920000076293945,13.090774536132812,609000
2006-03-24,16.905000686645508,16.934999465942383,16.825000762939453,16.895000457763672,13.07143783569336,530200
2006-03-27,16.834999084472656,16.934999465942383,16.834999084472656,16.889999389648438,13.067564010620117,1775600
2006-03-28,16.84000015258789,16.959999084472656,16.790000915527344,16.799999237060547,12.997936248779297,3976400
2006-03-29,16.895000457763672,16.959999084472656,16.799999237060547,16.950000762939453,13.113984107971191,1277200
2006-03-30,16.940000534057617,17.0049991607666,16.825000762939453,16.8799991607666,13.059826850891113,1177000
2006-03-31,16.885000228881836,16.905000686645508,16.799999237060547,16.829999923706055,13.02114200592041,734400
2006-04-03,16.905000686645508,16.90999984741211,16.7549991607666,16.770000457763672,12.974725723266602,1430000
2006-04-04,16.7549991607666,16.8700008392334,16.719999313354492,16.864999771118164,13.048226356506348,2144200
2006-04-05,16.864999771118164,16.989999771118164,16.864999771118164,16.975000381469727,13.13332748413086,1163400
2006-04-06,16.915000915527344,17.03499984741211,16.915000915527344,17.010000228881836,13.160408020019531,660400
2006-04-07,17.049999237060547,17.139999389648438,16.905000686645508,16.934999465942383,13.102378845214844,948400
2006-04-10,16.899999618530273,16.969999313354492,16.8700008392334,16.90999984741211,13.08303451538086,756600
2006-04-11,16.989999771118164,16.989999771118164,16.7549991607666,16.774999618530273,12.978595733642578,1756000
2006-04-12,16.774999618530273,16.790000915527344,16.71500015258789,16.760000228881836,12.966984748840332,1208000
2006-04-13,17.184999465942383,17.184999465942383,16.719999313354492,16.799999237060547,12.997936248779297,644400
2006-04-17,16.825000762939453,16.825000762939453,16.645000457763672,16.71500015258789,12.932167053222656,1054200
2006-04-18,16.7450008392334,16.969999313354492,16.739999771118164,16.959999084472656,13.121720314025879,747400
2006-04-19,16.950000762939453,16.96500015258789,16.844999313354492,16.899999618530273,13.075297355651855,2808800
2006-04-20,16.915000915527344,17.014999389648438,16.860000610351562,16.96500015258789,13.125590324401855,1189600
2006-04-21,17.0,17.0,16.78499984741211,16.834999084472656,13.025014877319336,2525200
2006-04-24,16.834999084472656,16.850000381469727,16.739999771118164,16.829999923706055,13.02114200592041,465800
2006-04-25,16.799999237060547,16.860000610351562,16.75,16.80500030517578,13.001803398132324,1138800
2006-04-26,16.834999084472656,16.959999084472656,16.829999923706055,16.920000076293945,13.090774536132812,1635800
2006-04-27,16.895000457763672,17.1200008392334,16.844999313354492,17.05500030517578,13.19522476196289,4334000
2006-04-28,17.045000076293945,17.1200008392334,17.0,17.045000076293945,13.187482833862305,1483600
2006-05-01,17.040000915527344,17.149999618530273,16.950000762939453,16.950000762939453,13.113984107971191,1233000
2006-05-02,16.969999313354492,17.045000076293945,16.93000030517578,16.96500015258789,13.125590324401855,3660000
2006-05-03,16.979999542236328,17.010000228881836,16.93000030517578,17.010000228881836,13.160408020019531,1262200
2006-05-04,17.024999618530273,17.110000610351562,17.024999618530273,17.104999542236328,13.23391342163086,2259800
2006-05-05,17.219999313354492,17.329999923706055,17.170000076293945,17.30500030517578,13.388650894165039,3301200
2006-05-08,17.30500030517578,17.3799991607666,17.30500030517578,17.329999923706055,13.407988548278809,1950400
2006-05-09,17.334999084472656,17.3799991607666,17.325000762939453,17.3799991607666,13.446673393249512,1222400
2006-05-10,17.364999771118164,17.40999984741211,17.34000015258789,17.389999389648438,13.454402923583984,614600
2006-05-11,17.34000015258789,17.350000381469727,17.184999465942383,17.21500015258789,13.319012641906738,1554000
2006-05-12,17.125,17.174999237060547,17.0,17.045000076293945,13.187482833862305,1811600
2006-05-15,17.024999618530273,17.100000381469727,16.94499969482422,17.09000015258789,13.222305297851562,2416600
2006-05-16,17.045000076293945,17.045000076293945,16.940000534057617,16.969999313354492,13.129461288452148,1280000
2006-05-17,16.90999984741211,16.90999984741211,16.719999313354492,16.735000610351562,12.947639465332031,1375800
2006-05-18,16.774999618530273,16.875,16.719999313354492,16.725000381469727,12.939905166625977,1421800
2006-05-19,16.764999389648438,16.885000228881836,16.700000762939453,16.84000015258789,13.028881072998047,1997000
2006-05-22,16.735000610351562,16.844999313354492,16.575000762939453,16.719999313354492,12.936040878295898,3256800
2006-05-23,16.760000228881836,16.78499984741211,16.594999313354492,16.594999313354492,12.839327812194824,1224400
2006-05-24,16.5049991607666,16.684999465942383,16.479999542236328,16.6200008392334,12.858670234680176,2467200
2006-05-25,16.68000030517578,16.780000686645508,16.649999618530273,16.780000686645508,12.982463836669922,2237800
2006-05-26,16.84000015258789,16.864999771118164,16.815000534057617,16.834999084472656,13.025014877319336,1078400
2006-05-30,16.709999084472656,16.735000610351562,16.579999923706055,16.579999923706055,12.82772159576416,1625800
2006-05-31,16.614999771118164,16.770000457763672,16.614999771118164,16.760000228881836,12.966984748840332,1071000
2006-06-01,16.799999237060547,17.040000915527344,16.729999542236328,17.020000457763672,13.168142318725586,2394600
2006-06-02,17.075000762939453,17.075000762939453,16.834999084472656,16.985000610351562,13.141066551208496,902400
2006-06-05,16.899999618530273,16.93000030517578,16.704999923706055,16.71500015258789,12.932167053222656,1536800
2006-06-06,16.709999084472656,16.709999084472656,16.524999618530273,16.6299991607666,12.866408348083496,5799400
2006-06-07,16.614999771118164,16.774999618530273,16.614999771118164,16.635000228881836,12.870274543762207,1816400
2006-06-08,16.53499984741211,16.649999618530273,16.354999542236328,16.610000610351562,12.850935935974121,3948200
2006-06-09,16.665000915527344,16.670000076293945,16.565000534057617,16.56999969482422,12.819991111755371,1102000
2006-06-12,16.540000915527344,16.559999465942383,16.34000015258789,16.350000381469727,12.649771690368652,1666800
2006-06-13,16.329999923706055,16.424999237060547,16.204999923706055,16.219999313354492,12.5491943359375,7052600
2006-06-14,16.229999542236328,16.315000534057617,16.204999923706055,16.295000076293945,12.607221603393555,2324800
2006-06-15,16.364999771118164,16.69499969482422,16.364999771118164,16.649999618530273,12.881879806518555,2283800
2006-06-16,16.594999313354492,16.655000686645508,16.530000686645508,16.575000762939453,12.851259231567383,670200
2006-06-19,16.670000076293945,16.670000076293945,16.454999923706055,16.485000610351562,12.781476020812988,1101000
2006-06-20,16.4950008392334,16.524999618530273,16.415000915527344,16.424999237060547,12.73495101928711,705200
2006-06-21,16.475000381469727,16.655000686645508,16.40999984741211,16.584999084472656,12.859007835388184,597600
2006-06-22,16.530000686645508,16.56999969482422,16.43000030517578,16.454999923706055,12.75821590423584,1137600
2006-06-23,16.424999237060547,16.540000915527344,16.375,16.440000534057617,12.74658203125,382600
2006-06-26,16.434999465942383,16.524999618530273,16.434999465942383,16.524999618530273,12.812483787536621,595200
2006-06-27,16.524999618530273,16.53499984741211,16.295000076293945,16.315000534057617,12.649670600891113,784200
2006-06-28,16.290000915527344,16.364999771118164,16.25,16.329999923706055,12.661297798156738,757800
2006-06-29,16.329999923706055,16.690000534057617,16.329999923706055,16.684999465942383,12.936544418334961,1267000
2006-06-30,16.739999771118164,16.75,16.670000076293945,16.69499969482422,12.944295883178711,1168600
2006-07-03,16.7549991607666,16.7549991607666,16.645000457763672,16.719999313354492,12.963678359985352,574400
2006-07-05,16.524999618530273,16.594999313354492,16.489999771118164,16.565000534057617,12.843504905700684,1193000
2006-07-06,16.559999465942383,16.639999389648438,16.524999618530273,16.575000762939453,12.851259231567383,612000
2006-07-07,16.46500015258789,16.649999618530273,16.415000915527344,16.450000762939453,12.754340171813965,635600
2006-07-10,16.479999542236328,16.565000534057617,16.420000076293945,16.469999313354492,12.769844055175781,557000
2006-07-11,16.469999313354492,16.469999313354492,16.290000915527344,16.454999923706055,12.75821590423584,861000
2006-07-12,16.479999542236328,16.479999542236328,16.174999237060547,16.19499969482422,12.556622505187988,1369200
2006-07-13,16.125,16.1299991607666,15.890000343322754,15.899999618530273,12.327899932861328,1182400
2006-07-14,15.854999542236328,15.854999542236328,15.635000228881836,15.694999694824219,12.16895866394043,3050800
2006-07-17,15.694999694824219,15.829999923706055,15.694999694824219,15.805000305175781,12.254243850708008,1093400
2006-07-18,15.779999732971191,15.78499984741211,15.5649995803833,15.710000038146973,12.180584907531738,2986400
2006-07-19,15.739999771118164,16.045000076293945,15.739999771118164,16.024999618530273,12.424817085266113,2757400
2006-07-20,15.970000267028809,16.020000457763672,15.800000190734863,15.8149995803833,12.261996269226074,1637600
2006-07-21,15.800000190734863,15.800000190734863,15.640000343322754,15.670000076293945,12.149568557739258,3437800
2006-07-24,15.744999885559082,16.03499984741211,15.744999885559082,16.010000228881836,12.413188934326172,2732800
2006-07-25,15.994999885559082,16.19499969482422,15.949999809265137,16.155000686645508,12.525609016418457,3181200
2006-07-26,16.079999923706055,16.100000381469727,15.960000038146973,15.970000267028809,12.382177352905273,4408000
2006-07-27,16.079999923706055,16.145000457763672,15.904999732971191,15.9350004196167,12.355037689208984,1529400
2006-07-28,16.0,16.155000686645508,16.0,16.1299991607666,12.506224632263184,5324800
2006-07-31,16.059999465942383,16.170000076293945,16.059999465942383,16.139999389648438,12.513980865478516,845000
2006-08-01,16.114999771118164,16.1299991607666,15.90999984741211,15.989999771118164,12.397679328918457,2523600
2006-08-02,16.03499984741211,16.149999618530273,16.020000457763672,16.1200008392334,12.498475074768066,1246800
2006-08-03,16.020000457763672,16.270000457763672,15.954999923706055,16.219999313354492,12.576005935668945,1043800
2006-08-04,16.40999984741211,16.5,16.155000686645508,16.225000381469727,12.57988452911377,4625600
2006-08-07,16.229999542236328,16.2450008392334,16.114999771118164,16.190000534057617,12.552752494812012,1541000
2006-08-08,16.2450008392334,16.2450008392334,15.984999656677246,16.024999618530273,12.424817085266113,3060600
2006-08-09,16.100000381469727,16.100000381469727,15.789999961853027,15.805000305175781,12.254243850708008,4976000
2006-08-10,15.824999809265137,16.03499984741211,15.779999732971191,16.020000457763672,12.420941352844238,5159600
2006-08-11,15.994999885559082,16.040000915527344,15.949999809265137,16.014999389648438,12.41706371307373,2764800
2006-08-14,16.170000076293945,16.21500015258789,16.040000915527344,16.059999465942383,12.451955795288086,3873800
2006-08-15,16.21500015258789,16.30500030517578,16.155000686645508,16.28499984741211,12.626407623291016,4862800
2006-08-16,16.290000915527344,16.469999313354492,16.274999618530273,16.450000762939453,12.754340171813965,5026200
2006-08-17,16.46500015258789,16.604999542236328,16.44499969482422,16.549999237060547,12.831870079040527,4186200
2006-08-18,16.604999542236328,16.604999542236328,16.43000030517578,16.545000076293945,12.827994346618652,7009600
2006-08-21,16.325000762939453,16.389999389648438,16.315000534057617,16.364999771118164,12.688431739807129,1106000
2006-08-22,16.315000534057617,16.405000686645508,16.295000076293945,16.350000381469727,12.676802635192871,831400
2006-08-23,16.295000076293945,16.354999542236328,16.155000686645508,16.204999923706055,12.56437873840332,2821600
2006-08-24,16.165000915527344,16.21500015258789,16.079999923706055,16.1200008392334,12.498475074768066,561200
2006-08-25,16.05500030517578,16.139999389648438,16.040000915527344,16.1200008392334,12.498475074768066,1276400
2006-08-28,16.110000610351562,16.34000015258789,16.110000610351562,16.280000686645508,12.62253189086914,5019400
2006-08-29,16.315000534057617,16.399999618530273,16.239999771118164,16.399999618530273,12.715569496154785,2389600
2006-08-30,16.360000610351562,16.43000030517578,16.334999084472656,16.40999984741211,12.723321914672852,1550200
2006-08-31,16.43000030517578,16.479999542236328,16.375,16.459999084472656,12.762091636657715,894000
2006-09-01,16.4950008392334,16.625,16.4950008392334,16.594999313354492,12.866762161254883,2298800
2006-09-05,16.594999313354492,16.655000686645508,16.584999084472656,16.645000457763672,12.905527114868164,1703600
2006-09-06,16.575000762939453,16.59000015258789,16.440000534057617,16.440000534057617,12.74658203125,2578800
2006-09-07,16.360000610351562,16.584999084472656,16.360000610351562,16.4950008392334,12.789226531982422,2309600
2006-09-08,16.459999084472656,16.645000457763672,16.450000762939453,16.645000457763672,12.905527114868164,706000
2006-09-11,16.645000457763672,16.815000534057617,16.579999923706055,16.774999618530273,13.00632381439209,1651200
2006-09-12,16.774999618530273,17.190000534057617,16.774999618530273,17.165000915527344,13.308701515197754,4548200
2006-09-13,17.184999465942383,17.264999389648438,17.1299991607666,17.235000610351562,13.362980842590332,4447200
2006-09-14,17.235000610351562,17.235000610351562,17.05500030517578,17.190000534057617,13.328092575073242,2214600
2006-09-15,17.235000610351562,17.280000686645508,17.139999389648438,17.229999542236328,13.384797096252441,5961000
2006-09-18,17.184999465942383,17.209999084472656,17.075000762939453,17.139999389648438,13.314885139465332,3872400
2006-09-19,17.149999618530273,17.174999237060547,17.05500030517578,17.174999237060547,13.342065811157227,3437400
2006-09-20,17.225000381469727,17.344999313354492,17.225000381469727,17.299999237060547,13.439173698425293,3207800
2006-09-21,17.364999771118164,17.385000228881836,17.149999618530273,17.204999923706055,13.365374565124512,5654200
2006-09-22,17.204999923706055,17.204999923706055,17.065000534057617,17.190000534057617,13.353728294372559,5794200
2006-09-25,17.229999542236328,17.514999389648438,17.184999465942383,17.454999923706055,13.559590339660645,4442000
2006-09-26,17.415000915527344,17.610000610351562,17.389999389648438,17.604999542236328,13.676108360290527,3895000
2006-09-27,17.549999237060547,17.704999923706055,17.540000915527344,17.575000762939453,13.652800559997559,6056000
2006-09-28,17.584999084472656,17.649999618530273,17.434999465942383,17.56999969482422,13.648916244506836,2887200
2006-09-29,17.610000610351562,17.6200008392334,17.46500015258789,17.475000381469727,13.575118064880371,2456400
2006-10-02,17.46500015258789,17.635000228881836,17.454999923706055,17.514999389648438,13.60619068145752,3643200
2006-10-03,17.53499984741211,17.71500015258789,17.485000610351562,17.665000915527344,13.722716331481934,4671200
2006-10-04,17.674999237060547,17.934999465942383,17.635000228881836,17.920000076293945,13.920806884765625,5966400
2006-10-05,17.885000228881836,18.0049991607666,17.7549991607666,17.969999313354492,13.959649085998535,3200600
2006-10-06,17.950000762939453,18.0049991607666,17.8700008392334,17.934999465942383,13.932467460632324,3194600
2006-10-09,17.954999923706055,18.104999542236328,17.8799991607666,18.059999465942383,14.029563903808594,2211000
2006-10-10,18.1200008392334,18.170000076293945,18.065000534057617,18.170000076293945,14.115012168884277,5808000
2006-10-11,18.100000381469727,18.170000076293945,18.024999618530273,18.125,14.080062866210938,914200
2006-10-12,18.2450008392334,18.389999389648438,18.21500015258789,18.364999771118164,14.266495704650879,3796800
2006-10-13,18.274999618530273,18.315000534057617,18.239999771118164,18.315000534057617,14.227665901184082,2385000
2006-10-16,18.2549991607666,18.334999084472656,18.239999771118164,18.299999237060547,14.216010093688965,1262800
2006-10-17,18.19499969482422,18.239999771118164,18.110000610351562,18.235000610351562,14.165515899658203,4380200
2006-10-18,18.3700008392334,18.3799991607666,18.19499969482422,18.25,14.177169799804688,5154400
2006-10-19,18.2549991607666,18.329999923706055,18.15999984741211,18.239999771118164,14.169394493103027,3883400
2006-10-20,18.295000076293945,18.295000076293945,18.155000686645508,18.21500015258789,14.149969100952148,5857600
2006-10-23,18.18000030517578,18.454999923706055,18.174999237060547,18.454999923706055,14.336410522460938,3074000
2006-10-24,18.405000686645508,18.524999618530273,18.375,18.524999618530273,14.390789031982422,2467400
2006-10-25,18.55500030517578,18.559999465942383,18.395000457763672,18.459999084472656,14.340300559997559,1450600
2006-10-26,18.545000076293945,18.725000381469727,18.520000457763672,18.71500015258789,14.5383939743042,2906400
2006-10-27,18.665000915527344,18.665000915527344,18.5,18.530000686645508,14.394680976867676,4738400
2006-10-30,18.524999618530273,18.670000076293945,18.479999542236328,18.645000457763672,14.484013557434082,2921200
2006-10-31,18.704999923706055,18.735000610351562,18.540000915527344,18.604999542236328,14.4529447555542,1755000
2006-11-01,18.635000228881836,18.639999389648438,18.440000534057617,18.459999084472656,14.340300559997559,4317600
2006-11-02,18.350000381469727,18.459999084472656,18.295000076293945,18.440000534057617,14.324769020080566,3902800
2006-11-03,18.46500015258789,18.5,18.21500015258789,18.299999237060547,14.216010093688965,8386200
2006-11-06,18.40999984741211,18.565000534057617,18.315000534057617,18.524999618530273,14.390789031982422,3559600
2006-11-07,18.524999618530273,18.635000228881836,18.479999542236328,18.575000762939453,14.429637908935547,4232800
2006-11-08,18.549999237060547,18.690000534057617,18.485000610351562,18.665000915527344,14.499551773071289,1692200
2006-11-09,18.69499969482422,18.69499969482422,18.56999969482422,18.604999542236328,14.4529447555542,2199600
2006-11-10,18.594999313354492,18.665000915527344,18.53499984741211,18.665000915527344,14.499551773071289,1572200
2006-11-13,18.625,18.790000915527344,18.625,18.690000534057617,14.518975257873535,3735000
2006-11-14,18.7450008392334,18.905000686645508,18.604999542236328,18.895000457763672,14.678221702575684,3204600
2006-11-15,18.940000534057617,19.024999618530273,18.895000457763672,18.96500015258789,14.732598304748535,1675600
2006-11-16,19.014999389648438,19.114999771118164,18.969999313354492,19.09000015258789,14.829699516296387,1965400
2006-11-17,19.030000686645508,19.05500030517578,18.94499969482422,19.05500030517578,14.802515983581543,9265800
2006-11-20,19.040000915527344,19.075000762939453,18.975000381469727,18.979999542236328,14.744256019592285,10451800
2006-11-21,18.975000381469727,19.045000076293945,18.96500015258789,19.03499984741211,14.786977767944336,1922600
2006-11-22,19.024999618530273,19.104999542236328,18.979999542236328,19.075000762939453,14.818048477172852,3699400
2006-11-24,19.045000076293945,19.049999237060547,18.924999237060547,18.975000381469727,14.740370750427246,789600
2006-11-27,18.954999923706055,18.975000381469727,18.684999465942383,18.700000762939453,14.52673053741455,2921200
2006-11-28,18.625,18.704999923706055,18.56999969482422,18.690000534057617,14.518975257873535,3602200
2006-11-29,18.815000534057617,18.8700008392334,18.75,18.81999969482422,14.619954109191895,1983200
2006-11-30,18.809999465942383,18.905000686645508,18.68000030517578,18.84000015258789,14.635496139526367,2804800
2006-12-01,18.81999969482422,18.96500015258789,18.674999237060547,18.815000534057617,14.616070747375488,2886800
2006-12-04,18.864999771118164,19.075000762939453,18.80500030517578,19.014999389648438,14.771434783935547,3589000
2006-12-05,18.9950008392334,19.19499969482422,18.9950008392334,19.174999237060547,14.895734786987305,3834000
2006-12-06,19.149999618530273,19.209999084472656,19.139999389648438,19.15999984741211,14.88408374786377,1986600
2006-12-07,19.170000076293945,19.225000381469727,19.05500030517578,19.06999969482422,14.814169883728027,1197000
2006-12-08,19.100000381469727,19.18000030517578,19.020000457763672,19.110000610351562,14.845234870910645,667800
2006-12-11,19.104999542236328,19.200000762939453,19.065000534057617,19.18000030517578,14.899620056152344,1249000
2006-12-12,19.139999389648438,19.145000457763672,19.030000686645508,19.075000762939453,14.818048477172852,2017200
2006-12-13,19.149999618530273,19.209999084472656,19.100000381469727,19.174999237060547,14.895734786987305,3448400
2006-12-14,19.200000762939453,19.385000228881836,19.149999618530273,19.375,15.051100730895996,1317800
2006-12-15,19.309999465942383,19.389999389648438,19.209999084472656,19.225000381469727,14.987955093383789,1936400
2006-12-18,19.225000381469727,19.28499984741211,19.174999237060547,19.209999084472656,14.976258277893066,3305600
2006-12-19,19.1200008392334,19.2450008392334,19.059999465942383,19.219999313354492,14.984054565429688,2136600
2006-12-20,19.190000534057617,19.299999237060547,19.190000534057617,19.21500015258789,14.980159759521484,3561200
2006-12-21,19.2549991607666,19.290000915527344,19.1200008392334,19.1299991607666,14.913891792297363,5625000
2006-12-22,19.110000610351562,19.174999237060547,19.065000534057617,19.114999771118164,14.90219783782959,1196000
2006-12-26,19.100000381469727,19.184999465942383,19.049999237060547,19.174999237060547,14.948972702026367,990000
2006-12-27,19.225000381469727,19.30500030517578,19.200000762939453,19.299999237060547,15.046422958374023,612600
2006-12-28,19.30500030517578,19.329999923706055,19.25,19.280000686645508,15.03083324432373,391000
2006-12-29,19.2549991607666,19.34000015258789,19.170000076293945,19.18000030517578,14.952872276306152,1328600
2007-01-03,19.28499984741211,19.415000915527344,19.1200008392334,19.260000228881836,15.015241622924805,4006400
2007-01-04,19.229999542236328,19.315000534057617,19.149999618530273,19.2549991607666,15.011337280273438,2673200
2007-01-05,19.200000762939453,19.25,19.100000381469727,19.125,14.909995079040527,2029800
2007-01-08,19.125,19.18000030517578,19.014999389648438,19.155000686645508,14.933382034301758,6240200
2007-01-09,19.2549991607666,19.280000686645508,19.145000457763672,19.260000228881836,15.015241622924805,2286600
2007-01-10,19.209999084472656,19.3700008392334,19.155000686645508,19.360000610351562,15.093204498291016,2033000
2007-01-11,19.350000381469727,19.584999084472656,19.334999084472656,19.575000762939453,15.260815620422363,1412800
2007-01-12,19.579999923706055,19.635000228881836,19.510000228881836,19.6299991607666,15.303693771362305,1654800
2007-01-16,19.594999313354492,19.71500015258789,19.594999313354492,19.700000762939453,15.358269691467285,1778600
2007-01-17,19.690000534057617,19.764999389648438,19.684999465942383,19.700000762939453,15.358269691467285,1676400
2007-01-18,19.7450008392334,19.84000015258789,19.729999542236328,19.809999465942383,15.444019317626953,2024600
2007-01-19,19.770000457763672,19.860000610351562,19.75,19.80500030517578,15.440123558044434,1963000
2007-01-22,19.84000015258789,19.844999313354492,19.655000686645508,19.68000030517578,15.342674255371094,4308000
2007-01-23,19.729999542236328,19.84000015258789,19.690000534057617,19.75,15.397244453430176,3004400
2007-01-24,19.790000915527344,19.825000762939453,19.729999542236328,19.825000762939453,15.455720901489258,1950600
2007-01-25,19.78499984741211,19.78499984741211,19.485000610351562,19.510000228881836,15.210149765014648,1849800
2007-01-26,19.530000686645508,19.559999465942383,19.360000610351562,19.415000915527344,15.136077880859375,2090800
2007-01-29,19.424999237060547,19.549999237060547,19.405000686645508,19.46500015258789,15.175060272216797,3368000
2007-01-30,19.489999771118164,19.540000915527344,19.450000762939453,19.520000457763672,15.217944145202637,2538400
2007-01-31,19.475000381469727,19.764999389648438,19.475000381469727,19.729999542236328,15.38165283203125,2298200
2007-02-01,19.735000610351562,19.815000534057617,19.709999084472656,19.799999237060547,15.436226844787598,2376600
2007-02-02,19.81999969482422,19.8700008392334,19.790000915527344,19.854999542236328,15.479104995727539,1215400
2007-02-05,19.825000762939453,19.829999923706055,19.729999542236328,19.790000915527344,15.42843246459961,1529600
2007-02-06,19.790000915527344,19.860000610351562,19.75,19.860000610351562,15.483000755310059,2747800
2007-02-07,19.8799991607666,19.979999542236328,19.84000015258789,19.954999923706055,15.557058334350586,1846000
2007-02-08,19.924999237060547,19.924999237060547,19.844999313354492,19.915000915527344,15.525879859924316,1925000
2007-02-09,19.934999465942383,19.9950008392334,19.635000228881836,19.729999542236328,15.38165283203125,2254400
2007-02-12,19.75,19.770000457763672,19.594999313354492,19.635000228881836,15.307585716247559,1739400
2007-02-13,19.68000030517578,19.809999465942383,19.655000686645508,19.80500030517578,15.440123558044434,1874000
2007-02-14,19.825000762939453,19.934999465942383,19.790000915527344,19.90999984741211,15.521981239318848,1983200
2007-02-15,19.905000686645508,19.975000381469727,19.834999084472656,19.975000381469727,15.572661399841309,2834400
2007-02-16,19.8700008392334,19.950000762939453,19.834999084472656,19.950000762939453,15.553163528442383,1662200
2007-02-20,19.915000915527344,20.104999542236328,19.875,20.094999313354492,15.666218757629395,1840200
2007-02-21,20.0,20.059999465942383,19.985000610351562,20.014999389648438,15.60383415222168,4133200
2007-02-22,20.040000915527344,20.059999465942383,19.885000228881836,19.969999313354492,15.568761825561523,2336800
2007-02-23,19.9950008392334,20.010000228881836,19.850000381469727,19.924999237060547,15.533672332763672,1592400
2007-02-26,19.924999237060547,19.940000534057617,19.690000534057617,19.7549991607666,15.401142120361328,1819200
2007-02-27,19.540000915527344,19.545000076293945,18.84000015258789,19.075000762939453,14.87100887298584,7062400
2007-02-28,19.645000457763672,19.645000457763672,18.940000534057617,19.139999389648438,14.921688079833984,10877600
2007-03-01,19.1200008392334,19.135000228881836,18.670000076293945,19.030000686645508,14.835935592651367,5320800
2007-03-02,18.959999084472656,19.065000534057617,18.875,18.889999389648438,14.726781845092773,3838600
2007-03-05,18.65999984741211,18.875,18.614999771118164,18.639999389648438,14.531880378723145,6012400
2007-03-06,18.80500030517578,19.0049991607666,18.719999313354492,18.959999084472656,14.781349182128906,2622400
2007-03-07,18.850000381469727,19.030000686645508,18.850000381469727,18.940000534057617,14.765763282775879,2607800
2007-03-08,18.969999313354492,19.219999313354492,18.959999084472656,19.09000015258789,14.882701873779297,1670200
2007-03-09,19.209999084472656,19.235000610351562,19.024999618530273,19.1299991607666,14.913891792297363,2513600
2007-03-12,19.094999313354492,19.15999984741211,19.05500030517578,19.104999542236328,14.894402503967285,818400
2007-03-13,18.9950008392334,19.03499984741211,18.709999084472656,18.7549991607666,14.621538162231445,1717800
2007-03-14,18.684999465942383,18.78499984741211,18.43000030517578,18.719999313354492,14.594249725341797,5315600
2007-03-15,18.7450008392334,18.850000381469727,18.729999542236328,18.760000228881836,14.625433921813965,1924400
2007-03-16,18.790000915527344,18.825000762939453,18.65999984741211,18.65999984741211,14.573893547058105,1925200
2007-03-19,18.834999084472656,18.934999465942383,18.799999237060547,18.934999465942383,14.788665771484375,2368000
2007-03-20,18.905000686645508,19.075000762939453,18.889999389648438,19.075000762939453,14.898011207580566,2645600
2007-03-21,19.06999969482422,19.399999618530273,19.010000228881836,19.375,15.132320404052734,3908400
2007-03-22,19.405000686645508,19.405000686645508,19.235000610351562,19.31999969482422,15.089359283447266,4584400
2007-03-23,19.2450008392334,19.385000228881836,19.2450008392334,19.329999923706055,15.097169876098633,2148400
2007-03-26,19.28499984741211,19.329999923706055,19.1200008392334,19.235000610351562,15.022966384887695,2417800
2007-03-27,19.15999984741211,19.174999237060547,19.06999969482422,19.114999771118164,14.929247856140137,3325800
2007-03-28,18.969999313354492,19.020000457763672,18.854999542236328,18.899999618530273,14.761335372924805,3322200
2007-03-29,19.059999465942383,19.059999465942383,18.84000015258789,18.96500015258789,14.812102317810059,6632600
2007-03-30,18.989999771118164,19.094999313354492,18.850000381469727,19.014999389648438,14.85114574432373,2737800
2007-04-02,19.045000076293945,19.094999313354492,18.954999923706055,19.079999923706055,14.9019193649292,2684800
2007-04-03,19.200000762939453,19.3799991607666,19.18000030517578,19.325000762939453,15.093269348144531,2689200
2007-04-04,19.299999237060547,19.329999923706055,19.25,19.270000457763672,15.050308227539062,3012800
2007-04-05,19.2549991607666,19.424999237060547,19.2549991607666,19.424999237060547,15.171369552612305,1554400
2007-04-09,19.46500015258789,19.46500015258789,19.364999771118164,19.40999984741211,15.15965747833252,1425400
2007-04-10,19.399999618530273,19.46500015258789,19.389999389648438,19.450000762939453,15.190887451171875,2728600
2007-04-11,19.424999237060547,19.46500015258789,19.280000686645508,19.299999237060547,15.073742866516113,1813600
2007-04-12,19.290000915527344,19.44499969482422,19.165000915527344,19.434999465942383,15.179176330566406,2247800
2007-04-13,19.454999923706055,19.469999313354492,19.329999923706055,19.450000762939453,15.190887451171875,2622000
2007-04-16,19.5,19.65999984741211,19.5,19.645000457763672,15.34318733215332,3262800
2007-04-17,19.6200008392334,19.725000381469727,19.6200008392334,19.725000381469727,15.405672073364258,1303000
2007-04-18,19.639999389648438,19.719999313354492,19.56999969482422,19.709999084472656,15.393963813781738,1650600
2007-04-19,19.540000915527344,19.625,19.510000228881836,19.55500030517578,15.272899627685547,3858400
2007-04-20,19.729999542236328,19.81999969482422,19.649999618530273,19.78499984741211,15.452532768249512,1360200
2007-04-23,19.780000686645508,19.799999237060547,19.690000534057617,19.7450008392334,15.421296119689941,1581000
2007-04-24,19.71500015258789,19.71500015258789,19.53499984741211,19.674999237060547,15.366622924804688,3504800
2007-04-25,19.774999618530273,19.889999389648438,19.704999923706055,19.875,15.5228271484375,6752400
2007-04-26,19.915000915527344,19.920000076293945,19.774999618530273,19.844999313354492,15.499395370483398,3765200
2007-04-27,19.815000534057617,19.815000534057617,19.68000030517578,19.71500015258789,15.397865295410156,5667200
2007-04-30,19.7450008392334,19.7450008392334,19.46500015258789,19.46500015258789,15.202611923217773,3276600
2007-05-01,19.440000534057617,19.549999237060547,18.915000915527344,19.520000457763672,15.245573997497559,5701400
2007-05-02,19.604999542236328,19.78499984741211,19.600000381469727,19.7450008392334,15.421296119689941,6979200
2007-05-03,19.725000381469727,19.774999618530273,19.649999618530273,19.704999923706055,15.390050888061523,4579800
2007-05-04,19.7549991607666,19.834999084472656,19.649999618530273,19.75,15.425198554992676,2310000
2007-05-07,19.725000381469727,19.78499984741211,19.709999084472656,19.75,15.425198554992676,1999000
2007-05-08,19.649999618530273,19.709999084472656,19.614999771118164,19.665000915527344,15.358810424804688,2136000
2007-05-09,19.600000381469727,19.799999237060547,19.600000381469727,19.78499984741211,15.452532768249512,4621400
2007-05-10,19.65999984741211,19.760000228881836,19.5049991607666,19.56999969482422,15.284621238708496,3558400
2007-05-11,19.6200008392334,19.649999618530273,19.545000076293945,19.649999618530273,15.347094535827637,2690800
2007-05-14,19.665000915527344,19.7450008392334,19.56999969482422,19.649999618530273,15.347094535827637,1813800
2007-05-15,19.600000381469727,19.760000228881836,19.520000457763672,19.579999923706055,15.292426109313965,6546200
2007-05-16,19.635000228881836,19.674999237060547,19.514999389648438,19.649999618530273,15.347094535827637,1969400
2007-05-17,19.610000610351562,19.725000381469727,19.610000610351562,19.68000030517578,15.37053394317627,2336200
2007-05-18,19.764999389648438,20.024999618530273,19.65999984741211,19.860000610351562,15.511114120483398,3790800
2007-05-21,19.90999984741211,20.0,19.864999771118164,19.934999465942383,15.569698333740234,6525200
2007-05-22,19.969999313354492,19.979999542236328,19.875,19.915000915527344,15.554070472717285,2270200
2007-05-23,20.040000915527344,20.114999771118164,19.915000915527344,19.924999237060547,15.561873435974121,5535000
2007-05-24,19.950000762939453,20.059999465942383,19.75,19.764999389648438,15.436919212341309,5078600
2007-05-25,19.78499984741211,19.864999771118164,19.774999618530273,19.834999084472656,15.491588592529297,3348600
2007-05-29,19.825000762939453,19.905000686645508,19.7450008392334,19.81999969482422,15.479875564575195,2917400
2007-05-30,19.729999542236328,20.0,19.690000534057617,20.0,15.620454788208008,3148000
2007-05-31,20.049999237060547,20.075000762939453,19.969999313354492,20.049999237060547,15.659502029418945,2658600
2007-06-01,20.1299991607666,20.19499969482422,20.084999084472656,20.165000915527344,15.749329566955566,3511000
2007-06-04,20.110000610351562,20.21500015258789,20.065000534057617,20.204999923706055,15.780569076538086,2728200
2007-06-05,20.110000610351562,20.135000228881836,19.979999542236328,20.084999084472656,15.686841011047363,3901400
2007-06-06,19.954999923706055,19.969999313354492,19.829999923706055,19.829999923706055,15.487682342529297,5718800
2007-06-07,19.825000762939453,19.834999084472656,19.459999084472656,19.459999084472656,15.19870662689209,7069600
2007-06-08,19.459999084472656,19.709999084472656,19.440000534057617,19.709999084472656,15.393963813781738,3879600
2007-06-11,19.610000610351562,19.71500015258789,19.579999923706055,19.645000457763672,15.34318733215332,2024400
2007-06-12,19.510000228881836,19.665000915527344,19.434999465942383,19.485000610351562,15.218233108520508,3262400
2007-06-13,19.559999465942383,19.709999084472656,19.489999771118164,19.709999084472656,15.393963813781738,2794200
2007-06-14,19.684999465942383,19.860000610351562,19.684999465942383,19.850000381469727,15.503304481506348,1898800
2007-06-15,19.96500015258789,20.0,19.8799991607666,19.915000915527344,15.581539154052734,5280400
2007-06-18,19.915000915527344,19.93000030517578,19.81999969482422,19.829999923706055,15.51503849029541,1575200
2007-06-19,19.80500030517578,19.905000686645508,19.729999542236328,19.895000457763672,15.565900802612305,6225200
2007-06-20,20.0,20.065000534057617,19.815000534057617,19.860000610351562,15.538512229919434,5319000
2007-06-21,19.795000076293945,19.8799991607666,19.625,19.825000762939453,15.511127471923828,5831400
2007-06-22,19.7549991607666,19.78499984741211,19.6200008392334,19.69499969482422,15.409409523010254,4572400
2007-06-25,19.690000534057617,19.790000915527344,19.540000915527344,19.614999771118164,15.346818923950195,3643400
2007-06-26,19.674999237060547,19.69499969482422,19.479999542236328,19.479999542236328,15.241192817687988,19500200
2007-06-27,19.459999084472656,19.71500015258789,19.395000457763672,19.68000030517578,15.397677421569824,3743400
2007-06-28,19.690000534057617,19.799999237060547,19.639999389648438,19.639999389648438,15.366386413574219,6325600
2007-06-29,19.700000762939453,19.834999084472656,19.549999237060547,19.665000915527344,15.385941505432129,3892400
2007-07-02,19.700000762939453,19.905000686645508,19.5049991607666,19.770000457763672,15.468091011047363,2482800
2007-07-03,19.80500030517578,19.844999313354492,19.725000381469727,19.799999237060547,15.491567611694336,3641600
2007-07-05,19.850000381469727,19.940000534057617,19.700000762939453,19.905000686645508,15.573718070983887,6692600
2007-07-06,19.875,20.350000381469727,19.510000228881836,20.084999084472656,15.714554786682129,4295400
2007-07-09,20.079999923706055,20.094999313354492,19.96500015258789,20.010000228881836,15.655869483947754,2917200
2007-07-10,19.875,19.889999389648438,19.59000015258789,19.655000686645508,15.378117561340332,9010800
2007-07-11,19.559999465942383,19.774999618530273,18.764999389648438,19.770000457763672,15.468091011047363,5010000
2007-07-12,19.809999465942383,19.975000381469727,19.770000457763672,19.924999237060547,15.589365005493164,3846000
2007-07-13,19.940000534057617,20.065000534057617,19.920000076293945,20.024999618530273,15.667600631713867,3988600
2007-07-16,20.020000457763672,20.045000076293945,19.899999618530273,19.94499969482422,15.605029106140137,2074800
2007-07-17,19.975000381469727,19.989999771118164,19.924999237060547,19.96500015258789,15.620672225952148,3545600
2007-07-18,19.90999984741211,19.979999542236328,19.774999618530273,19.940000534057617,15.601103782653809,3318200
2007-07-19,19.96500015258789,20.040000915527344,19.940000534057617,19.985000610351562,15.636314392089844,2653400
2007-07-20,19.93000030517578,19.989999771118164,19.709999084472656,19.729999542236328,15.436797142028809,7011000
2007-07-23,19.940000534057617,19.940000534057617,19.729999542236328,19.760000228881836,15.460268020629883,3347000
2007-07-24,19.655000686645508,19.799999237060547,19.364999771118164,19.450000762939453,15.217734336853027,9405200
2007-07-25,19.625,19.625,19.280000686645508,19.385000228881836,15.16686725616455,9219200
2007-07-26,19.114999771118164,19.155000686645508,18.610000610351562,18.815000534057617,14.720900535583496,13686800
2007-07-27,18.780000686645508,18.895000457763672,18.520000457763672,18.520000457763672,14.490095138549805,11721200
2007-07-30,18.56999969482422,18.825000762939453,18.469999313354492,18.78499984741211,14.69743537902832,7006800
2007-07-31,18.93000030517578,19.045000076293945,18.489999771118164,18.5,14.474440574645996,6688400
2007-08-01,18.5049991607666,18.55500030517578,18.209999084472656,18.524999618530273,14.494002342224121,10044400
2007-08-02,18.625,18.760000228881836,18.510000228881836,18.760000228881836,14.677865982055664,10718400
2007-08-03,18.68000030517578,18.709999084472656,18.15999984741211,18.184999465942383,14.227986335754395,9537400
2007-08-06,18.2450008392334,18.479999542236328,18.075000762939453,18.475000381469727,14.454878807067871,9800800
2007-08-07,18.385000228881836,18.690000534057617,18.290000915527344,18.579999923706055,14.53703784942627,9487800
2007-08-08,18.674999237060547,18.854999542236328,18.520000457763672,18.790000915527344,14.701340675354004,12134600
2007-08-09,18.454999923706055,18.614999771118164,18.260000228881836,18.260000228881836,14.286666870117188,7957600
2007-08-10,18.065000534057617,18.354999542236328,17.889999389648438,18.18000030517578,14.224080085754395,11018400
2007-08-13,18.350000381469727,18.600000381469727,18.280000686645508,18.280000686645508,14.302326202392578,9877800
2007-08-14,18.25,18.25,17.799999237060547,17.815000534057617,13.938498497009277,9503200
2007-08-15,17.735000610351562,17.989999771118164,17.53499984741211,17.625,13.789847373962402,9235000
2007-08-16,17.3799991607666,17.674999237060547,17.1200008392334,17.649999618530273,13.809405326843262,14444600
2007-08-17,18.059999465942383,18.405000686645508,17.625,17.774999618530273,13.907196998596191,11844400
2007-08-20,17.934999465942383,18.010000228881836,17.780000686645508,17.8700008392334,13.981528282165527,11854400
2007-08-21,17.8700008392334,18.075000762939453,17.825000762939453,17.989999771118164,14.075418472290039,5679200
2007-08-22,18.190000534057617,18.290000915527344,18.100000381469727,18.229999542236328,14.263198852539062,8271000
2007-08-23,18.354999542236328,18.399999618530273,18.139999389648438,18.15999984741211,14.208426475524902,3795200
2007-08-24,18.229999542236328,18.524999618530273,18.21500015258789,18.524999618530273,14.494002342224121,5526400
2007-08-27,18.43000030517578,18.46500015258789,18.260000228881836,18.270000457763672,14.294492721557617,3659600
2007-08-28,18.21500015258789,18.2450008392334,17.829999923706055,17.829999923706055,13.950230598449707,5259800
2007-08-29,17.950000762939453,18.399999618530273,17.90999984741211,18.389999389648438,14.388382911682129,3746000
2007-08-30,18.184999465942383,18.389999389648438,18.149999618530273,18.315000534057617,14.32970142364502,3459000
2007-08-31,18.469999313354492,18.670000076293945,18.385000228881836,18.614999771118164,14.564423561096191,6452600
2007-09-04,18.514999389648438,18.649999618530273,18.454999923706055,18.639999389648438,14.583980560302734,6038600
2007-09-05,18.389999389648438,18.44499969482422,18.264999389648438,18.344999313354492,14.353174209594727,8725800
2007-09-06,18.40999984741211,18.46500015258789,18.270000457763672,18.389999389648438,14.388382911682129,3451200
2007-09-07,18.110000610351562,18.1200008392334,17.934999465942383,17.950000762939453,14.044124603271484,17765200
2007-09-10,18.045000076293945,18.079999923706055,17.770000457763672,17.854999542236328,13.969792366027832,11944000
2007-09-11,17.93000030517578,18.1200008392334,17.924999237060547,18.05500030517578,14.126269340515137,6486000
2007-09-12,18.03499984741211,18.155000686645508,18.024999618530273,18.065000534057617,14.134099006652832,2349800
2007-09-13,18.225000381469727,18.420000076293945,18.135000228881836,18.315000534057617,14.32970142364502,5622200
2007-09-14,18.219999313354492,18.434999465942383,18.1200008392334,18.434999465942383,14.423590660095215,7986600
2007-09-17,18.2549991607666,18.315000534057617,18.190000534057617,18.209999084472656,14.24754524230957,3090600
2007-09-18,18.350000381469727,18.920000076293945,18.295000076293945,18.920000076293945,14.803050994873047,8894800
2007-09-19,19.010000228881836,19.545000076293945,18.844999313354492,18.954999923706055,14.83044147491455,10952800
2007-09-20,18.905000686645508,18.905000686645508,18.579999923706055,18.579999923706055,14.53703784942627,5940400
2007-09-21,18.75,18.75,18.530000686645508,18.549999237060547,14.542134284973145,4722000
2007-09-24,18.59000015258789,18.6299991607666,18.395000457763672,18.395000457763672,14.420619010925293,5671600
2007-09-25,18.25,18.25,18.045000076293945,18.155000686645508,14.232474327087402,16770200
2007-09-26,18.28499984741211,18.844999313354492,18.155000686645508,18.415000915527344,14.436304092407227,13297600
2007-09-27,18.43000030517578,18.43000030517578,18.325000762939453,18.325000762939453,14.365743637084961,6220600
2007-09-28,18.354999542236328,18.415000915527344,18.28499984741211,18.415000915527344,14.436304092407227,4967000
2007-10-01,18.424999237060547,18.655000686645508,18.424999237060547,18.655000686645508,14.624452590942383,6250400
2007-10-02,18.639999389648438,18.719999313354492,18.6200008392334,18.649999618530273,14.620523452758789,9103600
2007-10-03,18.614999771118164,18.84000015258789,18.600000381469727,18.7549991607666,14.702836990356445,15047200
2007-10-04,18.78499984741211,18.78499984741211,18.639999389648438,18.65999984741211,14.628363609313965,8029200
2007-10-05,18.78499984741211,19.075000762939453,18.774999618530273,19.075000762939453,14.953704833984375,11743000
2007-10-08,18.979999542236328,18.979999542236328,18.860000610351562,18.950000762939453,14.855713844299316,5501800
2007-10-09,18.934999465942383,18.985000610351562,18.80500030517578,18.979999542236328,14.87922477722168,7098600
2007-10-10,18.950000762939453,18.989999771118164,18.864999771118164,18.899999618530273,14.816513061523438,4303600
2007-10-11,18.954999923706055,19.125,18.770000457763672,18.815000534057617,14.749876022338867,10834200
2007-10-12,18.875,18.989999771118164,18.825000762939453,18.90999984741211,14.824349403381348,6294400
2007-10-15,18.5,18.950000762939453,18.5,18.610000610351562,14.58916187286377,5893000
2007-10-16,18.600000381469727,18.665000915527344,18.510000228881836,18.549999237060547,14.542134284973145,6700200
2007-10-17,18.665000915527344,18.704999923706055,18.344999313354492,18.56999969482422,14.557814598083496,9819600
2007-10-18,18.389999389648438,18.5,18.2549991607666,18.399999618530273,14.424540519714355,9970200
2007-10-19,18.3799991607666,18.545000076293945,17.989999771118164,17.989999771118164,14.103126525878906,15145400
2007-10-22,17.905000686645508,18.219999313354492,17.610000610351562,18.149999618530273,14.228555679321289,6265000
2007-10-23,18.334999084472656,18.334999084472656,18.065000534057617,18.235000610351562,14.295195579528809,10475400
2007-10-24,18.149999618530273,18.2450008392334,17.90999984741211,18.174999237060547,14.248151779174805,12349600
2007-10-25,18.184999465942383,18.290000915527344,17.899999618530273,18.065000534057617,14.16192626953125,9025400
2007-10-26,18.15999984741211,18.274999618530273,18.010000228881836,18.274999618530273,14.326545715332031,7117600
2007-10-29,18.25,18.34000015258789,18.219999313354492,18.325000762939453,14.365743637084961,4356800
2007-10-30,18.260000228881836,18.344999313354492,18.2450008392334,18.270000457763672,14.32262897491455,3921400
2007-10-31,18.31999969482422,18.43000030517578,18.15999984741211,18.325000762939453,14.365743637084961,7409800
2007-11-01,18.225000381469727,18.2549991607666,17.860000610351562,17.860000610351562,14.001212120056152,7494000
2007-11-02,18.184999465942383,18.184999465942383,17.704999923706055,17.850000381469727,13.993375778198242,8737600
2007-11-05,17.739999771118164,17.809999465942383,17.55500030517578,17.610000610351562,13.805228233337402,7736400
2007-11-06,17.545000076293945,17.780000686645508,17.540000915527344,17.764999389648438,13.92673397064209,4781200
2007-11-07,17.540000915527344,17.725000381469727,17.375,17.399999618530273,13.640599250793457,10409000
2007-11-08,17.5,17.600000381469727,17.079999923706055,17.350000381469727,13.601404190063477,11425600
2007-11-09,16.90999984741211,17.209999084472656,16.90999984741211,16.954999923706055,13.291744232177734,9484800
2007-11-12,16.954999923706055,17.264999389648438,16.825000762939453,16.979999542236328,13.311342239379883,7027400
2007-11-13,17.30500030517578,17.475000381469727,17.084999084472656,17.450000762939453,13.679795265197754,6772000
2007-11-14,17.475000381469727,17.53499984741211,17.09000015258789,17.174999237060547,13.464211463928223,7855800
2007-11-15,17.024999618530273,17.204999923706055,16.940000534057617,17.010000228881836,13.334861755371094,5805800
2007-11-16,17.25,17.25,16.844999313354492,17.0049991607666,13.330941200256348,11178600
2007-11-19,16.844999313354492,16.96500015258789,16.584999084472656,16.6299991607666,13.03696346282959,10551600
2007-11-20,16.790000915527344,16.84000015258789,16.364999771118164,16.645000457763672,13.048722267150879,7092200
2007-11-21,16.420000076293945,16.649999618530273,16.350000381469727,16.485000610351562,12.923293113708496,7003400
2007-11-23,16.735000610351562,16.774999618530273,16.559999465942383,16.774999618530273,13.150634765625,3247200
2007-11-26,16.924999237060547,16.924999237060547,16.34000015258789,16.34000015258789,12.809621810913086,16893600
2007-11-27,16.315000534057617,16.665000915527344,16.315000534057617,16.600000381469727,13.013444900512695,7271200
2007-11-28,16.75,17.2450008392334,16.75,17.2450008392334,13.51909065246582,7939000
2007-11-29,17.040000915527344,17.299999237060547,16.959999084472656,17.075000762939453,13.385811805725098,6007000
2007-11-30,17.420000076293945,17.56999969482422,17.299999237060547,17.325000762939453,13.58181095123291,6983200
2007-12-03,17.434999465942383,17.454999923706055,17.235000610351562,17.235000610351562,13.511250495910645,4839800
2007-12-04,17.274999618530273,17.290000915527344,17.114999771118164,17.18000030517578,13.468130111694336,5976000
2007-12-05,17.274999618530273,17.295000076293945,17.065000534057617,17.155000686645508,13.448531150817871,7529600
2007-12-06,17.2549991607666,17.405000686645508,17.049999237060547,17.30500030517578,13.566122055053711,5234800
2007-12-07,17.3799991607666,17.5,17.375,17.450000762939453,13.679795265197754,8197800
2007-12-10,17.3700008392334,17.5049991607666,17.34000015258789,17.459999084472656,13.687629699707031,3517400
2007-12-11,17.459999084472656,17.55500030517578,16.899999618530273,16.899999618530273,13.248628616333008,8841600
2007-12-12,17.18000030517578,17.364999771118164,16.760000228881836,16.954999923706055,13.291744232177734,7165000
2007-12-13,16.735000610351562,16.985000610351562,16.709999084472656,16.844999313354492,13.205513954162598,6926200
2007-12-14,17.094999313354492,17.094999313354492,16.625,16.625,13.033042907714844,3812200
2007-12-17,16.645000457763672,16.68000030517578,16.469999313354492,16.469999313354492,12.911528587341309,5943400
2007-12-18,16.510000228881836,16.69499969482422,16.420000076293945,16.625,13.033042907714844,7779400
2007-12-19,16.53499984741211,16.645000457763672,16.420000076293945,16.475000381469727,12.91545581817627,6263400
2007-12-20,16.475000381469727,16.59000015258789,16.3700008392334,16.55500030517578,12.978170394897461,4704800
2007-12-21,16.545000076293945,16.645000457763672,16.469999313354492,16.469999313354492,13.003824234008789,10097600
2007-12-24,16.665000915527344,16.799999237060547,16.665000915527344,16.774999618530273,13.24463939666748,2404600
2007-12-26,16.614999771118164,16.725000381469727,16.594999313354492,16.719999313354492,13.201212882995605,3658800
2007-12-27,16.56999969482422,16.65999984741211,16.479999542236328,16.485000610351562,13.01567268371582,5326800
2007-12-28,16.645000457763672,16.645000457763672,16.40999984741211,16.40999984741211,12.956457138061523,1319400
2007-12-31,16.239999771118164,16.510000228881836,16.239999771118164,16.350000381469727,12.909079551696777,6411000
2008-01-02,16.4950008392334,16.4950008392334,16.05500030517578,16.100000381469727,12.71169376373291,7802000
2008-01-03,16.049999237060547,16.110000610351562,15.84000015258789,15.920000076293945,12.569575309753418,19174000
2008-01-04,15.789999961853027,15.789999961853027,15.364999771118164,15.420000076293945,12.17480182647705,11970200
2008-01-07,15.569999694824219,15.59000015258789,15.34000015258789,15.475000381469727,12.218226432800293,12243800
2008-01-08,15.515000343322754,15.654999732971191,15.145000457763672,15.175000190734863,11.981362342834473,8600400
2008-01-09,15.109999656677246,15.3149995803833,14.835000038146973,15.28499984741211,12.068215370178223,13422200
2008-01-10,15.194999694824219,15.640000343322754,15.145000457763672,15.5,12.237968444824219,12248800
2008-01-11,15.295000076293945,15.34000015258789,15.055000305175781,15.130000114440918,11.945839881896973,7922200
2008-01-14,15.140000343322754,15.289999961853027,15.069999694824219,15.274999618530273,12.060317039489746,6008600
2008-01-15,15.024999618530273,15.104999542236328,14.869999885559082,14.994999885559082,11.839241981506348,13000400
2008-01-16,14.819999694824219,15.295000076293945,14.819999694824219,15.079999923706055,11.906359672546387,13234200
2008-01-17,15.045000076293945,15.199999809265137,14.8100004196167,14.829999923706055,11.70897102355957,13784400
2008-01-18,15.03499984741211,15.175000190734863,14.71500015258789,14.760000228881836,11.653697967529297,12769600
2008-01-22,14.180000305175781,15.210000038146973,13.954999923706055,15.050000190734863,11.882670402526855,56795800
2008-01-23,14.699999809265137,15.649999618530273,14.699999809265137,15.600000381469727,12.31692123413086,24829800
2008-01-24,15.744999885559082,15.755000114440918,15.510000228881836,15.755000114440918,12.439305305480957,14407600
2008-01-25,15.895000457763672,15.895000457763672,15.329999923706055,15.430000305175781,12.182699203491211,13314000
2008-01-28,15.345000267028809,15.710000038146973,15.175000190734863,15.6850004196167,12.384034156799316,14947600
2008-01-29,15.75,15.789999961853027,15.510000228881836,15.734999656677246,12.42350959777832,9528800
2008-01-30,15.6850004196167,16.030000686645508,15.59000015258789,15.635000228881836,12.344557762145996,25846800
2008-01-31,15.4350004196167,16.325000762939453,15.329999923706055,16.290000915527344,12.86170768737793,15836000
2008-02-01,16.290000915527344,16.450000762939453,16.1200008392334,16.434999465942383,12.97619342803955,16413800
2008-02-04,16.44499969482422,16.44499969482422,16.049999237060547,16.200000762939453,12.790654182434082,12954600
2008-02-05,15.885000228881836,16.024999618530273,15.65999984741211,15.744999885559082,12.431402206420898,14008400
2008-02-06,15.845000267028809,15.975000381469727,15.510000228881836,15.574999809265137,12.297182083129883,9878200
2008-02-07,15.539999961853027,15.979999542236328,15.524999618530273,15.875,12.534045219421387,12868400
2008-02-08,15.835000038146973,15.895000457763672,15.600000381469727,15.78499984741211,12.46298885345459,10974000
2008-02-11,15.75,16.030000686645508,15.604999542236328,15.949999809265137,12.593262672424316,10401800
2008-02-12,16.0,16.209999084472656,15.890000343322754,15.979999542236328,12.616949081420898,8849800
2008-02-13,16.145000457763672,16.25,15.994999885559082,16.184999465942383,12.77880859375,14072600
2008-02-14,16.295000076293945,16.295000076293945,15.880000114440918,16.030000686645508,12.656428337097168,9939000
2008-02-15,15.854999542236328,16.125,15.789999961853027,16.114999771118164,12.723539352416992,8393800
2008-02-19,16.19499969482422,16.19499969482422,15.880000114440918,15.930000305175781,12.577472686767578,8150600
2008-02-20,15.8100004196167,16.149999618530273,15.765000343322754,16.149999618530273,12.75117301940918,21552400
2008-02-21,16.15999984741211,16.200000762939453,15.755000114440918,15.765000343322754,12.447198867797852,12025800
2008-02-22,15.859999656677246,16.110000610351562,15.640000343322754,16.110000610351562,12.719587326049805,8798000
2008-02-25,16.03499984741211,16.325000762939453,15.875,16.325000762939453,12.889345169067383,13377800
2008-02-26,16.15999984741211,16.56999969482422,16.15999984741211,16.485000610351562,13.01567268371582,13546400
2008-02-27,16.334999084472656,16.524999618530273,16.329999923706055,16.450000762939453,12.988028526306152,8892000
2008-02-28,16.28499984741211,16.31999969482422,16.010000228881836,16.059999465942383,12.680115699768066,13229000
2008-02-29,15.885000228881836,15.899999618530273,15.5,15.65999984741211,12.364296913146973,18260200
2008-03-03,15.595000267028809,15.670000076293945,15.414999961853027,15.625,12.336660385131836,9788400
2008-03-04,15.520000457763672,15.670000076293945,15.395000457763672,15.600000381469727,12.31692123413086,14968600
2008-03-05,15.59000015258789,15.850000381469727,15.484999656677246,15.604999542236328,12.320870399475098,10044000
2008-03-06,15.444999694824219,15.654999732971191,15.175000190734863,15.225000381469727,12.020845413208008,12937200
2008-03-07,15.015000343322754,15.329999923706055,14.96500015258789,15.079999923706055,11.906359672546387,15683000
2008-03-10,15.175000190734863,15.210000038146973,14.824999809265137,14.904999732971191,11.768184661865234,13975600
2008-03-11,15.3149995803833,15.3149995803833,14.920000076293945,15.3100004196167,12.087952613830566,14955000
2008-03-12,15.4399995803833,15.520000457763672,15.199999809265137,15.225000381469727,12.020845413208008,8217200
2008-03-13,14.984999656677246,15.350000381469727,14.84000015258789,15.239999771118164,12.032685279846191,18028600
2008-03-14,15.375,15.375,14.779999732971191,15.020000457763672,11.858983993530273,17843200
2008-03-17,14.654999732971191,14.920000076293945,14.555000305175781,14.819999694824219,11.701074600219727,17814200
2008-03-18,15.095000267028809,15.46500015258789,14.96500015258789,15.404999732971191,12.162959098815918,11204200
2008-03-19,15.640000343322754,15.640000343322754,15.199999809265137,15.199999809265137,12.001108169555664,15525600
2008-03-20,15.130000114440918,15.704999923706055,15.130000114440918,15.625,12.352910041809082,12701400
2008-03-24,15.824999809265137,16.190000534057617,15.739999771118164,16.145000457763672,12.764018058776855,20680800
2008-03-25,16.280000686645508,16.280000686645508,15.925000190734863,16.014999389648438,12.66124153137207,14962200
2008-03-26,15.944999694824219,15.970000267028809,15.680000305175781,15.71500015258789,12.424063682556152,15503800
2008-03-27,15.920000076293945,15.920000076293945,15.555000305175781,15.5649995803833,12.305473327636719,9488400
2008-03-28,15.550000190734863,15.550000190734863,15.164999961853027,15.265000343322754,12.068305015563965,8459600
2008-03-31,15.210000038146973,15.505000114440918,15.170000076293945,15.359999656677246,12.143407821655273,10381800
2008-04-01,15.569999694824219,16.100000381469727,15.569999694824219,16.049999237060547,12.688915252685547,19913000
2008-04-02,16.100000381469727,16.299999237060547,16.049999237060547,16.049999237060547,12.688915252685547,15010400
2008-04-03,16.05500030517578,16.125,15.875,16.100000381469727,12.728445053100586,12730000
2008-04-04,16.104999542236328,16.1299991607666,15.899999618530273,16.024999618530273,12.669149398803711,6474800
2008-04-07,16.09000015258789,16.1299991607666,15.9350004196167,15.96500015258789,12.62171459197998,6306800
2008-04-08,15.899999618530273,15.954999923706055,15.845000267028809,15.930000305175781,12.594045639038086,9169600
2008-04-09,15.920000076293945,15.9350004196167,15.539999961853027,15.579999923706055,12.317338943481445,13431800
2008-04-10,15.574999809265137,15.84000015258789,15.555000305175781,15.744999885559082,12.447782516479492,12851200
2008-04-11,15.619999885559082,15.645000457763672,15.380000114440918,15.454999923706055,12.218512535095215,7766400
2008-04-14,15.444999694824219,15.444999694824219,15.324999809265137,15.345000267028809,12.131551742553711,6600200
2008-04-15,15.404999732971191,15.420000076293945,15.244999885559082,15.324999809265137,12.115736961364746,5755200
2008-04-16,15.484999656677246,15.664999961853027,15.414999961853027,15.664999961853027,12.384537696838379,12742200
2008-04-17,15.609999656677246,15.744999885559082,15.555000305175781,15.734999656677246,12.439878463745117,8461400
2008-04-18,16.065000534057617,16.110000610351562,15.875,16.03499984741211,12.677054405212402,9719400
2008-04-21,15.960000038146973,16.040000915527344,15.864999771118164,16.03499984741211,12.677054405212402,6852200
2008-04-22,15.975000381469727,15.975000381469727,15.664999961853027,15.805000305175781,12.495221138000488,8309600
2008-04-23,15.8100004196167,15.9350004196167,15.680000305175781,15.800000190734863,12.491270065307617,5179000
2008-04-24,15.84000015258789,16.155000686645508,15.760000228881836,16.020000457763672,12.66519546508789,10415400
2008-04-25,16.114999771118164,16.204999923706055,15.90999984741211,16.18000030517578,12.791690826416016,11359400
2008-04-28,16.209999084472656,16.295000076293945,16.079999923706055,16.15999984741211,12.775872230529785,7565400
2008-04-29,16.184999465942383,16.309999465942383,16.135000228881836,16.290000915527344,12.878656387329102,6172800
2008-04-30,16.344999313354492,16.440000534057617,15.725000381469727,15.725000381469727,12.43197250366211,12424600
2008-05-01,16.114999771118164,16.774999618530273,16.059999465942383,16.6299991607666,13.147453308105469,13716600
2008-05-02,16.81999969482422,16.81999969482422,16.489999771118164,16.594999313354492,13.119781494140625,9153400
2008-05-05,16.4950008392334,16.53499984741211,16.350000381469727,16.40999984741211,12.973525047302246,12188800
2008-05-06,16.315000534057617,16.485000610351562,16.190000534057617,16.479999542236328,13.028864860534668,7715600
2008-05-07,16.520000457763672,16.6200008392334,16.170000076293945,16.170000076293945,12.783782958984375,9101200
2008-05-08,16.315000534057617,16.325000762939453,16.079999923706055,16.19499969482422,12.803546905517578,7423200
2008-05-09,16.100000381469727,16.225000381469727,15.96500015258789,16.100000381469727,12.728445053100586,6825200
2008-05-12,16.170000076293945,16.450000762939453,16.1200008392334,16.43000030517578,12.989334106445312,3754400
2008-05-13,16.469999313354492,16.540000915527344,16.364999771118164,16.489999771118164,13.036774635314941,4984800
2008-05-14,16.56999969482422,16.774999618530273,16.530000686645508,16.674999237060547,13.183030128479004,7376600
2008-05-15,16.584999084472656,16.860000610351562,16.510000228881836,16.834999084472656,13.30952262878418,10841200
2008-05-16,16.8799991607666,16.8799991607666,16.565000534057617,16.719999313354492,13.218605041503906,7138200
2008-05-19,16.674999237060547,16.850000381469727,16.600000381469727,16.725000381469727,13.222557067871094,7380200
2008-05-20,16.565000534057617,16.575000762939453,16.334999084472656,16.46500015258789,13.017003059387207,10777200
2008-05-21,16.454999923706055,16.454999923706055,16.014999389648438,16.114999771118164,12.740301132202148,11111800
2008-05-22,15.984999656677246,16.200000762939453,15.949999809265137,16.045000076293945,12.684959411621094,6266000
2008-05-23,16.065000534057617,16.075000762939453,15.800000190734863,15.850000381469727,12.530795097351074,7335200
2008-05-27,15.795000076293945,16.079999923706055,15.795000076293945,15.970000267028809,12.625663757324219,10312600
2008-05-28,16.045000076293945,16.31999969482422,15.96500015258789,15.970000267028809,12.625663757324219,6613200
2008-05-29,16.045000076293945,16.309999465942383,16.045000076293945,16.280000686645508,12.870746612548828,7481200
2008-05-30,16.325000762939453,16.354999542236328,16.084999084472656,16.155000686645508,12.771925926208496,5793800
2008-06-02,16.114999771118164,16.165000915527344,15.829999923706055,15.994999885559082,12.645430564880371,8423400
2008-06-03,16.075000762939453,16.09000015258789,15.845000267028809,16.014999389648438,12.66124153137207,8552200
2008-06-04,15.989999771118164,16.2450008392334,15.9399995803833,16.110000610351562,12.736351013183594,13189000
2008-06-05,16.145000457763672,16.31999969482422,16.104999542236328,16.31999969482422,12.902371406555176,7497200
2008-06-06,16.170000076293945,16.170000076293945,15.630000114440918,15.630000114440918,12.356866836547852,11326200
2008-06-09,15.675000190734863,15.850000381469727,15.510000228881836,15.619999885559082,12.348958969116211,11028800
2008-06-10,15.545000076293945,15.819999694824219,15.46500015258789,15.680000305175781,12.39639663696289,9938600
2008-06-11,15.649999618530273,15.664999961853027,15.350000381469727,15.350000381469727,12.135503768920898,12688800
2008-06-12,15.515000343322754,15.640000343322754,15.354999542236328,15.475000381469727,12.23432445526123,13871800
2008-06-13,15.574999809265137,16.094999313354492,15.569999694824219,15.859999656677246,12.538702964782715,5659000
2008-06-16,15.770000457763672,15.895000457763672,15.670000076293945,15.8100004196167,12.499175071716309,8566600
2008-06-17,15.954999923706055,15.954999923706055,15.614999771118164,15.649999618530273,12.372678756713867,12109200
2008-06-18,15.539999961853027,15.550000190734863,15.255000114440918,15.305000305175781,12.09992504119873,12854600
2008-06-19,15.289999961853027,15.545000076293945,15.260000228881836,15.5,12.254090309143066,7897800
2008-06-20,15.279999732971191,15.300000190734863,14.9399995803833,14.989999771118164,11.8938627243042,14874600
2008-06-23,15.130000114440918,15.130000114440918,14.710000038146973,14.729999542236328,11.6875638961792,9241400
2008-06-24,14.755000114440918,14.890000343322754,14.515000343322754,14.789999961853027,11.7351713180542,8440400
2008-06-25,14.890000343322754,15.135000228881836,14.734999656677246,14.899999618530273,11.822455406188965,13326800
2008-06-26,14.609999656677246,14.760000228881836,14.289999961853027,14.550000190734863,11.544745445251465,9166600
2008-06-27,14.140000343322754,14.46500015258789,14.140000343322754,14.305000305175781,11.350351333618164,19240400
2008-06-30,14.664999961853027,14.664999961853027,14.104999542236328,14.239999771118164,11.298771858215332,9689600
2008-07-01,13.994999885559082,14.375,13.835000038146973,14.0600004196167,11.155952453613281,16267400
2008-07-02,14.154999732971191,14.300000190734863,13.869999885559082,13.904999732971191,11.032959938049316,30600400
2008-07-03,13.979999542236328,14.300000190734863,13.795000076293945,14.024999618530273,11.128183364868164,6732200
2008-07-07,13.984999656677246,14.125,13.5600004196167,13.864999771118164,11.001228332519531,11353000
2008-07-08,13.770000457763672,14.225000381469727,13.770000457763672,14.225000381469727,11.286865234375,9641200
2008-07-09,14.210000038146973,14.21500015258789,13.75,13.925000190734863,11.048835754394531,12791800
2008-07-10,13.8149995803833,13.9399995803833,13.454999923706055,13.680000305175781,10.854440689086914,9893400
2008-07-11,13.375,13.625,13.154999732971191,13.395000457763672,10.628302574157715,15693600
2008-07-14,13.454999923706055,13.59000015258789,13.265000343322754,13.324999809265137,10.572762489318848,8851600
2008-07-15,13.145000457763672,13.569999694824219,12.96500015258789,13.324999809265137,10.572762489318848,13447800
2008-07-16,13.3100004196167,13.970000267028809,13.265000343322754,13.859999656677246,10.997258186340332,14434200
2008-07-17,14.0,14.345000267028809,13.744999885559082,13.925000190734863,11.048835754394531,20705000
2008-07-18,14.295000076293945,14.420000076293945,14.085000038146973,14.354999542236328,11.3900146484375,14092600
2008-07-21,14.350000381469727,14.364999771118164,14.024999618530273,14.100000381469727,11.187687873840332,11701400
2008-07-22,14.029999732971191,14.475000381469727,13.949999809265137,14.475000381469727,11.485233306884766,13249800
2008-07-23,14.404999732971191,14.925000190734863,14.335000038146973,14.755000114440918,11.7073974609375,18260800
2008-07-24,14.75,14.75,14.260000228881836,14.4399995803833,11.457466125488281,17806600
2008-07-25,14.390000343322754,14.505000114440918,14.154999732971191,14.21500015258789,11.278931617736816,18753600
2008-07-28,14.229999542236328,14.229999542236328,13.854999542236328,13.880000114440918,11.013134002685547,11773000
2008-07-29,13.925000190734863,14.375,13.890000343322754,14.375,11.405891418457031,22055800
2008-07-30,14.444999694824219,14.585000038146973,14.164999961853027,14.359999656677246,11.393987655639648,14055800
2008-07-31,14.199999809265137,14.505000114440918,14.199999809265137,14.265000343322754,11.318605422973633,14305000
2008-08-01,14.305000305175781,14.395000457763672,13.984999656677246,14.125,11.207524299621582,17110800
2008-08-04,14.220000267028809,14.34000015258789,14.0649995803833,14.229999542236328,11.290840148925781,12967600
2008-08-05,14.5600004196167,14.880000114440918,14.420000076293945,14.864999771118164,11.794682502746582,17261400
2008-08-06,15.0,15.0,14.555000305175781,14.789999961853027,11.7351713180542,10079600
2008-08-07,14.6899995803833,14.6899995803833,14.484999656677246,14.5,11.505070686340332,16179000
2008-08-08,14.569999694824219,15.305000305175781,14.520000457763672,15.1899995803833,12.052555084228516,28418400
2008-08-11,15.289999961853027,15.970000267028809,15.140000343322754,15.654999732971191,12.421507835388184,21508600
2008-08-12,15.614999771118164,15.640000343322754,15.354999542236328,15.449999809265137,12.258848190307617,15590600
2008-08-13,15.324999809265137,15.380000114440918,14.975000381469727,15.199999809265137,12.060491561889648,19453600
2008-08-14,15.020000457763672,15.640000343322754,15.005000114440918,15.430000305175781,12.242982864379883,12991200
2008-08-15,15.479999542236328,15.720000267028809,15.479999542236328,15.609999656677246,12.385805130004883,13711600
2008-08-18,15.744999885559082,15.744999885559082,15.274999618530273,15.345000267028809,12.17553997039795,15741600
2008-08-19,15.274999618530273,15.274999618530273,14.944999694824219,15.0600004196167,11.949405670166016,15302800
2008-08-20,15.0649995803833,15.135000228881836,14.819999694824219,14.875,11.802618026733398,10908800
2008-08-21,14.800000190734863,15.03499984741211,14.704999923706055,14.994999885559082,11.89783000946045,10650400
2008-08-22,15.069999694824219,15.345000267028809,15.024999618530273,15.345000267028809,12.17553997039795,7246800
2008-08-25,15.220000267028809,15.265000343322754,14.899999618530273,14.914999961853027,11.834357261657715,18006600
2008-08-26,14.930000305175781,15.055000305175781,14.8100004196167,15.029999732971191,11.925600051879883,8112400
2008-08-27,15.0,15.15999984741211,14.800000190734863,15.074999809265137,11.961309432983398,6467800
2008-08-28,15.15999984741211,15.430000305175781,15.079999923706055,15.425000190734863,12.23901653289795,7193200
2008-08-29,15.319999694824219,15.420000076293945,15.225000381469727,15.25,12.100160598754883,5950000
2008-09-02,15.574999809265137,15.895000457763672,15.4399995803833,15.550000190734863,12.338197708129883,18295400
2008-09-03,15.5600004196167,15.699999809265137,15.4399995803833,15.630000114440918,12.401671409606934,14276000
2008-09-04,15.529999732971191,15.529999732971191,15.104999542236328,15.109999656677246,11.9890775680542,15055200
2008-09-05,15.010000228881836,15.199999809265137,14.800000190734863,15.140000343322754,12.012880325317383,18273000
2008-09-08,15.585000038146973,15.824999809265137,15.430000305175781,15.824999809265137,12.556396484375,23433800
2008-09-09,15.875,15.975000381469727,15.375,15.524999618530273,12.318357467651367,20146800
2008-09-10,15.484999656677246,15.550000190734863,15.225000381469727,15.364999771118164,12.191407203674316,15866600
2008-09-11,15.25,15.619999885559082,15.125,15.600000381469727,12.37786865234375,21935000
2008-09-12,15.484999656677246,15.630000114440918,15.324999809265137,15.600000381469727,12.37786865234375,17377800
2008-09-15,14.899999618530273,15.515000343322754,14.899999618530273,15.074999809265137,11.961309432983398,22456600
2008-09-16,14.704999923706055,15.380000114440918,14.604999542236328,15.175000190734863,12.04065227508545,20741800
2008-09-17,14.984999656677246,15.015000343322754,14.4399995803833,14.574999809265137,11.564579010009766,19182800
2008-09-18,14.71500015258789,15.220000267028809,14.180000305175781,14.949999809265137,11.8621244430542,34417400
2008-09-19,16.454999923706055,17.25,15.100000381469727,15.100000381469727,12.02336597442627,19103600
2008-09-22,14.9350004196167,15.744999885559082,14.479999542236328,14.479999542236328,11.529690742492676,16214200
2008-09-23,14.430000305175781,14.699999809265137,14.210000038146973,14.274999618530273,11.36645793914795,13318800
2008-09-24,14.385000228881836,14.595000267028809,14.095000267028809,14.225000381469727,11.326647758483887,9308000
2008-09-25,14.395000457763672,14.585000038146973,14.149999618530273,14.479999542236328,11.529690742492676,12706600
2008-09-26,14.279999732971191,14.625,14.149999618530273,14.625,11.645145416259766,9166400
2008-09-29,14.574999809265137,14.574999809265137,13.395000457763672,13.649999618530273,10.868802070617676,21526800
2008-09-30,13.949999809265137,14.210000038146973,13.600000381469727,13.949999809265137,11.107682228088379,10450600
2008-10-01,14.425000190734863,14.425000190734863,13.739999771118164,13.949999809265137,11.107682228088379,18247200
2008-10-02,13.949999809265137,13.949999809265137,13.305000305175781,13.444999694824219,10.705570220947266,14759400
2008-10-03,13.630000114440918,13.670000076293945,12.954999923706055,12.975000381469727,10.331338882446289,15739000
2008-10-06,12.6850004196167,12.864999771118164,11.869999885559082,12.609999656677246,10.040702819824219,28086000
2008-10-07,12.824999809265137,12.824999809265137,11.635000228881836,11.800000190734863,9.39574146270752,18860400
2008-10-08,11.460000038146973,12.149999618530273,11.25,11.569999694824219,9.212600708007812,17973600
2008-10-09,11.744999885559082,11.795000076293945,10.760000228881836,10.835000038146973,8.627363204956055,17940000
2008-10-10,10.300000190734863,11.350000381469727,9.774999618530273,11.0649995803833,8.810501098632812,34014600
2008-10-13,11.649999618530273,11.704999923706055,10.9399995803833,11.5,9.156869888305664,13147200
2008-10-14,12.425000190734863,12.425000190734863,11.085000038146973,11.569999694824219,9.212600708007812,22481200
2008-10-15,11.369999885559082,11.369999885559082,10.225000381469727,10.225000381469727,8.141648292541504,16346000
2008-10-16,10.005000114440918,10.944999694824219,9.8149995803833,10.899999618530273,8.679115295410156,25807000
2008-10-17,10.850000381469727,11.130000114440918,10.25,11.119999885559082,8.854296684265137,19424200
2008-10-20,11.274999618530273,11.274999618530273,10.795000076293945,11.180000305175781,8.902069091796875,14062400
2008-10-21,11.114999771118164,11.28499984741211,10.75,11.055000305175781,8.802536964416504,10745800
2008-10-22,10.375,10.8149995803833,9.904999732971191,10.300000190734863,8.201369285583496,14148800
2008-10-23,10.734999656677246,10.734999656677246,9.555000305175781,10.300000190734863,8.201369285583496,19721000
2008-10-24,9.279999732971191,9.944999694824219,9.279999732971191,9.710000038146973,7.731584072113037,15734400
2008-10-27,9.430000305175781,9.920000076293945,9.260000228881836,9.5649995803833,7.616124629974365,12921400
2008-10-28,9.524999618530273,10.6850004196167,9.420000076293945,10.5,8.360614776611328,14785000
2008-10-29,10.744999885559082,11.255000114440918,10.404999732971191,10.71500015258789,8.531813621520996,22760800
2008-10-30,11.289999961853027,11.289999961853027,10.725000381469727,11.039999961853027,8.790592193603516,12635200
2008-10-31,10.890000343322754,11.5649995803833,10.53499984741211,11.489999771118164,9.148904800415039,11914400
2008-11-03,11.335000038146973,11.760000228881836,11.045000076293945,11.15999984741211,8.886141777038574,6656400
2008-11-04,11.449999809265137,11.699999809265137,11.220000267028809,11.600000381469727,9.236492156982422,13283200
2008-11-05,11.789999961853027,11.789999961853027,10.914999961853027,10.960000038146973,8.726892471313477,11916600
2008-11-06,11.449999809265137,11.449999809265137,10.279999732971191,10.380000114440918,8.265067100524902,16488000
2008-11-07,10.984999656677246,10.984999656677246,10.265000343322754,10.5600004196167,8.408390998840332,9203200
2008-11-10,10.90999984741211,10.90999984741211,10.125,10.3149995803833,8.213312149047852,9576800
2008-11-11,10.255000114440918,10.260000228881836,9.779999732971191,9.954999923706055,7.926665306091309,18536600
2008-11-12,9.90999984741211,9.90999984741211,9.345000267028809,9.350000381469727,7.44493293762207,12548000
2008-11-13,9.539999961853027,10.079999923706055,8.904999732971191,10.079999923706055,8.026198387145996,26487000
2008-11-14,9.989999771118164,10.119999885559082,9.545000076293945,9.59000015258789,7.636029243469238,20816600
2008-11-17,9.364999771118164,9.670000076293945,9.279999732971191,9.3149995803833,7.4170637130737305,17826400
2008-11-18,9.194999694824219,9.484999656677246,8.975000381469727,9.270000457763672,7.381228923797607,16555400
2008-11-19,9.104999542236328,9.390000343322754,8.645000457763672,8.675000190734863,6.907464027404785,15549400
2008-11-20,8.630000114440918,8.9399995803833,8.145000457763672,8.164999961853027,6.501376628875732,32947200
2008-11-21,8.274999618530273,8.760000228881836,8.0600004196167,8.725000381469727,6.947277545928955,40260000
2008-11-24,8.970000267028809,9.619999885559082,8.755000114440918,9.40999984741211,7.492709159851074,27572000
2008-11-25,9.645000457763672,9.694999694824219,9.25,9.529999732971191,7.588257312774658,20835000
2008-11-26,9.529999732971191,10.199999809265137,9.395000457763672,10.09000015258789,8.034151077270508,14159000
2008-11-28,10.095000267028809,10.3149995803833,10.03499984741211,10.244999885559082,8.157571792602539,2973000
2008-12-01,9.989999771118164,10.069999694824219,9.350000381469727,9.350000381469727,7.44493293762207,13911800
2008-12-02,9.539999961853027,9.835000038146973,9.364999771118164,9.78499984741211,7.791301727294922,15381600
2008-12-03,9.614999771118164,10.220000267028809,9.5,10.135000228881836,8.069986343383789,20796000
2008-12-04,9.9350004196167,10.5649995803833,9.930000305175781,10.244999885559082,8.157571792602539,23791000
2008-12-05,10.100000381469727,10.604999542236328,9.78499984741211,10.545000076293945,8.396453857421875,21869200
2008-12-08,10.920000076293945,11.109999656677246,10.744999885559082,10.9399995803833,8.710970878601074,24899000
2008-12-09,10.8149995803833,11.079999923706055,10.34000015258789,10.720000267028809,8.535792350769043,21340600
2008-12-10,10.760000228881836,10.975000381469727,10.640000343322754,10.970000267028809,8.734854698181152,14823600
2008-12-11,10.725000381469727,10.880000114440918,10.420000076293945,10.505000114440918,8.364602088928223,17193800
2008-12-12,10.28499984741211,10.595000267028809,10.119999885559082,10.470000267028809,8.336731910705566,15333200
2008-12-15,10.609999656677246,10.640000343322754,10.229999542236328,10.4350004196167,8.30886173248291,12555600
2008-12-16,10.989999771118164,11.039999961853027,10.449999809265137,10.989999771118164,8.75078010559082,24669800
2008-12-17,10.904999732971191,11.149999618530273,10.744999885559082,11.050000190734863,8.798555374145508,15252400
2008-12-18,11.095000267028809,11.104999542236328,10.664999961853027,10.739999771118164,8.551713943481445,23598800
2008-12-19,10.989999771118164,10.989999771118164,10.569999694824219,10.614999771118164,8.516416549682617,23152600
2008-12-22,10.635000228881836,10.664999961853027,10.149999618530273,10.329999923706055,8.287759780883789,10919200
2008-12-23,10.369999885559082,10.454999923706055,10.170000076293945,10.220000267028809,8.199511528015137,7868000
2008-12-24,10.234999656677246,10.354999542236328,10.234999656677246,10.295000076293945,8.259682655334473,2093400
2008-12-26,10.395000457763672,10.444999694824219,10.300000190734863,10.40999984741211,8.351944923400879,2293800
2008-12-29,10.279999732971191,10.354999542236328,10.104999542236328,10.210000038146973,8.191492080688477,3640000
2008-12-30,10.300000190734863,10.595000267028809,10.265000343322754,10.595000267028809,8.500372886657715,5029400
2008-12-31,10.614999771118164,10.8149995803833,10.5649995803833,10.78499984741211,8.65280532836914,8379400
2009-01-02,10.8100004196167,11.324999809265137,10.739999771118164,11.324999809265137,9.08604907989502,17581000
2009-01-05,11.15999984741211,11.354999542236328,11.074999809265137,11.274999618530273,9.045936584472656,12900000
2009-01-06,11.364999771118164,11.550000190734863,11.289999961853027,11.46500015258789,9.198371887207031,14270600
2009-01-07,11.234999656677246,11.270000457763672,10.970000267028809,11.010000228881836,8.833325386047363,9687600
2009-01-08,10.975000381469727,11.095000267028809,10.829999923706055,11.074999809265137,8.885476112365723,10786000
2009-01-09,11.119999885559082,11.140000343322754,10.734999656677246,10.734999656677246,8.61269474029541,8215400
2009-01-12,10.789999961853027,10.789999961853027,10.414999961853027,10.479999542236328,8.408102989196777,10140800
2009-01-13,10.460000038146973,10.595000267028809,10.260000228881836,10.345000267028809,8.299798965454102,15952800
2009-01-14,10.095000267028809,10.255000114440918,9.895000457763672,9.9399995803833,7.974864482879639,13930600
2009-01-15,9.994999885559082,10.359999656677246,9.75,10.1850004196167,8.171428680419922,24993800
2009-01-16,10.399999618530273,10.399999618530273,10.029999732971191,10.305000305175781,8.267704963684082,18043800
2009-01-20,10.305000305175781,10.335000038146973,9.664999961853027,9.699999809265137,7.782313346862793,22445600
2009-01-21,9.734999656677246,10.024999618530273,9.604999542236328,9.994999885559082,8.018990516662598,22873600
2009-01-22,9.875,10.079999923706055,9.680000305175781,9.869999885559082,7.918704509735107,17469000
2009-01-23,9.59000015258789,9.975000381469727,9.545000076293945,9.84000015258789,7.8946356773376465,16159800
2009-01-26,9.779999732971191,10.119999885559082,9.765000343322754,9.90999984741211,7.950795650482178,12225200
2009-01-27,9.949999809265137,10.069999694824219,9.819999694824219,9.880000114440918,7.926727771759033,10045200
2009-01-28,10.335000038146973,10.420000076293945,10.119999885559082,10.300000190734863,8.263693809509277,15402200
2009-01-29,10.119999885559082,10.21500015258789,9.880000114440918,9.885000228881836,7.9307355880737305,14344800
2009-01-30,9.96500015258789,10.020000457763672,9.569999694824219,9.640000343322754,7.7341766357421875,17530600
2009-02-02,9.4350004196167,9.65999984741211,9.40999984741211,9.550000190734863,7.661962985992432,10403000
2009-02-03,9.574999809265137,9.895000457763672,9.46500015258789,9.819999694824219,7.878586292266846,12760000
2009-02-04,9.720000267028809,9.895000457763672,9.555000305175781,9.604999542236328,7.706090450286865,13659800
2009-02-05,9.5649995803833,9.859999656677246,9.494999885559082,9.78499984741211,7.850508689880371,12784000
2009-02-06,9.920000076293945,10.170000076293945,9.744999885559082,10.0649995803833,8.075148582458496,13637000
2009-02-09,10.095000267028809,10.100000381469727,9.899999618530273,10.03499984741211,8.051082611083984,7987200
2009-02-10,9.960000038146973,10.024999618530273,9.515000343322754,9.5600004196167,7.669990539550781,15233400
2009-02-11,9.645000457763672,9.71500015258789,9.5,9.635000228881836,7.730165004730225,10095000
2009-02-12,9.399999618530273,9.675000190734863,9.324999809265137,9.649999618530273,7.742197036743164,19116800
2009-02-13,9.595000267028809,9.720000267028809,9.479999542236328,9.494999885559082,7.617841720581055,14544800
2009-02-17,9.100000381469727,9.260000228881836,9.015000343322754,9.135000228881836,7.329010963439941,9550600
2009-02-18,9.135000228881836,9.1850004196167,8.960000038146973,9.074999809265137,7.280873775482178,19696000
2009-02-19,9.140000343322754,9.260000228881836,8.970000267028809,8.979999542236328,7.204656600952148,18207200
2009-02-20,8.734999656677246,9.039999961853027,8.734999656677246,8.920000076293945,7.15651798248291,26896600
2009-02-23,8.970000267028809,9.100000381469727,8.664999961853027,8.720000267028809,6.996057510375977,13649600
2009-02-24,8.739999771118164,9.175000190734863,8.739999771118164,9.100000381469727,7.30093240737915,19100400
2009-02-25,9.0649995803833,9.194999694824219,8.850000381469727,9.015000343322754,7.232736110687256,24086000
2009-02-26,9.145000457763672,9.194999694824219,8.805000305175781,8.824999809265137,7.080298900604248,13208000
2009-02-27,8.71500015258789,8.954999923706055,8.630000114440918,8.765000343322754,7.032161235809326,13977400
2009-03-02,8.704999923706055,8.734999656677246,8.404999732971191,8.4350004196167,6.767402172088623,20303400
2009-03-03,8.505000114440918,8.654999732971191,8.305000305175781,8.369999885559082,6.715253829956055,21032600
2009-03-04,8.574999809265137,8.704999923706055,8.395000457763672,8.555000305175781,6.863679885864258,17242400
2009-03-05,8.364999771118164,8.510000228881836,8.114999771118164,8.154999732971191,6.542757987976074,21704600
2009-03-06,8.34000015258789,8.34000015258789,7.925000190734863,8.15999984741211,6.546767711639404,22140800
2009-03-09,8.024999618530273,8.295000076293945,7.980000019073486,8.055000305175781,6.462528228759766,10268200
2009-03-10,8.100000381469727,8.609999656677246,8.100000381469727,8.550000190734863,6.859669208526611,15933400
2009-03-11,8.699999809265137,8.8100004196167,8.5649995803833,8.6850004196167,6.967980861663818,12135200
2009-03-12,8.614999771118164,9.0600004196167,8.555000305175781,9.005000114440918,7.224711894989014,14046600
2009-03-13,9.28499984741211,9.329999923706055,8.914999961853027,9.109999656677246,7.308955192565918,8764600
2009-03-16,9.204999923706055,9.244999885559082,8.895000457763672,8.895000457763672,7.136463165283203,9447400
2009-03-17,8.925000190734863,9.329999923706055,8.925000190734863,9.324999809265137,7.481447219848633,13877400
2009-03-18,9.345000267028809,9.779999732971191,9.265000343322754,9.619999885559082,7.7181267738342285,16071000
2009-03-19,9.744999885559082,9.744999885559082,9.449999809265137,9.515000343322754,7.633885383605957,19638800
2009-03-20,9.484999656677246,9.53499984741211,9.145000457763672,9.274999618530273,7.481433391571045,13131800
2009-03-23,9.520000457763672,9.9399995803833,9.369999885559082,9.930000305175781,8.009771347045898,18763000
2009-03-24,9.84000015258789,9.970000267028809,9.75,9.800000190734863,7.904912948608398,20254200
2009-03-25,9.824999809265137,10.119999885559082,9.595000267028809,9.869999885559082,7.961377143859863,13475800
2009-03-26,10.055000305175781,10.34000015258789,10.020000457763672,10.324999809265137,8.328387260437012,21169600
2009-03-27,10.164999961853027,10.204999923706055,10.0,10.050000190734863,8.106569290161133,18545600
2009-03-30,9.789999961853027,9.864999771118164,9.614999771118164,9.75,7.8645830154418945,13073000
2009-03-31,9.824999809265137,9.979999542236328,9.670000076293945,9.824999809265137,7.925076007843018,9363800
2009-04-01,10.010000228881836,10.154999732971191,9.555000305175781,10.005000114440918,8.070269584655762,18910600
2009-04-02,10.199999809265137,10.699999809265137,10.149999618530273,10.555000305175781,8.513916015625,21994400
2009-04-03,10.635000228881836,10.71500015258789,10.454999923706055,10.694999694824219,8.62684154510498,9907200
2009-04-06,10.65999984741211,10.704999923706055,10.454999923706055,10.545000076293945,8.505847930908203,9282600
2009-04-07,10.420000076293945,10.444999694824219,10.21500015258789,10.234999656677246,8.255792617797852,8640200
2009-04-08,10.395000457763672,10.5649995803833,10.335000038146973,10.524999618530273,8.489715576171875,6695600
2009-04-09,10.875,11.020000457763672,10.744999885559082,10.954999923706055,8.836562156677246,17708400
2009-04-13,10.850000381469727,11.020000457763672,10.734999656677246,10.960000038146973,8.840594291687012,6964800
2009-04-14,10.880000114440918,10.880000114440918,10.645000457763672,10.71500015258789,8.642973899841309,8881800
2009-04-15,10.65999984741211,10.78499984741211,10.574999809265137,10.75,8.6712064743042,12670000
2009-04-16,10.779999732971191,11.210000038146973,10.779999732971191,11.125,8.9736909866333,15867200
2009-04-17,11.319999694824219,11.34000015258789,11.100000381469727,11.260000228881836,9.082584381103516,17246200
2009-04-20,11.1899995803833,11.1899995803833,10.75,10.829999923706055,8.735732078552246,11581000
2009-04-21,10.789999961853027,11.069999694824219,10.75,11.010000228881836,8.880928039550781,5932400
2009-04-22,10.96500015258789,11.385000228881836,10.885000228881836,11.119999885559082,8.969659805297852,13732800
2009-04-23,11.204999923706055,11.279999732971191,10.9399995803833,11.119999885559082,8.969659805297852,19810800
2009-04-24,11.25,11.5649995803833,11.175000190734863,11.395000457763672,9.19147777557373,11557400
2009-04-27,11.289999961853027,11.4399995803833,11.135000228881836,11.244999885559082,9.07048225402832,24423200
2009-04-28,11.130000114440918,11.420000076293945,11.079999923706055,11.244999885559082,9.07048225402832,18090800
2009-04-29,11.375,11.6899995803833,11.34000015258789,11.449999809265137,9.235840797424316,20318400
2009-04-30,11.789999961853027,11.9350004196167,11.619999885559082,11.645000457763672,9.393135070800781,19703400
2009-05-01,11.704999923706055,11.720000267028809,11.484999656677246,11.59000015258789,9.34876823425293,11795000
2009-05-04,11.725000381469727,11.989999771118164,11.645000457763672,11.96500015258789,9.651254653930664,14346800
2009-05-05,12.119999885559082,12.119999885559082,11.829999923706055,11.960000038146973,9.647220611572266,18849600
2009-05-06,12.164999961853027,12.175000190734863,11.859999656677246,12.085000038146973,9.748048782348633,15520000
2009-05-07,12.265000343322754,12.300000190734863,11.765000343322754,11.819999694824219,9.534289360046387,22189000
2009-05-08,12.03499984741211,12.119999885559082,11.75,11.994999885559082,9.675450325012207,16368400
2009-05-11,11.800000190734863,11.890000343322754,11.649999618530273,11.78499984741211,9.506058692932129,13104000
2009-05-12,11.869999885559082,11.869999885559082,11.335000038146973,11.53499984741211,9.30440616607666,25952800
2009-05-13,11.324999809265137,11.324999809265137,11.085000038146973,11.130000114440918,8.97772216796875,17772600
2009-05-14,11.164999961853027,11.369999885559082,11.0600004196167,11.145000457763672,8.989819526672363,18903600
2009-05-15,11.130000114440918,11.399999618530273,11.0649995803833,11.0649995803833,8.925292015075684,15597200
2009-05-18,11.25,11.609999656677246,11.145000457763672,11.609999656677246,9.364900588989258,12567600
2009-05-19,11.654999732971191,11.739999771118164,11.475000381469727,11.5649995803833,9.328603744506836,31602600
2009-05-20,11.625,11.850000381469727,11.399999618530273,11.4399995803833,9.227774620056152,26767200
2009-05-21,11.295000076293945,11.385000228881836,11.085000038146973,11.170000076293945,9.009984970092773,23486600
2009-05-22,11.270000457763672,11.369999885559082,11.074999809265137,11.289999961853027,9.106779098510742,14725000
2009-05-26,11.194999694824219,11.704999923706055,11.055000305175781,11.670000076293945,9.413298606872559,22097200
2009-05-27,11.625,11.739999771118164,11.364999771118164,11.414999961853027,9.207612991333008,15550200
2009-05-28,11.545000076293945,11.569999694824219,11.175000190734863,11.369999885559082,9.171311378479004,10764200
2009-05-29,11.449999809265137,11.59000015258789,11.300000190734863,11.5600004196167,9.324576377868652,8702000
2009-06-01,11.770000457763672,12.130000114440918,11.640000343322754,12.114999771118164,9.772241592407227,23066000
2009-06-02,12.055000305175781,12.265000343322754,12.010000228881836,12.21500015258789,9.852909088134766,14580200
2009-06-03,12.125,12.135000228881836,11.9399995803833,12.055000305175781,9.72385025024414,17432800
2009-06-04,12.100000381469727,12.100000381469727,11.854999542236328,12.079999923706055,9.744013786315918,9926800
2009-06-05,12.244999885559082,12.244999885559082,11.890000343322754,12.005000114440918,9.683517456054688,13933600
2009-06-08,11.880000114440918,12.1899995803833,11.789999961853027,12.114999771118164,9.772241592407227,11066200
2009-06-09,12.170000076293945,12.239999771118164,12.045000076293945,12.1850004196167,9.828706741333008,9908800
2009-06-10,12.260000228881836,12.359999656677246,11.885000228881836,12.005000114440918,9.683517456054688,25089000
2009-06-11,12.050000190734863,12.15999984741211,11.920000076293945,11.944999694824219,9.63511848449707,19056000
2009-06-12,11.824999809265137,11.960000038146973,11.71500015258789,11.930000305175781,9.623022079467773,19330800
2009-06-15,11.84000015258789,11.84000015258789,11.595000267028809,11.6899995803833,9.42943000793457,14769800
2009-06-16,11.729999542236328,11.774999618530273,11.375,11.395000457763672,9.19147777557373,18397400
2009-06-17,11.404999732971191,11.6850004196167,11.305000305175781,11.555000305175781,9.320533752441406,33056200
2009-06-18,11.574999809265137,11.614999771118164,11.399999618530273,11.520000457763672,9.292304039001465,10902200
2009-06-19,11.524999618530273,11.664999961853027,11.484999656677246,11.5649995803833,9.368451118469238,17844800
2009-06-22,11.430000305175781,11.444999694824219,11.220000267028809,11.220000267028809,9.088976860046387,20710200
2009-06-23,11.225000381469727,11.305000305175781,11.104999542236328,11.104999542236328,8.995820999145508,20881800
2009-06-24,11.25,11.395000457763672,11.145000457763672,11.170000076293945,9.04847240447998,17863600
2009-06-25,11.114999771118164,11.585000038146973,11.114999771118164,11.5600004196167,9.364407539367676,18089200
2009-06-26,11.489999771118164,11.579999923706055,11.4399995803833,11.479999542236328,9.299596786499023,9934600
2009-06-29,11.510000228881836,11.680000305175781,11.4399995803833,11.625,9.417057037353516,10516600
2009-06-30,11.604999542236328,11.725000381469727,11.460000038146973,11.539999961853027,9.348196983337402,13065800
2009-07-01,11.625,11.770000457763672,11.595000267028809,11.614999771118164,9.408953666687012,17795600
2009-07-02,11.494999885559082,11.614999771118164,11.145000457763672,11.145000457763672,9.02822208404541,18747400
2009-07-06,11.0600004196167,11.28499984741211,11.050000190734863,11.199999809265137,9.072775840759277,10067400
2009-07-07,11.225000381469727,11.225000381469727,10.895000457763672,10.899999618530273,8.829756736755371,12929800
2009-07-08,10.949999809265137,11.039999961853027,10.850000381469727,10.989999771118164,8.90265941619873,21558000
2009-07-09,11.130000114440918,11.130000114440918,10.975000381469727,11.069999694824219,8.967466354370117,11360200
2009-07-10,10.904999732971191,11.164999961853027,10.904999732971191,11.050000190734863,8.951265335083008,11221600
2009-07-13,11.024999618530273,11.255000114440918,10.90999984741211,11.229999542236328,9.097077369689941,14854800
2009-07-14,11.164999961853027,11.430000305175781,11.164999961853027,11.404999732971191,9.23884105682373,14317800
2009-07-15,11.524999618530273,11.744999885559082,11.479999542236328,11.720000267028809,9.494012832641602,15877800
2009-07-16,11.729999542236328,11.914999961853027,11.630000114440918,11.864999771118164,9.611472129821777,10016200
2009-07-17,11.869999885559082,11.899999618530273,11.795000076293945,11.885000228881836,9.627673149108887,9454400
2009-07-20,11.9399995803833,12.175000190734863,11.9399995803833,12.135000228881836,9.83018970489502,12344400
2009-07-21,12.199999809265137,12.25,11.9350004196167,12.135000228881836,9.83018970489502,14720000
2009-07-22,12.050000190734863,12.295000076293945,12.03499984741211,12.220000267028809,9.899046897888184,10830000
2009-07-23,12.220000267028809,12.604999542236328,12.140000343322754,12.505000114440918,10.129915237426758,14239400
2009-07-24,12.414999961853027,12.510000228881836,12.300000190734863,12.494999885559082,10.12181568145752,9072600
2009-07-27,12.5,12.550000190734863,12.329999923706055,12.545000076293945,10.16231918334961,7059000
2009-07-28,12.460000038146973,12.5600004196167,12.390000343322754,12.505000114440918,10.129915237426758,9009600
2009-07-29,12.470000267028809,12.59000015258789,12.345000267028809,12.4399995803833,10.07726001739502,18623000
2009-07-30,12.635000228881836,12.760000228881836,12.569999694824219,12.635000228881836,10.235221862792969,25589600
2009-07-31,12.604999542236328,12.744999885559082,12.5600004196167,12.635000228881836,10.235221862792969,10219400
2009-08-03,12.789999961853027,12.930000305175781,12.6899995803833,12.895000457763672,10.445842742919922,11297800
2009-08-04,12.859999656677246,12.994999885559082,12.805000305175781,12.949999809265137,10.490396499633789,10036800
2009-08-05,12.994999885559082,12.994999885559082,12.694999694824219,12.84000015258789,10.401287078857422,11530800
2009-08-06,13.015000343322754,13.085000038146973,12.779999732971191,12.829999923706055,10.393187522888184,9553600
2009-08-07,13.0,13.319999694824219,12.949999809265137,13.25,10.733417510986328,29883000
2009-08-10,13.239999771118164,13.244999885559082,13.010000228881836,13.130000114440918,10.636207580566406,17104200
2009-08-11,13.0,13.085000038146973,12.84000015258789,12.989999771118164,10.522796630859375,9612400
2009-08-12,13.020000457763672,13.210000038146973,12.930000305175781,13.085000038146973,10.599753379821777,11095000
2009-08-13,13.1899995803833,13.1899995803833,12.90999984741211,13.119999885559082,10.628107070922852,10583200
2009-08-14,13.095000267028809,13.149999618530273,12.824999809265137,12.9399995803833,10.48229694366455,10754400
2009-08-17,12.670000076293945,12.670000076293945,12.470000267028809,12.529999732971191,10.150168418884277,17594000
2009-08-18,12.635000228881836,12.71500015258789,12.545000076293945,12.670000076293945,10.263577461242676,11511800
2009-08-19,12.614999771118164,12.84000015258789,12.510000228881836,12.800000190734863,10.36888313293457,12505200
2009-08-20,12.854999542236328,12.944999694824219,12.765000343322754,12.895000457763672,10.445842742919922,10610800
2009-08-21,12.960000038146973,13.194999694824219,12.960000038146973,13.15999984741211,10.660511016845703,7617600
2009-08-24,13.194999694824219,13.234999656677246,13.020000457763672,13.0649995803833,10.58355712890625,9309800
2009-08-25,13.09000015258789,13.345000267028809,13.085000038146973,13.199999809265137,10.692912101745605,11805800
2009-08-26,13.1899995803833,13.375,13.135000228881836,13.274999618530273,10.753668785095215,16410400
2009-08-27,13.265000343322754,13.359999656677246,13.0600004196167,13.300000190734863,10.773921966552734,7793800
2009-08-28,13.460000038146973,13.460000038146973,13.220000267028809,13.305000305175781,10.777972221374512,10268800
2009-08-31,13.175000190734863,13.265000343322754,13.029999732971191,13.079999923706055,10.595709800720215,6726400
2009-09-01,13.010000228881836,13.274999618530273,12.8149995803833,12.845000267028809,10.405340194702148,17803600
2009-09-02,12.765000343322754,12.854999542236328,12.699999809265137,12.779999732971191,10.352685928344727,8633000
2009-09-03,12.869999885559082,12.949999809265137,12.739999771118164,12.914999961853027,10.462044715881348,9973400
2009-09-04,12.954999923706055,13.149999618530273,12.904999732971191,13.149999618530273,10.652411460876465,8185200
2009-09-08,13.270000457763672,13.300000190734863,13.170000076293945,13.265000343322754,10.74556827545166,8408400
2009-09-09,13.25,13.444999694824219,13.180000305175781,13.404999732971191,10.858983993530273,9239000
2009-09-10,13.430000305175781,13.609999656677246,13.354999542236328,13.585000038146973,11.00479507446289,6876800
2009-09-11,13.619999885559082,13.619999885559082,13.470000267028809,13.539999961853027,10.968335151672363,14143400
2009-09-14,13.479999542236328,13.625,13.385000228881836,13.585000038146973,11.00479507446289,7237000
2009-09-15,13.5600004196167,13.704999923706055,13.520000457763672,13.649999618530273,11.057443618774414,11094600
2009-09-16,13.680000305175781,13.930000305175781,13.654999732971191,13.90999984741211,11.268058776855469,8731600
2009-09-17,13.904999732971191,14.045000076293945,13.78499984741211,13.895000457763672,11.255913734436035,12094400
2009-09-18,13.895000457763672,13.975000381469727,13.829999923706055,13.899999618530273,11.296546936035156,17290000
2009-09-21,13.869999885559082,13.920000076293945,13.720000267028809,13.845000267028809,11.251848220825195,11242000
2009-09-22,13.949999809265137,13.979999542236328,13.875,13.899999618530273,11.296546936035156,13856600
2009-09-23,13.96500015258789,13.970000267028809,13.699999809265137,13.699999809265137,11.13400650024414,14984000
2009-09-24,13.770000457763672,13.800000190734863,13.489999771118164,13.569999694824219,11.028356552124023,17241800
2009-09-25,13.529999732971191,13.614999771118164,13.425000190734863,13.489999771118164,10.963339805603027,14831200
2009-09-28,13.555000305175781,13.789999961853027,13.489999771118164,13.744999885559082,11.170580863952637,13848800
2009-09-29,13.765000343322754,13.899999618530273,13.710000038146973,13.8100004196167,11.223405838012695,12521000
2009-09-30,13.875,13.875,13.555000305175781,13.734999656677246,11.162453651428223,14544800
2009-10-01,13.699999809265137,13.699999809265137,13.375,13.4350004196167,10.918642044067383,11569400
2009-10-02,13.279999732971191,13.359999656677246,13.229999542236328,13.265000343322754,10.780484199523926,11790400
2009-10-05,13.3100004196167,13.529999732971191,13.274999618530273,13.470000267028809,10.947090148925781,10168400
2009-10-06,13.5600004196167,13.78499984741211,13.520000457763672,13.675000190734863,11.113690376281738,9306000
2009-10-07,13.649999618530273,13.755000114440918,13.604999542236328,13.6850004196167,11.121821403503418,8206000
2009-10-08,13.760000228881836,14.010000228881836,13.744999885559082,13.904999732971191,11.300613403320312,8780800
2009-10-09,13.90999984741211,13.920000076293945,13.805000305175781,13.899999618530273,11.296546936035156,6095800
2009-10-12,13.989999771118164,14.0649995803833,13.885000228881836,13.970000267028809,11.353436470031738,5555400
2009-10-13,13.920000076293945,14.045000076293945,13.890000343322754,13.994999885559082,11.373753547668457,7823400
2009-10-14,14.15999984741211,14.234999656677246,14.079999923706055,14.170000076293945,11.515974998474121,12479000
2009-10-15,14.109999656677246,14.229999542236328,14.079999923706055,14.1899995803833,11.532230377197266,7381200
2009-10-16,14.095000267028809,14.194999694824219,13.984999656677246,14.164999961853027,11.51191234588623,8433800
2009-10-19,14.199999809265137,14.385000228881836,14.135000228881836,14.324999809265137,11.641944885253906,8006000
2009-10-20,14.324999809265137,14.335000038146973,14.095000267028809,14.180000305175781,11.524103164672852,9744200
2009-10-21,14.15999984741211,14.369999885559082,13.960000038146973,13.994999885559082,11.373753547668457,13986800
2009-10-22,14.0,14.270000457763672,13.925000190734863,14.180000305175781,11.524103164672852,15245600
2009-10-23,14.319999694824219,14.354999542236328,14.055000305175781,14.125,11.47940731048584,10802200
2009-10-26,14.095000267028809,14.364999771118164,13.975000381469727,14.039999961853027,11.41032600402832,16880000
2009-10-27,14.029999732971191,14.055000305175781,13.729999542236328,13.800000190734863,11.215279579162598,22433600
2009-10-28,13.734999656677246,13.789999961853027,13.385000228881836,13.40999984741211,10.898324012756348,15974400
2009-10-29,13.59000015258789,13.8100004196167,13.515000343322754,13.770000457763672,11.190897941589355,18201600
2009-10-30,13.739999771118164,13.845000267028809,13.369999885559082,13.40999984741211,10.898324012756348,26614200
2009-11-02,13.40999984741211,13.670000076293945,13.3100004196167,13.539999961853027,11.003972053527832,22309000
2009-11-03,13.404999732971191,13.600000381469727,13.369999885559082,13.550000190734863,11.012103080749512,20694200
2009-11-04,13.65999984741211,13.779999732971191,13.515000343322754,13.555000305175781,11.016169548034668,19444400
2009-11-05,13.619999885559082,13.949999809265137,13.604999542236328,13.925000190734863,11.31686782836914,16824800
2009-11-06,13.920000076293945,14.0649995803833,13.819999694824219,14.050000190734863,11.418452262878418,7352000
2009-11-09,14.154999732971191,14.359999656677246,14.100000381469727,14.354999542236328,11.666327476501465,16747200
2009-11-10,14.289999961853027,14.4350004196167,14.25,14.404999732971191,11.706960678100586,12973800
2009-11-11,14.5,14.545000076293945,14.345000267028809,14.420000076293945,11.719152450561523,16492600
2009-11-12,14.425000190734863,14.520000457763672,14.239999771118164,14.260000228881836,11.589119911193848,12840400
2009-11-13,14.295000076293945,14.520000457763672,14.295000076293945,14.510000228881836,11.792295455932617,21015800
2009-11-16,14.619999885559082,14.774999618530273,14.550000190734863,14.744999885559082,11.983277320861816,19988000
2009-11-17,14.699999809265137,14.699999809265137,14.479999542236328,14.625,11.88575553894043,13646000
2009-11-18,14.614999771118164,14.630000114440918,14.484999656677246,14.585000038146973,11.853249549865723,9624200
2009-11-19,14.520000457763672,14.574999809265137,14.270000457763672,14.420000076293945,11.719152450561523,13654000
2009-11-20,14.319999694824219,14.4399995803833,14.260000228881836,14.345000267028809,11.658202171325684,10892600
2009-11-23,14.449999809265137,14.619999885559082,14.40999984741211,14.470000267028809,11.759788513183594,19581800
2009-11-24,14.454999923706055,14.5,14.359999656677246,14.454999923706055,11.747599601745605,12832800
2009-11-25,14.505000114440918,14.595000267028809,14.454999923706055,14.595000267028809,11.861377716064453,11759600
2009-11-27,14.28499984741211,14.484999656677246,14.145000457763672,14.3100004196167,11.629758834838867,12747800
2009-11-30,14.359999656677246,14.390000343322754,14.1850004196167,14.3100004196167,11.629758834838867,17821800
2009-12-01,14.4350004196167,14.600000381469727,14.430000305175781,14.53499984741211,11.812613487243652,14076800
2009-12-02,14.520000457763672,14.664999961853027,14.475000381469727,14.579999923706055,11.849184036254883,10860000
2009-12-03,14.645000457763672,14.680000305175781,14.449999809265137,14.479999542236328,11.767914772033691,14958000
2009-12-04,14.619999885559082,14.744999885559082,14.364999771118164,14.574999809265137,11.845123291015625,20408800
2009-12-07,14.59000015258789,14.710000038146973,14.550000190734863,14.619999885559082,11.881688117980957,15958600
2009-12-08,14.545000076293945,14.574999809265137,14.399999618530273,14.510000228881836,11.792295455932617,12372600
2009-12-09,14.5,14.555000305175781,14.404999732971191,14.510000228881836,11.792295455932617,10619600
2009-12-10,14.585000038146973,14.765000343322754,14.569999694824219,14.734999656677246,11.975152969360352,12564000
2009-12-11,14.824999809265137,14.890000343322754,14.760000228881836,14.880000114440918,12.092996597290039,10038000
2009-12-14,14.979999542236328,15.015000343322754,14.859999656677246,14.994999885559082,12.186455726623535,12050800
2009-12-15,14.949999809265137,15.024999618530273,14.880000114440918,14.975000381469727,12.170201301574707,9295800
2009-12-16,14.989999771118164,15.074999809265137,14.949999809265137,14.989999771118164,12.182393074035645,10743400
2009-12-17,14.914999961853027,14.914999961853027,14.78499984741211,14.8100004196167,12.036110877990723,7644400
2009-12-18,14.835000038146973,14.835000038146973,14.609999656677246,14.805000305175781,12.097798347473145,12803200
2009-12-21,14.84000015258789,15.03499984741211,14.829999923706055,14.994999885559082,12.253057479858398,11875000
2009-12-22,14.994999885559082,15.069999694824219,14.954999923706055,14.984999656677246,12.244885444641113,4932000
2009-12-23,15.03499984741211,15.079999923706055,14.90999984741211,15.079999923706055,12.322515487670898,6044200
2009-12-24,15.125,15.149999618530273,15.045000076293945,15.09000015258789,12.330686569213867,2310000
2009-12-28,15.135000228881836,15.15999984741211,15.015000343322754,15.079999923706055,12.322515487670898,5048000
2009-12-29,15.095000267028809,15.145000457763672,15.079999923706055,15.130000114440918,12.363373756408691,4091400
2009-12-30,15.095000267028809,15.114999771118164,14.989999771118164,15.024999618530273,12.277570724487305,4557000
2009-12-31,15.069999694824219,15.095000267028809,14.885000228881836,14.885000228881836,12.16317367553711,3240800
2010-01-04,14.949999809265137,15.055000305175781,14.949999809265137,15.0,12.257145881652832,10887800
2010-01-05,15.005000114440918,15.069999694824219,14.90999984741211,15.055000305175781,12.302090644836426,12324400
2010-01-06,15.045000076293945,15.109999656677246,15.010000228881836,15.074999809265137,12.318427085876465,8493800
2010-01-07,15.170000076293945,15.204999923706055,15.069999694824219,15.199999809265137,12.420572280883789,11473400
2010-01-08,15.145000457763672,15.204999923706055,15.0600004196167,15.194999694824219,12.416482925415039,12876000
2010-01-11,15.225000381469727,15.270000457763672,15.085000038146973,15.164999961853027,12.391972541809082,8347000
2010-01-12,15.074999809265137,15.109999656677246,14.90999984741211,14.970000267028809,12.232629776000977,10946800
2010-01-13,15.029999732971191,15.164999961853027,14.979999542236328,15.140000343322754,12.371541023254395,9231600
2010-01-14,15.095000267028809,15.15999984741211,15.0649995803833,15.140000343322754,12.371541023254395,11280600
2010-01-15,15.109999656677246,15.170000076293945,14.9399995803833,14.989999771118164,12.248971939086914,11779000
2010-01-19,15.0649995803833,15.1899995803833,14.930000305175781,15.1899995803833,12.41240119934082,8837000
2010-01-20,15.069999694824219,15.09000015258789,14.904999732971191,14.984999656677246,12.244885444641113,10056200
2010-01-21,14.989999771118164,15.125,14.770000457763672,14.795000076293945,12.089631080627441,13573200
2010-01-22,14.734999656677246,14.850000381469727,14.5,14.510000228881836,11.8567476272583,20184200
2010-01-25,14.604999542236328,14.649999618530273,14.489999771118164,14.585000038146973,11.918025016784668,10623200
2010-01-26,14.510000228881836,14.704999923706055,14.479999542236328,14.604999542236328,11.934370994567871,11013800
2010-01-27,14.609999656677246,14.680000305175781,14.479999542236328,14.630000114440918,11.954802513122559,14083600
2010-01-28,14.694999694824219,14.765000343322754,14.460000038146973,14.545000076293945,11.885340690612793,12583200
2010-01-29,14.579999923706055,14.744999885559082,14.444999694824219,14.454999923706055,11.811800003051758,14724400
2010-02-01,14.484999656677246,14.640000343322754,14.470000267028809,14.640000343322754,11.962973594665527,17754200
2010-02-02,14.675000190734863,14.850000381469727,14.59000015258789,14.845000267028809,12.130487442016602,10987400
2010-02-03,14.805000305175781,14.890000343322754,14.765000343322754,14.854999542236328,12.13865852355957,9726800
2010-02-04,14.734999656677246,14.770000457763672,14.420000076293945,14.425000190734863,11.787286758422852,20252400
2010-02-05,14.420000076293945,14.484999656677246,14.104999542236328,14.385000228881836,11.75460147857666,16607800
2010-02-08,14.414999961853027,14.529999732971191,14.295000076293945,14.295000076293945,11.68105697631836,12753800
2010-02-09,14.420000076293945,14.604999542236328,14.369999885559082,14.515000343322754,11.86082649230957,13809800
2010-02-10,14.529999732971191,14.53499984741211,14.329999923706055,14.454999923706055,11.811800003051758,11132600
2010-02-11,14.414999961853027,14.625,14.324999809265137,14.625,11.950713157653809,11655200
2010-02-12,14.454999923706055,14.625,14.425000190734863,14.625,11.950713157653809,12668800
2010-02-16,14.779999732971191,14.859999656677246,14.640000343322754,14.859999656677246,12.142744064331055,9041800
2010-02-17,14.925000190734863,14.979999542236328,14.84000015258789,14.979999542236328,12.24079704284668,9261600
2010-02-18,14.944999694824219,15.079999923706055,14.899999618530273,15.074999809265137,12.318427085876465,11835200
2010-02-19,15.085000038146973,15.15999984741211,15.005000114440918,15.109999656677246,12.347026824951172,11500000
2010-02-22,15.154999732971191,15.175000190734863,15.074999809265137,15.104999542236328,12.342940330505371,7114400
2010-02-23,15.074999809265137,15.15999984741211,14.96500015258789,15.015000343322754,12.269399642944336,11450600
2010-02-24,15.085000038146973,15.225000381469727,15.020000457763672,15.210000038146973,12.428744316101074,12672000
2010-02-25,14.949999809265137,15.239999771118164,14.949999809265137,15.234999656677246,12.449172019958496,11438000
2010-02-26,15.239999771118164,15.300000190734863,15.149999618530273,15.260000228881836,12.4696044921875,12622400
2010-03-01,15.335000038146973,15.510000228881836,15.289999961853027,15.5,12.6657133102417,16310200
2010-03-02,15.524999618530273,15.5649995803833,15.420000076293945,15.420000076293945,12.600341796875,23871000
2010-03-03,15.470000267028809,15.569999694824219,15.399999618530273,15.46500015258789,12.637114524841309,10509800
2010-03-04,15.520000457763672,15.630000114440918,15.494999885559082,15.604999542236328,12.75151252746582,9202200
2010-03-05,15.720000267028809,15.9350004196167,15.65999984741211,15.895000457763672,12.988485336303711,9603200
2010-03-08,15.899999618530273,15.954999923706055,15.829999923706055,15.9350004196167,13.021169662475586,8996600
2010-03-09,15.880000114440918,15.984999656677246,15.854999542236328,15.90999984741211,13.000744819641113,11104800
2010-03-10,15.925000190734863,16.0,15.875,15.944999694824219,13.029345512390137,10431800
2010-03-11,15.885000228881836,16.059999465942383,15.864999771118164,16.059999465942383,13.123311042785645,10104200
2010-03-12,16.110000610351562,16.1200008392334,16.0,16.104999542236328,13.16008472442627,7273800
2010-03-15,16.05500030517578,16.149999618530273,15.970000267028809,16.084999084472656,13.143742561340332,9852200
2010-03-16,16.084999084472656,16.21500015258789,16.084999084472656,16.204999923706055,13.241799354553223,10171000
2010-03-17,16.290000915527344,16.31999969482422,16.209999084472656,16.28499984741211,13.307168960571289,10701000
2010-03-18,16.28499984741211,16.350000381469727,16.264999389648438,16.280000686645508,13.303085327148438,12632400
2010-03-19,16.200000762939453,16.364999771118164,16.110000610351562,16.200000762939453,13.26297378540039,9850800
2010-03-22,16.049999237060547,16.405000686645508,16.040000915527344,16.3700008392334,13.402152061462402,10154800
2010-03-23,16.415000915527344,16.46500015258789,16.274999618530273,16.434999465942383,13.455364227294922,12510400
2010-03-24,16.344999313354492,16.420000076293945,16.295000076293945,16.3700008392334,13.402152061462402,11658400
2010-03-25,16.489999771118164,16.645000457763672,16.44499969482422,16.46500015258789,13.479927062988281,11089800
2010-03-26,16.489999771118164,16.6299991607666,16.440000534057617,16.530000686645508,13.5331392288208,12225600
2010-03-29,16.614999771118164,16.625,16.479999542236328,16.55500030517578,13.553610801696777,10956800
2010-03-30,16.565000534057617,16.6200008392334,16.469999313354492,16.540000915527344,13.541333198547363,8300400
2010-03-31,16.5,16.5049991607666,16.389999389648438,16.420000076293945,13.443083763122559,16472400
2010-04-01,16.5049991607666,16.600000381469727,16.420000076293945,16.53499984741211,13.537233352661133,11818000
2010-04-05,16.600000381469727,16.75,16.53499984741211,16.735000610351562,13.70097541809082,11257600
2010-04-06,16.700000762939453,16.790000915527344,16.645000457763672,16.760000228881836,13.721443176269531,6830600
2010-04-07,16.719999313354492,16.770000457763672,16.575000762939453,16.700000762939453,13.672323226928711,9535400
2010-04-08,16.6200008392334,16.885000228881836,16.604999542236328,16.860000610351562,13.803315162658691,17121800
2010-04-09,16.889999389648438,17.0,16.790000915527344,16.985000610351562,13.905649185180664,8731200
2010-04-12,16.985000610351562,17.03499984741211,16.96500015258789,16.985000610351562,13.905649185180664,7615000
2010-04-13,16.96500015258789,17.125,16.934999465942383,17.075000762939453,13.979331016540527,11748400
2010-04-14,17.139999389648438,17.360000610351562,17.09000015258789,17.34000015258789,14.196287155151367,10157400
2010-04-15,17.309999465942383,17.44499969482422,17.28499984741211,17.415000915527344,14.257691383361816,13446600
2010-04-16,17.360000610351562,17.40999984741211,17.075000762939453,17.184999465942383,14.069396018981934,24210800
2010-04-19,17.149999618530273,17.260000228881836,16.96500015258789,17.21500015258789,14.093951225280762,18600600
2010-04-20,17.334999084472656,17.440000534057617,17.290000915527344,17.424999237060547,14.265875816345215,18688600
2010-04-21,17.424999237060547,17.53499984741211,17.354999542236328,17.5049991607666,14.331376075744629,22586400
2010-04-22,17.43000030517578,17.834999084472656,17.350000381469727,17.81999969482422,14.589264869689941,6724400
2010-04-23,17.815000534057617,17.895000457763672,17.729999542236328,17.834999084472656,14.601546287536621,12308200
2010-04-26,17.915000915527344,18.065000534057617,17.854999542236328,17.975000381469727,14.716166496276855,15200200
2010-04-27,17.954999923706055,17.954999923706055,17.405000686645508,17.454999923706055,14.290440559387207,34413600
2010-04-28,17.510000228881836,17.55500030517578,17.274999618530273,17.395000457763672,14.241320610046387,21214200
2010-04-29,17.475000381469727,17.815000534057617,17.475000381469727,17.780000686645508,14.556520462036133,16949000
2010-04-30,17.764999389648438,17.860000610351562,17.399999618530273,17.40999984741211,14.2536039352417,21522600
2010-05-03,17.4950008392334,17.844999313354492,17.450000762939453,17.760000228881836,14.540141105651855,15865200
2010-05-04,17.559999465942383,17.600000381469727,17.165000915527344,17.239999771118164,14.114418029785156,31579600
2010-05-05,17.094999313354492,17.25,16.889999389648438,16.9950008392334,13.913835525512695,52681800
2010-05-06,16.8700008392334,17.03499984741211,15.515000343322754,16.389999389648438,13.4185209274292,61745800
2010-05-07,16.31999969482422,16.565000534057617,15.8149995803833,16.09000015258789,13.172908782958984,59363800
2010-05-10,16.885000228881836,16.979999542236328,16.7450008392334,16.93000030517578,13.860620498657227,32851600
2010-05-11,16.760000228881836,17.174999237060547,16.709999084472656,16.924999237060547,13.856529235839844,25128600
2010-05-12,17.030000686645508,17.19499969482422,16.920000076293945,17.170000076293945,14.057106971740723,20669200
2010-05-13,17.1299991607666,17.165000915527344,16.770000457763672,16.78499984741211,13.741905212402344,20900600
2010-05-14,16.649999618530273,16.729999542236328,16.375,16.5049991607666,13.51267147064209,28417600
2010-05-17,16.559999465942383,16.645000457763672,16.190000534057617,16.6299991607666,13.615011215209961,26881800
2010-05-18,16.7450008392334,16.799999237060547,16.2450008392334,16.31999969482422,13.36121654510498,31547000
2010-05-19,16.21500015258789,16.364999771118164,15.930000305175781,16.219999313354492,13.279342651367188,30801800
2010-05-20,15.845000267028809,15.96500015258789,15.5600004196167,15.59000015258789,12.763558387756348,37065000
2010-05-21,15.300000190734863,15.949999809265137,15.170000076293945,15.864999771118164,12.988701820373535,39212800
2010-05-24,15.850000381469727,15.979999542236328,15.725000381469727,15.755000114440918,12.898646354675293,28109600
2010-05-25,15.385000228881836,15.914999961853027,15.239999771118164,15.914999961853027,13.029637336730957,28373400
2010-05-26,16.014999389648438,16.200000762939453,15.800000190734863,15.864999771118164,12.988701820373535,26672800
2010-05-27,16.225000381469727,16.434999465942383,16.075000762939453,16.434999465942383,13.455364227294922,21461000
2010-05-28,16.385000228881836,16.459999084472656,16.09000015258789,16.184999465942383,13.250689506530762,22551200
2010-06-01,16.075000762939453,16.315000534057617,15.9350004196167,15.9399995803833,13.050102233886719,21865800
2010-06-02,16.0,16.34000015258789,15.960000038146973,16.34000015258789,13.37759017944336,15747800
2010-06-03,16.450000762939453,16.485000610351562,16.229999542236328,16.395000457763672,13.422616958618164,15779400
2010-06-04,16.09000015258789,16.139999389648438,15.704999923706055,15.760000228881836,12.902738571166992,30449800
2010-06-07,15.770000457763672,15.904999732971191,15.460000038146973,15.460000038146973,12.657130241394043,23859800
2010-06-08,15.510000228881836,15.630000114440918,15.265000343322754,15.59000015258789,12.763558387756348,27551800
2010-06-09,15.710000038146973,15.970000267028809,15.539999961853027,15.609999656677246,12.779938697814941,24687800
2010-06-10,15.78499984741211,16.139999389648438,15.78499984741211,16.139999389648438,13.213847160339355,20529800
2010-06-11,15.914999961853027,16.155000686645508,15.885000228881836,16.125,13.20156478881836,15432000
2010-06-14,16.325000762939453,16.415000915527344,16.145000457763672,16.170000076293945,13.238409042358398,13794600
2010-06-15,16.270000457763672,16.559999465942383,16.229999542236328,16.55500030517578,13.553610801696777,13892200
2010-06-16,16.510000228881836,16.53499984741211,16.329999923706055,16.440000534057617,13.459458351135254,14940800
2010-06-17,16.459999084472656,16.485000610351562,16.190000534057617,16.34000015258789,13.37759017944336,20803000
2010-06-18,16.30500030517578,16.405000686645508,16.21500015258789,16.235000610351562,13.334471702575684,15347200
2010-06-21,16.454999923706055,16.46500015258789,16.014999389648438,16.104999542236328,13.227694511413574,17667800
2010-06-22,16.104999542236328,16.235000610351562,15.725000381469727,15.744999885559082,12.932011604309082,19324400
2010-06-23,15.75,15.864999771118164,15.585000038146973,15.734999656677246,12.923794746398926,24974600
2010-06-24,15.664999961853027,15.664999961853027,15.3100004196167,15.359999656677246,12.615792274475098,22128800
2010-06-25,15.390000343322754,15.475000381469727,15.234999656677246,15.404999732971191,12.652752876281738,24836400
2010-06-28,15.399999618530273,15.460000038146973,15.274999618530273,15.289999961853027,12.55829906463623,14020600
2010-06-29,15.104999542236328,15.104999542236328,14.645000457763672,14.744999885559082,12.110669136047363,37547600
2010-06-30,14.725000381469727,14.920000076293945,14.53499984741211,14.5649995803833,11.962828636169434,22985200
2010-07-01,14.619999885559082,14.734999656677246,14.319999694824219,14.6850004196167,12.061385154724121,31249400
2010-07-02,14.720000267028809,14.755000114440918,14.4399995803833,14.520000457763672,11.925870895385742,13910200
2010-07-06,14.65999984741211,14.84000015258789,14.380000114440918,14.520000457763672,11.925870895385742,23608600
2010-07-07,14.539999961853027,14.949999809265137,14.515000343322754,14.930000305175781,12.262618064880371,25911200
2010-07-08,15.079999923706055,15.09000015258789,14.854999542236328,15.0600004196167,12.369393348693848,15888200
2010-07-09,15.039999961853027,15.204999923706055,15.020000457763672,15.204999923706055,12.488487243652344,10611400
2010-07-12,15.125,15.270000457763672,15.074999809265137,15.225000381469727,12.504912376403809,13791400
2010-07-13,15.399999618530273,15.670000076293945,15.369999885559082,15.604999542236328,12.817022323608398,21130800
2010-07-14,15.484999656677246,15.579999923706055,15.395000457763672,15.505000114440918,12.73488998413086,16298800
2010-07-15,15.489999771118164,15.595000267028809,15.305000305175781,15.555000305175781,12.775957107543945,19851000
2010-07-16,15.46500015258789,15.5,14.984999656677246,15.010000228881836,12.328320503234863,20785000
2010-07-19,15.045000076293945,15.21500015258789,14.949999809265137,15.154999732971191,12.44742202758789,10422600
2010-07-20,14.954999923706055,15.404999732971191,14.949999809265137,15.369999885559082,12.624009132385254,21192400
2010-07-21,15.449999809265137,15.449999809265137,15.045000076293945,15.095000267028809,12.398138999938965,19769200
2010-07-22,15.260000228881836,15.630000114440918,15.260000228881836,15.550000190734863,12.771851539611816,20877200
2010-07-23,15.574999809265137,15.789999961853027,15.4399995803833,15.774999618530273,12.956646919250488,16531400
2010-07-26,15.824999809265137,16.014999389648438,15.725000381469727,16.010000228881836,13.149663925170898,18001600
2010-07-27,16.09000015258789,16.09000015258789,15.755000114440918,15.805000305175781,12.981293678283691,21536200
2010-07-28,15.779999732971191,15.869999885559082,15.625,15.694999694824219,12.890942573547363,10320200
2010-07-29,15.765000343322754,15.925000190734863,15.425000190734863,15.614999771118164,12.825238227844238,14975000
2010-07-30,15.425000190734863,15.779999732971191,15.354999542236328,15.720000267028809,12.91147518157959,15494000
2010-08-02,15.9399995803833,16.06999969482422,15.845000267028809,16.05500030517578,13.186626434326172,18389600
2010-08-03,16.030000686645508,16.030000686645508,15.744999885559082,15.8100004196167,12.985395431518555,13878800
2010-08-04,15.9350004196167,16.094999313354492,15.925000190734863,16.075000762939453,13.20305061340332,14175200
2010-08-05,15.989999771118164,16.125,15.944999694824219,16.125,13.244118690490723,12509800
2010-08-06,15.914999961853027,16.05500030517578,15.770000457763672,16.014999389648438,13.153772354125977,12817200
2010-08-09,16.15999984741211,16.204999923706055,16.09000015258789,16.170000076293945,13.281085014343262,12502600
2010-08-10,16.024999618530273,16.114999771118164,15.904999732971191,16.030000686645508,13.166090965270996,16105000
2010-08-11,15.765000343322754,15.770000457763672,15.579999923706055,15.609999656677246,12.821130752563477,15123000
2010-08-12,15.354999542236328,15.585000038146973,15.354999542236328,15.550000190734863,12.771851539611816,16404400
2010-08-13,15.46500015258789,15.529999732971191,15.364999771118164,15.375,12.628110885620117,11725800
2010-08-16,15.289999961853027,15.475000381469727,15.225000381469727,15.369999885559082,12.624009132385254,10934000
2010-08-17,15.524999618530273,15.760000228881836,15.454999923706055,15.619999885559082,12.829340934753418,11798800
2010-08-18,15.59000015258789,15.859999656677246,15.524999618530273,15.765000343322754,12.948436737060547,12524000
2010-08-19,15.664999961853027,15.720000267028809,15.369999885559082,15.460000038146973,12.697927474975586,15809000
2010-08-20,15.399999618530273,15.479999542236328,15.274999618530273,15.449999809265137,12.689715385437012,12997600
2010-08-23,15.529999732971191,15.625,15.3100004196167,15.3100004196167,12.574728012084961,12799800
2010-08-24,15.140000343322754,15.220000267028809,14.930000305175781,15.050000190734863,12.361177444458008,24562000
2010-08-25,14.9350004196167,15.28499984741211,14.899999618530273,15.204999923706055,12.488487243652344,14923200
2010-08-26,15.239999771118164,15.335000038146973,15.085000038146973,15.100000381469727,12.40224552154541,12548800
2010-08-27,15.225000381469727,15.369999885559082,14.954999923706055,15.345000267028809,12.603473663330078,21005800
2010-08-30,15.3149995803833,15.359999656677246,15.074999809265137,15.074999809265137,12.381708145141602,14036000
2010-08-31,15.015000343322754,15.21500015258789,14.949999809265137,15.095000267028809,12.398138999938965,14879800
2010-09-01,15.305000305175781,15.640000343322754,15.305000305175781,15.614999771118164,12.825238227844238,16659600
2010-09-02,15.649999618530273,15.90999984741211,15.645000457763672,15.904999732971191,13.063426971435547,19466000
2010-09-03,16.075000762939453,16.200000762939453,15.949999809265137,16.139999389648438,13.256440162658691,15829600
2010-09-07,16.045000076293945,16.075000762939453,15.850000381469727,15.880000114440918,13.042893409729004,10168400
2010-09-08,15.899999618530273,16.065000534057617,15.895000457763672,15.994999885559082,13.137349128723145,8764000
2010-09-09,16.1299991607666,16.149999618530273,15.9399995803833,16.010000228881836,13.149663925170898,10095800
2010-09-10,16.024999618530273,16.184999465942383,16.020000457763672,16.145000457763672,13.26054859161377,10800000
2010-09-13,16.315000534057617,16.360000610351562,16.219999313354492,16.34000015258789,13.4207124710083,8309400
2010-09-14,16.315000534057617,16.434999465942383,16.235000610351562,16.354999542236328,13.433028221130371,12989000
2010-09-15,16.270000457763672,16.40999984741211,16.235000610351562,16.385000228881836,13.457667350769043,11513600
2010-09-16,16.34000015258789,16.405000686645508,16.260000228881836,16.385000228881836,13.457667350769043,13505000
2010-09-17,16.405000686645508,16.440000534057617,16.299999237060547,16.375,13.492688179016113,12389000
2010-09-20,16.424999237060547,16.725000381469727,16.420000076293945,16.690000534057617,13.75224494934082,10259800
2010-09-21,16.690000534057617,16.75,16.545000076293945,16.6200008392334,13.694562911987305,26858400
2010-09-22,16.6200008392334,16.704999923706055,16.450000762939453,16.510000228881836,13.603925704956055,15219400
2010-09-23,16.360000610351562,16.635000228881836,16.329999923706055,16.424999237060547,13.533879280090332,20614400
2010-09-24,16.6299991607666,16.864999771118164,16.6299991607666,16.850000381469727,13.884078025817871,12136200
2010-09-27,16.8700008392334,16.8700008392334,16.735000610351562,16.739999771118164,13.793439865112305,20005000
2010-09-28,16.760000228881836,16.90999984741211,16.559999465942383,16.8700008392334,13.900558471679688,14090600
2010-09-29,16.844999313354492,16.854999542236328,16.704999923706055,16.75,13.801675796508789,9857600
2010-09-30,16.844999313354492,16.94499969482422,16.600000381469727,16.704999923706055,13.764603614807129,17187000
2010-10-01,16.790000915527344,16.875,16.645000457763672,16.725000381469727,13.781081199645996,15241800
2010-10-04,16.670000076293945,16.809999465942383,16.55500030517578,16.690000534057617,13.75224494934082,13933600
2010-10-05,16.8700008392334,17.079999923706055,16.834999084472656,17.040000915527344,14.04063892364502,17481800
2010-10-06,17.0049991607666,17.030000686645508,16.854999542236328,16.924999237060547,13.945876121520996,11143400
2010-10-07,17.020000457763672,17.03499984741211,16.834999084472656,17.0049991607666,14.011800765991211,9913000
2010-10-08,17.0049991607666,17.239999771118164,16.969999313354492,17.18000030517578,14.155991554260254,12956200
2010-10-11,17.204999923706055,17.2549991607666,17.139999389648438,17.184999465942383,14.160116195678711,8669200
2010-10-12,17.149999618530273,17.270000457763672,17.020000457763672,17.225000381469727,14.193073272705078,9951000
2010-10-13,17.30500030517578,17.385000228881836,17.219999313354492,17.25,14.21367073059082,11864200
2010-10-14,17.25,17.325000762939453,17.1200008392334,17.229999542236328,14.197192192077637,9326800
2010-10-15,17.329999923706055,17.364999771118164,17.145000457763672,17.354999542236328,14.300189971923828,15719000
2010-10-18,17.344999313354492,17.3799991607666,17.229999542236328,17.3799991607666,14.320789337158203,13282400
2010-10-19,17.18000030517578,17.2450008392334,16.969999313354492,17.065000534057617,14.061238288879395,21151200
2010-10-20,17.1299991607666,17.354999542236328,17.100000381469727,17.28499984741211,14.242510795593262,14070200
2010-10-21,17.3700008392334,17.59000015258789,17.25,17.385000228881836,14.324907302856445,21472000
2010-10-22,17.350000381469727,17.4950008392334,17.334999084472656,17.479999542236328,14.403186798095703,8842600
2010-10-25,17.59000015258789,17.7450008392334,17.56999969482422,17.59000015258789,14.493825912475586,12575800
2010-10-26,17.489999771118164,17.725000381469727,17.44499969482422,17.665000915527344,14.555623054504395,12431600
2010-10-27,17.530000686645508,17.59000015258789,17.389999389648438,17.55500030517578,14.464984893798828,12865800
2010-10-28,17.655000686645508,17.690000534057617,17.520000457763672,17.635000228881836,14.530900001525879,15479000
2010-10-29,17.635000228881836,17.68000030517578,17.55500030517578,17.6299991607666,14.52678394317627,13511000
2010-11-01,17.665000915527344,17.790000915527344,17.510000228881836,17.594999313354492,14.497943878173828,13170400
2010-11-02,17.7450008392334,17.864999771118164,17.690000534057617,17.795000076293945,14.662740707397461,14582600
2010-11-03,17.860000610351562,17.889999389648438,17.604999542236328,17.885000228881836,14.736900329589844,16252200
2010-11-04,18.079999923706055,18.184999465942383,18.075000762939453,18.165000915527344,14.96761417388916,18210200
2010-11-05,18.184999465942383,18.299999237060547,18.15999984741211,18.2549991607666,15.04177188873291,13729200
2010-11-08,18.104999542236328,18.2450008392334,18.075000762939453,18.225000381469727,15.01705265045166,6390000
2010-11-09,18.274999618530273,18.28499984741211,17.979999542236328,18.059999465942383,14.881093978881836,9539800
2010-11-10,18.09000015258789,18.219999313354492,17.979999542236328,18.219999313354492,15.012933731079102,13875400
2010-11-11,18.06999969482422,18.30500030517578,18.040000915527344,18.19499969482422,14.992340087890625,30785400
2010-11-12,18.110000610351562,18.239999771118164,17.920000076293945,18.0049991607666,14.835770606994629,19690600
2010-11-15,18.06999969482422,18.149999618530273,17.950000762939453,17.969999313354492,14.80693244934082,11610800
2010-11-16,17.825000762939453,18.040000915527344,17.65999984741211,17.725000381469727,14.605062484741211,34991200
2010-11-17,17.7549991607666,17.915000915527344,17.75,17.8799991607666,14.732773780822754,18684200
2010-11-18,18.049999237060547,18.18000030517578,18.0049991607666,18.03499984741211,14.86049747467041,20116400
2010-11-19,17.96500015258789,18.1299991607666,17.915000915527344,18.1200008392334,14.930533409118652,13373000
2010-11-22,18.065000534057617,18.21500015258789,17.9950008392334,18.204999923706055,15.000577926635742,13599800
2010-11-23,18.0,18.03499984741211,17.864999771118164,17.934999465942383,14.77810001373291,19872600
2010-11-24,18.075000762939453,18.30500030517578,18.075000762939453,18.30500030517578,15.082968711853027,18699800
2010-11-26,18.174999237060547,18.264999389648438,18.135000228881836,18.155000686645508,14.959375381469727,5781400
2010-11-29,18.104999542236328,18.165000915527344,17.905000686645508,18.114999771118164,14.926414489746094,16357400
2010-11-30,17.934999465942383,18.19499969482422,17.885000228881836,18.075000762939453,14.89345932006836,22782400
2010-12-01,18.31999969482422,18.530000686645508,18.309999465942383,18.459999084472656,15.210685729980469,17291000
2010-12-02,18.485000610351562,18.71500015258789,18.46500015258789,18.700000762939453,15.408440589904785,14392400
2010-12-03,18.6299991607666,18.75,18.559999465942383,18.709999084472656,15.416678428649902,13418200
2010-12-06,18.69499969482422,18.770000457763672,18.645000457763672,18.729999542236328,15.433160781860352,20307200
2010-12-07,18.924999237060547,18.940000534057617,18.704999923706055,18.739999771118164,15.44140625,14517400
2010-12-08,18.7450008392334,18.770000457763672,18.594999313354492,18.690000534057617,15.400205612182617,11641200
2010-12-09,18.815000534057617,18.854999542236328,18.674999237060547,18.71500015258789,15.420805931091309,8637600
2010-12-10,18.760000228881836,18.809999465942383,18.690000534057617,18.780000686645508,15.474369049072266,8656400
2010-12-13,18.889999389648438,18.889999389648438,18.68000030517578,18.690000534057617,15.400205612182617,9095200
2010-12-14,18.71500015258789,18.780000686645508,18.635000228881836,18.684999465942383,15.396082878112793,8645600
2010-12-15,18.65999984741211,18.764999389648438,18.575000762939453,18.625,15.346638679504395,7886800
2010-12-16,18.655000686645508,18.770000457763672,18.579999923706055,18.760000228881836,15.457880973815918,8970800
2010-12-17,18.600000381469727,18.69499969482422,18.594999313354492,18.68000030517578,15.482748985290527,9792400
2010-12-20,18.739999771118164,18.825000762939453,18.639999389648438,18.790000915527344,15.5739164352417,8601200
2010-12-21,18.860000610351562,18.899999618530273,18.78499984741211,18.8700008392334,15.640235900878906,8971400
2010-12-22,18.889999389648438,18.93000030517578,18.860000610351562,18.895000457763672,15.66094970703125,6604200
2010-12-23,18.895000457763672,18.905000686645508,18.760000228881836,18.815000534057617,15.59463882446289,4577800
2010-12-27,18.75,18.790000915527344,18.65999984741211,18.760000228881836,15.549051284790039,6736600
2010-12-28,18.799999237060547,18.799999237060547,18.645000457763672,18.719999313354492,15.515896797180176,6113800
2010-12-29,18.774999618530273,18.850000381469727,18.75,18.780000686645508,15.565635681152344,3734800
2010-12-30,18.7549991607666,18.795000076293945,18.709999084472656,18.7450008392334,15.53661823272705,5904400
2010-12-31,18.735000610351562,18.739999771118164,18.645000457763672,18.704999923706055,15.503467559814453,4425200
2011-01-03,18.854999542236328,19.030000686645508,18.834999084472656,18.924999237060547,15.685812950134277,8508400
2011-01-04,18.969999313354492,18.9950008392334,18.719999313354492,18.81999969482422,15.598782539367676,7314800
2011-01-05,18.735000610351562,18.985000610351562,18.735000610351562,18.975000381469727,15.727254867553711,12311200
2011-01-06,18.940000534057617,18.940000534057617,18.815000534057617,18.860000610351562,15.631938934326172,7382200
2011-01-07,18.889999389648438,18.94499969482422,18.690000534057617,18.850000381469727,15.623648643493652,10834800
2011-01-10,18.760000228881836,18.8799991607666,18.670000076293945,18.834999084472656,15.611215591430664,9125000
2011-01-11,18.969999313354492,18.969999313354492,18.774999618530273,18.829999923706055,15.607085227966309,6302800
2011-01-12,18.93000030517578,18.950000762939453,18.829999923706055,18.875,15.644369125366211,41989200
2011-01-13,18.875,18.90999984741211,18.795000076293945,18.844999313354492,15.619504928588867,9280400
2011-01-14,18.809999465942383,18.975000381469727,18.78499984741211,18.959999084472656,15.714821815490723,9176400
2011-01-18,19.010000228881836,19.045000076293945,18.959999084472656,19.014999389648438,15.760407447814941,8026800
2011-01-19,18.979999542236328,19.030000686645508,18.780000686645508,18.825000762939453,15.60292911529541,12632000
2011-01-20,18.780000686645508,18.934999465942383,18.760000228881836,18.864999771118164,15.636088371276855,13397600
2011-01-21,19.014999389648438,19.040000915527344,18.8700008392334,18.90999984741211,15.67337703704834,8574000
2011-01-24,18.905000686645508,19.010000228881836,18.81999969482422,18.985000610351562,15.735547065734863,9685000
2011-01-25,18.924999237060547,19.010000228881836,18.825000762939453,18.9950008392334,15.74383544921875,11426600
2011-01-26,19.05500030517578,19.135000228881836,18.959999084472656,19.024999618530273,15.768694877624512,9719000
2011-01-27,19.110000610351562,19.204999923706055,19.049999237060547,19.174999237060547,15.893022537231445,8722000
2011-01-28,19.049999237060547,19.06999969482422,18.514999389648438,18.549999237060547,15.37499713897705,22204600
2011-01-31,18.6200008392334,18.684999465942383,18.524999618530273,18.59000015258789,15.408160209655762,9879400
2011-02-01,18.709999084472656,18.84000015258789,18.645000457763672,18.809999465942383,15.590495109558105,9688600
2011-02-02,18.770000457763672,18.809999465942383,18.700000762939453,18.7549991607666,15.54490852355957,8011200
2011-02-03,18.815000534057617,19.0049991607666,18.790000915527344,18.975000381469727,15.727254867553711,11030800
2011-02-04,18.989999771118164,19.1200008392334,18.94499969482422,19.104999542236328,15.835007667541504,9752000
2011-02-07,19.139999389648438,19.295000076293945,19.094999313354492,19.204999923706055,15.917890548706055,8280400
2011-02-08,19.219999313354492,19.450000762939453,19.219999313354492,19.434999465942383,16.108522415161133,11486000
2011-02-09,19.434999465942383,19.6200008392334,19.434999465942383,19.565000534057617,16.21627426147461,11511600
2011-02-10,19.4950008392334,19.614999771118164,19.440000534057617,19.59000015258789,16.236988067626953,9016800
2011-02-11,19.545000076293945,19.809999465942383,19.479999542236328,19.790000915527344,16.40276336669922,10310600
2011-02-14,19.760000228881836,19.760000228881836,19.635000228881836,19.709999084472656,16.336458206176758,7055200
2011-02-15,19.635000228881836,19.7549991607666,19.594999313354492,19.735000610351562,16.3571834564209,6031600
2011-02-16,19.844999313354492,19.90999984741211,19.770000457763672,19.895000457763672,16.489789962768555,9252800
2011-02-17,19.825000762939453,19.950000762939453,19.764999389648438,19.899999618530273,16.493927001953125,6606800
2011-02-18,19.899999618530273,20.010000228881836,19.864999771118164,20.0049991607666,16.580961227416992,7377800
2011-02-22,19.780000686645508,19.834999084472656,19.469999313354492,19.524999618530273,16.183120727539062,15399400
2011-02-23,19.540000915527344,19.604999542236328,19.049999237060547,19.239999771118164,15.946903228759766,17915800
2011-02-24,19.270000457763672,19.395000457763672,19.100000381469727,19.354999542236328,16.042213439941406,18894400
2011-02-25,19.479999542236328,19.604999542236328,19.420000076293945,19.55500030517578,16.207988739013672,8581200
2011-02-28,19.59000015258789,19.704999923706055,19.549999237060547,19.704999923706055,16.332317352294922,9762800
2011-03-01,19.735000610351562,19.790000915527344,19.30500030517578,19.329999923706055,16.021493911743164,20081600
2011-03-02,19.290000915527344,19.479999542236328,19.274999618530273,19.405000686645508,16.083656311035156,14813400
2011-03-03,19.6200008392334,19.774999618530273,19.565000534057617,19.75,16.369611740112305,15178200
2011-03-04,19.719999313354492,19.764999389648438,19.440000534057617,19.604999542236328,16.249422073364258,16378400
2011-03-07,19.614999771118164,19.725000381469727,19.299999237060547,19.40999984741211,16.087799072265625,16608200
2011-03-08,19.420000076293945,19.6200008392334,19.31999969482422,19.565000534057617,16.21627426147461,10753600
2011-03-09,19.524999618530273,19.65999984741211,19.424999237060547,19.610000610351562,16.253576278686523,13902400
2011-03-10,19.385000228881836,19.540000915527344,19.299999237060547,19.385000228881836,16.067081451416016,19229000
2011-03-11,19.309999465942383,19.575000762939453,19.2549991607666,19.5049991607666,16.16654396057129,21319000
2011-03-14,19.350000381469727,19.415000915527344,19.100000381469727,19.264999389648438,15.967619895935059,13307000
2011-03-15,18.829999923706055,19.229999542236328,18.7450008392334,19.104999542236328,15.835007667541504,14972600
2011-03-16,18.989999771118164,19.104999542236328,18.690000534057617,18.780000686645508,15.565635681152344,19049600
2011-03-17,19.024999618530273,19.09000015258789,18.844999313354492,18.864999771118164,15.636088371276855,12396200
2011-03-18,19.0,19.010000228881836,18.764999389648438,18.790000915527344,15.626103401184082,35608200
2011-03-21,19.030000686645508,19.114999771118164,18.969999313354492,19.079999923706055,15.867284774780273,26727400
2011-03-22,19.06999969482422,19.094999313354492,18.920000076293945,18.93000030517578,15.742528915405273,13460600
2011-03-23,18.885000228881836,19.145000457763672,18.760000228881836,19.094999313354492,15.879737854003906,14919800
2011-03-24,19.184999465942383,19.43000030517578,19.174999237060547,19.375,16.112606048583984,10029200
2011-03-25,19.440000534057617,19.540000915527344,19.3700008392334,19.40999984741211,16.141708374023438,7081400
2011-03-28,19.46500015258789,19.46500015258789,19.204999923706055,19.209999084472656,15.97538948059082,19556000
2011-03-29,19.204999923706055,19.389999389648438,19.170000076293945,19.385000228881836,16.12091827392578,12230000
2011-03-30,19.510000228881836,19.625,19.450000762939453,19.594999313354492,16.29555320739746,14049400
2011-03-31,19.530000686645508,19.565000534057617,19.415000915527344,19.524999618530273,16.237346649169922,11099600
2011-04-01,19.645000457763672,19.790000915527344,19.56999969482422,19.649999618530273,16.341289520263672,12049200
2011-04-04,19.700000762939453,19.7549991607666,19.6299991607666,19.69499969482422,16.37871742248535,5774400
2011-04-05,19.625,19.860000610351562,19.625,19.760000228881836,16.432777404785156,8023200
2011-04-06,19.84000015258789,19.899999618530273,19.6299991607666,19.725000381469727,16.403669357299805,14635000
2011-04-07,19.665000915527344,19.774999618530273,19.514999389648438,19.645000457763672,16.33714485168457,19789400
2011-04-08,19.729999542236328,19.739999771118164,19.434999465942383,19.530000686645508,16.241506576538086,17011600
2011-04-11,19.545000076293945,19.649999618530273,19.459999084472656,19.53499984741211,16.24565887451172,9573400
2011-04-12,19.43000030517578,19.56999969482422,19.395000457763672,19.510000228881836,16.224872589111328,17972600
2011-04-13,19.600000381469727,19.625,19.424999237060547,19.575000762939453,16.278919219970703,16133200
2011-04-14,19.450000762939453,19.559999465942383,19.350000381469727,19.530000686645508,16.241506576538086,8229400
2011-04-15,19.559999465942383,19.684999465942383,19.5049991607666,19.625,16.320518493652344,12910200
2011-04-18,19.415000915527344,19.479999542236328,19.229999542236328,19.450000762939453,16.174972534179688,17991600
2011-04-19,19.44499969482422,19.514999389648438,19.3700008392334,19.4950008392334,16.2123966217041,8930200
2011-04-20,19.770000457763672,19.920000076293945,19.75,19.844999313354492,16.503463745117188,17215000
2011-04-21,19.924999237060547,19.975000381469727,19.825000762939453,19.954999923706055,16.594940185546875,8625200
2011-04-25,19.96500015258789,19.975000381469727,19.8700008392334,19.934999465942383,16.578298568725586,8422400
2011-04-26,19.975000381469727,20.05500030517578,19.920000076293945,19.969999313354492,16.60741424560547,14000000
2011-04-27,20.030000686645508,20.239999771118164,20.020000457763672,20.209999084472656,16.80699920654297,12916000
2011-04-28,20.170000076293945,20.325000762939453,20.170000076293945,20.290000915527344,16.8735294342041,12118200
2011-04-29,20.30500030517578,20.360000610351562,20.25,20.274999618530273,16.861051559448242,20800000
2011-05-02,20.354999542236328,20.510000228881836,20.315000534057617,20.344999313354492,16.919275283813477,18676800
2011-05-03,20.329999923706055,20.3700008392334,20.139999389648438,20.229999542236328,16.82363510131836,13279600
2011-05-04,20.2549991607666,20.329999923706055,20.024999618530273,20.184999465942383,16.786211013793945,21531400
2011-05-05,20.03499984741211,20.31999969482422,20.010000228881836,20.1299991607666,16.740474700927734,16200000
2011-05-06,20.405000686645508,20.405000686645508,20.09000015258789,20.145000457763672,16.752948760986328,11709800
2011-05-09,20.149999618530273,20.25,20.09000015258789,20.170000076293945,16.773738861083984,8551200
2011-05-10,20.225000381469727,20.46500015258789,20.21500015258789,20.43000030517578,16.989952087402344,10063200
2011-05-11,20.415000915527344,20.415000915527344,20.1299991607666,20.235000610351562,16.827795028686523,9847400
2011-05-12,20.190000534057617,20.440000534057617,20.135000228881836,20.434999465942383,16.994115829467773,15400000
2011-05-13,20.450000762939453,20.475000381469727,20.229999542236328,20.280000686645508,16.865217208862305,10376800
2011-05-16,20.19499969482422,20.229999542236328,19.96500015258789,20.010000228881836,16.64068031311035,17553600
2011-05-17,19.950000762939453,20.079999923706055,19.885000228881836,20.030000686645508,16.657318115234375,32679000
2011-05-18,20.045000076293945,20.274999618530273,19.975000381469727,20.264999389648438,16.85274314880371,12817400
2011-05-19,20.325000762939453,20.344999313354492,20.204999923706055,20.329999923706055,16.906797409057617,8554200
2011-05-20,20.2450008392334,20.309999465942383,20.045000076293945,20.135000228881836,16.7446231842041,12816400
2011-05-23,19.889999389648438,20.03499984741211,19.854999542236328,19.94499969482422,16.586618423461914,10800000
2011-05-24,20.020000457763672,20.020000457763672,19.81999969482422,19.844999313354492,16.503463745117188,9649200
2011-05-25,19.780000686645508,19.934999465942383,19.71500015258789,19.850000381469727,16.507619857788086,11294800
2011-05-26,19.84000015258789,20.06999969482422,19.815000534057617,20.030000686645508,16.657318115234375,13351200
2011-05-27,20.05500030517578,20.149999618530273,20.020000457763672,20.079999923706055,16.698888778686523,8530400
2011-05-31,20.270000457763672,20.270000457763672,20.1200008392334,20.219999313354492,16.81532096862793,11977400
2011-06-01,20.145000457763672,20.18000030517578,19.7450008392334,19.760000228881836,16.432777404785156,25268600
2011-06-02,19.770000457763672,19.844999313354492,19.604999542236328,19.71500015258789,16.395349502563477,15816400
2011-06-03,19.459999084472656,19.6200008392334,19.420000076293945,19.459999084472656,16.18328285217285,14524400
2011-06-06,19.420000076293945,19.4950008392334,19.25,19.2549991607666,16.012805938720703,10386200
2011-06-07,19.385000228881836,19.485000610351562,19.274999618530273,19.274999618530273,16.029441833496094,10020200
2011-06-08,19.270000457763672,19.28499984741211,19.094999313354492,19.125,15.904695510864258,20040200
2011-06-09,19.174999237060547,19.354999542236328,19.110000610351562,19.28499984741211,16.037757873535156,11329800
2011-06-10,19.184999465942383,19.21500015258789,18.905000686645508,18.93000030517578,15.742528915405273,19248600
2011-06-13,18.954999923706055,19.065000534057617,18.799999237060547,18.905000686645508,15.721741676330566,19118400
2011-06-14,19.079999923706055,19.280000686645508,19.079999923706055,19.239999771118164,16.00033187866211,18593800
2011-06-15,19.030000686645508,19.165000915527344,18.90999984741211,18.94499969482422,15.755001068115234,39760200
2011-06-16,18.950000762939453,19.040000915527344,18.760000228881836,18.899999618530273,15.717582702636719,17067800
2011-06-17,18.9950008392334,19.110000610351562,18.915000915527344,18.975000381469727,15.835672378540039,20661800
2011-06-20,18.899999618530273,19.200000762939453,18.875,19.1299991607666,15.9650239944458,10205000
2011-06-21,19.225000381469727,19.545000076293945,19.170000076293945,19.520000457763672,16.290496826171875,25307200
2011-06-22,19.489999771118164,19.559999465942383,19.360000610351562,19.3700008392334,16.16531753540039,15139200
2011-06-23,19.1200008392334,19.459999084472656,19.075000762939453,19.440000534057617,16.223735809326172,25104600
2011-06-24,19.440000534057617,19.4950008392334,19.209999084472656,19.25,16.065181732177734,19934200
2011-06-27,19.299999237060547,19.56999969482422,19.174999237060547,19.485000610351562,16.261295318603516,10825600
2011-06-28,19.614999771118164,19.854999542236328,19.565000534057617,19.854999542236328,16.570079803466797,29755200
2011-06-29,19.969999313354492,20.024999618530273,19.825000762939453,19.94499969482422,16.645183563232422,25746600
2011-06-30,19.9950008392334,20.149999618530273,19.969999313354492,20.104999542236328,16.778711318969727,18451400
2011-07-01,20.145000457763672,20.540000915527344,20.094999313354492,20.510000228881836,17.116718292236328,19309400
2011-07-05,20.475000381469727,20.68000030517578,20.44499969482422,20.600000381469727,17.19182014465332,23675600
2011-07-06,20.55500030517578,20.565000534057617,20.459999084472656,20.524999618530273,17.129234313964844,11121000
2011-07-07,20.75,20.889999389648438,20.719999313354492,20.809999465942383,17.367080688476562,15744000
2011-07-08,20.524999618530273,20.684999465942383,20.485000610351562,20.684999465942383,17.26276206970215,12362600
2011-07-11,20.375,20.53499984741211,20.204999923706055,20.28499984741211,16.92894172668457,19935600
2011-07-12,20.25,20.405000686645508,20.174999237060547,20.184999465942383,16.845481872558594,18989800
2011-07-13,20.315000534057617,20.510000228881836,20.2549991607666,20.290000915527344,16.933109283447266,12232000
2011-07-14,20.344999313354492,20.440000534057617,20.059999465942383,20.135000228881836,16.80375099182129,12107800
2011-07-15,20.235000610351562,20.235000610351562,20.0,20.145000457763672,16.812101364135742,31336000
2011-07-18,20.05500030517578,20.094999313354492,19.815000534057617,19.950000762939453,16.649364471435547,12047800
2011-07-19,20.100000381469727,20.3799991607666,20.100000381469727,20.334999084472656,16.970664978027344,16963000
2011-07-20,20.375,20.3799991607666,20.155000686645508,20.229999542236328,16.883039474487305,9973800
2011-07-21,20.325000762939453,20.579999923706055,20.315000534057617,20.46500015258789,17.07915687561035,13880200
2011-07-22,20.475000381469727,20.575000762939453,20.395000457763672,20.545000076293945,17.145919799804688,8209200
2011-07-25,20.31999969482422,20.4950008392334,20.31999969482422,20.40999984741211,17.03325843811035,7947800
2011-07-26,20.415000915527344,20.440000534057617,20.290000915527344,20.375,17.004051208496094,9939600
2011-07-27,20.354999542236328,20.360000610351562,19.985000610351562,20.020000457763672,16.707782745361328,19216800
2011-07-28,20.045000076293945,20.190000534057617,19.8799991607666,19.920000076293945,16.62432289123535,13346200
2011-07-29,19.809999465942383,20.020000457763672,19.645000457763672,19.825000762939453,16.545042037963867,18268000
2011-08-01,20.049999237060547,20.049999237060547,19.475000381469727,19.719999313354492,16.457420349121094,16283400
2011-08-02,19.55500030517578,19.639999389648438,18.975000381469727,18.975000381469727,15.835672378540039,24332400
2011-08-03,19.020000457763672,19.135000228881836,18.625,19.114999771118164,15.95251178741455,27995000
2011-08-04,18.815000534057617,18.864999771118164,18.18000030517578,18.184999465942383,15.176373481750488,46110800
2011-08-05,18.40999984741211,18.524999618530273,17.68000030517578,18.170000076293945,15.163853645324707,49672800
2011-08-08,17.709999084472656,17.899999618530273,16.954999923706055,17.030000686645508,14.212461471557617,52621400
2011-08-09,17.264999389648438,17.834999084472656,16.709999084472656,17.81999969482422,14.8717622756958,50522000
2011-08-10,17.389999389648438,17.614999771118164,17.010000228881836,17.059999465942383,14.237496376037598,46480800
2011-08-11,17.209999084472656,18.045000076293945,17.125,17.815000534057617,14.867587089538574,38716800
2011-08-12,17.985000610351562,18.145000457763672,17.780000686645508,18.03499984741211,15.051187515258789,21431200
2011-08-15,18.125,18.299999237060547,17.985000610351562,18.299999237060547,15.272347450256348,42941800
2011-08-16,18.200000762939453,18.375,18.0,18.200000762939453,15.188887596130371,18259200
2011-08-17,18.3700008392334,18.440000534057617,17.94499969482422,18.174999237060547,15.168023109436035,19399200
2011-08-18,17.645000457763672,17.665000915527344,17.100000381469727,17.274999618530273,14.416927337646484,34377200
2011-08-19,17.020000457763672,17.594999313354492,16.9950008392334,17.024999618530273,14.208296775817871,30236400
2011-08-22,17.405000686645508,17.450000762939453,17.03499984741211,17.075000762939453,14.250020027160645,21931400
2011-08-23,17.135000228881836,17.739999771118164,17.065000534057617,17.735000610351562,14.800825119018555,19785200
2011-08-24,17.665000915527344,18.059999465942383,17.635000228881836,18.049999237060547,15.063705444335938,20670400
2011-08-25,18.135000228881836,18.209999084472656,17.6299991607666,17.690000534057617,14.76327133178711,23207800
2011-08-26,17.56999969482422,18.15999984741211,17.375,18.059999465942383,15.072053909301758,21998800
2011-08-29,18.290000915527344,18.600000381469727,18.260000228881836,18.584999084472656,15.510199546813965,19820400
2011-08-30,18.540000915527344,18.799999237060547,18.3799991607666,18.670000076293945,15.581130027770996,27446000
2011-08-31,18.799999237060547,18.9950008392334,18.625,18.78499984741211,15.677103042602539,16813800
2011-09-01,18.774999618530273,18.950000762939453,18.530000686645508,18.55500030517578,15.485164642333984,19644400
2011-09-02,18.18000030517578,18.270000457763672,17.969999313354492,18.030000686645508,15.047019004821777,24527600
2011-09-06,17.5049991607666,18.0,17.4950008392334,17.975000381469727,15.001110076904297,17562000
2011-09-07,18.219999313354492,18.450000762939453,18.139999389648438,18.440000534057617,15.389189720153809,17093000
2011-09-08,18.31999969482422,18.5,18.1200008392334,18.190000534057617,15.180545806884766,14868000
2011-09-09,17.96500015258789,18.05500030517578,17.584999084472656,17.709999084472656,14.779958724975586,22248000
2011-09-12,17.420000076293945,17.924999237060547,17.420000076293945,17.920000076293945,14.955218315124512,17743200
2011-09-13,17.959999084472656,18.190000534057617,17.834999084472656,18.1299991607666,15.13046932220459,16629200
2011-09-14,18.219999313354492,18.65999984741211,17.975000381469727,18.43000030517578,15.380838394165039,20164600
2011-09-15,18.670000076293945,18.770000457763672,18.434999465942383,18.739999771118164,15.639551162719727,15697200
2011-09-16,18.75,18.905000686645508,18.684999465942383,18.885000228881836,15.8145751953125,23261600
2011-09-19,18.565000534057617,18.954999923706055,18.5,18.850000381469727,15.785258293151855,13108200
2011-09-20,18.93000030517578,19.114999771118164,18.735000610351562,18.75,15.701517105102539,27629400
2011-09-21,18.790000915527344,18.81999969482422,18.145000457763672,18.145000457763672,15.194883346557617,28418800
2011-09-22,17.59000015258789,17.954999923706055,17.334999084472656,17.600000381469727,14.738499641418457,56392200
2011-09-23,17.479999542236328,17.969999313354492,17.469999313354492,17.864999771118164,14.96041488647461,33179200
2011-09-26,18.03499984741211,18.28499984741211,17.700000762939453,18.28499984741211,15.312122344970703,28385600
2011-09-27,18.625,18.774999618530273,18.309999465942383,18.40999984741211,15.416801452636719,25105200
2011-09-28,18.454999923706055,18.625,18.075000762939453,18.094999313354492,15.1530122756958,19486200
2011-09-29,18.415000915527344,18.434999465942383,17.575000762939453,17.94499969482422,15.027405738830566,26736800
2011-09-30,17.635000228881836,17.895000457763672,17.43000030517578,17.43000030517578,14.59613037109375,26451400
2011-10-03,17.30500030517578,17.604999542236328,16.920000076293945,16.920000076293945,14.169049263000488,44002600
2011-10-04,16.700000762939453,17.4950008392334,16.53499984741211,17.454999923706055,14.617069244384766,35315400
2011-10-05,17.53499984741211,17.825000762939453,17.334999084472656,17.774999618530273,14.885039329528809,28178600
2011-10-06,17.760000228881836,18.209999084472656,17.719999313354492,18.190000534057617,15.232568740844727,17806200
2011-10-07,18.295000076293945,18.3799991607666,18.030000686645508,18.174999237060547,15.220001220703125,23840000
2011-10-10,18.375,18.80500030517578,18.375,18.790000915527344,15.735016822814941,13154600
2011-10-11,18.729999542236328,18.899999618530273,18.68000030517578,18.8700008392334,15.802020072937012,15960000
2011-10-12,18.959999084472656,19.295000076293945,18.94499969482422,19.040000915527344,15.944372177124023,19556800
2011-10-13,18.975000381469727,19.110000610351562,18.875,19.024999618530273,15.93181037902832,17656800
2011-10-14,19.264999389648438,19.360000610351562,19.100000381469727,19.334999084472656,16.19140625,12333800
2011-10-17,19.239999771118164,19.31999969482422,18.934999465942383,18.940000534057617,15.860631942749023,11855600
2011-10-18,18.94499969482422,19.479999542236328,18.7450008392334,19.325000762939453,16.18303680419922,22580000
2011-10-19,19.354999542236328,19.3700008392334,18.96500015258789,19.03499984741211,15.940181732177734,14810800
2011-10-20,19.075000762939453,19.21500015258789,18.825000762939453,19.1299991607666,16.019733428955078,17991000
2011-10-21,19.399999618530273,19.670000076293945,19.3700008392334,19.65999984741211,16.463571548461914,20837200
2011-10-24,19.774999618530273,20.020000457763672,19.684999465942383,19.950000762939453,16.7064151763916,26215200
2011-10-25,19.844999313354492,19.844999313354492,19.454999923706055,19.514999389648438,16.34214973449707,22184200
2011-10-26,19.540000915527344,19.594999313354492,19.110000610351562,19.440000534057617,16.27933120727539,32416200
2011-10-27,19.959999084472656,20.084999084472656,19.610000610351562,19.969999313354492,16.723167419433594,25967200
2011-10-28,19.885000228881836,19.93000030517578,19.68000030517578,19.815000534057617,16.593372344970703,18144400
2011-10-31,19.614999771118164,19.7549991607666,19.4950008392334,19.510000228881836,16.337953567504883,12987000
2011-11-01,19.024999618530273,19.280000686645508,18.90999984741211,19.09000015258789,15.986245155334473,21417200
2011-11-02,19.40999984741211,19.40999984741211,19.1200008392334,19.28499984741211,16.1495418548584,10861400
2011-11-03,19.46500015258789,19.579999923706055,19.059999465942383,19.53499984741211,16.358888626098633,13476800
2011-11-04,19.415000915527344,19.510000228881836,19.239999771118164,19.459999084472656,16.296079635620117,9393400
2011-11-07,19.5,19.59000015258789,19.295000076293945,19.584999084472656,16.4007625579834,9088200
2011-11-08,19.68000030517578,19.80500030517578,19.385000228881836,19.774999618530273,16.559873580932617,16891400
2011-11-09,19.3799991607666,19.399999618530273,19.0,19.06999969482422,15.969491958618164,13776400
2011-11-10,19.270000457763672,19.299999237060547,18.9950008392334,19.25,16.120235443115234,13508800
2011-11-11,19.440000534057617,19.780000686645508,19.440000534057617,19.735000610351562,16.52637481689453,13413000
2011-11-14,19.645000457763672,19.760000228881836,19.510000228881836,19.59000015258789,16.40494728088379,6967600
2011-11-15,19.5049991607666,19.764999389648438,19.415000915527344,19.65999984741211,16.463571548461914,7796200
2011-11-16,19.485000610351562,19.649999618530273,19.2549991607666,19.290000915527344,16.15372085571289,9803600
2011-11-17,19.264999389648438,19.309999465942383,18.844999313354492,18.950000762939453,15.869000434875488,13999400
2011-11-18,19.03499984741211,19.065000534057617,18.825000762939453,18.940000534057617,15.860631942749023,7739800
2011-11-21,18.684999465942383,18.725000381469727,18.40999984741211,18.645000457763672,15.613595008850098,11704600
2011-11-22,18.614999771118164,18.729999542236328,18.454999923706055,18.635000228881836,15.605220794677734,7865600
2011-11-23,18.454999923706055,18.520000457763672,18.2450008392334,18.264999389648438,15.295374870300293,9337800
2011-11-25,18.19499969482422,18.389999389648438,18.165000915527344,18.165000915527344,15.211631774902344,5977400
2011-11-28,18.670000076293945,18.834999084472656,18.604999542236328,18.719999313354492,15.676385879516602,11134400
2011-11-29,18.774999618530273,18.889999389648438,18.69499969482422,18.78499984741211,15.730826377868652,9683200
2011-11-30,19.315000534057617,19.389999389648438,19.155000686645508,19.3700008392334,16.22071075439453,17420400
2011-12-01,19.344999313354492,19.770000457763672,19.30500030517578,19.385000228881836,16.233280181884766,8752000
2011-12-02,19.604999542236328,19.71500015258789,19.520000457763672,19.53499984741211,16.358888626098633,11458800
2011-12-05,19.834999084472656,19.875,19.594999313354492,19.71500015258789,16.509626388549805,9183400
2011-12-06,19.69499969482422,19.764999389648438,19.594999313354492,19.649999618530273,16.45518684387207,12284200
2011-12-07,19.575000762939453,19.864999771118164,19.475000381469727,19.774999618530273,16.559873580932617,9435800
2011-12-08,19.670000076293945,19.725000381469727,19.31999969482422,19.354999542236328,16.20815086364746,12827400
2011-12-09,19.454999923706055,19.7450008392334,19.450000762939453,19.674999237060547,16.47612762451172,13206200
2011-12-12,19.530000686645508,19.635000228881836,19.34000015258789,19.614999771118164,16.425878524780273,28487800
2011-12-13,19.709999084472656,19.739999771118164,19.149999618530273,19.229999542236328,16.103477478027344,15795600
2011-12-14,19.190000534057617,19.190000534057617,18.905000686645508,19.030000686645508,15.935993194580078,15993000
2011-12-15,19.18000030517578,19.21500015258789,19.030000686645508,19.059999465942383,15.96111011505127,14978800
2011-12-16,19.075000762939453,19.18000030517578,18.920000076293945,18.950000762939453,15.961115837097168,24864000
2011-12-19,19.0,19.100000381469727,18.684999465942383,18.739999771118164,15.784236907958984,10322800
2011-12-20,19.024999618530273,19.295000076293945,19.0049991607666,19.2549991607666,16.21800994873047,11583400
2011-12-21,19.28499984741211,19.3700008392334,19.139999389648438,19.31999969482422,16.27276611328125,6711000
2011-12-22,19.399999618530273,19.420000076293945,19.309999465942383,19.375,16.319089889526367,6843400
2011-12-23,19.469999313354492,19.604999542236328,19.43000030517578,19.59000015258789,16.500171661376953,3983200
2011-12-27,19.514999389648438,19.69499969482422,19.5,19.649999618530273,16.55070686340332,4226200
2011-12-28,19.704999923706055,19.704999923706055,19.375,19.434999465942383,16.3696231842041,5336000
2011-12-29,19.440000534057617,19.635000228881836,19.440000534057617,19.635000228881836,16.53807258605957,4639400
2011-12-30,19.604999542236328,19.6299991607666,19.510000228881836,19.510000228881836,16.43279266357422,3975200
2012-01-03,19.834999084472656,19.905000686645508,19.674999237060547,19.674999237060547,16.57176399230957,24111000
2012-01-04,19.639999389648438,19.875,19.639999389648438,19.829999923706055,16.70232582092285,6236600
2012-01-05,19.719999313354492,19.9950008392334,19.614999771118164,19.9950008392334,16.84129524230957,9152600
2012-01-06,20.0049991607666,20.100000381469727,19.899999618530273,20.024999618530273,16.866567611694336,6185200
2012-01-09,20.079999923706055,20.079999923706055,19.915000915527344,19.9950008392334,16.84129524230957,6142800
2012-01-10,20.165000915527344,20.174999237060547,20.05500030517578,20.125,16.950788497924805,7713000
2012-01-11,20.09000015258789,20.19499969482422,20.079999923706055,20.155000686645508,16.976055145263672,5221000
2012-01-12,20.19499969482422,20.2450008392334,20.040000915527344,20.21500015258789,17.026592254638672,4188200
2012-01-13,20.100000381469727,20.190000534057617,19.985000610351562,20.190000534057617,17.005538940429688,6846400
2012-01-17,20.30500030517578,20.375,20.21500015258789,20.2450008392334,17.051870346069336,4717400
2012-01-18,20.28499984741211,20.59000015258789,20.204999923706055,20.56999969482422,17.32560157775879,8930000
2012-01-19,20.600000381469727,20.78499984741211,20.575000762939453,20.75,17.477218627929688,7903400
2012-01-20,20.7450008392334,20.7450008392334,20.520000457763672,20.579999923706055,17.334026336669922,12068000
2012-01-23,20.584999084472656,20.709999084472656,20.424999237060547,20.565000534057617,17.321399688720703,5862400
2012-01-24,20.489999771118164,20.635000228881836,20.424999237060547,20.625,17.371929168701172,5635000
2012-01-25,20.610000610351562,20.81999969482422,20.524999618530273,20.774999618530273,17.498271942138672,8151000
2012-01-26,20.875,20.950000762939453,20.65999984741211,20.739999771118164,17.468786239624023,7479800
2012-01-27,20.6200008392334,20.764999389648438,20.575000762939453,20.725000381469727,17.456157684326172,6762800
2012-01-30,20.545000076293945,20.700000762939453,20.415000915527344,20.665000915527344,17.405622482299805,9903200
2012-01-31,20.795000076293945,20.809999465942383,20.579999923706055,20.65999984741211,17.401403427124023,6828400
2012-02-01,20.700000762939453,20.80500030517578,20.655000686645508,20.729999542236328,17.460371017456055,11254400
2012-02-02,20.719999313354492,20.7549991607666,20.604999542236328,20.704999923706055,17.439311981201172,7214200
2012-02-03,20.854999542236328,21.1299991607666,20.854999542236328,21.1299991607666,17.79726791381836,11123600
2012-02-06,20.9950008392334,21.1200008392334,20.989999771118164,21.084999084472656,17.75937271118164,5171600
2012-02-07,21.084999084472656,21.21500015258789,21.020000457763672,21.184999465942383,17.843597412109375,18817200
2012-02-08,21.235000610351562,21.334999084472656,21.104999542236328,21.235000610351562,17.885717391967773,8521800
2012-02-09,21.225000381469727,21.290000915527344,21.079999923706055,21.270000457763672,17.915199279785156,8258800
2012-02-10,21.05500030517578,21.18000030517578,21.030000686645508,21.155000686645508,17.818334579467773,6367000
2012-02-13,21.30500030517578,21.354999542236328,21.2450008392334,21.325000762939453,17.961524963378906,9679200
2012-02-14,21.21500015258789,21.315000534057617,21.139999389648438,21.299999237060547,17.940465927124023,7708200
2012-02-15,21.395000457763672,21.434999465942383,21.155000686645508,21.204999923706055,17.86045265197754,9940800
2012-02-16,21.170000076293945,21.325000762939453,21.155000686645508,21.295000076293945,17.936256408691406,9935000
2012-02-17,21.350000381469727,21.514999389648438,21.350000381469727,21.479999542236328,18.092071533203125,6741400
2012-02-21,21.549999237060547,21.604999542236328,21.360000610351562,21.405000686645508,18.028905868530273,8236600
2012-02-22,21.405000686645508,21.440000534057617,21.274999618530273,21.350000381469727,17.982576370239258,9264400
2012-02-23,21.350000381469727,21.46500015258789,21.270000457763672,21.454999923706055,18.071020126342773,7072600
2012-02-24,21.454999923706055,21.520000457763672,21.399999618530273,21.43000030517578,18.049962997436523,5540200
2012-02-27,21.354999542236328,21.584999084472656,21.295000076293945,21.55500030517578,18.155248641967773,8870800
2012-02-28,21.55500030517578,21.684999465942383,21.5049991607666,21.674999237060547,18.25632095336914,12252000
2012-02-29,21.690000534057617,21.7549991607666,21.59000015258789,21.594999313354492,18.188934326171875,19011800
2012-03-01,21.655000686645508,21.80500030517578,21.645000457763672,21.774999618530273,18.34054946899414,9467200
2012-03-02,21.709999084472656,21.84000015258789,21.684999465942383,21.760000228881836,18.327911376953125,11599800
2012-03-05,21.700000762939453,21.78499984741211,21.635000228881836,21.739999771118164,18.31106948852539,6652200
2012-03-06,21.540000915527344,21.549999237060547,21.334999084472656,21.399999618530273,18.024690628051758,10974000
2012-03-07,21.479999542236328,21.674999237060547,21.469999313354492,21.645000457763672,18.231050491333008,9631800
2012-03-08,21.670000076293945,21.90999984741211,21.670000076293945,21.864999771118164,18.416349411010742,8756200
2012-03-09,21.950000762939453,22.03499984741211,21.899999618530273,21.989999771118164,18.521636962890625,9470800
2012-03-12,22.0,22.05500030517578,21.885000228881836,21.93000030517578,18.471107482910156,10772000
2012-03-13,22.014999389648438,22.270000457763672,21.975000381469727,22.270000457763672,18.75747299194336,13602600
2012-03-14,22.280000686645508,22.295000076293945,22.170000076293945,22.239999771118164,18.73219871520996,13957200
2012-03-15,22.235000610351562,22.329999923706055,22.149999618530273,22.315000534057617,18.795372009277344,10541200
2012-03-16,22.274999618530273,22.280000686645508,22.1299991607666,22.174999237060547,18.734975814819336,15447600
2012-03-19,22.100000381469727,22.31999969482422,22.09000015258789,22.290000915527344,18.832128524780273,14249800
2012-03-20,22.184999465942383,22.3700008392334,22.1200008392334,22.325000762939453,18.861698150634766,9535400
2012-03-21,22.3700008392334,22.424999237060547,22.325000762939453,22.354999542236328,18.887039184570312,6158800
2012-03-22,22.2450008392334,22.354999542236328,22.204999923706055,22.299999237060547,18.840574264526367,9118600
2012-03-23,22.264999389648438,22.350000381469727,22.045000076293945,22.325000762939453,18.861698150634766,7054400
2012-03-26,22.510000228881836,22.69499969482422,22.479999542236328,22.68000030517578,19.161623001098633,11443800
2012-03-27,22.7450008392334,22.780000686645508,22.6299991607666,22.645000457763672,19.132051467895508,9001400
2012-03-28,22.65999984741211,22.65999984741211,22.350000381469727,22.450000762939453,18.967304229736328,13392000
2012-03-29,22.299999237060547,22.46500015258789,22.19499969482422,22.44499969482422,18.963088989257812,7817600
2012-03-30,22.540000915527344,22.604999542236328,22.415000915527344,22.545000076293945,19.047569274902344,8367400
2012-04-02,22.510000228881836,22.68000030517578,22.450000762939453,22.604999542236328,19.098257064819336,21711200
2012-04-03,22.575000762939453,22.700000762939453,22.475000381469727,22.559999465942383,19.060237884521484,10632600
2012-04-04,22.424999237060547,22.440000534057617,22.209999084472656,22.350000381469727,18.882822036743164,14964000
2012-04-05,22.274999618530273,22.540000915527344,22.274999618530273,22.5049991607666,19.01377296447754,11427200
2012-04-09,22.18000030517578,22.350000381469727,22.139999389648438,22.299999237060547,18.840574264526367,13188000
2012-04-10,22.219999313354492,22.295000076293945,21.709999084472656,21.7549991607666,18.380117416381836,34536400
2012-04-11,21.969999313354492,22.114999771118164,21.950000762939453,22.05500030517578,18.63358497619629,9042400
2012-04-12,22.104999542236328,22.354999542236328,22.010000228881836,22.334999084472656,18.870147705078125,14096400
2012-04-13,22.290000915527344,22.395000457763672,22.170000076293945,22.274999618530273,18.819454193115234,12947600
2012-04-16,22.329999923706055,22.385000228881836,22.094999313354492,22.19499969482422,18.751863479614258,19842600
2012-04-17,22.30500030517578,22.4950008392334,22.239999771118164,22.43000030517578,18.950410842895508,9396400
2012-04-18,22.3799991607666,22.559999465942383,22.350000381469727,22.46500015258789,18.979976654052734,8628400
2012-04-19,22.46500015258789,22.575000762939453,22.184999465942383,22.28499984741211,18.827903747558594,11413600
2012-04-20,22.375,22.489999771118164,22.309999465942383,22.31999969482422,18.857473373413086,9196200
2012-04-23,22.125,22.15999984741211,21.934999465942383,22.079999923706055,18.654705047607422,12324200
2012-04-24,22.104999542236328,22.19499969482422,21.915000915527344,22.0049991607666,18.591339111328125,17761400
2012-04-25,22.170000076293945,22.389999389648438,22.15999984741211,22.375,18.903940200805664,15792800
2012-04-26,22.34000015258789,22.700000762939453,22.34000015258789,22.655000686645508,19.14051055908203,11561400
2012-04-27,22.81999969482422,23.040000915527344,22.71500015258789,22.934999465942383,19.37706756591797,17906200
2012-04-30,22.920000076293945,22.920000076293945,22.75,22.80500030517578,19.267236709594727,13903200
2012-05-01,22.860000610351562,23.135000228881836,22.78499984741211,22.954999923706055,19.393962860107422,15511600
2012-05-02,22.875,23.104999542236328,22.829999923706055,23.079999923706055,19.49956512451172,19296800
2012-05-03,23.06999969482422,23.09000015258789,22.829999923706055,22.899999618530273,19.347497940063477,10054600
2012-05-04,22.799999237060547,22.799999237060547,22.434999465942383,22.454999923706055,18.97153091430664,19999800
2012-05-07,22.389999389648438,22.540000915527344,22.364999771118164,22.44499969482422,18.963088989257812,15508600
2012-05-08,22.274999618530273,22.280000686645508,21.809999465942383,22.174999237060547,18.734975814819336,24420200
2012-05-09,21.979999542236328,22.209999084472656,21.844999313354492,22.09000015258789,18.66315269470215,22291600
2012-05-10,22.21500015258789,22.299999237060547,22.079999923706055,22.165000915527344,18.726520538330078,15600000
2012-05-11,22.030000686645508,22.3700008392334,22.024999618530273,22.1200008392334,18.688501358032227,16199200
2012-05-14,21.94499969482422,22.030000686645508,21.80500030517578,21.809999465942383,18.426589965820312,23373600
2012-05-15,21.790000915527344,22.05500030517578,21.725000381469727,21.774999618530273,18.397022247314453,19657800
2012-05-16,21.834999084472656,22.0,21.735000610351562,21.739999771118164,18.36745262145996,16355800
2012-05-17,21.760000228881836,21.770000457763672,21.149999618530273,21.165000915527344,17.88165283203125,31044600
2012-05-18,21.229999542236328,21.350000381469727,20.975000381469727,21.0049991607666,17.746469497680664,18975800
2012-05-21,20.975000381469727,21.3799991607666,20.864999771118164,21.375,18.05907440185547,16673400
2012-05-22,21.454999923706055,21.625,21.31999969482422,21.459999084472656,18.130887985229492,18412000
2012-05-23,21.309999465942383,21.610000610351562,21.200000762939453,21.575000762939453,18.228050231933594,13270200
2012-05-24,21.610000610351562,21.709999084472656,21.485000610351562,21.674999237060547,18.31253433227539,15790000
2012-05-25,21.700000762939453,21.7549991607666,21.575000762939453,21.639999389648438,18.282960891723633,12193400
2012-05-29,21.815000534057617,21.979999542236328,21.71500015258789,21.940000534057617,18.53642463684082,24655000
2012-05-30,21.725000381469727,21.7549991607666,21.53499984741211,21.594999313354492,18.244943618774414,14576800
2012-05-31,21.56999969482422,21.690000534057617,21.350000381469727,21.549999237060547,18.206926345825195,19736200
2012-06-01,21.184999465942383,21.235000610351562,20.829999923706055,20.8700008392334,17.63240623474121,30107600
2012-06-04,20.8700008392334,21.010000228881836,20.719999313354492,20.94499969482422,17.69577980041504,21881000
2012-06-05,20.8700008392334,21.094999313354492,20.854999542236328,21.059999465942383,17.792936325073242,13564200
2012-06-06,21.235000610351562,21.53499984741211,21.21500015258789,21.514999389648438,18.177356719970703,18108200
2012-06-07,21.850000381469727,21.850000381469727,21.459999084472656,21.514999389648438,18.177356719970703,16325000
2012-06-08,21.43000030517578,21.709999084472656,21.34000015258789,21.704999923706055,18.33787727355957,12487200
2012-06-11,21.875,21.889999389648438,21.34000015258789,21.375,18.05907440185547,22115200
2012-06-12,21.450000762939453,21.635000228881836,21.325000762939453,21.604999542236328,18.253389358520508,24132600
2012-06-13,21.524999618530273,21.614999771118164,21.219999313354492,21.290000915527344,17.987266540527344,22783200
2012-06-14,21.3799991607666,21.674999237060547,21.31999969482422,21.575000762939453,18.228050231933594,24209200
2012-06-15,21.600000381469727,21.729999542236328,21.524999618530273,21.709999084472656,18.406944274902344,20657200
2012-06-18,21.6299991607666,21.90999984741211,21.584999084472656,21.864999771118164,18.53835678100586,10990600
2012-06-19,21.969999313354492,22.165000915527344,21.934999465942383,22.065000534057617,18.707927703857422,21073800
2012-06-20,22.100000381469727,22.139999389648438,21.860000610351562,22.040000915527344,18.686731338500977,14074400
2012-06-21,22.06999969482422,22.06999969482422,21.540000915527344,21.559999465942383,18.279766082763672,15924800
2012-06-22,21.6299991607666,21.69499969482422,21.545000076293945,21.655000686645508,18.360307693481445,7776000
2012-06-25,21.44499969482422,21.5049991607666,21.235000610351562,21.31999969482422,18.076282501220703,15135400
2012-06-26,21.40999984741211,21.65999984741211,21.344999313354492,21.584999084472656,18.300962448120117,15523600
2012-06-27,21.575000762939453,21.690000534057617,21.485000610351562,21.55500030517578,18.275522232055664,8129600
2012-06-28,21.43000030517578,21.489999771118164,21.225000381469727,21.434999465942383,18.173784255981445,13537000
2012-06-29,21.780000686645508,21.915000915527344,21.604999542236328,21.889999389648438,18.55956268310547,20060400
2012-07-02,21.905000686645508,21.989999771118164,21.790000915527344,21.954999923706055,18.614665985107422,16784400
2012-07-03,21.934999465942383,21.985000610351562,21.81999969482422,21.934999465942383,18.59770965576172,5544000
2012-07-05,21.829999923706055,22.100000381469727,21.815000534057617,21.989999771118164,18.644344329833984,11049600
2012-07-06,21.80500030517578,21.959999084472656,21.760000228881836,21.885000228881836,18.55531883239746,10615400
2012-07-09,21.8700008392334,21.895000457763672,21.69499969482422,21.764999389648438,18.45357322692871,11543400
2012-07-10,21.875,21.954999923706055,21.55500030517578,21.635000228881836,18.343353271484375,12337600
2012-07-11,21.6299991607666,21.670000076293945,21.375,21.510000228881836,18.23737144470215,17611800
2012-07-12,21.389999389648438,21.549999237060547,21.225000381469727,21.459999084472656,18.194982528686523,12639600
2012-07-13,21.489999771118164,21.854999542236328,21.459999084472656,21.809999465942383,18.491724014282227,12118800
2012-07-16,21.690000534057617,21.790000915527344,21.59000015258789,21.670000076293945,18.373029708862305,8102800
2012-07-17,21.729999542236328,21.94499969482422,21.604999542236328,21.885000228881836,18.55531883239746,12678400
2012-07-18,21.799999237060547,22.059999465942383,21.770000457763672,22.0,18.652820587158203,14100800
2012-07-19,22.049999237060547,22.290000915527344,21.989999771118164,22.145000457763672,18.7757568359375,8381800
2012-07-20,21.9950008392334,22.024999618530273,21.864999771118164,21.875,18.54684066772461,11541400
2012-07-23,21.53499984741211,21.6299991607666,21.395000457763672,21.55500030517578,18.275522232055664,7985400
2012-07-24,21.56999969482422,21.600000381469727,21.270000457763672,21.40999984741211,18.1525821685791,9807400
2012-07-25,21.44499969482422,21.5049991607666,21.280000686645508,21.364999771118164,18.114429473876953,6431400
2012-07-26,21.674999237060547,21.780000686645508,21.4950008392334,21.709999084472656,18.406944274902344,10344000
2012-07-27,21.825000762939453,22.19499969482422,21.825000762939453,22.139999389648438,18.771520614624023,19862200
2012-07-30,22.135000228881836,22.200000762939453,21.9950008392334,22.05500030517578,18.69945526123047,15601400
2012-07-31,21.959999084472656,21.959999084472656,21.770000457763672,21.770000457763672,18.45781707763672,11804600
2012-08-01,21.915000915527344,21.934999465942383,21.655000686645508,21.68000030517578,18.381511688232422,15779400
2012-08-02,21.545000076293945,21.844999313354492,21.5049991607666,21.735000610351562,18.42814064025879,14415400
2012-08-03,21.975000381469727,22.204999923706055,21.959999084472656,22.165000915527344,18.7927188873291,15292400
2012-08-06,22.200000762939453,22.309999465942383,22.155000686645508,22.2450008392334,18.860546112060547,10836800
2012-08-07,22.354999542236328,22.530000686645508,22.354999542236328,22.454999923706055,19.038589477539062,12502800
2012-08-08,22.239999771118164,22.364999771118164,22.170000076293945,22.344999313354492,18.945327758789062,8037000
2012-08-09,22.315000534057617,22.395000457763672,22.270000457763672,22.329999923706055,18.9326114654541,3436600
2012-08-10,22.25,22.325000762939453,22.204999923706055,22.309999465942383,18.915651321411133,8928600
2012-08-13,22.280000686645508,22.334999084472656,22.184999465942383,22.31999969482422,18.92413902282715,4789600
2012-08-14,22.475000381469727,22.479999542236328,22.309999465942383,22.375,18.970760345458984,7095400
2012-08-15,22.34000015258789,22.46500015258789,22.34000015258789,22.44499969482422,19.030120849609375,4618400
2012-08-16,22.40999984741211,22.700000762939453,22.40999984741211,22.6299991607666,19.186967849731445,14047600
2012-08-17,22.639999389648438,22.75,22.639999389648438,22.71500015258789,19.259044647216797,9154800
2012-08-20,22.674999237060547,22.690000534057617,22.53499984741211,22.6200008392334,19.178495407104492,7038200
2012-08-21,22.65999984741211,22.770000457763672,22.545000076293945,22.59000015258789,19.15305519104004,6603600
2012-08-22,22.545000076293945,22.69499969482422,22.540000915527344,22.655000686645508,19.208168029785156,7563200
2012-08-23,22.579999923706055,22.604999542236328,22.454999923706055,22.5,19.076753616333008,7060600
2012-08-24,22.459999084472656,22.709999084472656,22.44499969482422,22.684999465942383,19.233612060546875,5896800
2012-08-27,22.75,22.7549991607666,22.594999313354492,22.649999618530273,19.20393180847168,5579600
2012-08-28,22.6299991607666,22.760000228881836,22.594999313354492,22.69499969482422,19.24207878112793,7244400
2012-08-29,22.71500015258789,22.844999313354492,22.684999465942383,22.80500030517578,19.33534812927246,8028600
2012-08-30,22.709999084472656,22.809999465942383,22.655000686645508,22.68000030517578,19.229358673095703,11250600
2012-08-31,22.809999465942383,22.875,22.649999618530273,22.774999618530273,19.309906005859375,7261600
2012-09-04,22.729999542236328,22.81999969482422,22.575000762939453,22.719999313354492,19.26327896118164,12437600
2012-09-05,22.75,22.844999313354492,22.684999465942383,22.7549991607666,19.292953491210938,12406800
2012-09-06,22.895000457763672,23.280000686645508,22.885000228881836,23.264999389648438,19.725360870361328,10768800
2012-09-07,23.334999084472656,23.415000915527344,23.299999237060547,23.389999389648438,19.831342697143555,9532000
2012-09-10,23.389999389648438,23.4950008392334,23.34000015258789,23.354999542236328,19.801668167114258,5881800
2012-09-11,23.360000610351562,23.420000076293945,23.309999465942383,23.344999313354492,19.79318618774414,6184400
2012-09-12,23.434999465942383,23.5,23.350000381469727,23.459999084472656,19.89068603515625,9850200
2012-09-13,23.450000762939453,23.815000534057617,23.385000228881836,23.760000228881836,20.145050048828125,11712200
2012-09-14,23.81999969482422,24.0049991607666,23.790000915527344,23.854999542236328,20.225595474243164,10467000
2012-09-17,23.834999084472656,23.834999084472656,23.69499969482422,23.764999389648438,20.14928436279297,5422400
2012-09-18,23.690000534057617,23.719999313354492,23.604999542236328,23.649999618530273,20.051782608032227,6535600
2012-09-19,23.725000381469727,23.96500015258789,23.684999465942383,23.895000457763672,20.259502410888672,11949600
2012-09-20,23.774999618530273,23.8700008392334,23.684999465942383,23.864999771118164,20.23406982421875,7068200
2012-09-21,23.885000228881836,23.920000076293945,23.735000610351562,23.764999389648438,20.219602584838867,9417800
2012-09-24,23.684999465942383,23.7549991607666,23.625,23.700000762939453,20.164302825927734,5377000
2012-09-25,23.774999618530273,23.860000610351562,23.415000915527344,23.420000076293945,19.926082611083984,5911200
2012-09-26,23.405000686645508,23.454999923706055,23.174999237060547,23.260000228881836,19.789947509765625,7033800
2012-09-27,23.350000381469727,23.584999084472656,23.309999465942383,23.4950008392334,19.98988914489746,5793600
2012-09-28,23.344999313354492,23.4950008392334,23.219999313354492,23.395000457763672,19.90480613708496,7286200
2012-10-01,23.454999923706055,23.649999618530273,23.334999084472656,23.3799991607666,19.89203643798828,5375200
2012-10-02,23.459999084472656,23.5049991607666,23.2450008392334,23.334999084472656,19.853757858276367,8313800
2012-10-03,23.424999237060547,23.600000381469727,23.34000015258789,23.520000457763672,20.01116371154785,7900600
2012-10-04,23.639999389648438,23.78499984741211,23.604999542236328,23.735000610351562,20.194082260131836,10827000
2012-10-05,23.895000457763672,23.985000610351562,23.739999771118164,23.80500030517578,20.25363540649414,10052400
2012-10-08,23.700000762939453,23.825000762939453,23.684999465942383,23.760000228881836,20.215354919433594,5473400
2012-10-09,23.739999771118164,23.739999771118164,23.3700008392334,23.3799991607666,19.89203643798828,11578000
2012-10-10,23.405000686645508,23.454999923706055,23.19499969482422,23.235000610351562,19.768678665161133,10855000
2012-10-11,23.405000686645508,23.405000686645508,23.06999969482422,23.1299991607666,19.679346084594727,11621800
2012-10-12,23.139999389648438,23.260000228881836,23.06999969482422,23.125,19.67508888244629,11437000
2012-10-15,23.219999313354492,23.385000228881836,23.084999084472656,23.354999542236328,19.87077522277832,6924200
2012-10-16,23.44499969482422,23.59000015258789,23.44499969482422,23.565000534057617,20.04944610595703,7666400
2012-10-17,23.6299991607666,23.770000457763672,23.575000762939453,23.700000762939453,20.164302825927734,9962400
2012-10-18,23.690000534057617,23.834999084472656,23.604999542236328,23.71500015258789,20.177072525024414,8949200
2012-10-19,23.625,23.639999389648438,23.204999923706055,23.290000915527344,19.81546974182129,14896400
2012-10-22,23.274999618530273,23.315000534057617,23.05500030517578,23.21500015258789,19.751657485961914,6554200
2012-10-23,22.975000381469727,23.100000381469727,22.834999084472656,23.030000686645508,19.594257354736328,9354400
2012-10-24,23.15999984741211,23.15999984741211,22.899999618530273,22.940000534057617,19.517683029174805,5481600
2012-10-25,23.065000534057617,23.155000686645508,22.78499984741211,22.885000228881836,19.47088623046875,5990800
2012-10-26,22.954999923706055,23.010000228881836,22.71500015258789,22.959999084472656,19.534698486328125,7577200
2012-10-31,23.165000915527344,23.209999084472656,22.854999542236328,23.03499984741211,19.5985107421875,18315800
2012-11-01,23.125,23.344999313354492,23.084999084472656,23.299999237060547,19.823974609375,10258800
2012-11-02,23.55500030517578,23.625,23.270000457763672,23.28499984741211,19.811220169067383,12173800
2012-11-05,23.260000228881836,23.3799991607666,23.15999984741211,23.344999313354492,19.86226463317871,12630200
2012-11-06,23.40999984741211,23.524999618530273,23.34000015258789,23.469999313354492,19.968618392944336,9504000
2012-11-07,23.299999237060547,23.3799991607666,23.014999389648438,23.19499969482422,19.73464584350586,13969200
2012-11-08,23.200000762939453,23.274999618530273,22.815000534057617,22.81999969482422,19.41558837890625,12935200
2012-11-09,22.635000228881836,22.90999984741211,22.594999313354492,22.709999084472656,19.32200050354004,14761200
2012-11-12,22.799999237060547,22.84000015258789,22.68000030517578,22.729999542236328,19.339017868041992,7039400
2012-11-13,22.670000076293945,22.9950008392334,22.645000457763672,22.795000076293945,19.394315719604492,6605200
2012-11-14,22.895000457763672,22.905000686645508,22.395000457763672,22.454999923706055,19.10503578186035,22211400
2012-11-15,22.434999465942383,22.579999923706055,22.344999313354492,22.440000534057617,19.092266082763672,13401000
2012-11-16,22.440000534057617,22.625,22.329999923706055,22.59000015258789,19.21990203857422,21996600
2012-11-19,22.854999542236328,23.075000762939453,22.844999313354492,23.075000762939453,19.632543563842773,14625400
2012-11-20,23.065000534057617,23.270000457763672,23.0049991607666,23.190000534057617,19.730384826660156,10274200
2012-11-21,23.184999465942383,23.309999465942383,23.155000686645508,23.270000457763672,19.7984561920166,11909600
2012-11-23,23.3700008392334,23.579999923706055,23.3700008392334,23.579999923706055,20.062206268310547,3779400
2012-11-26,23.489999771118164,23.520000457763672,23.354999542236328,23.469999313354492,19.968618392944336,14932600
2012-11-27,23.46500015258789,23.559999465942383,23.360000610351562,23.375,19.887788772583008,8545200
2012-11-28,23.334999084472656,23.69499969482422,23.21500015258789,23.68000030517578,20.147289276123047,23569200
2012-11-29,23.729999542236328,23.815000534057617,23.6200008392334,23.7450008392334,20.20258903503418,7811400
2012-11-30,23.674999237060547,23.80500030517578,23.610000610351562,23.764999389648438,20.219602584838867,10946600
2012-12-03,23.915000915527344,23.915000915527344,23.6200008392334,23.639999389648438,20.11325454711914,19672800
2012-12-04,23.604999542236328,23.635000228881836,23.424999237060547,23.540000915527344,20.02817153930664,11359600
2012-12-05,23.6200008392334,23.6200008392334,23.299999237060547,23.469999313354492,19.968618392944336,13097200
2012-12-06,23.479999542236328,23.655000686645508,23.440000534057617,23.6200008392334,20.09623908996582,7606400
2012-12-07,23.774999618530273,23.774999618530273,23.584999084472656,23.709999084472656,20.172809600830078,14323000
2012-12-10,23.649999618530273,23.719999313354492,23.559999465942383,23.575000762939453,20.057958602905273,15681600
2012-12-11,23.709999084472656,23.7450008392334,23.565000534057617,23.649999618530273,20.121763229370117,10897000
2012-12-12,23.7549991607666,23.829999923706055,23.635000228881836,23.68000030517578,20.147289276123047,9788600
2012-12-13,23.670000076293945,23.799999237060547,23.469999313354492,23.524999618530273,20.015409469604492,7271200
2012-12-14,23.454999923706055,23.530000686645508,23.395000457763672,23.424999237060547,19.930326461791992,10130800
2012-12-17,23.459999084472656,23.860000610351562,23.450000762939453,23.844999313354492,20.287675857543945,10929400
2012-12-18,23.920000076293945,24.19499969482422,23.8799991607666,24.125,20.525897979736328,23669200
2012-12-19,24.184999465942383,24.200000762939453,23.94499969482422,23.954999923706055,20.38126564025879,9162400
2012-12-20,23.934999465942383,24.014999389648438,23.829999923706055,24.0049991607666,20.42380142211914,8380800
2012-12-21,23.5049991607666,23.670000076293945,23.475000381469727,23.639999389648438,20.24226951599121,17475600
2012-12-24,23.575000762939453,23.684999465942383,23.454999923706055,23.65999984741211,20.2593936920166,5127200
2012-12-26,23.704999923706055,23.704999923706055,23.329999923706055,23.415000915527344,20.049610137939453,8918200
2012-12-27,23.454999923706055,23.520000457763672,23.1200008392334,23.44499969482422,20.075302124023438,10183200
2012-12-28,23.329999923706055,23.46500015258789,23.225000381469727,23.2549991607666,19.91260528564453,30771400
2012-12-31,23.184999465942383,23.735000610351562,23.149999618530273,23.719999313354492,20.310775756835938,24944000
2013-01-02,24.165000915527344,24.2450008392334,24.03499984741211,24.21500015258789,20.734634399414062,19876600
2013-01-03,24.280000686645508,24.420000076293945,24.21500015258789,24.274999618530273,20.786008834838867,11225000
2013-01-04,24.31999969482422,24.395000457763672,24.2549991607666,24.364999771118164,20.863073348999023,9975200
2013-01-07,24.30500030517578,24.334999084472656,24.18000030517578,24.30500030517578,20.81169891357422,7127800
2013-01-08,24.229999542236328,24.28499984741211,24.06999969482422,24.235000610351562,20.75175666809082,7750800
2013-01-09,24.264999389648438,24.399999618530273,24.2450008392334,24.274999618530273,20.786008834838867,7330400
2013-01-10,24.40999984741211,24.440000534057617,24.260000228881836,24.415000915527344,20.9058780670166,10270800
2013-01-11,24.40999984741211,24.475000381469727,24.350000381469727,24.434999465942383,20.923009872436523,6741000
2013-01-14,24.5049991607666,24.56999969482422,24.399999618530273,24.4950008392334,20.97437858581543,10753800
2013-01-15,24.420000076293945,24.69499969482422,24.385000228881836,24.674999237060547,21.128520965576172,17256600
2013-01-16,24.6299991607666,24.65999984741211,24.549999237060547,24.6200008392334,21.081418991088867,7482400
2013-01-17,24.7450008392334,24.94499969482422,24.739999771118164,24.8799991607666,21.304046630859375,9271600
2013-01-18,24.93000030517578,24.940000534057617,24.770000457763672,24.90999984741211,21.32974624633789,10528000
2013-01-22,24.889999389648438,24.9950008392334,24.844999313354492,24.975000381469727,21.385395050048828,9113200
2013-01-23,24.93000030517578,25.020000457763672,24.860000610351562,24.9950008392334,21.40252113342285,5234400
2013-01-24,25.075000762939453,25.325000762939453,25.075000762939453,25.184999465942383,21.565214157104492,8509800
2013-01-25,25.229999542236328,25.459999084472656,25.225000381469727,25.450000762939453,21.792123794555664,11365400
2013-01-28,25.485000610351562,25.489999771118164,25.295000076293945,25.329999923706055,21.68937110900879,10488200
2013-01-29,25.295000076293945,25.30500030517578,25.09000015258789,25.229999542236328,21.603744506835938,12552400
2013-01-30,25.325000762939453,25.334999084472656,25.155000686645508,25.184999465942383,21.565214157104492,8183800
2013-01-31,25.1299991607666,25.204999923706055,25.020000457763672,25.065000534057617,21.462461471557617,11650400
2013-02-01,25.235000610351562,25.30500030517578,25.15999984741211,25.209999084472656,21.586618423461914,10308600
2013-02-04,25.065000534057617,25.155000686645508,24.889999389648438,24.899999618530273,21.321176528930664,8217200
2013-02-05,25.014999389648438,25.2549991607666,24.989999771118164,25.165000915527344,21.548091888427734,11727600
2013-02-06,25.190000534057617,25.295000076293945,25.100000381469727,25.219999313354492,21.59517478942871,10132800
2013-02-07,25.229999542236328,25.2549991607666,24.915000915527344,25.165000915527344,21.548091888427734,10330800
2013-02-08,25.225000381469727,25.375,25.184999465942383,25.360000610351562,21.715063095092773,5852200
2013-02-11,25.3799991607666,25.3799991607666,25.229999542236328,25.274999618530273,21.642271041870117,4773200
2013-02-12,25.280000686645508,25.424999237060547,25.274999618530273,25.375,21.7278995513916,9130200
2013-02-13,25.530000686645508,25.594999313354492,25.350000381469727,25.43000030517578,21.77500343322754,11664800
2013-02-14,25.34000015258789,25.489999771118164,25.329999923706055,25.440000534057617,21.783565521240234,9375200
2013-02-15,25.459999084472656,25.584999084472656,25.334999084472656,25.469999313354492,21.80925178527832,24578200
2013-02-19,25.485000610351562,25.584999084472656,25.44499969482422,25.565000534057617,21.890600204467773,14120400
2013-02-20,25.559999465942383,25.614999771118164,25.170000076293945,25.174999237060547,21.5566463470459,13975000
2013-02-21,25.114999771118164,25.139999389648438,24.8799991607666,24.96500015258789,21.3768367767334,17507000
2013-02-22,25.06999969482422,25.114999771118164,24.90999984741211,25.104999542236328,21.496707916259766,10679400
2013-02-25,25.25,25.274999618530273,24.700000762939453,24.71500015258789,21.162769317626953,10648400
2013-02-26,24.81999969482422,25.0049991607666,24.739999771118164,24.959999084472656,21.37255096435547,15745000
2013-02-27,25.010000228881836,25.424999237060547,24.950000762939453,25.34000015258789,21.69793128967285,10202800
2013-02-28,25.309999465942383,25.540000915527344,25.28499984741211,25.46500015258789,21.804967880249023,11651000
2013-03-01,25.219999313354492,25.524999618530273,25.170000076293945,25.524999618530273,21.85634422302246,9063600
2013-03-04,25.415000915527344,25.75,25.415000915527344,25.75,22.04901123046875,14118200
2013-03-05,25.864999771118164,26.045000076293945,25.834999084472656,26.010000228881836,22.27164077758789,12488800
2013-03-06,26.065000534057617,26.155000686645508,25.959999084472656,25.989999771118164,22.25450325012207,7052800
2013-03-07,26.0049991607666,26.049999237060547,25.959999084472656,26.03499984741211,22.29304313659668,6686400
2013-03-08,26.18000030517578,26.350000381469727,26.075000762939453,26.309999465942383,22.528518676757812,8086000
2013-03-11,26.28499984741211,26.395000457763672,26.2549991607666,26.375,22.58418083190918,6414600
2013-03-12,26.350000381469727,26.395000457763672,26.21500015258789,26.299999237060547,22.51995849609375,7450000
2013-03-13,26.309999465942383,26.459999084472656,26.270000457763672,26.44499969482422,22.64410972595215,7673000
2013-03-14,26.489999771118164,26.5049991607666,26.3799991607666,26.475000381469727,22.6697998046875,7418400
2013-03-15,26.350000381469727,26.389999389648438,26.239999771118164,26.295000076293945,22.583057403564453,12098000
2013-03-18,26.059999465942383,26.204999923706055,25.96500015258789,26.094999313354492,22.411291122436523,10426400
2013-03-19,26.190000534057617,26.190000534057617,25.735000610351562,25.90999984741211,22.252408981323242,12501000
2013-03-20,26.075000762939453,26.270000457763672,26.075000762939453,26.209999084472656,22.510061264038086,8235400
2013-03-21,26.06999969482422,26.149999618530273,25.905000686645508,25.989999771118164,22.321109771728516,10378800
2013-03-22,26.1299991607666,26.31999969482422,26.114999771118164,26.309999465942383,22.5959415435791,13824000
2013-03-25,26.3700008392334,26.475000381469727,26.139999389648438,26.264999389648438,22.557294845581055,9097800
2013-03-26,26.30500030517578,26.405000686645508,26.264999389648438,26.395000457763672,22.668943405151367,6604200
2013-03-27,26.280000686645508,26.43000030517578,26.190000534057617,26.405000686645508,22.677534103393555,6747200
2013-03-28,26.415000915527344,26.524999618530273,26.3700008392334,26.5,22.759124755859375,7601200
2013-04-01,26.4950008392334,26.565000534057617,26.270000457763672,26.299999237060547,22.587356567382812,11949600
2013-04-02,26.385000228881836,26.579999923706055,26.385000228881836,26.520000457763672,22.776296615600586,9197800
2013-04-03,26.575000762939453,26.584999084472656,26.190000534057617,26.274999618530273,22.56588363647461,13689600
2013-04-04,26.25,26.469999313354492,26.2450008392334,26.424999237060547,22.6947021484375,8872800
2013-04-05,26.114999771118164,26.334999084472656,25.975000381469727,26.295000076293945,22.583057403564453,8173200
2013-04-08,26.274999618530273,26.594999313354492,26.270000457763672,26.594999313354492,22.840709686279297,8943600
2013-04-09,26.625,26.635000228881836,26.399999618530273,26.524999618530273,22.78059959411621,10632800
2013-04-10,26.614999771118164,26.8700008392334,26.559999465942383,26.834999084472656,23.046833038330078,10017200
2013-04-11,26.860000610351562,27.184999465942383,26.860000610351562,27.059999465942383,23.240068435668945,12533000
2013-04-12,27.0049991607666,27.204999923706055,26.979999542236328,27.204999923706055,23.364599227905273,15579600
2013-04-15,27.059999465942383,27.1299991607666,26.489999771118164,26.489999771118164,22.750537872314453,18148000
2013-04-16,26.690000534057617,26.8700008392334,26.604999542236328,26.8700008392334,23.07689094543457,13402600
2013-04-17,26.725000381469727,26.739999771118164,26.450000762939453,26.594999313354492,22.840709686279297,17940800
2013-04-18,26.639999389648438,26.655000686645508,26.165000915527344,26.30500030517578,22.591650009155273,17506000
2013-04-19,26.295000076293945,26.639999389648438,26.28499984741211,26.6200008392334,22.86217498779297,12820200
2013-04-22,26.635000228881836,26.780000686645508,26.434999465942383,26.735000610351562,22.960952758789062,9122800
2013-04-23,26.934999465942383,27.049999237060547,26.725000381469727,27.0049991607666,23.192834854125977,10678400
2013-04-24,27.114999771118164,27.209999084472656,26.954999923706055,27.024999618530273,23.210006713867188,5838200
2013-04-25,27.075000762939453,27.344999313354492,27.075000762939453,27.2549991607666,23.407541275024414,13610400
2013-04-26,27.225000381469727,27.2450008392334,27.059999465942383,27.135000228881836,23.30448341369629,4946200
2013-04-29,27.2549991607666,27.334999084472656,27.139999389648438,27.229999542236328,23.386066436767578,6315600
2013-04-30,27.2450008392334,27.315000534057617,27.18000030517578,27.30500030517578,23.45048713684082,7696400
2013-05-01,27.260000228881836,27.375,27.1299991607666,27.15999984741211,23.32595443725586,8542800
2013-05-02,27.174999237060547,27.440000534057617,27.174999237060547,27.424999237060547,23.55354881286621,6057400
2013-05-03,27.649999618530273,27.850000381469727,27.625,27.770000457763672,23.84984588623047,13017400
2013-05-06,27.780000686645508,27.90999984741211,27.725000381469727,27.860000610351562,23.927135467529297,6391000
2013-05-07,27.940000534057617,28.094999313354492,27.80500030517578,28.094999313354492,24.128957748413086,9237000
2013-05-08,28.079999923706055,28.125,27.979999542236328,28.114999771118164,24.146148681640625,6793600
2013-05-09,28.15999984741211,28.290000915527344,28.06999969482422,28.165000915527344,24.189083099365234,13298600
2013-05-10,28.190000534057617,28.385000228881836,28.190000534057617,28.385000228881836,24.378023147583008,5932800
2013-05-13,28.354999542236328,28.405000686645508,28.2450008392334,28.389999389648438,24.382322311401367,4514400
2013-05-14,28.405000686645508,28.704999923706055,28.399999618530273,28.68000030517578,24.631383895874023,7018800
2013-05-15,28.645000457763672,28.854999542236328,28.645000457763672,28.834999084472656,24.764503479003906,9512800
2013-05-16,28.760000228881836,28.850000381469727,28.454999923706055,28.5,24.476783752441406,11949400
2013-05-17,28.575000762939453,28.795000076293945,28.565000534057617,28.774999618530273,24.71297264099121,11421400
2013-05-20,28.709999084472656,28.80500030517578,28.6299991607666,28.690000534057617,24.639968872070312,9667400
2013-05-21,28.78499984741211,28.93000030517578,28.684999465942383,28.81999969482422,24.751623153686523,7679600
2013-05-22,28.844999313354492,29.045000076293945,28.415000915527344,28.545000076293945,24.51543617248535,19137200
2013-05-23,28.229999542236328,28.53499984741211,28.190000534057617,28.485000610351562,24.463916778564453,10958200
2013-05-24,28.31999969482422,28.415000915527344,28.139999389648438,28.399999618530273,24.39090347290039,10341800
2013-05-28,28.735000610351562,28.8700008392334,28.549999237060547,28.674999237060547,24.627086639404297,13002000
2013-05-29,28.540000915527344,28.540000915527344,28.264999389648438,28.3799991607666,24.373727798461914,9013800
2013-05-30,28.479999542236328,28.614999771118164,28.354999542236328,28.3799991607666,24.373727798461914,7425200
2013-05-31,28.325000762939453,28.55500030517578,28.040000915527344,28.059999465942383,24.098909378051758,16537600
2013-06-03,28.135000228881836,28.204999923706055,27.815000534057617,28.184999465942383,24.20625877380371,15799200
2013-06-04,28.21500015258789,28.385000228881836,27.885000228881836,28.084999084472656,24.12037467956543,16123400
2013-06-05,27.959999084472656,28.040000915527344,27.565000534057617,27.6200008392334,23.721019744873047,24211400
2013-06-06,27.639999389648438,27.90999984741211,27.459999084472656,27.90999984741211,23.97007942199707,14849600
2013-06-07,28.075000762939453,28.43000030517578,28.014999389648438,28.420000076293945,24.40808868408203,9511800
2013-06-10,28.53499984741211,28.53499984741211,28.290000915527344,28.334999084472656,24.335081100463867,11948800
2013-06-11,28.030000686645508,28.309999465942383,27.96500015258789,28.05500030517578,24.094615936279297,11578600
2013-06-12,28.2450008392334,28.274999618530273,27.704999923706055,27.7450008392334,23.8283748626709,10609000
2013-06-13,27.739999771118164,28.309999465942383,27.700000762939453,28.264999389648438,24.274961471557617,12633200
2013-06-14,28.225000381469727,28.354999542236328,28.094999313354492,28.174999237060547,24.19767189025879,13476400
2013-06-17,28.329999923706055,28.5049991607666,28.165000915527344,28.329999923706055,24.330793380737305,9353600
2013-06-18,28.350000381469727,28.665000915527344,28.350000381469727,28.6200008392334,24.579853057861328,9319600
2013-06-19,28.639999389648438,28.690000534057617,28.290000915527344,28.295000076293945,24.300724029541016,17527800
2013-06-20,28.0049991607666,28.045000076293945,27.475000381469727,27.55500030517578,23.665199279785156,25885000
2013-06-21,27.674999237060547,27.709999084472656,27.235000610351562,27.520000457763672,23.710853576660156,23885400
2013-06-24,27.239999771118164,27.469999313354492,26.979999542236328,27.270000457763672,23.495454788208008,14009600
2013-06-25,27.520000457763672,27.610000610351562,27.360000610351562,27.514999389648438,23.706546783447266,8804000
2013-06-26,27.735000610351562,27.924999237060547,27.729999542236328,27.860000610351562,24.003801345825195,12385600
2013-06-27,28.0049991607666,28.21500015258789,28.0,28.100000381469727,24.21057891845703,7897000
2013-06-28,28.049999237060547,28.364999771118164,28.024999618530273,28.200000762939453,24.296735763549805,15998200
2013-07-01,28.3799991607666,28.594999313354492,28.325000762939453,28.395000457763672,24.464746475219727,19371200
2013-07-02,28.360000610351562,28.639999389648438,28.329999923706055,28.44499969482422,24.507822036743164,6061800
2013-07-03,28.295000076293945,28.75,28.25,28.575000762939453,24.61983871459961,5241000
2013-07-05,28.815000534057617,28.905000686645508,28.575000762939453,28.885000228881836,24.88692283630371,12732600
2013-07-08,29.075000762939453,29.204999923706055,29.030000686645508,29.155000686645508,25.119548797607422,26434600
2013-07-09,29.315000534057617,29.360000610351562,29.18000030517578,29.270000457763672,25.218637466430664,12694200
2013-07-10,29.235000610351562,29.350000381469727,29.114999771118164,29.299999237060547,25.24448013305664,19610400
2013-07-11,29.614999771118164,29.7450008392334,29.549999237060547,29.719999313354492,25.606346130371094,14324000
2013-07-12,29.690000534057617,29.8799991607666,29.670000076293945,29.860000610351562,25.726970672607422,8951200
2013-07-15,29.950000762939453,29.950000762939453,29.774999618530273,29.78499984741211,25.662343978881836,7216800
2013-07-16,29.795000076293945,29.829999923706055,29.514999389648438,29.625,25.524499893188477,9588800
2013-07-17,29.69499969482422,29.709999084472656,29.59000015258789,29.639999389648438,25.537425994873047,10845000
2013-07-18,29.690000534057617,29.905000686645508,29.690000534057617,29.809999465942383,25.68388557434082,6296200
2013-07-19,29.795000076293945,29.8799991607666,29.704999923706055,29.78499984741211,25.662343978881836,11149600
2013-07-22,29.809999465942383,29.854999542236328,29.649999618530273,29.764999389648438,25.64511489868164,8323400
2013-07-23,29.809999465942383,29.8700008392334,29.684999465942383,29.725000381469727,25.61064910888672,7686000
2013-07-24,29.864999771118164,29.895000457763672,29.559999465942383,29.625,25.524499893188477,7704600
2013-07-25,29.600000381469727,29.670000076293945,29.479999542236328,29.665000915527344,25.558969497680664,7441800
2013-07-26,29.56999969482422,29.780000686645508,29.469999313354492,29.760000228881836,25.64081382751465,6053000
2013-07-29,29.709999084472656,29.774999618530273,29.545000076293945,29.604999542236328,25.507259368896484,8570600
2013-07-30,29.725000381469727,29.725000381469727,29.4950008392334,29.530000686645508,25.442644119262695,6596000
2013-07-31,29.635000228881836,29.899999618530273,29.635000228881836,29.684999465942383,25.576187133789062,10498200
2013-08-01,29.93000030517578,30.200000762939453,29.889999389648438,30.145000457763672,25.97252655029297,8260600
2013-08-02,30.094999313354492,30.375,30.075000762939453,30.360000610351562,26.157758712768555,7475000
2013-08-05,30.30500030517578,30.34000015258789,30.225000381469727,30.295000076293945,26.10175895690918,3654600
2013-08-06,30.235000610351562,30.30500030517578,29.989999771118164,30.170000076293945,25.994064331054688,6338600
2013-08-07,30.010000228881836,30.084999084472656,29.825000762939453,29.905000686645508,25.765743255615234,7118600
2013-08-08,30.049999237060547,30.190000534057617,29.905000686645508,30.104999542236328,25.938053131103516,6040000
2013-08-09,30.1299991607666,30.219999313354492,29.94499969482422,30.040000915527344,25.882055282592773,6246200
2013-08-12,29.8799991607666,30.094999313354492,29.850000381469727,30.0,25.847585678100586,6998000
2013-08-13,30.0,30.05500030517578,29.764999389648438,30.0,25.847585678100586,7543800
2013-08-14,29.875,29.940000534057617,29.655000686645508,29.670000076293945,25.563264846801758,12760000
2013-08-15,29.454999923706055,29.485000610351562,29.049999237060547,29.149999618530273,25.115243911743164,30791600
2013-08-16,29.05500030517578,29.280000686645508,29.045000076293945,29.045000076293945,25.024770736694336,12909000
2013-08-19,29.030000686645508,29.18000030517578,28.920000076293945,28.920000076293945,24.91707992553711,6670000
2013-08-20,29.024999618530273,29.299999237060547,29.024999618530273,29.21500015258789,25.171245574951172,6948400
2013-08-21,29.135000228881836,29.21500015258789,28.8700008392334,28.96500015258789,24.95584487915039,10499200
2013-08-22,29.0049991607666,29.360000610351562,28.93000030517578,29.2549991607666,25.205703735351562,11581400
2013-08-23,29.30500030517578,29.344999313354492,29.1200008392334,29.260000228881836,25.210020065307617,5604000
2013-08-26,29.299999237060547,29.459999084472656,29.184999465942383,29.200000762939453,25.158321380615234,8351600
2013-08-27,28.895000457763672,29.045000076293945,28.704999923706055,28.725000381469727,24.749067306518555,13951000
2013-08-28,28.704999923706055,28.969999313354492,28.655000686645508,28.8799991607666,24.88261604309082,7105200
2013-08-29,28.825000762939453,29.170000076293945,28.790000915527344,29.020000457763672,25.00323486328125,10192000
2013-08-30,29.065000534057617,29.065000534057617,28.739999771118164,28.84000015258789,24.8481502532959,11733800
2013-09-03,29.165000915527344,29.30500030517578,28.93000030517578,29.045000076293945,25.024770736694336,16041200
2013-09-04,29.0049991607666,29.399999618530273,29.0049991607666,29.350000381469727,25.287561416625977,10841600
2013-09-05,29.389999389648438,29.514999389648438,29.329999923706055,29.360000610351562,25.296173095703125,10060600
2013-09-06,29.510000228881836,29.545000076293945,29.03499984741211,29.325000762939453,25.266027450561523,11900600
2013-09-09,29.43000030517578,29.635000228881836,29.375,29.584999084472656,25.490039825439453,8730400
2013-09-10,29.704999923706055,29.8799991607666,29.704999923706055,29.8700008392334,25.735593795776367,8859200
2013-09-11,29.84000015258789,30.09000015258789,29.84000015258789,30.09000015258789,25.925138473510742,10198400
2013-09-12,30.049999237060547,30.139999389648438,29.895000457763672,30.020000457763672,25.864816665649414,8517400
2013-09-13,30.049999237060547,30.125,29.920000076293945,30.104999542236328,25.938053131103516,11258400
2013-09-16,30.46500015258789,30.5049991607666,30.190000534057617,30.239999771118164,26.054372787475586,12945600
2013-09-17,30.200000762939453,30.44499969482422,30.200000762939453,30.415000915527344,26.205150604248047,8481000
2013-09-18,30.3700008392334,30.8700008392334,30.270000457763672,30.764999389648438,26.506704330444336,19324400
2013-09-19,30.864999771118164,30.875,30.69499969482422,30.7549991607666,26.498090744018555,12677400
2013-09-20,30.670000076293945,30.7549991607666,30.450000762939453,30.479999542236328,26.33823013305664,15376600
2013-09-23,30.415000915527344,30.450000762939453,30.110000610351562,30.2450008392334,26.135162353515625,14314400
2013-09-24,30.270000457763672,30.4950008392334,30.165000915527344,30.325000762939453,26.20429229736328,7725200
2013-09-25,30.34000015258789,30.354999542236328,30.094999313354492,30.139999389648438,26.04443359375,11441400
2013-09-26,30.139999389648438,30.434999465942383,30.139999389648438,30.424999237060547,26.29069709777832,7033600
2013-09-27,30.31999969482422,30.46500015258789,30.295000076293945,30.43000030517578,26.29502296447754,9906600
2013-09-30,30.114999771118164,30.389999389648438,30.084999084472656,30.315000534057617,26.19565200805664,10763200
2013-10-01,30.299999237060547,30.579999923706055,30.299999237060547,30.559999465942383,26.407352447509766,12384600
2013-10-02,30.44499969482422,30.55500030517578,30.274999618530273,30.549999237060547,26.398710250854492,11036600
2013-10-03,30.459999084472656,30.575000762939453,30.075000762939453,30.204999923706055,26.100589752197266,10398400
2013-10-04,30.28499984741211,30.53499984741211,30.190000534057617,30.489999771118164,26.346866607666016,7938400
2013-10-07,30.280000686645508,30.354999542236328,30.059999465942383,30.059999465942383,25.975290298461914,10618400
2013-10-08,30.100000381469727,30.100000381469727,29.559999465942383,29.584999084472656,25.564847946166992,15799000
2013-10-09,29.594999313354492,29.614999771118164,29.225000381469727,29.450000762939453,25.44819450378418,23215800
2013-10-10,29.774999618530273,30.170000076293945,29.774999618530273,30.135000228881836,26.04010581970215,12208800
2013-10-11,30.100000381469727,30.395000457763672,30.075000762939453,30.395000457763672,26.264780044555664,17655600
2013-10-14,30.21500015258789,30.524999618530273,30.15999984741211,30.520000457763672,26.372793197631836,12097600
2013-10-15,30.459999084472656,30.475000381469727,30.18000030517578,30.229999542236328,26.122196197509766,26736200
2013-10-16,30.43000030517578,30.625,30.354999542236328,30.604999542236328,26.446245193481445,11075600
2013-10-17,30.475000381469727,30.850000381469727,30.475000381469727,30.829999923706055,26.640670776367188,9871600
2013-10-18,30.934999465942383,31.075000762939453,30.834999084472656,31.020000457763672,26.804851531982422,10486600
2013-10-21,31.06999969482422,31.100000381469727,30.950000762939453,31.100000381469727,26.873979568481445,6316000
2013-10-22,31.219999313354492,31.415000915527344,31.1200008392334,31.309999465942383,27.055442810058594,13549400
2013-10-23,31.184999465942383,31.295000076293945,31.0049991607666,31.110000610351562,26.882625579833984,10492800
2013-10-24,31.2549991607666,31.44499969482422,31.170000076293945,31.420000076293945,27.150501251220703,10248400
2013-10-25,31.584999084472656,31.69499969482422,31.485000610351562,31.655000686645508,27.353565216064453,7765000
2013-10-28,31.635000228881836,31.649999618530273,31.469999313354492,31.594999313354492,27.30171775817871,9797400
2013-10-29,31.69499969482422,31.780000686645508,31.514999389648438,31.780000686645508,27.461578369140625,15431800
2013-10-30,31.8799991607666,31.899999618530273,31.440000534057617,31.625,27.32763671875,11442200
2013-10-31,31.6299991607666,31.905000686645508,31.55500030517578,31.704999923706055,27.396764755249023,15281000
2013-11-01,31.854999542236328,31.8700008392334,31.604999542236328,31.780000686645508,27.461578369140625,8825600
2013-11-04,31.825000762939453,31.915000915527344,31.729999542236328,31.889999389648438,27.556629180908203,9981200
2013-11-05,31.799999237060547,31.954999923706055,31.600000381469727,31.889999389648438,27.556629180908203,8033000
2013-11-06,32.025001525878906,32.10499954223633,31.7549991607666,31.809999465942383,27.487503051757812,9047400
2013-11-07,31.905000686645508,31.94499969482422,31.125,31.149999618530273,26.917179107666016,19335400
2013-11-08,31.225000381469727,31.65999984741211,31.165000915527344,31.645000457763672,27.34491539001465,16574400
2013-11-11,31.670000076293945,31.764999389648438,31.559999465942383,31.69499969482422,27.38812255859375,10458400
2013-11-12,31.56999969482422,31.725000381469727,31.489999771118164,31.639999389648438,27.340599060058594,8892800
2013-11-13,31.524999618530273,32.13999938964844,31.5,32.13999938964844,27.772663116455078,13309200
2013-11-14,32.189998626708984,32.400001525878906,32.13999938964844,32.3650016784668,27.967082977294922,11876200
2013-11-15,32.435001373291016,32.4900016784668,32.310001373291016,32.474998474121094,28.062129974365234,10275600
2013-11-18,32.525001525878906,32.54499816894531,32.13999938964844,32.220001220703125,27.84178924560547,9786000
2013-11-19,32.2400016784668,32.334999084472656,32.040000915527344,32.08000183105469,27.72081756591797,12721800
2013-11-20,32.17499923706055,32.25,31.829999923706055,31.915000915527344,27.578235626220703,9103400
2013-11-21,32.01499938964844,32.279998779296875,31.969999313354492,32.244998931884766,27.86338996887207,6650800
2013-11-22,32.20500183105469,32.435001373291016,32.17499923706055,32.42499923706055,28.018924713134766,8830400
2013-11-25,32.5099983215332,32.56999969482422,32.404998779296875,32.45500183105469,28.04486083984375,6658400
2013-11-26,32.42499923706055,32.73500061035156,32.42499923706055,32.64500045776367,28.209035873413086,7063000
2013-11-27,32.83000183105469,32.845001220703125,32.61000061035156,32.77000045776367,28.317045211791992,6217600
2013-11-29,32.845001220703125,32.93000030517578,32.744998931884766,32.79999923706055,28.342967987060547,6998000
2013-12-02,32.7599983215332,32.875,32.58000183105469,32.64500045776367,28.209035873413086,8315800
2013-12-03,32.525001525878906,32.525001525878906,32.20500183105469,32.334999084472656,27.941158294677734,8232200
2013-12-04,32.19499969482422,32.459999084472656,32.025001525878906,32.2599983215332,27.876354217529297,10835600
2013-12-05,32.16999816894531,32.380001068115234,32.15999984741211,32.29499816894531,27.906591415405273,8178400
2013-12-06,32.619998931884766,32.619998931884766,32.35499954223633,32.564998626708984,28.13990592956543,7846200
2013-12-09,32.58000183105469,32.70000076293945,32.494998931884766,32.540000915527344,28.11829948425293,10567800
2013-12-10,32.51499938964844,32.63999938964844,32.4900016784668,32.560001373291016,28.135578155517578,6534600
2013-12-11,32.58000183105469,32.630001068115234,32.20500183105469,32.2599983215332,27.876354217529297,11420200
2013-12-12,32.25,32.28499984741211,32.11000061035156,32.15999984741211,27.78994369506836,7136000
2013-12-13,32.224998474121094,32.35499954223633,32.20500183105469,32.2400016784668,27.859073638916016,6624800
2013-12-16,32.36000061035156,32.54999923706055,32.35499954223633,32.45000076293945,28.040538787841797,6972400
2013-12-17,32.4900016784668,32.505001068115234,32.244998931884766,32.3650016784668,27.967082977294922,7383600
2013-12-18,32.36000061035156,32.869998931884766,32.060001373291016,32.845001220703125,28.381860733032227,19499600
2013-12-19,32.81999969482422,32.880001068115234,32.685001373291016,32.82500076293945,28.36458396911621,12015400
2013-12-20,32.775001525878906,32.915000915527344,32.72999954223633,32.83000183105469,28.482572555541992,14787000
2013-12-23,32.98500061035156,32.98500061035156,32.81999969482422,32.974998474121094,28.608373641967773,7378800
2013-12-24,32.95000076293945,33.06999969482422,32.95000076293945,33.04499816894531,28.66908836364746,3984000
2013-12-26,33.15999984741211,33.29499816894531,33.099998474121094,33.290000915527344,28.88166046142578,10062800
2013-12-27,33.345001220703125,33.36000061035156,33.119998931884766,33.1349983215332,28.747180938720703,6285000
2013-12-30,33.209999084472656,33.29999923706055,33.14500045776367,33.28499984741211,28.877323150634766,4232200
2013-12-31,33.3650016784668,33.42499923706055,33.275001525878906,33.415000915527344,28.990110397338867,7351600
2014-01-02,33.349998474121094,33.415000915527344,33.13999938964844,33.2599983215332,28.855632781982422,8663800
2014-01-03,33.279998779296875,33.3650016784668,33.154998779296875,33.16999816894531,28.77754020690918,7545600
2014-01-06,33.209999084472656,33.28499984741211,32.88999938964844,32.96500015258789,28.599685668945312,8157600
2014-01-07,33.2599983215332,33.2599983215332,33.0,33.165000915527344,28.77320671081543,6171400
2014-01-08,33.14500045776367,33.185001373291016,32.98500061035156,33.07500076293945,28.695117950439453,11579000
2014-01-09,33.15999984741211,33.18000030517578,32.875,33.06999969482422,28.690780639648438,10163800
2014-01-10,33.1150016784668,33.20000076293945,32.970001220703125,33.16999816894531,28.77754020690918,9261000
2014-01-13,33.150001525878906,33.150001525878906,32.45500183105469,32.505001068115234,28.200607299804688,13961400
2014-01-14,32.665000915527344,32.80500030517578,32.494998931884766,32.78499984741211,28.44352912902832,12181200
2014-01-15,32.83000183105469,32.959999084472656,32.810001373291016,32.8650016784668,28.51293182373047,11710000
2014-01-16,32.849998474121094,32.849998474121094,32.619998931884766,32.689998626708984,28.361103057861328,12664000
2014-01-17,32.66999816894531,32.7400016784668,32.48500061035156,32.54499816894531,28.23531150817871,11174000
2014-01-21,32.654998779296875,32.7400016784668,32.310001373291016,32.51499938964844,28.20928382873535,20878800
2014-01-22,32.56999969482422,32.625,32.45000076293945,32.599998474121094,28.28303337097168,9272000
2014-01-23,32.5099983215332,32.540000915527344,32.21500015258789,32.369998931884766,28.083480834960938,15946200
2014-01-24,32.17499923706055,32.224998474121094,31.739999771118164,31.75,27.54558563232422,17244600
2014-01-27,31.809999465942383,31.885000228881836,31.360000610351562,31.625,27.437143325805664,14436000
2014-01-28,31.75,31.94499969482422,31.729999542236328,31.844999313354492,27.62800407409668,9463600
2014-01-29,31.56999969482422,31.684999465942383,31.28499984741211,31.334999084472656,27.185537338256836,34830200
2014-01-30,31.55500030517578,31.954999923706055,31.55500030517578,31.860000610351562,27.641014099121094,25474200
2014-01-31,31.354999542236328,31.655000686645508,31.21500015258789,31.40999984741211,27.250608444213867,13651400
2014-02-03,31.3799991607666,31.479999542236328,30.514999389648438,30.584999084472656,26.53485870361328,64955400
2014-02-04,30.815000534057617,31.020000457763672,30.709999084472656,30.959999084472656,26.860200881958008,18990400
2014-02-05,30.8799991607666,31.075000762939453,30.55500030517578,31.0,26.89491081237793,15495600
2014-02-06,31.100000381469727,31.68000030517578,31.100000381469727,31.655000686645508,27.46317481994629,16587600
2014-02-07,31.875,32.084999084472656,31.725000381469727,32.04499816894531,27.8015193939209,12541000
2014-02-10,32.09000015258789,32.09000015258789,31.8799991607666,32.025001525878906,27.784170150756836,9341200
2014-02-11,32.119998931884766,32.3650016784668,32.04999923706055,32.2599983215332,27.988052368164062,11294800
2014-02-12,32.32500076293945,32.415000915527344,32.20000076293945,32.290000915527344,28.014081954956055,8446600
2014-02-13,32.10499954223633,32.459999084472656,32.099998474121094,32.38999938964844,28.100839614868164,13169000
2014-02-14,32.375,32.70500183105469,32.34000015258789,32.584999084472656,28.27001190185547,9657000
2014-02-18,32.75,32.75,32.48500061035156,32.625,28.304718017578125,7156400
2014-02-19,32.584999084472656,32.685001373291016,32.30500030517578,32.36000061035156,28.074806213378906,12608800
2014-02-20,32.459999084472656,32.584999084472656,32.32500076293945,32.53499984741211,28.226642608642578,9397400
2014-02-21,32.654998779296875,32.70500183105469,32.540000915527344,32.599998474121094,28.28303337097168,8750400
2014-02-24,32.630001068115234,32.95000076293945,32.625,32.73500061035156,28.400144577026367,6431000
2014-02-25,32.790000915527344,33.005001068115234,32.73500061035156,32.96500015258789,28.599685668945312,9076600
2014-02-26,33.04499816894531,33.345001220703125,32.98500061035156,33.150001525878906,28.76019287109375,10977000
2014-02-27,33.1349983215332,33.30500030517578,33.029998779296875,33.28499984741211,28.877323150634766,8773600
2014-02-28,33.28499984741211,33.53499984741211,33.15999984741211,33.41999816894531,28.99443817138672,13988200
2014-03-03,33.08000183105469,33.209999084472656,32.85499954223633,33.10499954223633,28.721147537231445,17337600
2014-03-04,33.44499969482422,33.56999969482422,33.40999984741211,33.52000045776367,29.081201553344727,8782200
2014-03-05,33.59000015258789,33.65999984741211,33.525001525878906,33.65999984741211,29.202653884887695,15136200
2014-03-06,33.71500015258789,33.814998626708984,33.6150016784668,33.744998931884766,29.276397705078125,10510600
2014-03-07,33.92499923706055,33.92499923706055,33.619998931884766,33.69499969482422,29.233020782470703,8679800
2014-03-10,33.68000030517578,33.685001373291016,33.43000030517578,33.60499954223633,29.154935836791992,6549200
2014-03-11,33.73500061035156,33.73500061035156,33.314998626708984,33.40999984741211,28.985759735107422,8780400
2014-03-12,33.22999954223633,33.38999938964844,33.07500076293945,33.36000061035156,28.9423885345459,9573000
2014-03-13,33.540000915527344,33.540000915527344,32.80500030517578,32.95500183105469,28.59101104736328,22536600
2014-03-14,32.91999816894531,33.1150016784668,32.84000015258789,32.92499923706055,28.56498908996582,9572200
2014-03-17,33.06999969482422,33.2400016784668,33.060001373291016,33.14500045776367,28.75585174560547,6463000
2014-03-18,33.220001220703125,33.349998474121094,33.154998779296875,33.290000915527344,28.88166046142578,6445800
2014-03-19,33.30500030517578,33.32500076293945,32.880001068115234,33.06999969482422,28.690780639648438,12116200
2014-03-20,33.04499816894531,33.220001220703125,32.8849983215332,33.154998779296875,28.764528274536133,7523600
2014-03-21,33.2599983215332,33.27000045776367,32.810001373291016,32.84000015258789,28.58089828491211,12462200
2014-03-24,32.875,32.96500015258789,32.35499954223633,32.5099983215332,28.29368782043457,24711000
2014-03-25,32.59000015258789,32.709999084472656,32.150001525878906,32.314998626708984,28.12398338317871,11722400
2014-03-26,32.459999084472656,32.4900016784668,32.04499816894531,32.05500030517578,27.897701263427734,13913400
2014-03-27,32.0,32.084999084472656,31.764999389648438,31.899999618530273,27.762805938720703,12697600
2014-03-28,32.005001068115234,32.33000183105469,31.975000381469727,32.13999938964844,27.971681594848633,11367400
2014-03-31,32.33000183105469,32.459999084472656,32.314998626708984,32.36000061035156,28.16314697265625,11358000
2014-04-01,32.45500183105469,32.834999084472656,32.3849983215332,32.810001373291016,28.554790496826172,10149600
2014-04-02,32.834999084472656,33.084999084472656,32.82500076293945,33.029998779296875,28.746246337890625,10086800
2014-04-03,33.1150016784668,33.125,32.709999084472656,32.869998931884766,28.60700225830078,10739400
2014-04-04,33.07500076293945,33.07500076293945,32.26499938964844,32.32500076293945,28.13269805908203,14800200
2014-04-07,32.20000076293945,32.2400016784668,31.5,31.69499969482422,27.58438491821289,15177400
2014-04-08,31.670000076293945,32.04499816894531,31.604999542236328,32.01499938964844,27.862882614135742,9501000
2014-04-09,32.084999084472656,32.369998931884766,31.96500015258789,32.36000061035156,28.16314697265625,7682800
2014-04-10,32.314998626708984,32.36000061035156,31.530000686645508,31.55500030517578,27.46255111694336,20151000
2014-04-11,31.270000457763672,31.545000076293945,31.059999465942383,31.1200008392334,27.083961486816406,16892400
2014-04-14,31.360000610351562,31.5049991607666,31.110000610351562,31.364999771118164,27.297195434570312,9402200
2014-04-15,31.469999313354492,31.575000762939453,30.920000076293945,31.405000686645508,27.33200454711914,19377800
2014-04-16,31.80500030517578,31.850000381469727,31.540000915527344,31.844999313354492,27.714942932128906,9508600
2014-04-17,31.75,31.989999771118164,31.75,31.885000228881836,27.749752044677734,9907000
2014-04-21,31.875,32.0,31.78499984741211,31.969999313354492,27.8237247467041,21173200
2014-04-22,32.05500030517578,32.375,32.05500030517578,32.244998931884766,28.063064575195312,9351600
2014-04-23,32.209999084472656,32.334999084472656,32.060001373291016,32.095001220703125,27.932518005371094,5654000
2014-04-24,32.224998474121094,32.3849983215332,32.0,32.27000045776367,28.08481788635254,7367400
2014-04-25,32.05500030517578,32.05500030517578,31.674999237060547,31.719999313354492,27.60615348815918,9471000
2014-04-28,31.854999542236328,31.924999237060547,31.2450008392334,31.639999389648438,27.53652572631836,18693400
2014-04-29,31.739999771118164,31.825000762939453,31.510000228881836,31.78499984741211,27.662723541259766,8820400
2014-04-30,31.68000030517578,31.96500015258789,31.639999389648438,31.920000076293945,27.78021240234375,15589200
2014-05-01,31.959999084472656,32.189998626708984,31.940000534057617,32.04499816894531,27.889001846313477,8350600
2014-05-02,32.084999084472656,32.314998626708984,32.04499816894531,32.125,27.95862579345703,8223000
2014-05-05,31.969999313354492,32.18000030517578,31.844999313354492,32.154998779296875,27.984731674194336,6695800
2014-05-06,32.04999923706055,32.1150016784668,31.69499969482422,31.69499969482422,27.58438491821289,8395400
2014-05-07,31.834999084472656,31.850000381469727,31.415000915527344,31.655000686645508,27.549591064453125,8789800
2014-05-08,31.594999313354492,32.04999923706055,31.56999969482422,31.7450008392334,27.627914428710938,11520800
2014-05-09,31.729999542236328,31.940000534057617,31.559999465942383,31.920000076293945,27.78021240234375,10121600
2014-05-12,32.04999923706055,32.334999084472656,32.01499938964844,32.31999969482422,28.12833595275879,11423200
2014-05-13,32.369998931884766,32.46500015258789,32.165000915527344,32.22999954223633,28.050006866455078,9919800
2014-05-14,32.16999816894531,32.21500015258789,31.809999465942383,31.8700008392334,27.7366943359375,8571000
2014-05-15,31.75,31.809999465942383,31.315000534057617,31.639999389648438,27.53652572631836,11412400
2014-05-16,31.639999389648438,31.895000457763672,31.530000686645508,31.875,27.741058349609375,6022800
2014-05-19,31.78499984741211,32.040000915527344,31.69499969482422,32.02000045776367,27.867244720458984,5477200
2014-05-20,31.850000381469727,31.979999542236328,31.635000228881836,31.729999542236328,27.614852905273438,9698000
2014-05-21,31.81999969482422,32.13999938964844,31.81999969482422,32.1150016784668,27.949920654296875,7778000
2014-05-22,32.11000061035156,32.34000015258789,32.05500030517578,32.28499984741211,28.097881317138672,10515000
2014-05-23,32.31999969482422,32.55500030517578,32.26499938964844,32.540000915527344,28.31980323791504,3970200
2014-05-27,32.665000915527344,32.75,32.625,32.709999084472656,28.467754364013672,6805200
2014-05-28,32.724998474121094,32.7599983215332,32.51499938964844,32.67499923706055,28.43730354309082,20212400
2014-05-29,32.775001525878906,32.814998626708984,32.650001525878906,32.810001373291016,28.554790496826172,5896000
2014-05-30,32.7599983215332,32.849998474121094,32.70000076293945,32.84000015258789,28.58089828491211,6104000
2014-06-02,32.900001525878906,32.974998474121094,32.755001068115234,32.95000076293945,28.6766300201416,6097400
2014-06-03,32.83000183105469,32.95000076293945,32.810001373291016,32.88999938964844,28.624414443969727,4486600
2014-06-04,32.790000915527344,33.084999084472656,32.744998931884766,33.04999923706055,28.763662338256836,4322200
2014-06-05,33.099998474121094,33.310001373291016,32.94499969482422,33.26499938964844,28.95077896118164,5406800
2014-06-06,33.32500076293945,33.46500015258789,33.29999923706055,33.459999084472656,29.120479583740234,6407800
2014-06-09,33.48500061035156,33.630001068115234,33.42499923706055,33.470001220703125,29.129188537597656,5137400
2014-06-10,33.39500045776367,33.46500015258789,33.35499954223633,33.404998779296875,29.072614669799805,10923200
2014-06-11,33.310001373291016,33.380001068115234,33.185001373291016,33.30500030517578,28.985595703125,6055800
2014-06-12,33.30500030517578,33.30500030517578,32.80500030517578,32.880001068115234,28.615705490112305,9099200
2014-06-13,32.88999938964844,32.974998474121094,32.70000076293945,32.89500045776367,28.628765106201172,9925600
2014-06-16,32.779998779296875,33.005001068115234,32.779998779296875,32.970001220703125,28.694042205810547,7106000
2014-06-17,32.98500061035156,33.1349983215332,32.89500045776367,33.099998474121094,28.807172775268555,8035400
2014-06-18,33.06999969482422,33.375,33.02000045776367,33.349998474121094,29.024749755859375,11680600
2014-06-19,33.3650016784668,33.45500183105469,33.18000030517578,33.27000045776367,28.955127716064453,5960400
2014-06-20,33.255001068115234,33.29499816894531,33.0,33.040000915527344,28.846860885620117,10022200
2014-06-23,33.0,33.10499954223633,32.939998626708984,33.08000183105469,28.881799697875977,8578400
2014-06-24,33.0,33.28499984741211,32.95500183105469,33.0,28.81194305419922,7817400
2014-06-25,32.915000915527344,33.31999969482422,32.915000915527344,33.279998779296875,29.05640983581543,7891400
2014-06-26,33.279998779296875,33.30500030517578,33.03499984741211,33.30500030517578,29.078237533569336,6159000
2014-06-27,33.244998931884766,33.41999816894531,33.224998474121094,33.3849983215332,29.148080825805664,10409800
2014-06-30,33.36000061035156,33.44499969482422,33.30500030517578,33.369998931884766,29.13498878479004,5026600
2014-07-01,33.45500183105469,33.79999923706055,33.415000915527344,33.724998474121094,29.444927215576172,7661200
2014-07-02,33.75,33.84000015258789,33.724998474121094,33.775001525878906,29.488588333129883,3497800
2014-07-03,33.875,34.064998626708984,33.845001220703125,34.03499984741211,29.715587615966797,3494800
2014-07-07,33.92499923706055,33.98500061035156,33.790000915527344,33.82500076293945,29.532243728637695,6180800
2014-07-08,33.77000045776367,33.779998779296875,33.41999816894531,33.494998931884766,29.24411392211914,10200600
2014-07-09,33.59000015258789,33.93000030517578,33.54999923706055,33.900001525878906,29.597721099853516,37130200
2014-07-10,33.40999984741211,33.72999954223633,33.404998779296875,33.584999084472656,29.32270622253418,9684600
2014-07-11,33.63999938964844,33.71500015258789,33.56999969482422,33.69499969482422,29.418731689453125,14082200
2014-07-14,33.869998931884766,33.89500045776367,33.75,33.790000915527344,29.50168228149414,6845600
2014-07-15,33.70000076293945,33.814998626708984,33.51499938964844,33.67499923706055,29.401269912719727,8314000
2014-07-16,33.935001373291016,34.01499938964844,33.71500015258789,33.7599983215332,29.475481033325195,46941200
2014-07-17,33.68000030517578,33.83000183105469,33.3849983215332,33.439998626708984,29.19609260559082,11274800
2014-07-18,33.54999923706055,33.7599983215332,33.505001068115234,33.75,29.466754913330078,6909800
2014-07-21,33.63999938964844,33.70500183105469,33.494998931884766,33.595001220703125,29.3314266204834,7413800
2014-07-22,33.66999816894531,33.80500030517578,33.630001068115234,33.73500061035156,29.453664779663086,8820200
2014-07-23,33.7400016784668,33.744998931884766,33.60499954223633,33.709999084472656,29.431827545166016,10778600
2014-07-24,33.77000045776367,33.88999938964844,33.744998931884766,33.78499984741211,29.497318267822266,7953600
2014-07-25,33.53499984741211,33.599998474121094,33.35499954223633,33.40999984741211,29.169912338256836,7705400
2014-07-28,33.415000915527344,33.5099983215332,33.2599983215332,33.474998474121094,29.226654052734375,5607600
2014-07-29,33.529998779296875,33.70500183105469,33.375,33.380001068115234,29.14371681213379,7169400
2014-07-30,33.505001068115234,33.595001220703125,33.36000061035156,33.564998626708984,29.30523109436035,47735000
2014-07-31,33.32500076293945,33.380001068115234,32.91999816894531,32.94499969482422,28.763917922973633,12899200
2014-08-01,32.849998474121094,33.05500030517578,32.67499923706055,32.82500076293945,28.659147262573242,12177600
2014-08-04,32.90999984741211,33.25,32.8849983215332,33.14500045776367,28.938535690307617,33885200
2014-08-05,33.0,33.15999984741211,32.79999923706055,32.915000915527344,28.737730026245117,19794200
2014-08-06,32.685001373291016,33.05500030517578,32.665000915527344,32.845001220703125,28.67661476135254,21923400
2014-08-07,33.05500030517578,33.1150016784668,32.58000183105469,32.67499923706055,28.528188705444336,12729000
2014-08-08,32.67499923706055,33.20500183105469,32.67499923706055,33.18000030517578,28.969099044799805,11141800
2014-08-11,33.314998626708984,33.42499923706055,33.2599983215332,33.33000183105469,29.100065231323242,10065000
2014-08-12,33.28499984741211,33.42499923706055,33.15999984741211,33.244998931884766,29.025850296020508,6254200
2014-08-13,33.345001220703125,33.45000076293945,33.26499938964844,33.3650016784668,29.130617141723633,6769200
2014-08-14,33.42499923706055,33.625,33.3650016784668,33.625,29.357622146606445,11199200
2014-08-15,33.73500061035156,33.77000045776367,33.32500076293945,33.560001373291016,29.30087661743164,12865200
2014-08-18,33.790000915527344,33.92499923706055,33.75,33.869998931884766,29.57154083251953,9493800
2014-08-19,34.05500030517578,34.17499923706055,34.0,34.125,29.794172286987305,7493800
2014-08-20,34.029998779296875,34.34000015258789,34.025001525878906,34.28499984741211,29.933860778808594,10008000
2014-08-21,34.33000183105469,34.34000015258789,34.22999954223633,34.255001068115234,29.907670974731445,3998600
2014-08-22,34.28499984741211,34.369998931884766,34.18000030517578,34.31999969482422,29.964418411254883,6581400
2014-08-25,34.48500061035156,34.494998931884766,34.3650016784668,34.41999816894531,30.051725387573242,7935200
2014-08-26,34.44499969482422,34.51499938964844,34.375,34.42499923706055,30.05609130859375,4041600
2014-08-27,34.435001373291016,34.51499938964844,34.39500045776367,34.459999084472656,30.08666229248047,3597000
2014-08-28,34.314998626708984,34.45500183105469,34.23500061035156,34.415000915527344,30.047361373901367,4626200
2014-08-29,34.45500183105469,34.5,34.290000915527344,34.40999984741211,30.042997360229492,4618400
2014-09-02,34.42499923706055,34.584999084472656,34.314998626708984,34.474998474121094,30.09973907470703,19040400
2014-09-03,34.619998931884766,34.625,34.35499954223633,34.3849983215332,30.021167755126953,5213200
2014-09-04,34.435001373291016,34.665000915527344,34.435001373291016,34.51499938964844,30.134662628173828,7466800
2014-09-05,34.435001373291016,34.64500045776367,34.32500076293945,34.630001068115234,30.235074996948242,5337200
2014-09-08,34.54499816894531,34.584999084472656,34.34000015258789,34.48500061035156,30.108476638793945,5001600
2014-09-09,34.439998626708984,34.474998474121094,34.1150016784668,34.13999938964844,29.807262420654297,5116800
2014-09-10,34.220001220703125,34.275001525878906,34.03499984741211,34.2599983215332,29.91202735900879,5738200
2014-09-11,34.11000061035156,34.30500030517578,34.11000061035156,34.275001525878906,29.925128936767578,4877200
2014-09-12,34.2400016784668,34.29499816894531,34.04999923706055,34.17499923706055,29.837825775146484,5826800
2014-09-15,34.165000915527344,34.209999084472656,33.959999084472656,34.03499984741211,29.715587615966797,5822200
2014-09-16,33.94499969482422,34.29999923706055,33.88999938964844,34.209999084472656,29.868371963500977,5693600
2014-09-17,34.224998474121094,34.36000061035156,34.060001373291016,34.19499969482422,29.855274200439453,12802800
2014-09-18,34.29999923706055,34.3849983215332,34.22999954223633,34.345001220703125,29.986248016357422,5625200
2014-09-19,34.369998931884766,34.44499969482422,34.165000915527344,34.244998931884766,29.99894905090332,11847200
2014-09-22,34.1349983215332,34.189998626708984,33.68000030517578,33.76499938964844,29.57846450805664,10849000
2014-09-23,33.650001525878906,33.77000045776367,33.474998474121094,33.474998474121094,29.324419021606445,10973400
2014-09-24,33.53499984741211,33.869998931884766,33.41999816894531,33.85499954223633,29.657299041748047,12686200
2014-09-25,33.77000045776367,33.80500030517578,33.34000015258789,33.36000061035156,29.223684310913086,9279200
2014-09-26,33.51499938964844,33.779998779296875,33.470001220703125,33.70500183105469,29.525907516479492,5186800
2014-09-29,33.41999816894531,33.67499923706055,33.3849983215332,33.529998779296875,29.372591018676758,13681200
2014-09-30,33.6150016784668,33.6150016784668,33.29499816894531,33.345001220703125,29.210556030273438,8856600
2014-10-01,33.27000045776367,33.33000183105469,32.849998474121094,32.900001525878906,28.820714950561523,13114000
2014-10-02,32.915000915527344,33.10499954223633,32.52000045776367,33.04999923706055,28.952119827270508,14969200
2014-10-03,33.2599983215332,33.58000183105469,33.19499969482422,33.474998474121094,29.324419021606445,9919600
2014-10-06,33.56999969482422,33.63999938964844,33.224998474121094,33.29499816894531,29.166738510131836,7781400
2014-10-07,33.14500045776367,33.209999084472656,32.79999923706055,32.79999923706055,28.733110427856445,12900200
2014-10-08,32.82500076293945,33.375,32.6349983215332,33.314998626708984,29.18425750732422,14306200
2014-10-09,33.29499816894531,33.29499816894531,32.55500030517578,32.560001373291016,28.522872924804688,45401600
2014-10-10,32.505001068115234,32.78499984741211,32.275001525878906,32.275001525878906,28.273210525512695,22018200
2014-10-13,32.2599983215332,32.334999084472656,31.594999313354492,31.6200008392334,27.69942855834961,42621400
2014-10-14,31.809999465942383,32.095001220703125,31.690000534057617,31.850000381469727,27.900907516479492,22490000
2014-10-15,31.399999618530273,31.7450008392334,30.84000015258789,31.584999084472656,27.66875648498535,30186400
2014-10-16,30.8799991607666,31.829999923706055,30.8799991607666,31.6200008392334,27.69942855834961,25364400
2014-10-17,31.875,32.2400016784668,31.84000015258789,31.969999313354492,28.006027221679688,17024200
2014-10-20,31.889999389648438,32.44499969482422,31.889999389648438,32.415000915527344,28.395849227905273,12384400
2014-10-21,32.560001373291016,33.08000183105469,32.529998779296875,33.04499816894531,28.947729110717773,11069000
2014-10-22,33.13999938964844,33.220001220703125,32.73500061035156,32.7599983215332,28.69806671142578,15529200
2014-10-23,33.125,33.43000030517578,33.04999923706055,33.20500183105469,29.08789825439453,10367600
2014-10-24,33.10499954223633,33.20000076293945,32.935001373291016,33.17499923706055,29.06161880493164,9014200
2014-10-27,33.130001068115234,33.314998626708984,33.029998779296875,33.2400016784668,29.118558883666992,7441600
2014-10-28,33.380001068115234,33.61000061035156,33.26499938964844,33.599998474121094,29.43391990661621,15389000
2014-10-29,33.64500045776367,33.71500015258789,33.32500076293945,33.5,29.3463191986084,9770600
2014-10-30,33.43000030517578,33.81999969482422,32.5,33.720001220703125,29.539047241210938,10203800
2014-10-31,34.16999816894531,34.20500183105469,33.95500183105469,34.04999923706055,29.828126907348633,9478800
2014-11-03,34.130001068115234,34.130001068115234,33.98500061035156,34.04999923706055,29.828126907348633,31852200
2014-11-04,33.869998931884766,33.92499923706055,33.46500015258789,33.63999938964844,29.468965530395508,9889200
2014-11-05,33.92499923706055,33.935001373291016,33.584999084472656,33.775001525878906,29.58722496032715,21506800
2014-11-06,33.81999969482422,34.08000183105469,33.77000045776367,34.060001373291016,29.83688735961914,22500000
2014-11-07,33.95000076293945,34.040000915527344,33.86000061035156,34.005001068115234,29.788711547851562,7542000
2014-11-10,34.064998626708984,34.07500076293945,33.779998779296875,33.98500061035156,29.77119255065918,5300800
2014-11-11,34.025001525878906,34.1349983215332,33.93000030517578,34.130001068115234,29.898197174072266,6460800
2014-11-12,34.02000045776367,34.345001220703125,34.02000045776367,34.290000915527344,30.03837776184082,10533200
2014-11-13,34.17499923706055,34.595001220703125,34.17499923706055,34.505001068115234,30.226707458496094,21600200
2014-11-14,34.540000915527344,34.654998779296875,34.46500015258789,34.63999938964844,30.344974517822266,19116000
2014-11-17,34.525001525878906,34.70500183105469,34.505001068115234,34.599998474121094,30.309934616088867,8062200
2014-11-18,34.525001525878906,34.75,34.5099983215332,34.665000915527344,30.366865158081055,8964200
2014-11-19,34.724998474121094,34.834999084472656,34.625,34.810001373291016,30.493906021118164,10035200
2014-11-20,34.650001525878906,35.04999923706055,34.63999938964844,34.959999084472656,30.625308990478516,10706200
2014-11-21,35.29499816894531,35.33000183105469,34.95500183105469,35.04499816894531,30.69975471496582,15564400
2014-11-24,35.22999954223633,35.3849983215332,35.15999984741211,35.369998931884766,30.98446273803711,6685200
2014-11-25,35.4900016784668,35.59000015258789,35.349998474121094,35.47999954223633,31.080821990966797,8501800
2014-11-26,35.470001220703125,35.505001068115234,35.40999984741211,35.474998474121094,31.07642364501953,4674800
2014-11-28,35.625,35.974998474121094,35.625,35.904998779296875,31.453121185302734,6714400
2014-12-01,35.79999923706055,35.80500030517578,35.459999084472656,35.5099983215332,31.107086181640625,23771000
2014-12-02,35.560001373291016,35.71500015258789,35.540000915527344,35.64500045776367,31.225351333618164,10333800
2014-12-03,35.70000076293945,35.7400016784668,35.54499816894531,35.70500183105469,31.27793312072754,11326400
2014-12-04,35.67499923706055,35.755001068115234,35.5099983215332,35.685001373291016,31.260398864746094,12190200
2014-12-05,35.69499969482422,35.82500076293945,35.685001373291016,35.76499938964844,31.330480575561523,8961000
2014-12-08,35.689998626708984,35.76499938964844,35.35499954223633,35.474998474121094,31.07642364501953,8405800
2014-12-09,35.275001525878906,35.439998626708984,34.98500061035156,35.40999984741211,31.01949691772461,8876000
2014-12-10,35.349998474121094,35.404998779296875,34.904998779296875,34.939998626708984,30.60777473449707,10930400
2014-12-11,35.095001220703125,35.540000915527344,35.06999969482422,35.224998474121094,30.85744285583496,35139600
2014-12-12,35.06999969482422,35.375,34.93000030517578,35.0,30.66034507751465,24352200
2014-12-15,35.19499969482422,35.275001525878906,34.61000061035156,34.790000915527344,30.476383209228516,17765000
2014-12-16,34.67499923706055,34.93000030517578,34.224998474121094,34.255001068115234,30.007709503173828,18229600
2014-12-17,34.40999984741211,34.970001220703125,34.31999969482422,34.90999984741211,30.581499099731445,19427800
2014-12-18,35.404998779296875,35.48500061035156,35.03499984741211,35.48500061035156,31.085203170776367,37697000
2014-12-19,35.439998626708984,35.53499984741211,35.22999954223633,35.435001373291016,31.170095443725586,19660200
2014-12-22,35.5,35.779998779296875,35.5,35.779998779296875,31.473554611206055,9902400
2014-12-23,35.900001525878906,36.095001220703125,35.85499954223633,35.97999954223633,31.649486541748047,14674600
2014-12-24,36.07500076293945,36.07500076293945,35.90999984741211,35.91999816894531,31.59671401977539,3375600
2014-12-26,36.02000045776367,36.189998626708984,35.970001220703125,36.1150016784668,31.76824951171875,28204600
2014-12-29,36.095001220703125,36.45500183105469,36.01499938964844,36.38999938964844,32.01014709472656,46027200
2014-12-30,36.290000915527344,36.380001068115234,36.14500045776367,36.220001220703125,31.86060333251953,12102400
2014-12-31,36.334999084472656,36.48500061035156,36.060001373291016,36.07500076293945,31.733062744140625,13328000
2015-01-02,36.26499938964844,36.32500076293945,35.56999969482422,35.814998626708984,31.504352569580078,12371000
2015-01-05,35.68000030517578,35.76499938964844,35.05500030517578,35.130001068115234,30.901790618896484,17165800
2015-01-06,35.275001525878906,35.28499984741211,34.54499816894531,34.779998779296875,30.593921661376953,14346000
2015-01-07,35.3650016784668,35.3650016784668,35.005001068115234,35.33000183105469,31.077728271484375,14822000
2015-01-08,35.625,35.90999984741211,35.459999084472656,35.86000061035156,31.543933868408203,12798200
2015-01-09,35.85499954223633,35.8849983215332,35.404998779296875,35.44499969482422,31.178884506225586,11258400
2015-01-12,35.51499938964844,35.560001373291016,35.11000061035156,35.255001068115234,31.011751174926758,12056600
2015-01-13,35.64500045776367,35.845001220703125,34.97999954223633,35.255001068115234,31.011751174926758,15103200
2015-01-14,34.779998779296875,34.96500015258789,34.43000030517578,34.83000183105469,30.63790512084961,20350000
2015-01-15,34.90999984741211,35.04999923706055,34.369998931884766,34.380001068115234,30.242067337036133,16102400
2015-01-16,34.400001525878906,34.875,34.25,34.834999084472656,30.642297744750977,19104200
2015-01-20,34.875,34.95000076293945,34.32500076293945,34.6349983215332,30.466373443603516,27874600
2015-01-21,34.6150016784668,34.970001220703125,34.51499938964844,34.86000061035156,30.66428565979004,18744000
2015-01-22,34.974998474121094,35.57500076293945,34.849998474121094,35.51499938964844,31.240455627441406,30350200
2015-01-23,35.55500030517578,35.63999938964844,35.375,35.46500015258789,31.196474075317383,9963400
2015-01-26,35.45000076293945,35.66999816894531,35.34000015258789,35.650001525878906,31.359207153320312,6906800
2015-01-27,35.244998931884766,35.595001220703125,35.130001068115234,35.3650016784668,31.108518600463867,11772400
2015-01-28,35.54999923706055,35.56999969482422,34.8650016784668,34.904998779296875,30.703868865966797,10395000
2015-01-29,35.02000045776367,35.45000076293945,34.81999969482422,35.380001068115234,31.121715545654297,17070000
2015-01-30,35.26499938964844,35.459999084472656,34.95000076293945,34.994998931884766,30.783042907714844,16055400
2015-02-02,35.084999084472656,35.334999084472656,34.529998779296875,35.310001373291016,31.060136795043945,41698800
2015-02-03,35.51499938964844,36.064998626708984,35.43000030517578,36.060001373291016,31.719867706298828,11228800
2015-02-04,36.05500030517578,36.48500061035156,36.02000045776367,36.29999923706055,31.930967330932617,18332000
2015-02-05,36.32500076293945,36.54499816894531,36.279998779296875,36.525001525878906,32.128902435302734,10155000
2015-02-06,36.57500076293945,36.650001525878906,36.35499954223633,36.470001220703125,32.08052062988281,9296600
2015-02-09,36.26499938964844,36.46500015258789,36.22999954223633,36.33000183105469,31.957365036010742,8735000
2015-02-10,36.625,36.845001220703125,36.43000030517578,36.775001525878906,32.34879684448242,11124000
2015-02-11,36.82500076293945,36.880001068115234,36.619998931884766,36.78499984741211,32.357601165771484,10627400
2015-02-12,36.94499969482422,37.23500061035156,36.84000015258789,37.220001220703125,32.7402458190918,8261600
2015-02-13,37.26499938964844,37.44499969482422,37.220001220703125,37.44499969482422,32.93816375732422,10664800
2015-02-17,37.38999938964844,37.53499984741211,37.20500183105469,37.36000061035156,32.86339569091797,8244000
2015-02-18,37.279998779296875,37.3849983215332,37.21500015258789,37.34000015258789,32.84580612182617,8287800
2015-02-19,37.380001068115234,37.540000915527344,37.380001068115234,37.45500183105469,32.946964263916016,6545000
2015-02-20,37.33000183105469,37.72999954223633,37.22999954223633,37.720001220703125,33.180076599121094,7861600
2015-02-23,37.69499969482422,37.80500030517578,37.56999969482422,37.685001373291016,33.14926528930664,6242400
2015-02-24,37.814998626708984,37.900001525878906,37.744998931884766,37.8650016784668,33.307621002197266,7037200
2015-02-25,37.89500045776367,38.2599983215332,37.849998474121094,38.154998779296875,33.56269836425781,13684200
2015-02-26,38.119998931884766,38.18000030517578,37.95000076293945,38.03499984741211,33.45714569091797,7009400
2015-02-27,38.01499938964844,38.11000061035156,37.95000076293945,37.98500061035156,33.41317367553711,7738200
2015-03-02,38.0099983215332,38.45500183105469,38.0,38.439998626708984,33.81340789794922,48008800
2015-03-03,38.3650016784668,38.375,38.06999969482422,38.334999084472656,33.721038818359375,12051000
2015-03-04,38.310001373291016,38.310001373291016,37.974998474121094,38.1349983215332,33.54512405395508,9332600
2015-03-05,38.255001068115234,38.2599983215332,38.09000015258789,38.15999984741211,33.567115783691406,15569400
2015-03-06,38.029998779296875,38.084999084472656,37.630001068115234,37.70500183105469,33.1668701171875,15705000
2015-03-09,37.73500061035156,37.96500015258789,37.70500183105469,37.91999816894531,33.35599136352539,8450000
2015-03-10,37.619998931884766,37.654998779296875,37.31999969482422,37.33000183105469,32.83702087402344,14292600
2015-03-11,37.39500045776367,37.43000030517578,37.1150016784668,37.125,32.65668869018555,9184800
2015-03-12,37.27000045776367,37.904998779296875,37.27000045776367,37.880001068115234,33.320796966552734,13843000
2015-03-13,37.82500076293945,37.869998931884766,37.3849983215332,37.58000183105469,33.05692672729492,11165600
2015-03-16,37.720001220703125,38.040000915527344,37.720001220703125,38.02000045776367,33.44396209716797,10901400
2015-03-17,37.77000045776367,37.91999816894531,37.68000030517578,37.810001373291016,33.25924301147461,9854600
2015-03-18,37.7400016784668,38.26499938964844,37.459999084472656,38.14500045776367,33.553916931152344,15437000
2015-03-19,38.15999984741211,38.45500183105469,37.95000076293945,38.09000015258789,33.50553512573242,9111000
2015-03-20,38.21500015258789,38.46500015258789,38.1349983215332,38.3849983215332,33.87842559814453,12486600
2015-03-23,38.36000061035156,38.564998626708984,38.314998626708984,38.31999969482422,33.82107162475586,7461400
2015-03-24,38.30500030517578,38.375,38.11000061035156,38.119998931884766,33.64453887939453,10551200
2015-03-25,38.060001373291016,38.154998779296875,37.5,37.5,33.09733200073242,11851600
2015-03-26,37.28499984741211,37.4900016784668,37.1150016784668,37.26499938964844,32.88992691040039,10108200
2015-03-27,37.209999084472656,37.529998779296875,37.209999084472656,37.45500183105469,33.057613372802734,6723800
2015-03-30,37.58000183105469,37.95000076293945,37.58000183105469,37.84000015258789,33.397422790527344,9186000
2015-03-31,37.78499984741211,38.07500076293945,37.564998626708984,37.67499923706055,33.251792907714844,16259600
2015-04-01,37.59000015258789,37.689998626708984,37.26499938964844,37.5099983215332,33.10615539550781,14701400
2015-04-02,37.474998474121094,37.904998779296875,37.435001373291016,37.845001220703125,33.40182876586914,8929600
2015-04-06,37.625,38.18000030517578,37.58000183105469,38.025001525878906,33.56069564819336,9978600
2015-04-07,38.025001525878906,38.095001220703125,37.814998626708984,37.814998626708984,33.37534713745117,6297600
2015-04-08,37.90999984741211,38.17499923706055,37.880001068115234,38.16999816894531,33.68864822387695,8497000
2015-04-09,38.165000915527344,38.31999969482422,37.93000030517578,38.20500183105469,33.71957015991211,10503200
2015-04-10,38.255001068115234,38.375,38.20000076293945,38.334999084472656,33.834293365478516,7944200
2015-04-13,38.29999923706055,38.415000915527344,38.1150016784668,38.125,33.648956298828125,6293600
2015-04-14,38.0,38.224998474121094,37.869998931884766,38.10499954223633,33.63129806518555,5840600
2015-04-15,38.20000076293945,38.31999969482422,38.084999084472656,38.10499954223633,33.63129806518555,11518600
2015-04-16,38.189998626708984,38.26499938964844,38.09000015258789,38.18000030517578,33.69749069213867,13719800
2015-04-17,37.974998474121094,37.9900016784668,37.494998931884766,37.6150016784668,33.198829650878906,17183000
2015-04-20,37.775001525878906,38.095001220703125,37.775001525878906,38.029998779296875,33.565093994140625,8199800
2015-04-21,38.18000030517578,38.209999084472656,37.94499969482422,38.06999969482422,33.60041809082031,7835000
2015-04-22,38.16999816894531,38.17499923706055,37.8849983215332,38.10499954223633,33.63129806518555,6926600
2015-04-23,38.04999923706055,38.494998931884766,38.029998779296875,38.29499816894531,33.79899978637695,8271600
2015-04-24,38.625,38.845001220703125,38.560001373291016,38.814998626708984,34.25794219970703,9655600
2015-04-27,38.90999984741211,38.94499969482422,38.435001373291016,38.474998474121094,33.957862854003906,13850600
2015-04-28,38.415000915527344,38.439998626708984,38.064998626708984,38.34000015258789,33.83871078491211,11132400
2015-04-29,38.15999984741211,38.310001373291016,37.92499923706055,38.08000183105469,33.60923767089844,14487000
2015-04-30,37.900001525878906,38.14500045776367,37.48500061035156,37.654998779296875,33.234134674072266,21405400
2015-05-01,37.845001220703125,38.189998626708984,37.79499816894531,38.17499923706055,33.69308090209961,12220400
2015-05-04,38.474998474121094,38.474998474121094,38.20000076293945,38.255001068115234,33.76369094848633,7841800
2015-05-05,38.375,38.375,37.845001220703125,37.85499954223633,33.410648345947266,15713600
2015-05-06,37.95500183105469,38.005001068115234,37.51499938964844,37.70000076293945,33.27383804321289,16596400
2015-05-07,37.70000076293945,37.96500015258789,37.60499954223633,37.89500045776367,33.44595718383789,11784800
2015-05-08,38.279998779296875,38.459999084472656,38.26499938964844,38.29999923706055,33.803401947021484,11347200
2015-05-11,38.27000045776367,38.46500015258789,38.125,38.130001068115234,33.653358459472656,13894400
2015-05-12,37.91999816894531,38.20000076293945,37.77000045776367,38.060001373291016,33.59158706665039,15020800
2015-05-13,38.08000183105469,38.209999084472656,37.790000915527344,37.81999969482422,33.3797721862793,15843200
2015-05-14,37.96500015258789,38.040000915527344,37.7599983215332,37.9900016784668,33.52980041503906,13660600
2015-05-15,38.03499984741211,38.29499816894531,37.994998931884766,38.29499816894531,33.79899978637695,14379800
2015-05-18,38.22999954223633,38.5099983215332,38.220001220703125,38.439998626708984,33.92698287963867,7923000
2015-05-19,38.54499816894531,38.625,38.38999938964844,38.43000030517578,33.91813278198242,9290800
2015-05-20,38.435001373291016,38.55500030517578,38.25,38.3849983215332,33.87842559814453,14815600
2015-05-21,38.29999923706055,38.619998931884766,38.29999923706055,38.53499984741211,34.01081848144531,5860800
2015-05-22,38.529998779296875,38.6150016784668,38.404998779296875,38.470001220703125,33.95344161987305,5927600
2015-05-26,38.439998626708984,38.55500030517578,38.1349983215332,38.19499969482422,33.71073913574219,10672000
2015-05-27,38.27000045776367,38.529998779296875,38.189998626708984,38.47999954223633,33.9622688293457,7255400
2015-05-28,38.415000915527344,38.494998931884766,38.314998626708984,38.415000915527344,33.90489196777344,6508400
2015-05-29,38.30500030517578,38.44499969482422,38.095001220703125,38.150001525878906,33.671024322509766,12333000
2015-06-01,38.185001373291016,38.39500045776367,38.06999969482422,38.2599983215332,33.76811218261719,11095000
2015-06-02,38.17499923706055,38.529998779296875,38.125,38.345001220703125,33.843135833740234,14261600
2015-06-03,38.45000076293945,38.70000076293945,38.349998474121094,38.64500045776367,34.1078987121582,8796000
2015-06-04,38.55500030517578,38.6349983215332,38.30500030517578,38.369998931884766,33.865177154541016,11321000
2015-06-05,38.2599983215332,38.349998474121094,38.08000183105469,38.2599983215332,33.76811218261719,7026000
2015-06-08,38.21500015258789,38.22999954223633,37.97999954223633,37.9900016784668,33.52980041503906,7392800
2015-06-09,38.0,38.064998626708984,37.720001220703125,37.95000076293945,33.4945068359375,9372200
2015-06-10,38.11000061035156,38.43000030517578,38.064998626708984,38.34000015258789,33.83871078491211,9327400
2015-06-11,38.439998626708984,38.595001220703125,38.404998779296875,38.470001220703125,33.95344161987305,8786600
2015-06-12,38.25,38.38999938964844,38.224998474121094,38.29499816894531,33.79899978637695,8135400
2015-06-15,38.05500030517578,38.185001373291016,37.90999984741211,38.1150016784668,33.64012908935547,9342800
2015-06-16,38.07500076293945,38.35499954223633,38.04499816894531,38.345001220703125,33.843135833740234,8213600
2015-06-17,38.415000915527344,38.61000061035156,38.244998931884766,38.52000045776367,33.997589111328125,8577200
2015-06-18,38.525001525878906,39.095001220703125,38.525001525878906,38.98500061035156,34.40797805786133,11583400
2015-06-19,38.93000030517578,38.96500015258789,38.724998474121094,38.724998474121094,34.28712844848633,11966600
2015-06-22,38.92499923706055,39.08000183105469,38.915000915527344,38.939998626708984,34.477481842041016,7812000
2015-06-23,39.03499984741211,39.125,38.994998931884766,39.095001220703125,34.614723205566406,7023200
2015-06-24,38.974998474121094,39.154998779296875,38.81999969482422,38.82500076293945,34.37567138671875,11973400
2015-06-25,38.89500045776367,39.01499938964844,38.77000045776367,38.79499816894531,34.3491096496582,8859400
2015-06-26,38.95500183105469,39.06999969482422,38.81999969482422,38.95000076293945,34.486358642578125,16617200
2015-06-29,38.60499954223633,38.779998779296875,38.040000915527344,38.06999969482422,33.70720291137695,17959600
2015-06-30,38.45500183105469,38.459999084472656,38.08000183105469,38.2400016784668,33.85771560668945,14474600
2015-07-01,38.564998626708984,38.685001373291016,38.47999954223633,38.67499923706055,34.242855072021484,12045200
2015-07-02,38.790000915527344,38.90999984741211,38.48500061035156,38.599998474121094,34.17646026611328,12517800
2015-07-06,38.334999084472656,38.78499984741211,38.25,38.525001525878906,34.11003875732422,8099400
2015-07-07,38.564998626708984,38.8650016784668,38.099998474121094,38.86000061035156,34.40665817260742,13923400
2015-07-08,38.54999923706055,38.64500045776367,38.06999969482422,38.119998931884766,33.75145721435547,13650600
2015-07-09,38.5,38.67499923706055,38.244998931884766,38.279998779296875,33.893123626708984,11855200
2015-07-10,38.65999984741211,38.915000915527344,38.564998626708984,38.834999084472656,34.384521484375,9316600
2015-07-13,39.11000061035156,39.41999816894531,39.11000061035156,39.39500045776367,34.880340576171875,12129400
2015-07-14,39.48500061035156,39.51499938964844,39.36000061035156,39.44499969482422,34.92461395263672,7502000
2015-07-15,39.46500015258789,39.505001068115234,39.314998626708984,39.404998779296875,34.88920593261719,5428600
2015-07-16,39.68000030517578,39.689998626708984,39.45000076293945,39.64500045776367,35.10169219970703,6554800
2015-07-17,39.70500183105469,39.709999084472656,39.44499969482422,39.57500076293945,35.03972625732422,6489600
2015-07-20,39.779998779296875,39.779998779296875,39.53499984741211,39.595001220703125,35.05742263793945,5109400
2015-07-21,39.78499984741211,39.78499984741211,39.36000061035156,39.470001220703125,34.94675827026367,5353800
2015-07-22,39.46500015258789,39.724998474121094,39.415000915527344,39.65999984741211,35.1149787902832,6419400
2015-07-23,39.7400016784668,39.814998626708984,39.334999084472656,39.42499923706055,34.90690612792969,7522000
2015-07-24,40.20000076293945,40.20000076293945,39.35499954223633,39.42499923706055,34.90690612792969,10339200
2015-07-27,39.275001525878906,39.45000076293945,39.025001525878906,39.130001068115234,34.64572525024414,11104600
2015-07-28,39.01499938964844,39.51499938964844,39.01499938964844,39.435001373291016,34.91576385498047,10897000
2015-07-29,39.540000915527344,39.904998779296875,39.5,39.84000015258789,35.27434539794922,11624400
2015-07-30,39.66999816894531,40.029998779296875,39.599998474121094,39.98500061035156,35.40272903442383,6606400
2015-07-31,40.07500076293945,40.26499938964844,39.970001220703125,40.11000061035156,35.513404846191406,7330400
2015-08-03,40.029998779296875,40.25,39.7599983215332,39.974998474121094,35.39387893676758,11514200
2015-08-04,40.025001525878906,40.23500061035156,39.96500015258789,40.14500045776367,35.54439926147461,11407400
2015-08-05,40.20000076293945,40.30500030517578,39.63999938964844,39.709999084472656,35.15924835205078,11882600
2015-08-06,39.849998474121094,39.849998474121094,38.744998931884766,39.16999816894531,34.681129455566406,15489400
2015-08-07,39.21500015258789,39.25,38.8650016784668,39.13999938964844,34.654571533203125,12905800
2015-08-10,39.435001373291016,39.58000183105469,39.375,39.45500183105469,34.9334716796875,7674200
2015-08-11,39.20000076293945,39.29499816894531,38.915000915527344,39.099998474121094,34.6191520690918,11349400
2015-08-12,38.97999954223633,38.9900016784668,38.290000915527344,38.93000030517578,34.468631744384766,14273800
2015-08-13,38.904998779296875,39.39500045776367,38.89500045776367,39.154998779296875,34.667850494384766,8848600
2015-08-14,39.11000061035156,39.23500061035156,39.03499984741211,39.18000030517578,34.68998336791992,9479200
2015-08-17,39.040000915527344,39.58000183105469,39.005001068115234,39.55500030517578,35.021995544433594,8841000
2015-08-18,39.599998474121094,39.75,39.51499938964844,39.59000015258789,35.05299758911133,11699400
2015-08-19,39.474998474121094,39.814998626708984,39.33000183105469,39.52000045776367,34.99103546142578,11481800
2015-08-20,39.13999938964844,39.224998474121094,38.400001525878906,38.40999984741211,34.00822448730469,18824600
2015-08-21,38.025001525878906,38.14500045776367,37.14500045776367,37.18000030517578,32.91918182373047,37202600
2015-08-24,35.029998779296875,36.93000030517578,33.0,35.69499969482422,31.60436248779297,47634200
2015-08-25,36.59000015258789,36.880001068115234,35.529998779296875,35.54999923706055,31.475980758666992,24187600
2015-08-26,36.3650016784668,36.94499969482422,35.66999816894531,36.900001525878906,32.6712760925293,37790200
2015-08-27,37.474998474121094,37.8650016784668,37.005001068115234,37.76499938964844,33.43714141845703,32231200
2015-08-28,37.63999938964844,38.0,37.54999923706055,37.779998779296875,33.4504280090332,15289000
2015-08-31,37.61000061035156,37.82500076293945,37.380001068115234,37.4900016784668,33.19364929199219,20217800
2015-09-01,36.66999816894531,37.10499954223633,36.334999084472656,36.540000915527344,32.35253143310547,27879800
2015-09-02,36.904998779296875,37.31999969482422,36.709999084472656,37.310001373291016,33.03428649902344,15389200
2015-09-03,37.3849983215332,37.80500030517578,37.20000076293945,37.32500076293945,33.04756546020508,13201600
2015-09-04,36.78499984741211,37.13999938964844,36.6150016784668,36.92499923706055,32.693397521972656,14311200
2015-09-08,37.619998931884766,37.814998626708984,37.349998474121094,37.779998779296875,33.4504280090332,10510400
2015-09-09,38.1349983215332,38.185001373291016,37.290000915527344,37.375,33.09183883666992,15364200
2015-09-10,37.244998931884766,37.71500015258789,37.220001220703125,37.47999954223633,33.184810638427734,12412200
2015-09-11,37.380001068115234,37.76499938964844,37.29999923706055,37.7599983215332,33.43271255493164,9219200
2015-09-14,37.73500061035156,37.775001525878906,37.42499923706055,37.560001373291016,33.25564193725586,7184600
2015-09-15,37.56999969482422,38.05500030517578,37.3849983215332,37.95500183105469,33.605377197265625,11140800
2015-09-16,38.02000045776367,38.435001373291016,37.915000915527344,38.3849983215332,33.986087799072266,13231800
2015-09-17,38.400001525878906,39.064998626708984,38.34000015258789,38.48500061035156,34.07463836669922,21990400
2015-09-18,37.8849983215332,38.244998931884766,37.66999816894531,37.72999954223633,33.53205871582031,19723000
2015-09-21,37.90999984741211,38.2400016784668,37.744998931884766,38.060001373291016,33.825347900390625,14036200
2015-09-22,37.584999084472656,37.65999984741211,37.28499984741211,37.55500030517578,33.37653732299805,15290400
2015-09-23,37.54999923706055,37.654998779296875,37.33000183105469,37.45500183105469,33.28767013549805,10771200
2015-09-24,37.23500061035156,37.40999984741211,36.84000015258789,37.35499954223633,33.19878005981445,13957400
2015-09-25,37.76499938964844,37.849998474121094,37.16999816894531,37.349998474121094,33.194339752197266,11708000
2015-09-28,37.095001220703125,37.22999954223633,36.185001373291016,36.275001525878906,32.23894500732422,24030800
2015-09-29,36.290000915527344,36.54999923706055,35.93000030517578,36.154998779296875,32.13229751586914,12354200
2015-09-30,36.689998626708984,37.16999816894531,36.52000045776367,37.130001068115234,32.99882125854492,21597200
2015-10-01,37.150001525878906,37.40999984741211,36.834999084472656,37.404998779296875,33.243221282958984,16725400
2015-10-02,36.82500076293945,37.939998626708984,36.775001525878906,37.939998626708984,33.718692779541016,16403600
2015-10-05,38.21500015258789,38.56999969482422,38.084999084472656,38.5,34.216392517089844,14036000
2015-10-06,38.375,38.630001068115234,38.03499984741211,38.21500015258789,33.96310806274414,18172000
2015-10-07,38.29999923706055,38.439998626708984,37.974998474121094,38.345001220703125,34.0786247253418,15588600
2015-10-08,38.18000030517578,38.869998931884766,38.165000915527344,38.814998626708984,34.496337890625,12683200
2015-10-09,38.82500076293945,38.89500045776367,38.63999938964844,38.86000061035156,34.53634262084961,16705400
2015-10-12,38.8849983215332,39.150001525878906,38.880001068115234,39.04499816894531,34.70075225830078,10978000
2015-10-13,38.915000915527344,39.25,38.78499984741211,38.834999084472656,34.51411056518555,15163000
2015-10-14,38.834999084472656,38.970001220703125,38.35499954223633,38.439998626708984,34.163063049316406,14031800
2015-10-15,38.654998779296875,38.94499969482422,38.36000061035156,38.939998626708984,34.607425689697266,11406400
2015-10-16,38.92499923706055,39.15999984741211,38.900001525878906,39.14500045776367,34.78962707519531,10638400
2015-10-19,39.03499984741211,39.35499954223633,39.0,39.33000183105469,34.95404815673828,9857400
2015-10-20,39.275001525878906,39.45500183105469,39.154998779296875,39.279998779296875,34.909603118896484,10027600
2015-10-21,39.380001068115234,39.470001220703125,39.05500030517578,39.10499954223633,34.75407409667969,10024800
2015-10-22,39.349998474121094,39.69499969482422,39.275001525878906,39.619998931884766,35.21177673339844,16455000
2015-10-23,40.16999816894531,40.20500183105469,39.60499954223633,39.814998626708984,35.38507843017578,15790200
2015-10-26,39.83000183105469,40.165000915527344,39.79999923706055,40.095001220703125,35.63392639160156,12050000
2015-10-27,40.0,40.04999923706055,39.73500061035156,39.904998779296875,35.465065002441406,8942400
2015-10-28,40.060001373291016,40.28499984741211,39.7599983215332,40.28499984741211,35.802791595458984,22715800
2015-10-29,40.22999954223633,40.470001220703125,39.845001220703125,40.400001525878906,35.90499496459961,9449600
2015-10-30,40.47999954223633,40.755001068115234,40.375,40.48500061035156,35.98052215576172,15542200
2015-11-02,40.630001068115234,40.72999954223633,40.375,40.66999816894531,36.14493179321289,15470000
2015-11-03,40.625,40.93000030517578,40.595001220703125,40.82500076293945,36.282691955566406,14567000
2015-11-04,40.89500045776367,40.935001373291016,40.35499954223633,40.560001373291016,36.047183990478516,12531800
2015-11-05,40.619998931884766,40.82500076293945,40.404998779296875,40.70500183105469,36.176048278808594,13929400
2015-11-06,40.599998474121094,40.80500030517578,40.45000076293945,40.709999084472656,36.18049240112305,13186400
2015-11-09,40.52000045776367,40.650001525878906,39.869998931884766,40.150001525878906,35.68280029296875,14019200
2015-11-10,40.095001220703125,40.529998779296875,40.040000915527344,40.529998779296875,36.0205192565918,14662800
2015-11-11,40.6150016784668,40.625,40.20500183105469,40.290000915527344,35.80721664428711,14173400
2015-11-12,40.040000915527344,40.29499816894531,39.8849983215332,39.915000915527344,35.47394943237305,12151400
2015-11-13,39.65999984741211,39.71500015258789,38.81999969482422,38.8650016784668,34.54077911376953,22754400
2015-11-16,38.709999084472656,39.334999084472656,38.630001068115234,39.334999084472656,34.95848083496094,14766400
2015-11-17,39.529998779296875,39.755001068115234,39.279998779296875,39.40999984741211,35.02513885498047,14904600
2015-11-18,39.52000045776367,40.1349983215332,39.43000030517578,40.084999084472656,35.625038146972656,14275200
2015-11-19,40.1150016784668,40.28499984741211,40.025001525878906,40.1349983215332,35.669464111328125,11370400
2015-11-20,40.439998626708984,40.619998931884766,40.34000015258789,40.6150016784668,36.0960693359375,11129800
2015-11-23,40.68000030517578,40.92499923706055,40.60499954223633,40.76499938964844,36.22937774658203,8344000
2015-11-24,40.44499969482422,40.79999923706055,40.2599983215332,40.68000030517578,36.153831481933594,9090800
2015-11-25,40.755001068115234,40.95000076293945,40.7400016784668,40.8849983215332,36.336021423339844,7406400
2015-11-27,40.89500045776367,40.89500045776367,40.564998626708984,40.73500061035156,36.20272445678711,4565200
2015-11-30,40.875,40.875,40.345001220703125,40.38999938964844,35.8961067199707,17294000
2015-12-01,40.61000061035156,40.81999969482422,40.494998931884766,40.80500030517578,36.26492691040039,16374800
2015-12-02,40.8650016784668,40.875,40.369998931884766,40.45000076293945,35.94942092895508,12527000
2015-12-03,40.619998931884766,40.619998931884766,39.665000915527344,39.84000015258789,35.40729904174805,19657800
2015-12-04,39.98500061035156,40.65999984741211,39.88999938964844,40.61000061035156,36.09162139892578,14064400
2015-12-07,40.54999923706055,40.625,40.15999984741211,40.439998626708984,35.94053649902344,13070800
2015-12-08,40.099998474121094,40.52000045776367,39.994998931884766,40.31999969482422,35.83389663696289,12167000
2015-12-09,40.2400016784668,40.53499984741211,39.6150016784668,39.80500030517578,35.376190185546875,19471600
2015-12-10,39.915000915527344,40.189998626708984,39.77000045776367,39.939998626708984,35.496158599853516,9460200
2015-12-11,39.415000915527344,39.564998626708984,38.95000076293945,39.029998779296875,34.68742370605469,20208400
2015-12-14,39.05500030517578,39.314998626708984,38.630001068115234,39.22999954223633,34.86515808105469,29916000
2015-12-15,39.630001068115234,39.81999969482422,39.415000915527344,39.44499969482422,35.05624008178711,15957600
2015-12-16,39.720001220703125,40.18000030517578,39.400001525878906,40.10499954223633,35.642818450927734,24149400
2015-12-17,40.11000061035156,40.25,39.44499969482422,39.44499969482422,35.05624008178711,18449200
2015-12-18,39.21500015258789,39.224998474121094,38.63999938964844,38.665000915527344,34.50517654418945,30106000
2015-12-21,38.92499923706055,39.05500030517578,38.595001220703125,38.86000061035156,34.679203033447266,14178000
2015-12-22,39.060001373291016,39.220001220703125,38.84000015258789,39.14500045776367,34.93353271484375,13465800
2015-12-23,39.25,39.38999938964844,39.18000030517578,39.345001220703125,35.112022399902344,12049600
2015-12-24,39.279998779296875,39.369998931884766,39.209999084472656,39.2400016784668,35.01832580566406,3823600
2015-12-28,39.13999938964844,39.3650016784668,39.029998779296875,39.34000015258789,35.1075553894043,8111800
2015-12-29,39.58000183105469,39.85499954223633,39.5,39.79499816894531,35.51359176635742,11480400
2015-12-30,39.76499938964844,39.779998779296875,39.46500015258789,39.474998474121094,35.22804260253906,6437800
2015-12-31,39.290000915527344,39.505001068115234,39.07500076293945,39.08000183105469,34.87553405761719,13160400
2016-01-04,38.38999938964844,38.46500015258789,37.9900016784668,38.40999984741211,34.27761459350586,26800800
2016-01-05,38.44499969482422,38.57500076293945,38.084999084472656,38.36000061035156,34.232994079589844,14849800
2016-01-06,37.79999923706055,38.185001373291016,37.68000030517578,37.98500061035156,33.898345947265625,20230800
2016-01-07,37.22999954223633,37.85499954223633,37.119998931884766,37.20500183105469,33.2022590637207,25290400
2016-01-08,37.505001068115234,37.66999816894531,36.720001220703125,36.80500030517578,32.84528350830078,21595400
2016-01-11,37.025001525878906,37.244998931884766,36.55500030517578,37.095001220703125,33.104095458984375,26465400
2016-01-12,37.35499954223633,37.72999954223633,37.06999969482422,37.505001068115234,33.46997833251953,17474200
2016-01-13,37.65999984741211,37.65999984741211,36.165000915527344,36.2400016784668,32.3410758972168,29861000
2016-01-14,36.314998626708984,36.82500076293945,35.625,36.5,32.57310104370117,31838800
2016-01-15,35.54999923706055,35.9900016784668,35.334999084472656,35.75,31.90378761291504,29103000
2016-01-19,36.14500045776367,36.30500030517578,35.52000045776367,35.8849983215332,32.02426528930664,23245200
2016-01-20,35.369998931884766,35.880001068115234,34.470001220703125,35.56999969482422,31.74315643310547,42886400
2016-01-21,35.68000030517578,36.45500183105469,35.5,36.025001525878906,32.149200439453125,31888400
2016-01-22,36.61000061035156,36.79499816894531,36.43000030517578,36.654998779296875,32.711429595947266,14370200
2016-01-25,36.650001525878906,36.75,36.19499969482422,36.23500061035156,32.33660125732422,14296800
2016-01-26,36.369998931884766,36.84000015258789,36.189998626708984,36.76499938964844,32.809593200683594,15900200
2016-01-27,36.70000076293945,36.939998626708984,36.02000045776367,36.189998626708984,32.29644775390625,21285400
2016-01-28,36.64500045776367,36.755001068115234,36.005001068115234,36.654998779296875,32.711429595947266,20804400
2016-01-29,36.470001220703125,37.09000015258789,36.334999084472656,37.05500030517578,33.068382263183594,23052600
2016-02-01,36.84000015258789,37.43000030517578,36.665000915527344,37.279998779296875,33.26918029785156,16598800
2016-02-02,37.025001525878906,37.13999938964844,36.42499923706055,36.55500030517578,32.62218475341797,18097800
2016-02-03,36.900001525878906,36.91999816894531,35.7599983215332,36.459999084472656,32.53741455078125,26703600
2016-02-04,36.345001220703125,36.435001373291016,35.935001373291016,36.25,32.3499870300293,19875600
2016-02-05,36.09000015258789,36.119998931884766,34.97999954223633,35.08000183105469,31.30588150024414,25646800
2016-02-08,34.69499969482422,34.69499969482422,33.80500030517578,34.400001525878906,30.699033737182617,26352000
2016-02-09,33.959999084472656,34.744998931884766,33.900001525878906,34.345001220703125,30.649951934814453,28947400
2016-02-10,34.375,34.880001068115234,34.27000045776367,34.28499984741211,30.596399307250977,26574400
2016-02-11,33.79499816894531,34.47999954223633,33.79499816894531,34.26499938964844,30.578554153442383,27130600
2016-02-12,34.63999938964844,34.90999984741211,34.314998626708984,34.89500045776367,31.14078712463379,21854400
2016-02-16,35.40999984741211,35.75,35.20000076293945,35.7400016784668,31.894878387451172,20940800
2016-02-17,36.1150016784668,36.60499954223633,36.06999969482422,36.5099983215332,32.582027435302734,19549400
2016-02-18,36.529998779296875,36.540000915527344,36.14500045776367,36.27000045776367,32.36784362792969,13948400
2016-02-19,36.040000915527344,36.380001068115234,35.82500076293945,36.369998931884766,32.457088470458984,15183200
2016-02-22,36.69499969482422,37.130001068115234,36.665000915527344,37.07500076293945,33.086238861083984,11290000
2016-02-23,36.970001220703125,37.22999954223633,36.77000045776367,36.869998931884766,32.903282165527344,12913400
2016-02-24,36.564998626708984,37.14500045776367,36.154998779296875,37.084999084472656,33.09516525268555,21643200
2016-02-25,37.125,37.46500015258789,36.915000915527344,37.45500183105469,33.42535400390625,11096400
2016-02-26,37.69499969482422,37.69499969482422,37.34000015258789,37.415000915527344,33.3896598815918,13932600
2016-02-29,37.42499923706055,37.71500015258789,37.220001220703125,37.220001220703125,33.215641021728516,17485600
2016-03-01,37.54499816894531,38.23500061035156,37.41999816894531,38.20500183105469,34.09467697143555,18691600
2016-03-02,38.13999938964844,38.209999084472656,37.900001525878906,38.16999816894531,34.06342697143555,15275600
2016-03-03,38.10499954223633,38.400001525878906,38.005001068115234,38.39500045776367,34.264225006103516,19038800
2016-03-04,38.415000915527344,38.525001525878906,38.189998626708984,38.36000061035156,34.232994079589844,15493400
2016-03-07,38.15999984741211,38.38999938964844,37.970001220703125,38.19499969482422,34.08573913574219,14871000
2016-03-08,37.970001220703125,38.25,37.86000061035156,37.89500045776367,33.818016052246094,12680000
2016-03-09,38.040000915527344,38.06999969482422,37.720001220703125,37.970001220703125,33.88496017456055,13489400
2016-03-10,38.150001525878906,38.310001373291016,37.56999969482422,38.064998626708984,33.96973419189453,16120800
2016-03-11,38.3849983215332,38.650001525878906,38.290000915527344,38.650001525878906,34.491790771484375,11387200
2016-03-14,38.540000915527344,38.904998779296875,38.540000915527344,38.79499816894531,34.6212043762207,11000600
2016-03-15,38.54999923706055,38.79999923706055,38.54999923706055,38.78499984741211,34.61226272583008,8999200
2016-03-16,38.7400016784668,39.185001373291016,38.630001068115234,39.099998474121094,34.893367767333984,14508600
2016-03-17,39.01499938964844,39.29999923706055,38.89500045776367,39.154998779296875,34.94246292114258,12321600
2016-03-18,39.064998626708984,39.23500061035156,38.974998474121094,39.04499816894531,34.98771286010742,19413000
2016-03-21,39.03499984741211,39.11000061035156,38.81999969482422,39.064998626708984,35.00563430786133,8098800
2016-03-22,38.78499984741211,39.11000061035156,38.77000045776367,39.0,34.94740295410156,8984600
2016-03-23,38.814998626708984,38.915000915527344,38.685001373291016,38.724998474121094,34.70097351074219,17044000
2016-03-24,38.40999984741211,38.779998779296875,38.29999923706055,38.775001525878906,34.74577331542969,13916200
2016-03-28,38.83000183105469,39.119998931884766,38.79999923706055,38.95000076293945,34.90259552001953,10265200
2016-03-29,38.89500045776367,39.380001068115234,38.89500045776367,39.345001220703125,35.25654983520508,10979200
2016-03-30,39.505001068115234,39.685001373291016,39.43000030517578,39.595001220703125,35.48056411743164,10548400
2016-03-31,39.53499984741211,39.69499969482422,39.48500061035156,39.54999923706055,35.440242767333984,10140800
2016-04-01,39.29999923706055,39.79999923706055,39.27000045776367,39.71500015258789,35.588104248046875,16283600
2016-04-04,39.7599983215332,39.79999923706055,39.35499954223633,39.404998779296875,35.310306549072266,18943600
2016-04-05,39.20500183105469,39.275001525878906,38.97999954223633,39.06999969482422,35.01012420654297,17096000
2016-04-06,39.119998931884766,39.474998474121094,39.02000045776367,39.439998626708984,35.34165954589844,13554200
2016-04-07,39.279998779296875,39.404998779296875,38.82500076293945,38.994998931884766,34.94290542602539,10346800
2016-04-08,39.154998779296875,39.19499969482422,38.790000915527344,38.935001373291016,34.8891487121582,10318600
2016-04-11,39.05500030517578,39.22999954223633,38.77000045776367,38.790000915527344,34.75920104980469,11742000
2016-04-12,38.79999923706055,39.14500045776367,38.625,39.084999084472656,35.02355194091797,11502600
2016-04-13,39.314998626708984,39.650001525878906,39.25,39.6349983215332,35.51641082763672,10081000
2016-04-14,39.65999984741211,39.755001068115234,39.5,39.6349983215332,35.51641082763672,6924600
2016-04-15,39.63999938964844,39.77000045776367,39.525001525878906,39.744998931884766,35.61497497558594,8599400
2016-04-18,39.744998931884766,40.119998931884766,39.6349983215332,40.119998931884766,35.95100021362305,8926000
2016-04-19,40.16999816894531,40.22999954223633,39.75,39.900001525878906,35.75385665893555,8545600
2016-04-20,40.0,40.084999084472656,39.7599983215332,39.95000076293945,35.79867172241211,9571000
2016-04-21,40.05500030517578,40.130001068115234,39.79499816894531,39.810001373291016,35.67322540283203,8285400
2016-04-22,39.83000183105469,39.95500183105469,39.48500061035156,39.72999954223633,35.60152816772461,9460000
2016-04-25,39.654998779296875,39.779998779296875,39.494998931884766,39.775001525878906,35.641849517822266,7794400
2016-04-26,39.845001220703125,40.0,39.654998779296875,39.869998931884766,35.726985931396484,7797000
2016-04-27,39.849998474121094,39.93000030517578,39.6349983215332,39.83000183105469,35.691139221191406,11423200
2016-04-28,39.6349983215332,39.98500061035156,39.314998626708984,39.400001525878906,35.30583190917969,14600800
2016-04-29,39.724998474121094,39.790000915527344,39.29999923706055,39.599998474121094,35.48503875732422,16799000
2016-05-02,39.709999084472656,40.185001373291016,39.65999984741211,40.154998779296875,35.98236846923828,13296000
2016-05-03,39.85499954223633,40.02000045776367,39.70500183105469,39.78499984741211,35.650814056396484,11558600
2016-05-04,39.459999084472656,39.775001525878906,39.42499923706055,39.60499954223633,35.48951721191406,12876400
2016-05-05,39.59000015258789,39.6349983215332,39.31999969482422,39.349998474121094,35.26102828979492,12589600
2016-05-06,39.27000045776367,39.63999938964844,39.13999938964844,39.63999938964844,35.520877838134766,10783400
2016-05-09,39.625,39.8650016784668,39.61000061035156,39.75,35.619449615478516,10433000
2016-05-10,39.8650016784668,40.27000045776367,39.86000061035156,40.2599983215332,36.07645034790039,9664600
2016-05-11,39.869998931884766,39.869998931884766,39.42499923706055,39.45000076293945,35.350624084472656,12233600
2016-05-12,39.599998474121094,39.67499923706055,39.244998931884766,39.525001525878906,35.41783905029297,11206600
2016-05-13,39.33000183105469,39.505001068115234,39.03499984741211,39.05500030517578,34.996665954589844,15204000
2016-05-16,39.025001525878906,39.42499923706055,38.970001220703125,39.29999923706055,35.216224670410156,9211400
2016-05-17,39.2400016784668,39.32500076293945,38.744998931884766,38.85499954223633,34.81744384765625,13086400
2016-05-18,38.59000015258789,38.880001068115234,38.3650016784668,38.630001068115234,34.61583709716797,22648200
2016-05-19,38.459999084472656,38.654998779296875,38.32500076293945,38.595001220703125,34.584476470947266,15667200
2016-05-20,38.63999938964844,38.974998474121094,38.61000061035156,38.849998474121094,34.812957763671875,7816200
2016-05-23,38.79499816894531,38.970001220703125,38.67499923706055,38.71500015258789,34.69200134277344,8505000
2016-05-24,38.8650016784668,39.290000915527344,38.849998474121094,39.18000030517578,35.10868453979492,7983000
2016-05-25,39.209999084472656,39.47999954223633,39.209999084472656,39.39500045776367,35.30133819580078,8707800
2016-05-26,39.505001068115234,39.64500045776367,39.415000915527344,39.474998474121094,35.3730354309082,7008000
2016-05-27,39.53499984741211,39.720001220703125,39.53499984741211,39.65999984741211,35.538814544677734,6424200
2016-05-31,39.720001220703125,39.744998931884766,39.46500015258789,39.619998931884766,35.502952575683594,8326000
2016-06-01,39.435001373291016,39.619998931884766,39.345001220703125,39.595001220703125,35.48056411743164,7535600
2016-06-02,39.48500061035156,39.82500076293945,39.474998474121094,39.814998626708984,35.677696228027344,8115800
2016-06-03,39.66999816894531,39.709999084472656,39.28499984741211,39.55500030517578,35.4447021484375,11311000
2016-06-06,39.599998474121094,39.72999954223633,39.45500183105469,39.654998779296875,35.53433609008789,8200000
2016-06-07,39.654998779296875,39.875,39.650001525878906,39.70500183105469,35.579139709472656,8651400
2016-06-08,39.720001220703125,39.814998626708984,39.595001220703125,39.75,35.619449615478516,7903200
2016-06-09,39.54499816894531,39.70500183105469,39.505001068115234,39.65999984741211,35.538814544677734,13162200
2016-06-10,39.345001220703125,39.404998779296875,39.1349983215332,39.244998931884766,35.166934967041016,9627000
2016-06-13,39.17499923706055,39.459999084472656,39.0,39.029998779296875,34.9742546081543,12032600
2016-06-14,38.935001373291016,39.08000183105469,38.68000030517578,38.93000030517578,34.8846549987793,16195400
2016-06-15,38.959999084472656,39.36000061035156,38.959999084472656,39.040000915527344,34.98323059082031,11271800
2016-06-16,38.85499954223633,39.21500015258789,38.619998931884766,39.165000915527344,35.09524154663086,12764600
2016-06-17,39.07500076293945,39.10499954223633,38.89500045776367,38.96500015258789,35.03993606567383,17119400
2016-06-20,39.26499938964844,39.67499923706055,39.26499938964844,39.314998626708984,35.35468292236328,7944400
2016-06-21,39.43000030517578,39.43000030517578,39.150001525878906,39.224998474121094,35.27375030517578,5798600
2016-06-22,39.255001068115234,39.474998474121094,39.13999938964844,39.16999816894531,35.22429656982422,8207200
2016-06-23,39.529998779296875,39.560001373291016,39.375,39.55500030517578,35.570499420166016,8882400
2016-06-24,38.165000915527344,38.7599983215332,37.9900016784668,38.084999084472656,34.248592376708984,30696400
2016-06-27,37.72999954223633,37.790000915527344,37.09000015258789,37.3849983215332,33.61909866333008,21702000
2016-06-28,37.81999969482422,38.130001068115234,37.709999084472656,38.130001068115234,34.28904724121094,15721200
2016-06-29,38.584999084472656,38.810001373291016,38.369998931884766,38.744998931884766,34.84208679199219,14107600
2016-06-30,38.8650016784668,39.04499816894531,38.6150016784668,39.029998779296875,35.098388671875,13423600
2016-07-01,39.06999969482422,39.525001525878906,38.994998931884766,39.435001373291016,35.46260070800781,14260200
2016-07-05,39.189998626708984,39.27000045776367,38.869998931884766,39.1150016784668,35.174827575683594,14635200
2016-07-06,38.95500183105469,39.45000076293945,38.869998931884766,39.45000076293945,35.4760856628418,15561200
2016-07-07,39.38999938964844,39.619998931884766,39.35499954223633,39.619998931884766,35.628944396972656,18485600
2016-07-08,39.875,40.34000015258789,39.875,40.310001373291016,36.24946594238281,14822800
2016-07-11,40.529998779296875,40.64500045776367,40.415000915527344,40.54499816894531,36.460784912109375,8862000
2016-07-12,40.67499923706055,40.810001373291016,40.63999938964844,40.70500183105469,36.60466766357422,9772000
2016-07-13,40.7599983215332,40.79499816894531,40.415000915527344,40.505001068115234,36.424808502197266,7310800
2016-07-14,40.80500030517578,40.904998779296875,40.619998931884766,40.66999816894531,36.57318115234375,6812000
2016-07-15,40.8650016784668,40.875,40.459999084472656,40.4900016784668,36.41131591796875,6967400
2016-07-18,40.584999084472656,40.7599983215332,40.474998474121094,40.64500045776367,36.550697326660156,5550000
2016-07-19,40.42499923706055,40.584999084472656,40.34000015258789,40.56999969482422,36.48326110839844,5273600
2016-07-20,40.68000030517578,40.7599983215332,40.4900016784668,40.7400016784668,36.63614273071289,4902000
2016-07-21,40.73500061035156,40.810001373291016,40.505001068115234,40.630001068115234,36.5372200012207,4869400
2016-07-22,40.66999816894531,40.849998474121094,40.58000183105469,40.79999923706055,36.69009780883789,5059200
2016-07-25,40.915000915527344,40.915000915527344,40.7400016784668,40.8650016784668,36.7485466003418,6260400
2016-07-26,40.83000183105469,41.01499938964844,40.66999816894531,40.814998626708984,36.70357894897461,9975400
2016-07-27,40.935001373291016,40.95000076293945,40.53499984741211,40.689998626708984,36.59117889404297,8590200
2016-07-28,40.58000183105469,40.814998626708984,40.43000030517578,40.76499938964844,36.65860366821289,6317800
2016-07-29,40.709999084472656,40.869998931884766,40.63999938964844,40.810001373291016,36.6990852355957,7992600
2016-08-01,40.810001373291016,40.97999954223633,40.654998779296875,40.875,36.757537841796875,5500400
2016-08-02,40.904998779296875,40.904998779296875,40.185001373291016,40.26499938964844,36.208980560302734,8493400
2016-08-03,40.130001068115234,40.380001068115234,40.04499816894531,40.380001068115234,36.312400817871094,7744000
2016-08-04,40.30500030517578,40.44499969482422,40.20000076293945,40.36000061035156,36.29441833496094,4480600
2016-08-05,40.599998474121094,40.845001220703125,40.439998626708984,40.78499984741211,36.676597595214844,7037200
2016-08-08,40.814998626708984,40.8849983215332,40.6150016784668,40.650001525878906,36.555206298828125,6296800
2016-08-09,40.56999969482422,40.72999954223633,40.45000076293945,40.529998779296875,36.44729995727539,14728200
2016-08-10,40.54499816894531,40.73500061035156,40.529998779296875,40.6150016784668,36.52373123168945,6778800
2016-08-11,40.834999084472656,41.06999969482422,40.814998626708984,41.02000045776367,36.887935638427734,7389600
2016-08-12,40.935001373291016,41.099998474121094,40.709999084472656,41.0,36.86995315551758,4913200
2016-08-15,41.11000061035156,41.189998626708984,41.05500030517578,41.08000183105469,36.94189453125,6141000
2016-08-16,40.97999954223633,41.029998779296875,40.814998626708984,40.845001220703125,36.73054885864258,4615800
2016-08-17,40.70000076293945,40.779998779296875,40.505001068115234,40.75,36.6451301574707,6848600
2016-08-18,40.775001525878906,40.81999969482422,40.650001525878906,40.724998474121094,36.622642517089844,9466000
2016-08-19,40.67499923706055,40.834999084472656,40.595001220703125,40.75,36.6451301574707,7447800
2016-08-22,40.709999084472656,40.77000045776367,40.59000015258789,40.709999084472656,36.60914993286133,5777200
2016-08-23,40.900001525878906,40.96500015258789,40.845001220703125,40.915000915527344,36.79351043701172,10701600
2016-08-24,40.875,40.974998474121094,40.63999938964844,40.720001220703125,36.6181640625,6466200
2016-08-25,40.56999969482422,40.720001220703125,40.5099983215332,40.584999084472656,36.49674606323242,6061400
2016-08-26,40.64500045776367,40.80500030517578,40.290000915527344,40.470001220703125,36.39332580566406,12578400
2016-08-29,40.470001220703125,40.665000915527344,40.470001220703125,40.61000061035156,36.519229888916016,7992600
2016-08-30,40.56999969482422,40.619998931884766,40.31999969482422,40.3849983215332,36.31690216064453,4905800
2016-08-31,40.35499954223633,40.41999816894531,40.130001068115234,40.279998779296875,36.22248077392578,7001800
2016-09-01,40.32500076293945,40.45000076293945,40.13999938964844,40.36000061035156,36.29441833496094,10833600
2016-09-02,40.55500030517578,40.595001220703125,40.345001220703125,40.439998626708984,36.36635208129883,6704800
2016-09-06,40.439998626708984,40.51499938964844,40.2400016784668,40.51499938964844,36.433807373046875,12356000
2016-09-07,40.435001373291016,40.540000915527344,40.36000061035156,40.53499984741211,36.45178985595703,10728600
2016-09-08,40.32500076293945,40.404998779296875,40.1349983215332,40.185001373291016,36.13704299926758,8918200
2016-09-09,39.900001525878906,39.97999954223633,39.21500015258789,39.21500015258789,35.264739990234375,19125000
2016-09-12,39.060001373291016,39.8650016784668,39.005001068115234,39.76499938964844,35.75934982299805,21753200
2016-09-13,39.474998474121094,39.59000015258789,39.07500076293945,39.20000076293945,35.251277923583984,18474400
2016-09-14,39.209999084472656,39.435001373291016,39.09000015258789,39.20500183105469,35.25576400756836,14711400
2016-09-15,39.084999084472656,39.51499938964844,39.025001525878906,39.4900016784668,35.51205825805664,11544200
2016-09-16,39.20500183105469,39.290000915527344,39.084999084472656,39.255001068115234,35.43531799316406,10703000
2016-09-19,39.31999969482422,39.494998931884766,39.1349983215332,39.224998474121094,35.40824890136719,6254800
2016-09-20,39.3849983215332,39.439998626708984,39.154998779296875,39.255001068115234,35.43531799316406,6684400
2016-09-21,39.314998626708984,39.654998779296875,39.20000076293945,39.6349983215332,35.77834701538086,12031800
2016-09-22,39.8650016784668,40.0,39.79999923706055,39.92499923706055,36.04013442993164,9642800
2016-09-23,39.814998626708984,39.96500015258789,39.814998626708984,39.834999084472656,35.95888900756836,7782400
2016-09-26,39.724998474121094,39.724998474121094,39.345001220703125,39.39500045776367,35.56171417236328,11856600
2016-09-27,39.44499969482422,39.79499816894531,39.380001068115234,39.79499816894531,35.92277526855469,10275000
2016-09-28,39.81999969482422,39.92499923706055,39.66999816894531,39.904998779296875,36.02207946777344,8260600
2016-09-29,39.86000061035156,40.09000015258789,39.584999084472656,39.70000076293945,35.83702850341797,12722200
2016-09-30,39.875,40.13999938964844,39.79999923706055,40.02000045776367,36.125885009765625,9578800
2016-10-03,39.8650016784668,40.084999084472656,39.82500076293945,39.994998931884766,36.10331726074219,15452200
2016-10-04,40.029998779296875,40.15999984741211,39.775001525878906,39.85499954223633,35.97695541381836,17878200
2016-10-05,40.005001068115234,40.18000030517578,39.95500183105469,40.02000045776367,36.125885009765625,14270600
2016-10-06,39.96500015258789,40.130001068115234,39.80500030517578,40.04999923706055,36.1529655456543,14525000
2016-10-07,40.165000915527344,40.20500183105469,39.77000045776367,39.869998931884766,35.990482330322266,17384200
2016-10-10,40.060001373291016,40.11000061035156,39.90999984741211,39.935001373291016,36.04916000366211,5941000
2016-10-11,39.96500015258789,39.96500015258789,39.369998931884766,39.45000076293945,35.61134719848633,16851800
2016-10-12,39.4900016784668,39.779998779296875,39.439998626708984,39.6349983215332,35.77834701538086,7596400
2016-10-13,39.35499954223633,39.595001220703125,39.095001220703125,39.4900016784668,35.647457122802734,8056000
2016-10-14,39.6150016784668,39.744998931884766,39.42499923706055,39.44499969482422,35.60683059692383,6949200
2016-10-17,39.43000030517578,39.435001373291016,39.11000061035156,39.119998931884766,35.3134651184082,7257200
2016-10-18,39.525001525878906,39.599998474121094,39.32500076293945,39.380001068115234,35.54815673828125,7900400
2016-10-19,39.44499969482422,39.599998474121094,39.345001220703125,39.55500030517578,35.706138610839844,6512200
2016-10-20,39.46500015258789,39.57500076293945,39.31999969482422,39.47999954223633,35.638431549072266,9819000
2016-10-21,39.290000915527344,39.85499954223633,39.290000915527344,39.79499816894531,35.92277526855469,9595400
2016-10-24,39.994998931884766,40.10499954223633,39.90999984741211,40.08000183105469,36.18004608154297,7136600
2016-10-25,39.900001525878906,39.900001525878906,39.59000015258789,39.61000061035156,35.75578308105469,9267600
2016-10-26,39.435001373291016,39.60499954223633,39.36000061035156,39.439998626708984,35.60231399536133,8653000
2016-10-27,39.540000915527344,39.599998474121094,39.040000915527344,39.11000061035156,35.30442810058594,10670400
2016-10-28,38.900001525878906,39.28499984741211,38.875,39.02000045776367,35.223201751708984,10012200
2016-10-31,39.07500076293945,39.150001525878906,38.970001220703125,39.04999923706055,35.250274658203125,11798000
2016-11-01,39.150001525878906,39.220001220703125,38.46500015258789,38.775001525878906,35.00202178955078,23891800
2016-11-02,38.67499923706055,38.845001220703125,38.439998626708984,38.540000915527344,34.78989028930664,19390400
2016-11-03,38.61000061035156,38.79499816894531,38.349998474121094,38.439998626708984,34.69963455200195,17801600
2016-11-04,38.404998779296875,38.69499969482422,38.30500030517578,38.3650016784668,34.63193893432617,17824400
2016-11-07,38.915000915527344,39.255001068115234,38.79499816894531,39.25,35.430816650390625,14287400
2016-11-08,39.25,39.57500076293945,39.150001525878906,39.40999984741211,35.57524490356445,10650400
2016-11-09,38.584999084472656,39.560001373291016,38.4900016784668,39.4900016784668,35.647457122802734,22851200
2016-11-10,39.64500045776367,40.07500076293945,39.334999084472656,39.6349983215332,35.77834701538086,33370400
2016-11-11,39.48500061035156,39.915000915527344,39.459999084472656,39.86000061035156,35.9814567565918,12078600
2016-11-14,40.04499816894531,40.165000915527344,39.814998626708984,39.8650016784668,35.9859733581543,12659400
2016-11-15,40.005001068115234,40.07500076293945,39.810001373291016,40.02000045776367,36.125885009765625,12020400
2016-11-16,39.935001373291016,40.2400016784668,39.880001068115234,40.2400016784668,36.32448196411133,7986400
2016-11-17,40.275001525878906,40.724998474121094,40.19499969482422,40.724998474121094,36.76227569580078,11402200
2016-11-18,40.70000076293945,40.790000915527344,40.54999923706055,40.599998474121094,36.64944839477539,8587200
2016-11-21,40.67499923706055,40.8650016784668,40.619998931884766,40.8650016784668,36.8886604309082,9526800
2016-11-22,40.9900016784668,41.3849983215332,40.95000076293945,41.349998474121094,37.32646942138672,11500200
2016-11-23,41.279998779296875,41.415000915527344,41.25,41.38999938964844,37.36256790161133,8874400
2016-11-25,41.45500183105469,41.53499984741211,41.38999938964844,41.4900016784668,37.452857971191406,8542600
2016-11-28,41.38999938964844,41.39500045776367,41.07500076293945,41.15999984741211,37.154964447021484,10293600
2016-11-29,41.20500183105469,41.334999084472656,41.15999984741211,41.27000045776367,37.25425338745117,8735200
2016-11-30,41.25,41.27000045776367,40.915000915527344,40.92499923706055,36.94282913208008,10133200
2016-12-01,40.88999938964844,41.154998779296875,40.814998626708984,40.94499969482422,36.96087646484375,18732200
2016-12-02,40.95000076293945,41.060001373291016,40.66999816894531,40.720001220703125,36.757789611816406,15315000
2016-12-05,40.88999938964844,41.23500061035156,40.71500015258789,41.165000915527344,37.15947723388672,16210400
2016-12-06,41.19499969482422,41.26499938964844,41.07500076293945,41.2599983215332,37.24523162841797,14066600
2016-12-07,41.279998779296875,42.08000183105469,41.22999954223633,42.060001373291016,37.96738815307617,15944200
2016-12-08,42.07500076293945,42.16999816894531,41.96500015258789,42.060001373291016,37.96738815307617,11211800
2016-12-09,42.15999984741211,42.15999984741211,41.939998626708984,42.154998779296875,38.053131103515625,9603200
2016-12-12,42.06999969482422,42.13999938964844,41.71500015258789,41.80500030517578,37.73720169067383,11884400
2016-12-13,41.959999084472656,42.34000015258789,41.82500076293945,42.18000030517578,38.07570266723633,9648400
2016-12-14,42.16999816894531,42.255001068115234,41.81999969482422,41.89500045776367,37.818450927734375,16914600
2016-12-15,41.96500015258789,42.084999084472656,41.77000045776367,41.79499816894531,37.72816467285156,12218800
2016-12-16,41.66999816894531,41.689998626708984,41.28499984741211,41.345001220703125,37.542945861816406,19737400
2016-12-19,41.439998626708984,41.67499923706055,41.345001220703125,41.45500183105469,37.64281463623047,7572200
2016-12-20,41.51499938964844,41.84000015258789,41.5099983215332,41.78499984741211,37.942481994628906,8068400
2016-12-21,41.779998779296875,41.810001373291016,41.66999816894531,41.76499938964844,37.924312591552734,5405600
2016-12-22,41.689998626708984,41.70500183105469,41.25,41.314998626708984,37.51568603515625,8922000
2016-12-23,41.30500030517578,41.3849983215332,41.17499923706055,41.224998474121094,37.43396759033203,5674000
2016-12-27,41.255001068115234,41.54999923706055,41.255001068115234,41.3849983215332,37.57923889160156,12202200
2016-12-28,41.474998474121094,41.51499938964844,41.09000015258789,41.099998474121094,37.32046127319336,7715400
2016-12-29,41.130001068115234,41.2400016784668,40.95000076293945,41.04499816894531,37.27052307128906,5132600
2016-12-30,41.17499923706055,41.17499923706055,40.57500076293945,40.70000076293945,36.957244873046875,9618200
2017-01-03,41.025001525878906,41.16999816894531,40.689998626708984,40.939998626708984,37.1751708984375,28101000
2017-01-04,41.119998931884766,41.529998779296875,41.08000183105469,41.48500061035156,37.67005920410156,10987600
2017-01-05,41.22999954223633,41.470001220703125,41.220001220703125,41.45500183105469,37.64281463623047,8793400
2017-01-06,41.44499969482422,41.78499984741211,41.290000915527344,41.65999984741211,37.828956604003906,13076200
2017-01-09,41.64500045776367,41.73500061035156,41.54999923706055,41.625,37.79718780517578,7711200
2017-01-10,41.6150016784668,41.93000030517578,41.54999923706055,41.775001525878906,37.93338394165039,10349600
2017-01-11,41.744998931884766,41.8650016784668,41.61000061035156,41.8650016784668,38.015113830566406,10777400
2017-01-12,41.77000045776367,41.875,41.4900016784668,41.82500076293945,37.97878646850586,8564600
2017-01-13,41.849998474121094,42.02000045776367,41.849998474121094,41.97999954223633,38.119537353515625,5616800
2017-01-17,41.86000061035156,42.189998626708984,41.85499954223633,42.04999923706055,38.18309020996094,8651800
2017-01-18,42.064998626708984,42.064998626708984,41.83000183105469,41.974998474121094,38.11499786376953,5820200
2017-01-19,42.03499984741211,42.18000030517578,41.75,41.845001220703125,37.9969596862793,8326000
2017-01-20,41.994998931884766,42.07500076293945,41.83000183105469,41.96500015258789,38.105918884277344,10983800
2017-01-23,41.775001525878906,42.0099983215332,41.73500061035156,41.994998931884766,38.13316345214844,17105800
2017-01-24,42.060001373291016,42.3849983215332,41.98500061035156,42.34000015258789,38.44643020629883,9594400
2017-01-25,42.505001068115234,42.64500045776367,42.474998474121094,42.599998474121094,38.68251037597656,7338200
2017-01-26,42.6349983215332,42.81999969482422,42.53499984741211,42.665000915527344,38.741539001464844,7809800
2017-01-27,42.69499969482422,42.75,42.375,42.529998779296875,38.618953704833984,9021600
2017-01-30,42.46500015258789,42.51499938964844,42.095001220703125,42.47999954223633,38.573551177978516,7579200
2017-01-31,42.290000915527344,42.415000915527344,42.11000061035156,42.415000915527344,38.51454162597656,9490000
2017-02-01,42.48500061035156,42.560001373291016,42.18000030517578,42.334999084472656,38.44190216064453,10413600
2017-02-02,42.27000045776367,42.48500061035156,42.220001220703125,42.29999923706055,38.41012191772461,8162000
2017-02-03,42.16999816894531,42.314998626708984,42.09000015258789,42.244998931884766,38.36016845703125,7304200
2017-02-06,42.125,42.224998474121094,42.04999923706055,42.119998931884766,38.24665832519531,7878400
2017-02-07,42.13999938964844,42.20500183105469,42.03499984741211,42.08000183105469,38.2103385925293,11451200
2017-02-08,42.08000183105469,42.38999938964844,42.08000183105469,42.34000015258789,38.44643020629883,8259800
2017-02-09,42.34000015258789,42.709999084472656,42.34000015258789,42.60499954223633,38.68706130981445,7058400
2017-02-10,42.665000915527344,42.880001068115234,42.64500045776367,42.8650016784668,38.923152923583984,7652000
2017-02-13,42.96500015258789,43.025001525878906,42.85499954223633,42.915000915527344,38.96855163574219,8817600
2017-02-14,42.89500045776367,43.15999984741211,42.880001068115234,43.15999984741211,39.19102096557617,6336200
2017-02-15,43.09000015258789,43.400001525878906,43.01499938964844,43.3849983215332,39.39533233642578,9509800
2017-02-16,43.34000015258789,43.3849983215332,43.084999084472656,43.165000915527344,39.1955680847168,6165000
2017-02-17,43.060001373291016,43.30500030517578,43.05500030517578,43.30500030517578,39.322696685791016,7757200
2017-02-21,43.494998931884766,43.650001525878906,43.38999938964844,43.55500030517578,39.549705505371094,7182800
2017-02-22,43.5099983215332,43.60499954223633,43.46500015258789,43.55500030517578,39.549705505371094,4491200
2017-02-23,43.61000061035156,43.65999984741211,43.224998474121094,43.2599983215332,39.28182601928711,6937400
2017-02-24,43.185001373291016,43.459999084472656,43.09000015258789,43.459999084472656,39.463436126708984,9692600
2017-02-27,43.474998474121094,43.540000915527344,43.33000183105469,43.5099983215332,39.508846282958984,6904800
2017-02-28,43.39500045776367,43.404998779296875,43.150001525878906,43.185001373291016,39.21371078491211,8179000
2017-03-01,43.650001525878906,43.790000915527344,43.5099983215332,43.66999816894531,39.65412521362305,17269600
2017-03-02,43.650001525878906,43.71500015258789,43.529998779296875,43.564998626708984,39.55878448486328,7870800
2017-03-03,43.52000045776367,43.61000061035156,43.34000015258789,43.5,39.499759674072266,6563000
2017-03-06,43.36000061035156,43.404998779296875,43.19499969482422,43.36000061035156,39.372642517089844,5205400
2017-03-07,43.36000061035156,43.3650016784668,43.16999816894531,43.220001220703125,39.24551010131836,6147800
2017-03-08,43.28499984741211,43.47999954223633,43.27000045776367,43.400001525878906,39.4089469909668,5219000
2017-03-09,43.36000061035156,43.48500061035156,43.23500061035156,43.36000061035156,39.372642517089844,5493800
2017-03-10,43.54999923706055,43.59000015258789,43.334999084472656,43.42499923706055,39.43165588378906,7013200
2017-03-13,43.45000076293945,43.55500030517578,43.400001525878906,43.540000915527344,39.53608703613281,4982200
2017-03-14,43.494998931884766,43.599998474121094,43.3849983215332,43.529998779296875,39.527000427246094,7785600
2017-03-15,43.6150016784668,43.845001220703125,43.474998474121094,43.7599983215332,39.73584747314453,7473800
2017-03-16,43.790000915527344,43.875,43.70500183105469,43.755001068115234,39.7313117980957,12529400
2017-03-17,43.67499923706055,43.76499938964844,43.54999923706055,43.68000030517578,39.7818603515625,9428600
2017-03-20,43.71500015258789,43.724998474121094,43.4900016784668,43.57500076293945,39.686241149902344,5278000
2017-03-21,43.68000030517578,43.744998931884766,42.994998931884766,43.025001525878906,39.18531036376953,9291400
2017-03-22,42.9900016784668,43.1349983215332,42.82500076293945,43.07500076293945,39.2308464050293,12202200
2017-03-23,43.150001525878906,43.400001525878906,43.04999923706055,43.17499923706055,39.32191848754883,7274000
2017-03-24,43.220001220703125,43.41999816894531,43.095001220703125,43.279998779296875,39.41755676269531,6622200
2017-03-27,43.02000045776367,43.34000015258789,42.85499954223633,43.26499938964844,39.40389633178711,9808200
2017-03-28,43.2599983215332,43.689998626708984,43.185001373291016,43.595001220703125,39.704437255859375,8310000
2017-03-29,43.595001220703125,43.8849983215332,43.54999923706055,43.85499954223633,39.94124984741211,9123400
2017-03-30,43.775001525878906,43.974998474121094,43.73500061035156,43.970001220703125,40.04597091674805,9365200
2017-03-31,43.900001525878906,44.084999084472656,43.8849983215332,43.974998474121094,40.050533294677734,4758600
2017-04-03,43.97999954223633,44.005001068115234,43.54999923706055,43.79999923706055,39.89114761352539,12312000
2017-04-04,43.67499923706055,43.79499816894531,43.6349983215332,43.72999954223633,39.827392578125,8648800
2017-04-05,43.89500045776367,44.130001068115234,43.564998626708984,43.625,39.73176193237305,8701800
2017-04-06,43.650001525878906,43.900001525878906,43.6349983215332,43.7599983215332,39.85471725463867,5827800
2017-04-07,43.650001525878906,43.779998779296875,43.56999969482422,43.630001068115234,39.7363166809082,7816600
2017-04-10,43.64500045776367,43.939998626708984,43.630001068115234,43.790000915527344,39.882041931152344,4796200
2017-04-11,43.775001525878906,43.845001220703125,43.439998626708984,43.755001068115234,39.85016632080078,10938200
2017-04-12,43.720001220703125,43.775001525878906,43.54499816894531,43.58000183105469,39.6907844543457,4923200
2017-04-13,43.51499938964844,43.665000915527344,43.275001525878906,43.275001525878906,39.413002014160156,9377600
2017-04-17,43.3849983215332,43.720001220703125,43.3849983215332,43.720001220703125,39.81829071044922,6955200
2017-04-18,43.6150016784668,43.79499816894531,43.505001068115234,43.724998474121094,39.822837829589844,5108400
2017-04-19,43.869998931884766,44.04499816894531,43.72999954223633,43.76499938964844,39.859275817871094,7473000
2017-04-20,43.95000076293945,44.310001373291016,43.935001373291016,44.224998474121094,40.27821731567383,8772400
2017-04-21,44.165000915527344,44.209999084472656,44.01499938964844,44.125,40.18714141845703,7704800
2017-04-24,44.59000015258789,44.60499954223633,44.36000061035156,44.40999984741211,40.446712493896484,8486000
2017-04-25,44.560001373291016,44.82500076293945,44.560001373291016,44.7599983215332,40.765464782714844,10809200
2017-04-26,44.875,45.15999984741211,44.814998626708984,44.970001220703125,40.95673370361328,8164400
2017-04-27,45.20000076293945,45.275001525878906,45.084999084472656,45.209999084472656,41.17531204223633,7328000
2017-04-28,45.30500030517578,45.38999938964844,44.974998474121094,45.029998779296875,41.01137924194336,10119600
2017-05-01,45.130001068115234,45.2599983215332,45.03499984741211,45.09000015258789,41.06602478027344,11827800
2017-05-02,45.1150016784668,45.13999938964844,44.875,45.13999938964844,41.1115608215332,7921200
2017-05-03,45.10499954223633,45.224998474121094,44.744998931884766,44.875,40.87020492553711,5633400
2017-05-04,44.90999984741211,44.90999984741211,44.6349983215332,44.80500030517578,40.80645751953125,10679200
2017-05-05,44.98500061035156,45.084999084472656,44.76499938964844,45.084999084472656,41.061458587646484,6438600
2017-05-08,45.244998931884766,45.255001068115234,45.0099983215332,45.16999816894531,41.138885498046875,5012400
2017-05-09,45.27000045776367,45.46500015258789,45.185001373291016,45.43000030517578,41.37568283081055,20515600
2017-05-10,45.244998931884766,45.290000915527344,45.11000061035156,45.275001525878906,41.2345085144043,7037000
2017-05-11,45.189998626708984,45.189998626708984,44.72999954223633,45.005001068115234,40.988616943359375,8703200
2017-05-12,45.04999923706055,45.04999923706055,44.8849983215332,44.939998626708984,40.92941665649414,6461600
2017-05-15,44.95000076293945,45.13999938964844,44.900001525878906,44.95000076293945,40.93851089477539,7904400
2017-05-16,44.974998474121094,45.0099983215332,44.76499938964844,44.79499816894531,40.7973518371582,8396600
2017-05-17,44.52000045776367,44.6349983215332,44.064998626708984,44.06999969482422,40.13705825805664,16578800
2017-05-18,44.06999969482422,44.529998779296875,44.06999969482422,44.32500076293945,40.36930465698242,13043600
2017-05-19,44.400001525878906,44.77000045776367,44.349998474121094,44.625,40.64251708984375,7390000
2017-05-22,44.709999084472656,44.900001525878906,44.685001373291016,44.849998474121094,40.847442626953125,5893400
2017-05-23,44.8849983215332,44.97999954223633,44.61000061035156,44.68000030517578,40.69261932373047,4178000
2017-05-24,44.665000915527344,44.85499954223633,44.505001068115234,44.84000015258789,40.83832931518555,7648000
2017-05-25,44.98500061035156,45.375,44.98500061035156,45.23500061035156,41.198089599609375,6603800
2017-05-26,45.29499816894531,45.39500045776367,45.244998931884766,45.369998931884766,41.3210334777832,4648000
2017-05-30,45.369998931884766,45.51499938964844,45.3650016784668,45.404998779296875,41.3529167175293,5277800
2017-05-31,45.48500061035156,45.54499816894531,45.165000915527344,45.525001525878906,41.46221160888672,10207200
2017-06-01,45.63999938964844,45.95500183105469,45.505001068115234,45.95500183105469,41.853816986083984,10295000
2017-06-02,45.97999954223633,46.17499923706055,45.915000915527344,46.119998931884766,42.004093170166016,6268800
2017-06-05,46.16999816894531,46.209999084472656,45.90999984741211,45.994998931884766,41.89025115966797,10998600
2017-06-06,45.834999084472656,45.93000030517578,45.564998626708984,45.599998474121094,41.53050994873047,7127400
2017-06-07,45.66999816894531,45.7599983215332,45.57500076293945,45.68000030517578,41.60336685180664,9343000
2017-06-08,45.685001373291016,45.73500061035156,45.32500076293945,45.3849983215332,41.334693908691406,10397600
2017-06-09,45.43000030517578,45.494998931884766,44.779998779296875,45.185001373291016,41.152549743652344,21978000
2017-06-12,45.040000915527344,45.279998779296875,44.974998474121094,45.15999984741211,41.12977600097656,12873200
2017-06-13,45.26499938964844,45.505001068115234,45.25,45.439998626708984,41.384803771972656,8329600
2017-06-14,45.60499954223633,45.67499923706055,45.18000030517578,45.415000915527344,41.362030029296875,9618800
2017-06-15,45.08000183105469,45.2599983215332,44.86000061035156,45.224998474121094,41.18897247314453,7170200
2017-06-16,45.25,45.25,44.81999969482422,45.07500076293945,41.17756652832031,15423200
2017-06-19,45.26499938964844,45.4900016784668,45.150001525878906,45.41999816894531,41.49272918701172,6839600
2017-06-20,45.34000015258789,45.349998474121094,44.84000015258789,44.849998474121094,40.97201156616211,6705000
2017-06-21,44.96500015258789,44.9900016784668,44.7599983215332,44.91999816894531,41.03596878051758,6252400
2017-06-22,44.915000915527344,44.98500061035156,44.80500030517578,44.814998626708984,40.940040588378906,7317800
2017-06-23,44.814998626708984,44.814998626708984,44.6150016784668,44.7599983215332,40.88978576660156,7845200
2017-06-26,44.97999954223633,45.05500030517578,44.779998779296875,44.91999816894531,41.03596878051758,9417400
2017-06-27,44.82500076293945,44.994998931884766,44.564998626708984,44.564998626708984,40.71166229248047,8029800
2017-06-28,44.69499969482422,45.064998626708984,44.665000915527344,45.01499938964844,41.122737884521484,10061600
2017-06-29,44.93000030517578,44.974998474121094,44.22999954223633,44.58000183105469,40.7253532409668,9803400
2017-06-30,44.79999923706055,45.0099983215332,44.720001220703125,44.814998626708984,40.940040588378906,9313600
2017-07-03,44.939998626708984,45.15999984741211,44.75,44.77000045776367,40.8989143371582,5614600
2017-07-05,44.76499938964844,44.775001525878906,44.45000076293945,44.65999984741211,40.79844284057617,7970200
2017-07-06,44.3849983215332,44.52000045776367,44.17499923706055,44.20500183105469,40.382774353027344,7244800
2017-07-07,44.29999923706055,44.6349983215332,44.29999923706055,44.599998474121094,40.74363327026367,5159400
2017-07-10,44.6349983215332,44.76499938964844,44.505001068115234,44.69499969482422,40.830406188964844,5400200
2017-07-11,44.64500045776367,44.67499923706055,44.36000061035156,44.60499954223633,40.748191833496094,6424600
2017-07-12,44.85499954223633,45.0099983215332,44.82500076293945,44.94499969482422,41.058799743652344,6067800
2017-07-13,45.07500076293945,45.125,44.915000915527344,44.95000076293945,41.06337356567383,6623400
2017-07-14,45.09000015258789,45.150001525878906,44.89500045776367,45.095001220703125,41.19582748413086,8280000
2017-07-17,45.095001220703125,45.279998779296875,45.095001220703125,45.20500183105469,41.29631423950195,6354400
2017-07-18,45.165000915527344,45.415000915527344,45.130001068115234,45.40999984741211,41.48360061645508,6980000
2017-07-19,45.494998931884766,45.68000030517578,45.459999084472656,45.630001068115234,41.68456268310547,5311600
2017-07-20,45.67499923706055,45.709999084472656,45.380001068115234,45.53499984741211,41.59778594970703,9199000
2017-07-21,45.31999969482422,45.564998626708984,45.31999969482422,45.564998626708984,41.62519073486328,6633800
2017-07-24,45.58000183105469,45.58000183105469,45.36000061035156,45.40999984741211,41.48360061645508,4081800
2017-07-25,45.58000183105469,45.849998474121094,45.505001068115234,45.72999954223633,41.77592468261719,10096800
2017-07-26,45.80500030517578,45.814998626708984,45.65999984741211,45.709999084472656,41.75765609741211,5728800
2017-07-27,45.904998779296875,46.275001525878906,45.65999984741211,46.04499816894531,42.06368637084961,13275200
2017-07-28,45.595001220703125,45.75,45.52000045776367,45.69499969482422,41.74394226074219,7833400
2017-07-31,45.86000061035156,45.92499923706055,45.529998779296875,45.68000030517578,41.7302360534668,6261200
2017-08-01,45.814998626708984,45.849998474121094,45.6150016784668,45.7599983215332,41.803321838378906,8750800
2017-08-02,45.7400016784668,45.7599983215332,45.3650016784668,45.6349983215332,41.68913650512695,5776000
2017-08-03,45.59000015258789,45.75,45.494998931884766,45.5099983215332,41.57494354248047,7191400
2017-08-04,45.61000061035156,45.61000061035156,45.33000183105469,45.51499938964844,41.579505920410156,4898800
2017-08-07,45.595001220703125,45.685001373291016,45.53499984741211,45.619998931884766,41.67543029785156,6939400
2017-08-08,45.619998931884766,45.8849983215332,45.5099983215332,45.64500045776367,41.69827651977539,6050200
2017-08-09,45.10499954223633,45.40999984741211,45.02000045776367,45.380001068115234,41.456180572509766,9796200
2017-08-10,45.189998626708984,45.26499938964844,44.689998626708984,44.70000076293945,40.834983825683594,9809800
2017-08-11,44.59000015258789,45.025001525878906,44.59000015258789,44.93000030517578,41.04509735107422,9839200
2017-08-14,45.18000030517578,45.400001525878906,45.16999816894531,45.25,41.33742904663086,7508200
2017-08-15,45.22999954223633,45.27000045776367,44.83000183105469,44.834999084472656,40.95830154418945,6191400
2017-08-16,45.0,45.150001525878906,44.875,45.064998626708984,41.16841506958008,4905400
2017-08-17,44.95000076293945,45.0,44.345001220703125,44.345001220703125,40.51068878173828,9791400
2017-08-18,44.25,44.369998931884766,44.07500076293945,44.125,40.3097038269043,13575600
2017-08-21,44.11000061035156,44.26499938964844,43.94499969482422,44.20500183105469,40.382774353027344,21101400
2017-08-22,44.334999084472656,44.72999954223633,44.310001373291016,44.68000030517578,40.81670379638672,8771200
2017-08-23,44.380001068115234,44.459999084472656,44.224998474121094,44.29999923706055,40.46956253051758,9681600
2017-08-24,44.52000045776367,44.625,44.1349983215332,44.20500183105469,40.382774353027344,5531800
2017-08-25,44.334999084472656,44.505001068115234,44.23500061035156,44.314998626708984,40.483280181884766,6489200
2017-08-28,44.459999084472656,44.4900016784668,44.279998779296875,44.34000015258789,40.506107330322266,4368400
2017-08-29,44.05500030517578,44.349998474121094,43.98500061035156,44.29999923706055,40.46956253051758,5511200
2017-08-30,44.32500076293945,44.67499923706055,44.279998779296875,44.619998931884766,40.76190185546875,4512800
2017-08-31,44.744998931884766,44.869998931884766,44.68000030517578,44.83000183105469,40.95374298095703,7988200
2017-09-01,44.94499969482422,45.1150016784668,44.91999816894531,45.03499984741211,41.14101028442383,4863800
2017-09-05,44.90999984741211,45.099998474121094,44.59000015258789,44.849998474121094,40.97201156616211,9911000
2017-09-06,44.91999816894531,45.185001373291016,44.82500076293945,45.130001068115234,41.22780227661133,6009400
2017-09-07,45.224998474121094,45.28499984741211,44.6349983215332,44.7400016784668,40.871524810791016,10708000
2017-09-08,44.650001525878906,44.689998626708984,44.5099983215332,44.584999084472656,40.729923248291016,5180000
2017-09-11,44.744998931884766,44.8650016784668,44.709999084472656,44.81999969482422,40.944610595703125,6703200
2017-09-12,44.93000030517578,45.084999084472656,44.869998931884766,45.02000045776367,41.1273193359375,5440200
2017-09-13,44.994998931884766,45.345001220703125,44.994998931884766,45.345001220703125,41.424217224121094,6583200
2017-09-14,45.23500061035156,45.349998474121094,45.084999084472656,45.099998474121094,41.200408935546875,7033800
2017-09-15,44.85499954223633,44.98500061035156,44.790000915527344,44.814998626708984,41.08488082885742,7822200
2017-09-18,44.95500183105469,44.9900016784668,44.560001373291016,44.65999984741211,40.942787170410156,13139200
2017-09-19,44.665000915527344,44.7400016784668,44.45500183105469,44.619998931884766,40.90611267089844,12801000
2017-09-20,44.685001373291016,44.80500030517578,44.529998779296875,44.77000045776367,41.043617248535156,7419800
2017-09-21,44.755001068115234,44.80500030517578,44.619998931884766,44.69499969482422,40.97486877441406,8415200
2017-09-22,44.58000183105469,44.79499816894531,44.56999969482422,44.77000045776367,41.043617248535156,6232600
2017-09-25,44.755001068115234,44.85499954223633,44.529998779296875,44.67499923706055,40.9565315246582,14335200
2017-09-26,44.80500030517578,44.89500045776367,44.584999084472656,44.68000030517578,40.96111297607422,6145800
2017-09-27,44.79499816894531,45.0099983215332,44.599998474121094,44.92499923706055,41.185726165771484,10458200
2017-09-28,44.86000061035156,44.90999984741211,44.790000915527344,44.869998931884766,41.13530349731445,7199600
2017-09-29,44.875,45.09000015258789,44.85499954223633,45.040000915527344,41.291160583496094,6944000
2017-10-02,45.095001220703125,45.224998474121094,45.029998779296875,45.125,41.36908721923828,5859400
2017-10-03,45.20000076293945,45.32500076293945,45.165000915527344,45.314998626708984,41.54325485229492,9831200
2017-10-04,45.349998474121094,45.58000183105469,45.29999923706055,45.54999923706055,41.75870895385742,9863400
2017-10-05,45.619998931884766,45.81999969482422,45.560001373291016,45.80500030517578,41.992488861083984,14441000
2017-10-06,45.72999954223633,45.92499923706055,45.72999954223633,45.86000061035156,42.042903900146484,6266400
2017-10-09,45.939998626708984,45.94499969482422,45.66999816894531,45.71500015258789,41.909976959228516,8540200
2017-10-10,45.744998931884766,45.8849983215332,45.560001373291016,45.66999816894531,41.86872100830078,5513400
2017-10-11,45.69499969482422,45.744998931884766,45.58000183105469,45.69499969482422,41.89163589477539,7685600
2017-10-12,45.525001525878906,45.53499984741211,45.290000915527344,45.38999938964844,41.61202621459961,9168000
2017-10-13,45.474998474121094,45.650001525878906,45.41999816894531,45.61000061035156,41.813716888427734,5460200
2017-10-16,45.630001068115234,45.689998626708984,45.529998779296875,45.66999816894531,41.86872100830078,8655600
2017-10-17,45.65999984741211,45.77000045776367,45.58000183105469,45.69499969482422,41.89163589477539,5546400
2017-10-18,45.73500061035156,45.755001068115234,45.560001373291016,45.56999969482422,41.77705001831055,9051200
2017-10-19,45.380001068115234,45.57500076293945,45.27000045776367,45.56999969482422,41.77705001831055,9002000
2017-10-20,45.75,45.79499816894531,45.625,45.68000030517578,41.877891540527344,9602800
2017-10-23,45.72999954223633,45.77000045776367,45.334999084472656,45.369998931884766,41.593685150146484,5821200
2017-10-24,45.41999816894531,45.55500030517578,45.41999816894531,45.47999954223633,41.694541931152344,7404000
2017-10-25,45.38999938964844,45.459999084472656,45.060001373291016,45.30500030517578,41.53410339355469,9367200
2017-10-26,45.30500030517578,45.630001068115234,45.26499938964844,45.46500015258789,41.680789947509766,7133000
2017-10-27,45.80500030517578,46.224998474121094,45.59000015258789,46.20000076293945,42.3546028137207,11891200
2017-10-30,45.80500030517578,46.095001220703125,45.80500030517578,45.9900016784668,42.16207504272461,8670800
2017-10-31,46.040000915527344,46.09000015258789,45.95500183105469,45.994998931884766,42.16666030883789,6375200
2017-11-01,46.14500045776367,46.29499816894531,45.9900016784668,46.0099983215332,42.18042755126953,8834400
2017-11-02,45.8849983215332,45.939998626708984,45.5,45.665000915527344,41.86412811279297,9183600
2017-11-03,45.63999938964844,45.869998931884766,45.529998779296875,45.849998474121094,42.03373718261719,7388000
2017-11-06,45.7599983215332,46.20500183105469,45.7599983215332,46.185001373291016,42.34086227416992,7695800
2017-11-07,46.130001068115234,46.275001525878906,45.845001220703125,45.90999984741211,42.088741302490234,4865600
2017-11-08,45.84000015258789,45.98500061035156,45.79499816894531,45.959999084472656,42.13457489013672,5451600
2017-11-09,45.70000076293945,46.095001220703125,45.59000015258789,46.029998779296875,42.198753356933594,6882600
2017-11-10,46.01499938964844,46.244998931884766,45.974998474121094,46.185001373291016,42.34086227416992,5021200
2017-11-13,46.040000915527344,46.435001373291016,45.95000076293945,46.34000015258789,42.48294448852539,11429400
2017-11-14,46.19499969482422,46.38999938964844,46.064998626708984,46.380001068115234,42.51961135864258,8378200
2017-11-15,46.154998779296875,46.334999084472656,45.915000915527344,46.18000030517578,42.336273193359375,6730600
2017-11-16,46.255001068115234,46.60499954223633,46.220001220703125,46.564998626708984,42.68921661376953,8186600
2017-11-17,46.66999816894531,46.849998474121094,46.6349983215332,46.77000045776367,42.87715530395508,9372800
2017-11-20,46.845001220703125,46.959999084472656,46.755001068115234,46.86000061035156,42.95966720581055,4895200
2017-11-21,46.97999954223633,47.18000030517578,46.915000915527344,47.150001525878906,43.22554016113281,10030000
2017-11-22,47.16999816894531,47.290000915527344,47.13999938964844,47.19499969482422,43.26678466796875,6394600
2017-11-24,47.30500030517578,47.334999084472656,47.2400016784668,47.314998626708984,43.376800537109375,3472400
2017-11-27,47.439998626708984,47.54499816894531,47.26499938964844,47.349998474121094,43.40888214111328,7848200
2017-11-28,47.42499923706055,47.875,47.3650016784668,47.875,43.890193939208984,11609400
2017-11-29,47.915000915527344,48.209999084472656,47.84000015258789,48.08000183105469,44.078128814697266,12693400
2017-11-30,48.15999984741211,48.525001525878906,48.04499816894531,48.32500076293945,44.30272674560547,14963400
2017-12-01,48.275001525878906,48.459999084472656,47.625,48.30500030517578,44.28440856933594,23560200
2017-12-04,48.79499816894531,49.185001373291016,48.775001525878906,48.8650016784668,44.79780578613281,13545800
2017-12-05,48.849998474121094,48.96500015258789,48.56999969482422,48.584999084472656,44.54109191894531,14968400
2017-12-06,48.52000045776367,48.6150016784668,48.2400016784668,48.27000045776367,44.2523193359375,11436000
2017-12-07,48.39500045776367,48.48500061035156,48.165000915527344,48.39500045776367,44.36690902709961,7902800
2017-12-08,48.529998779296875,48.720001220703125,48.40999984741211,48.625,44.5777702331543,11586800
2017-12-11,48.665000915527344,48.744998931884766,48.564998626708984,48.72999954223633,44.67402648925781,6692800
2017-12-12,48.8650016784668,48.904998779296875,48.73500061035156,48.75,44.69234848022461,5518000
2017-12-13,48.849998474121094,48.904998779296875,48.720001220703125,48.790000915527344,44.72902297973633,6905800
2017-12-14,48.845001220703125,49.084999084472656,48.80500030517578,48.939998626708984,44.866546630859375,8494600
2017-12-15,49.0,49.1150016784668,48.869998931884766,48.98500061035156,45.06064224243164,13464200
2017-12-18,49.29499816894531,49.505001068115234,49.23500061035156,49.42499923706055,45.465389251708984,12016600
2017-12-19,49.47999954223633,49.540000915527344,49.275001525878906,49.36000061035156,45.40559387207031,11969400
2017-12-20,49.529998779296875,49.564998626708984,49.244998931884766,49.26499938964844,45.31819534301758,4929000
2017-12-21,49.33000183105469,49.69499969482422,49.290000915527344,49.584999084472656,45.61257553100586,4719800
2017-12-22,49.52000045776367,49.52000045776367,49.39500045776367,49.4900016784668,45.52517318725586,6443800
2017-12-26,49.43000030517578,49.654998779296875,49.43000030517578,49.599998474121094,45.626365661621094,2996000
2017-12-27,49.689998626708984,49.69499969482422,49.45500183105469,49.5,45.53438949584961,3733800
2017-12-28,49.67499923706055,49.67499923706055,49.529998779296875,49.6349983215332,45.6585693359375,8391600
2017-12-29,49.650001525878906,49.71500015258789,49.310001373291016,49.345001220703125,45.39180374145508,5261200
2018-01-02,49.55500030517578,50.095001220703125,49.55500030517578,50.095001220703125,46.08171844482422,9791200
2018-01-03,50.14500045776367,50.3650016784668,50.1349983215332,50.32500076293945,46.29328918457031,10638000
2018-01-04,50.52000045776367,50.55500030517578,50.22999954223633,50.4900016784668,46.445072174072266,6914800
2018-01-05,50.71500015258789,50.915000915527344,50.599998474121094,50.88999938964844,46.813018798828125,8588800
2018-01-08,50.915000915527344,51.03499984741211,50.849998474121094,50.95000076293945,46.86821746826172,5340000
2018-01-09,51.099998474121094,51.16999816894531,50.880001068115234,51.04999923706055,46.960201263427734,6321800
2018-01-10,50.8650016784668,51.084999084472656,50.744998931884766,51.01499938964844,46.92801284790039,5677800
2018-01-11,51.13999938964844,51.849998474121094,51.09000015258789,51.845001220703125,47.6915283203125,7245400
2018-01-12,51.94499969482422,52.53499984741211,51.880001068115234,52.51499938964844,48.30784225463867,8075600
2018-01-16,52.779998779296875,53.0099983215332,52.005001068115234,52.13999938964844,47.9628791809082,18503200
2018-01-17,52.3849983215332,52.494998931884766,52.060001373291016,52.38999938964844,48.19284439086914,13312200
2018-01-18,52.369998931884766,52.459999084472656,52.209999084472656,52.345001220703125,48.151458740234375,6584600
2018-01-19,52.595001220703125,52.80500030517578,52.435001373291016,52.79999923706055,48.570003509521484,7520800
2018-01-22,52.79499816894531,53.3849983215332,52.75,53.3849983215332,49.10813522338867,15504600
2018-01-23,53.66999816894531,53.900001525878906,53.564998626708984,53.834999084472656,49.52208709716797,8309800
2018-01-24,54.07500076293945,54.380001068115234,53.58000183105469,54.064998626708984,49.73366165161133,12927600
2018-01-25,54.29499816894531,54.334999084472656,53.73500061035156,53.970001220703125,49.646270751953125,10141600
2018-01-26,54.09000015258789,54.5,53.95500183105469,54.5,50.13380432128906,7832600
2018-01-29,54.44499969482422,54.66999816894531,54.22999954223633,54.349998474121094,49.9958381652832,12710400
2018-01-30,53.94499969482422,54.290000915527344,53.77000045776367,54.08000183105469,49.747474670410156,10568200
2018-01-31,54.33000183105469,54.52000045776367,53.790000915527344,53.904998779296875,49.58648681640625,18902200
2018-02-01,53.56999969482422,53.98500061035156,53.2599983215332,53.30500030517578,49.0345573425293,18706800
2018-02-02,53.53499984741211,53.994998931884766,52.68000030517578,52.79499816894531,48.565406799316406,21381400
2018-02-05,52.35499954223633,53.1150016784668,50.54999923706055,51.01499938964844,46.92801284790039,46093000
2018-02-06,50.0,52.42499923706055,49.869998931884766,52.31999969482422,48.12846374511719,44665000
2018-02-07,52.36000061035156,53.095001220703125,52.14500045776367,52.15999984741211,47.98128128051758,26274000
2018-02-08,52.22999954223633,52.3650016784668,50.040000915527344,50.08000183105469,46.06791305541992,31484000
2018-02-09,50.56999969482422,50.834999084472656,48.54999923706055,50.415000915527344,46.37607955932617,42795200
2018-02-12,50.89500045776367,51.3849983215332,50.375,51.099998474121094,47.00619888305664,25119000
2018-02-13,50.89500045776367,51.48500061035156,50.810001373291016,51.3650016784668,47.249969482421875,10301600
2018-02-14,51.119998931884766,52.28499984741211,51.08000183105469,52.185001373291016,48.00428009033203,13462600
2018-02-15,52.5,52.650001525878906,51.935001373291016,52.650001525878906,48.43201446533203,11181600
2018-02-16,52.48500061035156,52.814998626708984,52.279998779296875,52.39500045776367,48.19746017456055,9497200
2018-02-20,52.255001068115234,52.79999923706055,52.029998779296875,52.23500061035156,48.0502815246582,11751400
2018-02-21,52.470001220703125,53.005001068115234,52.15999984741211,52.15999984741211,47.98128128051758,9906200
2018-02-22,52.415000915527344,52.625,52.06999969482422,52.224998474121094,48.041080474853516,8887600
2018-02-23,52.525001525878906,52.95500183105469,52.279998779296875,52.95500183105469,48.71258544921875,5986000
2018-02-26,53.154998779296875,53.400001525878906,53.025001525878906,53.400001525878906,49.1219482421875,7796800
2018-02-27,53.45000076293945,53.45000076293945,52.2599983215332,52.27000045776367,48.082462310791016,12569200
2018-02-28,52.54999923706055,52.77000045776367,52.025001525878906,52.03499984741211,47.866294860839844,12098800
2018-03-01,52.09000015258789,52.34000015258789,50.959999084472656,51.474998474121094,47.35115051269531,19060600
2018-03-02,50.904998779296875,51.6150016784668,50.64500045776367,51.525001525878906,47.39714431762695,14530800
2018-03-05,51.334999084472656,52.25,51.209999084472656,52.13999938964844,47.9628791809082,9988000
2018-03-06,52.380001068115234,52.525001525878906,52.03499984741211,52.5,48.29403305053711,15151800
2018-03-07,51.97999954223633,52.27000045776367,51.720001220703125,52.14500045776367,47.96747970581055,10527400
2018-03-08,52.345001220703125,52.400001525878906,52.150001525878906,52.310001373291016,48.119266510009766,8073000
2018-03-09,52.665000915527344,53.1349983215332,52.52000045776367,53.119998931884766,48.8643684387207,7249400
2018-03-12,53.29499816894531,53.51499938964844,53.16999816894531,53.29499816894531,49.02534866333008,8513200
2018-03-13,53.59000015258789,53.70000076293945,52.834999084472656,52.91999816894531,48.68040084838867,11325800
2018-03-14,53.19499969482422,53.26499938964844,52.720001220703125,52.85499954223633,48.6205940246582,10245400
2018-03-15,52.959999084472656,53.07500076293945,52.709999084472656,52.79999923706055,48.570003509521484,7679600
2018-03-16,52.65999984741211,52.935001373291016,52.584999084472656,52.59000015258789,48.51926803588867,6693600
2018-03-19,52.39500045776367,52.415000915527344,51.55500030517578,51.935001373291016,47.91496276855469,11454800
2018-03-20,52.029998779296875,52.31999969482422,52.005001068115234,52.244998931884766,48.200965881347656,7413400
2018-03-21,52.310001373291016,52.599998474121094,52.04499816894531,52.20500183105469,48.164066314697266,10539400
2018-03-22,51.79999923706055,51.93000030517578,51.06999969482422,51.095001220703125,47.13999938964844,13813600
2018-03-23,51.2400016784668,51.375,50.07500076293945,50.09000015258789,46.21277618408203,17889200
2018-03-26,50.900001525878906,51.619998931884766,50.404998779296875,51.56999969482422,47.578216552734375,14560600
2018-03-27,51.779998779296875,51.88999938964844,50.23500061035156,50.560001373291016,46.64639663696289,12512600
2018-03-28,50.27000045776367,50.60499954223633,49.59000015258789,49.94499969482422,46.07899856567383,25948800
2018-03-29,50.0,50.89500045776367,49.63999938964844,50.64500045776367,46.724815368652344,15285000
2018-04-02,50.34000015258789,50.40999984741211,48.7400016784668,49.21500015258789,45.405494689941406,23776600
2018-04-03,49.505001068115234,50.11000061035156,49.130001068115234,49.84000015258789,45.98211669921875,14615800
2018-04-04,49.084999084472656,50.85499954223633,49.03499984741211,50.755001068115234,46.82631301879883,14885600
2018-04-05,51.185001373291016,51.599998474121094,50.900001525878906,51.435001373291016,47.45366668701172,8463000
2018-04-06,50.939998626708984,51.39500045776367,50.01499938964844,50.34000015258789,46.44343185424805,17529800
2018-04-09,50.69499969482422,50.9900016784668,50.16999816894531,50.220001220703125,46.33271789550781,8520200
2018-04-10,50.8650016784668,50.96500015258789,50.375,50.83000183105469,46.895511627197266,12824400
2018-04-11,50.619998931884766,51.1349983215332,50.5,50.67499923706055,46.75249481201172,9580200
2018-04-12,50.98500061035156,51.189998626708984,50.71500015258789,50.89500045776367,46.955467224121094,6114800
2018-04-13,51.165000915527344,51.255001068115234,50.42499923706055,50.61000061035156,46.692535400390625,8868400
2018-04-16,50.92499923706055,51.185001373291016,50.69499969482422,50.9900016784668,47.04310607910156,8481000
2018-04-17,51.48500061035156,52.040000915527344,51.48500061035156,51.939998626708984,47.91958236694336,8151000
2018-04-18,52.119998931884766,52.435001373291016,52.07500076293945,52.185001373291016,48.1456184387207,6596600
2018-04-19,52.19499969482422,52.314998626708984,51.77000045776367,52.02000045776367,47.99338150024414,16129000
2018-04-20,52.064998626708984,52.1349983215332,51.279998779296875,51.4900016784668,47.50441360473633,12510200
2018-04-23,51.58000183105469,51.935001373291016,51.290000915527344,51.599998474121094,47.605899810791016,14082000
2018-04-24,51.88999938964844,51.994998931884766,50.51499938964844,50.78499984741211,46.85398483276367,13404000
2018-04-25,50.689998626708984,51.119998931884766,50.2599983215332,50.994998931884766,47.0477294921875,18794600
2018-04-26,51.29999923706055,51.91999816894531,51.19499969482422,51.81999969482422,47.80886459350586,12969400
2018-04-27,52.505001068115234,52.625,51.93000030517578,52.05500030517578,48.025672912597656,8851200
2018-04-30,52.29499816894531,52.564998626708984,51.845001220703125,51.849998474121094,47.8365364074707,10006200
2018-05-01,51.68000030517578,51.94499969482422,51.275001525878906,51.91999816894531,47.901123046875,11210800
2018-05-02,51.775001525878906,52.040000915527344,51.5099983215332,51.564998626708984,47.5736083984375,9553400
2018-05-03,51.345001220703125,51.470001220703125,50.68000030517578,51.334999084472656,47.36140823364258,14015400
2018-05-04,51.099998474121094,52.1349983215332,51.03499984741211,52.0099983215332,47.98414993286133,7979200
2018-05-07,52.279998779296875,52.334999084472656,51.994998931884766,52.185001373291016,48.1456184387207,6900000
2018-05-08,52.04999923706055,52.16999816894531,51.685001373291016,51.96500015258789,47.94264602661133,12194800
2018-05-09,52.04499816894531,52.18000030517578,51.720001220703125,52.14500045776367,48.10871124267578,8049600
2018-05-10,52.1349983215332,52.3849983215332,52.064998626708984,52.334999084472656,48.28398895263672,5861600
2018-05-11,52.34000015258789,52.5099983215332,52.27000045776367,52.44499969482422,48.385494232177734,8848200
2018-05-14,52.525001525878906,52.71500015258789,52.470001220703125,52.54499816894531,48.47774124145508,6649800
2018-05-15,52.26499938964844,52.334999084472656,51.994998931884766,52.2400016784668,48.19634246826172,9116000
2018-05-16,52.30500030517578,52.78499984741211,52.30500030517578,52.67499923706055,48.59767532348633,6478400
2018-05-17,52.560001373291016,52.875,52.369998931884766,52.5,48.43623352050781,12729000
2018-05-18,52.41999816894531,52.584999084472656,52.31999969482422,52.435001373291016,48.37626266479492,8217800
2018-05-21,52.685001373291016,52.86000061035156,52.54999923706055,52.724998474121094,48.64382553100586,17494600
2018-05-22,52.915000915527344,53.03499984741211,52.45500183105469,52.4900016784668,48.427005767822266,5990200
2018-05-23,52.29999923706055,52.875,52.23500061035156,52.869998931884766,48.777591705322266,9254400
2018-05-24,52.814998626708984,53.07500076293945,52.55500030517578,52.98500061035156,48.88368606567383,10967000
2018-05-25,52.959999084472656,53.27000045776367,52.904998779296875,53.064998626708984,48.95749282836914,7681800
2018-05-29,52.80500030517578,53.03499984741211,52.45000076293945,52.654998779296875,48.5792236328125,11808200
2018-05-30,52.900001525878906,53.20000076293945,52.779998779296875,53.1349983215332,49.02207946777344,9843200
2018-05-31,53.154998779296875,53.16999816894531,52.70000076293945,52.880001068115234,48.78681945800781,12867000
2018-06-01,53.11000061035156,53.32500076293945,53.05500030517578,53.27000045776367,49.146629333496094,10437400
2018-06-04,53.43000030517578,53.8849983215332,53.404998779296875,53.8650016784668,49.695556640625,9414800
2018-06-05,53.89500045776367,54.22999954223633,53.790000915527344,54.18000030517578,49.98618698120117,9162000
2018-06-06,54.334999084472656,54.724998474121094,54.084999084472656,54.685001373291016,50.45210266113281,10920800
2018-06-07,54.81999969482422,55.040000915527344,54.665000915527344,54.845001220703125,50.59971237182617,10699800
2018-06-08,54.650001525878906,55.13999938964844,54.599998474121094,54.959999084472656,50.705810546875,7687000
2018-06-11,54.96500015258789,55.29999923706055,54.96500015258789,55.18000030517578,50.90877914428711,6369200
2018-06-12,55.279998779296875,55.54499816894531,55.244998931884766,55.44499969482422,51.153263092041016,6976400
2018-06-13,55.4900016784668,55.81999969482422,55.43000030517578,55.529998779296875,51.231693267822266,10105000
2018-06-14,55.709999084472656,56.119998931884766,55.685001373291016,56.11000061035156,51.76679992675781,8383200
2018-06-15,55.709999084472656,56.10499954223633,55.67499923706055,56.05500030517578,51.851898193359375,18213400
2018-06-18,55.685001373291016,56.07500076293945,55.58000183105469,55.959999084472656,51.76402282714844,8047400
2018-06-19,55.46500015258789,55.89500045776367,55.369998931884766,55.88999938964844,51.69926834106445,12339200
2018-06-20,56.18000030517578,56.29999923706055,55.95500183105469,56.154998779296875,51.94440460205078,7886000
2018-06-21,56.23500061035156,56.310001373291016,55.65999984741211,55.755001068115234,51.57440185546875,13700800
2018-06-22,56.0,56.08000183105469,55.619998931884766,55.65999984741211,51.48652267456055,11135800
2018-06-25,55.43000030517578,55.43000030517578,54.1349983215332,54.45000076293945,50.367252349853516,24133600
2018-06-26,54.654998779296875,55.01499938964844,54.5,54.84000015258789,50.72800064086914,9260000
2018-06-27,55.060001373291016,55.2599983215332,54.119998931884766,54.130001068115234,50.071250915527344,13700800
2018-06-28,54.185001373291016,54.68000030517578,53.900001525878906,54.55500030517578,50.4643669128418,11947800
2018-06-29,54.95000076293945,55.17499923706055,54.63999938964844,54.650001525878906,50.55225372314453,11481400
2018-07-02,54.255001068115234,54.7400016784668,54.11000061035156,54.724998474121094,50.62163543701172,13797400
2018-07-03,54.97999954223633,54.97999954223633,54.36000061035156,54.45000076293945,50.367252349853516,5818600
2018-07-05,54.76499938964844,54.814998626708984,54.279998779296875,54.720001220703125,50.61699295043945,7576600
2018-07-06,54.7400016784668,55.22999954223633,54.61000061035156,55.150001525878906,51.01476287841797,10370000
2018-07-09,55.494998931884766,55.81999969482422,55.375,55.810001373291016,51.625274658203125,7461400
2018-07-10,55.91999816894531,55.98500061035156,55.66999816894531,55.93000030517578,51.73628234863281,6359200
2018-07-11,55.58000183105469,55.91999816894531,55.53499984741211,55.79999923706055,51.61601638793945,8864400
2018-07-12,56.0099983215332,56.21500015258789,55.76499938964844,56.16999816894531,51.958282470703125,5828400
2018-07-13,56.20500183105469,56.3849983215332,56.1150016784668,56.29499816894531,52.07391357421875,11044000
2018-07-16,56.435001373291016,56.525001525878906,56.220001220703125,56.435001373291016,52.20340347290039,6192600
2018-07-17,55.849998474121094,56.6150016784668,55.73500061035156,56.4900016784668,52.25428009033203,8143800
2018-07-18,56.45500183105469,56.654998779296875,56.275001525878906,56.45500183105469,52.22190475463867,12812200
2018-07-19,56.33000183105469,56.650001525878906,56.28499984741211,56.32500076293945,52.101654052734375,7219400
2018-07-20,56.33000183105469,56.415000915527344,56.05500030517578,56.07500076293945,51.87041091918945,6661000
2018-07-23,56.064998626708984,56.125,55.709999084472656,56.01499938964844,51.81489944458008,6738400
2018-07-24,56.35499954223633,56.44499969482422,55.720001220703125,55.849998474121094,51.662269592285156,9651200
2018-07-25,55.69499969482422,56.279998779296875,55.529998779296875,56.2599983215332,52.041526794433594,12540000
2018-07-26,56.20000076293945,56.39500045776367,55.845001220703125,55.96500015258789,51.768646240234375,11604000
2018-07-27,56.70500183105469,56.78499984741211,55.56999969482422,55.81999969482422,51.6345100402832,13097600
2018-07-30,55.82500076293945,55.915000915527344,55.220001220703125,55.375,51.22288131713867,13132400
2018-07-31,55.53499984741211,55.8650016784668,55.2400016784668,55.6349983215332,51.46339416503906,12309400
2018-08-01,55.689998626708984,55.7400016784668,55.119998931884766,55.36000061035156,51.20901870727539,10437200
2018-08-02,55.099998474121094,55.779998779296875,55.01499938964844,55.7400016784668,51.56052017211914,8723000
2018-08-03,55.849998474121094,56.005001068115234,55.744998931884766,55.93000030517578,51.73628234863281,6571800
2018-08-06,55.96500015258789,56.3650016784668,55.80500030517578,56.30500030517578,52.08315658569336,7250600
2018-08-07,55.96500015258789,56.650001525878906,55.96500015258789,56.564998626708984,52.323665618896484,6441000
2018-08-08,56.540000915527344,56.71500015258789,56.43000030517578,56.625,52.37916564941406,5458000
2018-08-09,56.60499954223633,57.03499984741211,56.5,56.834999084472656,52.57341384887695,11075000
2018-08-10,56.52000045776367,56.625,56.21500015258789,56.36000061035156,52.1340217590332,9892400
2018-08-13,56.52000045776367,56.56999969482422,56.060001373291016,56.07500076293945,51.87041091918945,11969400
2018-08-14,56.404998779296875,56.70000076293945,56.21500015258789,56.619998931884766,52.374534606933594,8380600
2018-08-15,56.32500076293945,56.32500076293945,55.599998474121094,55.93000030517578,51.73628234863281,12503600
2018-08-16,56.30500030517578,56.47999954223633,56.14500045776367,56.20500183105469,51.99065017700195,7680200
2018-08-17,56.14500045776367,56.35499954223633,55.875,56.255001068115234,52.03691482543945,6022400
2018-08-20,56.44499969482422,56.685001373291016,56.290000915527344,56.654998779296875,52.40691375732422,13138600
2018-08-21,56.81999969482422,57.29499816894531,56.79499816894531,57.10499954223633,52.82317352294922,8342600
2018-08-22,57.11000061035156,57.44499969482422,57.099998474121094,57.165000915527344,52.878662109375,5514800
2018-08-23,57.209999084472656,57.41999816894531,57.005001068115234,57.11000061035156,52.82779312133789,7989000
2018-08-24,57.220001220703125,57.51499938964844,57.130001068115234,57.44499969482422,53.13767623901367,10518600
2018-08-27,57.72999954223633,57.904998779296875,57.67499923706055,57.814998626708984,53.47993087768555,6032000
2018-08-28,57.96500015258789,58.005001068115234,57.724998474121094,57.93000030517578,53.586307525634766,7619400
2018-08-29,58.084999084472656,58.619998931884766,57.970001220703125,58.58000183105469,54.18757247924805,16623600
2018-08-30,58.48500061035156,58.58000183105469,58.04499816894531,58.244998931884766,53.87767791748047,8843600
2018-08-31,58.20500183105469,58.59000015258789,58.20500183105469,58.474998474121094,54.0904426574707,8208600
2018-09-04,58.415000915527344,58.720001220703125,58.18000030517578,58.584999084472656,54.19218444824219,8907000
2018-09-05,58.540000915527344,58.54999923706055,57.915000915527344,57.95500183105469,53.60943603515625,14229800
2018-09-06,58.11000061035156,58.290000915527344,57.540000915527344,57.79499816894531,53.46142578125,11185000
2018-09-07,57.525001525878906,58.150001525878906,57.400001525878906,57.790000915527344,53.456809997558594,8921600
2018-09-10,58.185001373291016,58.224998474121094,57.849998474121094,58.005001068115234,53.65569305419922,8109800
2018-09-11,57.880001068115234,58.5099983215332,57.779998779296875,58.470001220703125,54.0858268737793,9776000
2018-09-12,58.47999954223633,58.6150016784668,58.09000015258789,58.58000183105469,54.18757247924805,9145600
2018-09-13,58.79999923706055,58.869998931884766,58.55500030517578,58.68000030517578,54.280067443847656,9428800
2018-09-14,58.68000030517578,58.790000915527344,58.220001220703125,58.459999084472656,54.076568603515625,6206400
2018-09-17,58.375,58.3849983215332,57.685001373291016,57.73500061035156,53.40593338012695,10358400
2018-09-18,57.779998779296875,58.53499984741211,57.775001525878906,58.470001220703125,54.0858268737793,7336400
2018-09-19,58.54499816894531,58.6349983215332,58.25,58.494998931884766,54.10894775390625,6347400
2018-09-20,58.76499938964844,58.98500061035156,58.650001525878906,58.89500045776367,54.47896194458008,9669600
2018-09-21,59.0,59.040000915527344,58.439998626708984,58.459999084472656,54.23819351196289,16075000
2018-09-24,58.26499938964844,58.26499938964844,57.8650016784668,58.08000183105469,53.88564682006836,9682800
2018-09-25,58.220001220703125,58.3650016784668,58.09000015258789,58.32500076293945,54.11294174194336,8213600
2018-09-26,58.310001373291016,58.88999938964844,58.244998931884766,58.459999084472656,54.23819351196289,13460200
2018-09-27,58.470001220703125,58.810001373291016,58.375,58.65999984741211,54.423744201660156,10619200
2018-09-28,58.54999923706055,58.8650016784668,58.54499816894531,58.61000061035156,54.37736511230469,7007800
2018-10-01,58.95500183105469,59.064998626708984,58.43000030517578,58.43000030517578,54.210357666015625,15697800
2018-10-02,58.439998626708984,58.45000076293945,57.625,57.63999938964844,53.47739791870117,18354000
2018-10-03,57.92499923706055,57.974998474121094,57.41999816894531,57.44499969482422,53.296485900878906,18323200
2018-10-04,57.334999084472656,57.400001525878906,56.35499954223633,56.54499816894531,52.461483001708984,25919800
2018-10-05,56.57500076293945,56.79499816894531,55.66999816894531,56.119998931884766,52.06718063354492,14858600
2018-10-08,55.90999984741211,56.48500061035156,55.6349983215332,56.26499938964844,52.20170593261719,14513000
2018-10-09,56.19499969482422,56.82500076293945,56.05500030517578,56.099998474121094,52.04862976074219,11788200
2018-10-10,56.07500076293945,56.07500076293945,54.130001068115234,54.209999084472656,50.29510498046875,27433200
2018-10-11,53.8650016784668,54.6150016784668,52.78499984741211,53.255001068115234,49.409080505371094,57205800
2018-10-12,54.474998474121094,54.61000061035156,53.56999969482422,54.2400016784668,50.32295608520508,30356400
2018-10-15,54.22999954223633,54.56999969482422,53.86000061035156,54.1150016784668,50.20696258544922,15614600
2018-10-16,54.45500183105469,55.314998626708984,54.16999816894531,55.20000076293945,51.213626861572266,14863200
2018-10-17,55.20000076293945,55.20000076293945,54.19499969482422,54.744998931884766,50.791481018066406,20077400
2018-10-18,54.630001068115234,54.685001373291016,53.529998779296875,53.69499969482422,49.81730651855469,24972600
2018-10-19,53.790000915527344,53.994998931884766,52.9900016784668,53.16999816894531,49.33021926879883,17171800
2018-10-22,53.41999816894531,53.65999984741211,53.095001220703125,53.3849983215332,49.52967834472656,13837600
2018-10-23,52.564998626708984,53.595001220703125,52.244998931884766,53.39500045776367,49.53898239135742,21024000
2018-10-24,53.380001068115234,53.685001373291016,51.720001220703125,51.79999923706055,48.05915832519531,23591000
2018-10-25,52.314998626708984,53.654998779296875,52.20000076293945,53.3650016784668,49.51114273071289,20865600
2018-10-26,52.02000045776367,52.5,51.154998779296875,51.70500183105469,47.97101593017578,36563600
2018-10-29,52.25,52.76499938964844,50.494998931884766,51.25,47.54887390136719,28612600
2018-10-30,51.10499954223633,52.07500076293945,50.94499969482422,52.02000045776367,48.26327133178711,28886600
2018-10-31,52.7400016784668,53.2400016784668,52.560001373291016,52.689998626708984,48.884883880615234,18208600
2018-11-01,52.900001525878906,53.82500076293945,52.650001525878906,53.76499938964844,49.88224792480469,13811600
2018-11-02,54.25,54.64500045776367,53.415000915527344,53.98500061035156,50.08637237548828,15825200
2018-11-05,54.025001525878906,54.15999984741211,53.45500183105469,54.060001373291016,50.15595245361328,9395600
2018-11-06,53.98500061035156,54.42499923706055,53.93000030517578,54.29999923706055,50.37861633300781,9558800
2018-11-07,54.849998474121094,55.79499816894531,54.619998931884766,55.77000045776367,51.742454528808594,12817600
2018-11-08,55.540000915527344,56.07500076293945,55.380001068115234,55.78499984741211,51.75637435913086,8754000
2018-11-09,55.54999923706055,55.630001068115234,54.744998931884766,55.0099983215332,51.03733825683594,10515800
2018-11-12,54.88999938964844,55.060001373291016,53.79499816894531,53.904998779296875,50.012142181396484,12046800
2018-11-13,53.9900016784668,54.40999984741211,53.650001525878906,53.880001068115234,49.98894500732422,15826000
2018-11-14,54.39500045776367,54.73500061035156,53.32500076293945,53.474998474121094,49.613197326660156,16583000
2018-11-15,53.029998779296875,53.525001525878906,52.095001220703125,53.39500045776367,49.53898239135742,21697000
2018-11-16,52.8849983215332,53.334999084472656,52.61000061035156,53.185001373291016,49.34414291381836,11461800
2018-11-19,53.060001373291016,53.21500015258789,51.73500061035156,51.8849983215332,48.13802719116211,13359400
2018-11-20,50.279998779296875,51.900001525878906,50.154998779296875,50.709999084472656,47.0478630065918,23986000
2018-11-21,51.20500183105469,51.66999816894531,51.11000061035156,51.2400016784668,47.53960418701172,17474600
2018-11-23,50.970001220703125,51.32500076293945,50.970001220703125,51.0099983215332,47.32621765136719,5456000
2018-11-26,51.654998779296875,52.2400016784668,51.56999969482422,52.154998779296875,48.388519287109375,11708000
2018-11-27,51.970001220703125,52.3650016784668,51.814998626708984,52.310001373291016,48.53234100341797,12052400
2018-11-28,52.60499954223633,53.8650016784668,52.334999084472656,53.85499954223633,49.965755462646484,12683000
2018-11-29,53.790000915527344,53.939998626708984,53.290000915527344,53.60499954223633,49.733802795410156,9949800
2018-11-30,53.584999084472656,54.04999923706055,53.439998626708984,53.994998931884766,50.095638275146484,11343000
2018-12-03,55.10499954223633,55.29999923706055,54.650001525878906,55.005001068115234,51.032711029052734,11989000
2018-12-04,54.84000015258789,55.025001525878906,52.8849983215332,53.025001525878906,49.19570541381836,19417400
2018-12-06,52.064998626708984,53.279998779296875,51.7599983215332,53.279998779296875,49.43227767944336,22323800
2018-12-07,53.040000915527344,53.584999084472656,51.55500030517578,51.685001373291016,47.952457427978516,18691400
2018-12-10,51.630001068115234,51.98500061035156,50.67499923706055,51.724998474121094,47.98957443237305,19796400
2018-12-11,52.494998931884766,52.6349983215332,51.369998931884766,51.744998931884766,48.008121490478516,15930000
2018-12-12,52.29999923706055,52.915000915527344,52.19499969482422,52.290000915527344,48.513771057128906,14373400
2018-12-13,52.5,52.63999938964844,51.755001068115234,52.029998779296875,48.27254867553711,12216600
2018-12-14,51.4900016784668,52.05500030517578,51.0,51.165000915527344,47.47001647949219,12277200
2018-12-17,50.79999923706055,51.025001525878906,49.494998931884766,49.8650016784668,46.26389694213867,23857400
2018-12-18,50.165000915527344,50.76499938964844,49.900001525878906,50.255001068115234,46.62574005126953,17377800
2018-12-19,50.275001525878906,51.165000915527344,48.98500061035156,49.2599983215332,45.70258712768555,28061600
2018-12-20,48.96500015258789,49.19499969482422,47.51499938964844,48.154998779296875,44.67738723754883,35375200
2018-12-21,48.16999816894531,48.88999938964844,46.77000045776367,46.880001068115234,43.66493225097656,26736200
2018-12-24,46.45000076293945,47.07500076293945,45.8650016784668,45.9900016784668,42.83597183227539,16878000
2018-12-26,46.3849983215332,48.72999954223633,46.29499816894531,48.71500015258789,45.37409591674805,23489800
2018-12-27,48.060001373291016,48.974998474121094,47.029998779296875,48.974998474121094,45.616249084472656,21520000
2018-12-28,49.20000076293945,49.7400016784668,48.54999923706055,48.97999954223633,45.62091827392578,16656400
2018-12-31,49.38999938964844,49.70500183105469,49.025001525878906,49.505001068115234,46.10991287231445,12430600
2019-01-02,48.65999984741211,50.15999984741211,48.39500045776367,49.880001068115234,46.45920181274414,13681600
2019-01-03,49.5,49.619998931884766,48.71500015258789,48.79999923706055,45.45326614379883,12692000
2019-01-04,49.459999084472656,50.78499984741211,49.36000061035156,50.415000915527344,46.957496643066406,14538200
2019-01-07,50.654998779296875,51.8849983215332,50.630001068115234,51.55500030517578,48.01932144165039,12526200
2019-01-08,52.09000015258789,52.404998779296875,51.3849983215332,52.125,48.55022430419922,18782000
2019-01-09,52.25,52.619998931884766,51.92499923706055,52.38999938964844,48.79706573486328,10325200
2019-01-10,51.7400016784668,52.30500030517578,51.529998779296875,52.2400016784668,48.65734100341797,9520000
2019-01-11,52.06999969482422,52.459999084472656,51.974998474121094,52.290000915527344,48.70391082763672,6065200
2019-01-14,51.875,52.35499954223633,51.619998931884766,51.970001220703125,48.40585708618164,5896200
2019-01-15,51.97999954223633,52.540000915527344,51.900001525878906,52.439998626708984,48.8436279296875,7533600
2019-01-16,52.459999084472656,52.744998931884766,52.290000915527344,52.31999969482422,48.73185348510742,8987800
2019-01-17,52.05500030517578,52.83000183105469,51.970001220703125,52.67499923706055,49.062503814697266,8792000
2019-01-18,53.20000076293945,53.630001068115234,53.02000045776367,53.404998779296875,49.74243927001953,11596200
2019-01-22,53.165000915527344,53.290000915527344,52.16999816894531,52.60499954223633,48.997310638427734,18487400
2019-01-23,52.834999084472656,53.025001525878906,52.11000061035156,52.709999084472656,49.09510040283203,12208600
2019-01-24,52.744998931884766,52.98500061035156,52.599998474121094,52.93000030517578,49.300025939941406,7930400
2019-01-25,53.470001220703125,53.709999084472656,53.3849983215332,53.51499938964844,49.84490203857422,8785600
2019-01-28,52.9900016784668,53.209999084472656,52.685001373291016,53.20500183105469,49.5561637878418,11802000
2019-01-29,53.060001373291016,53.154998779296875,52.53499984741211,52.86000061035156,49.23482131958008,5764600
2019-01-30,53.279998779296875,54.05500030517578,53.2400016784668,53.900001525878906,50.2034912109375,11800400
2019-01-31,53.97999954223633,54.57500076293945,53.73500061035156,54.38999938964844,50.65988540649414,11198000
2019-02-01,53.92499923706055,54.125,53.47999954223633,53.595001220703125,49.919410705566406,11272800
2019-02-04,53.52000045776367,53.970001220703125,53.44499969482422,53.94499969482422,50.24541473388672,7209600
2019-02-05,54.11000061035156,54.540000915527344,54.11000061035156,54.45000076293945,50.715782165527344,8324600
2019-02-06,54.46500015258789,54.60499954223633,54.0099983215332,54.224998474121094,50.50620651245117,5831800
2019-02-07,53.84000015258789,53.970001220703125,53.334999084472656,53.779998779296875,50.09172821044922,9042400
2019-02-08,53.44499969482422,53.56999969482422,53.18000030517578,53.564998626708984,49.891475677490234,6646600
2019-02-11,53.744998931884766,53.875,53.58000183105469,53.65999984741211,49.97996520996094,6115800
2019-02-12,54.005001068115234,54.54499816894531,53.90999984741211,54.48500061035156,50.74837875366211,7753400
2019-02-13,54.709999084472656,54.974998474121094,54.58000183105469,54.85499954223633,51.0930061340332,6961200
2019-02-14,54.41999816894531,54.95000076293945,54.154998779296875,54.654998779296875,50.90671920776367,8334600
2019-02-15,54.994998931884766,55.14500045776367,54.845001220703125,55.029998779296875,51.2559928894043,7221000
2019-02-19,54.86000061035156,55.41999816894531,54.86000061035156,55.255001068115234,51.465579986572266,9838800
2019-02-20,55.290000915527344,55.494998931884766,54.80500030517578,55.3650016784668,51.568016052246094,13203400
2019-02-21,55.23500061035156,55.41999816894531,55.04499816894531,55.255001068115234,51.465579986572266,5986800
2019-02-22,55.38999938964844,55.58000183105469,55.30500030517578,55.55500030517578,51.7450065612793,14216600
2019-02-25,55.8849983215332,55.95500183105469,55.34000015258789,55.369998931884766,51.57267761230469,7982800
2019-02-26,55.150001525878906,55.525001525878906,55.11000061035156,55.44499969482422,51.64255142211914,14350400
2019-02-27,55.3849983215332,55.564998626708984,55.03499984741211,55.404998779296875,51.60529708862305,6204400
2019-02-28,55.20500183105469,55.2599983215332,54.85499954223633,55.10499954223633,51.325862884521484,8106800
2019-03-01,55.55500030517578,55.775001525878906,55.185001373291016,55.54999923706055,51.74032974243164,9712000
2019-03-04,55.790000915527344,55.8849983215332,54.970001220703125,55.375,51.57733154296875,11317600
2019-03-05,55.56999969482422,55.75,55.43000030517578,55.51499938964844,51.707740783691406,10298600
2019-03-06,55.56999969482422,55.80500030517578,55.22999954223633,55.255001068115234,51.465579986572266,7539200
2019-03-07,55.1349983215332,55.20500183105469,54.40999984741211,54.584999084472656,50.841529846191406,14152600
2019-03-08,54.23500061035156,54.23500061035156,53.83000183105469,54.20500183105469,50.48758316040039,11613600
2019-03-11,54.38999938964844,55.0,54.369998931884766,54.95000076293945,51.181495666503906,9124400
2019-03-12,55.03499984741211,55.185001373291016,54.810001373291016,55.10499954223633,51.325862884521484,17268000
2019-03-13,55.26499938964844,55.625,55.20000076293945,55.29999923706055,51.50748825073242,9703800
2019-03-14,55.224998474121094,55.255001068115234,55.0099983215332,55.1349983215332,51.35380172729492,9803400
2019-03-15,55.220001220703125,55.345001220703125,54.915000915527344,55.29999923706055,51.68324661254883,10856000
2019-03-18,55.32500076293945,55.880001068115234,55.32500076293945,55.834999084472656,52.18326187133789,10971000
2019-03-19,56.029998779296875,56.584999084472656,55.88999938964844,56.1150016784668,52.4449348449707,14033400
2019-03-20,56.084999084472656,56.470001220703125,55.65999984741211,56.19499969482422,52.51970672607422,19898800
2019-03-21,56.119998931884766,57.0099983215332,56.119998931884766,56.96500015258789,53.23935317993164,11463000
2019-03-22,56.61000061035156,56.81999969482422,55.81999969482422,55.834999084472656,52.18326187133789,17517800
2019-03-25,55.71500015258789,56.41999816894531,55.65999984741211,56.165000915527344,52.49167251586914,14923200
2019-03-26,56.4900016784668,56.78499984741211,56.10499954223633,56.404998779296875,52.71597671508789,10881400
2019-03-27,56.45000076293945,56.709999084472656,55.95500183105469,56.290000915527344,52.608497619628906,8855400
2019-03-28,56.494998931884766,56.8650016784668,56.334999084472656,56.630001068115234,52.9262580871582,13856600
2019-03-29,56.915000915527344,57.029998779296875,56.775001525878906,56.92499923706055,53.201961517333984,9199800
2019-04-01,57.3849983215332,57.56999969482422,57.20500183105469,57.54999923706055,53.78609085083008,9955400
2019-04-02,57.540000915527344,57.59000015258789,57.349998474121094,57.540000915527344,53.77674865722656,7263600
2019-04-03,57.875,58.15999984741211,57.70000076293945,57.94499969482422,54.15524673461914,8422600
2019-04-04,57.9900016784668,58.42499923706055,57.9900016784668,58.415000915527344,54.594512939453125,6147800
2019-04-05,58.560001373291016,58.810001373291016,58.40999984741211,58.7599983215332,54.91695785522461,5893400
2019-04-08,58.64500045776367,58.9900016784668,58.57500076293945,58.970001220703125,55.11322021484375,6462800
2019-04-09,58.77000045776367,58.77000045776367,58.34000015258789,58.439998626708984,54.617889404296875,8912800
2019-04-10,58.58000183105469,58.720001220703125,58.30500030517578,58.720001220703125,54.87957000732422,6813600
2019-04-11,58.78499984741211,58.81999969482422,58.6349983215332,58.79499816894531,54.94968032836914,4330800
2019-04-12,59.0,59.26499938964844,58.89500045776367,59.15999984741211,55.29079055786133,9077600
2019-04-15,59.185001373291016,59.310001373291016,58.91999816894531,59.279998779296875,55.402950286865234,4865400
2019-04-16,59.459999084472656,59.625,59.415000915527344,59.540000915527344,55.64593505859375,6029000
2019-04-17,59.709999084472656,59.880001068115234,59.6150016784668,59.654998779296875,55.753414154052734,5562200
2019-04-18,59.779998779296875,59.79499816894531,59.45500183105469,59.6349983215332,55.73472213745117,6142600
2019-04-22,59.42499923706055,59.61000061035156,59.220001220703125,59.40999984741211,55.524444580078125,5529600
2019-04-23,59.595001220703125,60.2400016784668,59.54999923706055,60.119998931884766,56.18799591064453,8199400
2019-04-24,60.1349983215332,60.45000076293945,60.1349983215332,60.17499923706055,56.23940658569336,4362800
2019-04-25,60.125,60.154998779296875,59.61000061035156,59.86000061035156,55.945011138916016,5640200
2019-04-26,60.09000015258789,60.334999084472656,59.709999084472656,60.334999084472656,56.38895034790039,8473800
2019-04-29,60.36000061035156,60.3650016784668,60.025001525878906,60.125,56.192691802978516,7400000
2019-04-30,60.064998626708984,60.084999084472656,59.57500076293945,60.03499984741211,56.10857009887695,8679600
2019-05-01,60.1349983215332,60.13999938964844,59.30500030517578,59.30500030517578,55.426326751708984,9123000
2019-05-02,59.334999084472656,59.59000015258789,58.92499923706055,59.349998474121094,55.46836853027344,20816600
2019-05-03,59.90999984741211,60.165000915527344,59.72999954223633,60.04999923706055,56.122589111328125,7005800
2019-05-06,59.0099983215332,59.78499984741211,58.974998474121094,59.685001373291016,55.781455993652344,7628000
2019-05-07,59.31999969482422,59.44499969482422,58.349998474121094,58.779998779296875,54.935646057128906,13157000
2019-05-08,58.685001373291016,59.150001525878906,58.505001068115234,58.79999923706055,54.95433807373047,14305400
2019-05-09,58.345001220703125,58.7599983215332,57.88999938964844,58.560001373291016,54.73003005981445,12766000
2019-05-10,58.415000915527344,58.900001525878906,57.55500030517578,58.64500045776367,54.809478759765625,13641600
2019-05-13,57.459999084472656,57.59000015258789,56.71500015258789,56.900001525878906,53.17860412597656,15284200
2019-05-14,57.165000915527344,57.755001068115234,56.88999938964844,57.474998474121094,53.71599197387695,9191800
2019-05-15,57.119998931884766,57.97999954223633,57.0099983215332,57.8650016784668,54.08049392700195,8313600
2019-05-16,58.10499954223633,58.744998931884766,58.005001068115234,58.400001525878906,54.580501556396484,7231800
2019-05-17,57.904998779296875,58.689998626708984,57.904998779296875,57.95500183105469,54.164608001708984,7349000
2019-05-20,57.744998931884766,57.744998931884766,57.36000061035156,57.54499816894531,53.78141784667969,7076800
2019-05-21,57.71500015258789,58.095001220703125,57.51499938964844,57.94499969482422,54.15524673461914,7320600
2019-05-22,57.48500061035156,57.935001373291016,57.290000915527344,57.349998474121094,53.59917068481445,7890800
2019-05-23,56.89500045776367,56.93000030517578,56.3650016784668,56.63999938964844,52.935611724853516,9913000
2019-05-24,56.95000076293945,57.04499816894531,56.47999954223633,56.71500015258789,53.00569534301758,5265000
2019-05-28,56.875,57.19499969482422,56.30500030517578,56.34000015258789,52.65522766113281,8236000
2019-05-29,56.029998779296875,56.08000183105469,55.474998474121094,55.84000015258789,52.187923431396484,9537400
2019-05-30,56.025001525878906,56.39500045776367,56.01499938964844,56.20500183105469,52.529048919677734,7795200
2019-05-31,55.5099983215332,55.7400016784668,55.310001373291016,55.470001220703125,51.84211730957031,8504400
2019-06-03,55.334999084472656,55.529998779296875,54.71500015258789,55.005001068115234,51.40754699707031,16131200
2019-06-04,55.5,56.51499938964844,55.02000045776367,56.494998931884766,52.80008316040039,11479000
2019-06-05,56.81999969482422,56.88999938964844,56.21500015258789,56.775001525878906,53.061790466308594,10517200
2019-06-06,56.775001525878906,57.20500183105469,56.540000915527344,57.064998626708984,53.33280944824219,7319600
2019-06-07,57.314998626708984,58.064998626708984,57.224998474121094,57.88999938964844,54.103858947753906,8089800
2019-06-10,58.2599983215332,58.900001525878906,58.220001220703125,58.380001068115234,54.56181716918945,7459800
2019-06-11,58.845001220703125,59.11000061035156,58.36000061035156,58.60499954223633,54.77208709716797,10059000
2019-06-12,58.584999084472656,58.814998626708984,58.459999084472656,58.59000015258789,54.75807189941406,5585800
2019-06-13,58.80500030517578,59.20000076293945,58.77000045776367,59.1150016784668,55.24873352050781,7692400
2019-06-14,59.10499954223633,59.3650016784668,58.98500061035156,59.244998931884766,55.37023162841797,5094400
2019-06-17,59.35499954223633,59.470001220703125,59.20000076293945,59.27000045776367,55.39360427856445,5364800
2019-06-18,59.689998626708984,60.11000061035156,59.529998779296875,59.720001220703125,55.81417465209961,8797600
2019-06-19,59.779998779296875,59.94499969482422,59.375,59.83000183105469,55.91697311401367,6130600
2019-06-20,60.31999969482422,60.39500045776367,59.775001525878906,60.244998931884766,56.30482864379883,8377200
2019-06-21,59.970001220703125,60.130001068115234,59.755001068115234,59.7599983215332,56.04411697387695,10442400
2019-06-24,59.78499984741211,59.86000061035156,59.41999816894531,59.439998626708984,55.744014739990234,5780400
2019-06-25,59.560001373291016,59.64500045776367,58.779998779296875,58.869998931884766,55.20945739746094,6394200
2019-06-26,59.084999084472656,59.29499816894531,58.994998931884766,59.060001373291016,55.38764190673828,4876200
2019-06-27,59.26499938964844,59.494998931884766,59.165000915527344,59.43000030517578,55.734642028808594,3909000
2019-06-28,59.52000045776367,59.724998474121094,59.5,59.599998474121094,55.89406967163086,13327400
2019-07-01,60.35499954223633,60.630001068115234,59.869998931884766,60.125,56.386436462402344,8289400
2019-07-02,60.04999923706055,60.28499984741211,59.814998626708984,60.255001068115234,56.50834274291992,18017000
2019-07-03,60.435001373291016,60.779998779296875,60.31999969482422,60.779998779296875,57.00069808959961,3619200
2019-07-05,60.4900016784668,60.904998779296875,60.32500076293945,60.849998474121094,57.066322326660156,6755000
2019-07-08,60.65999984741211,60.974998474121094,60.599998474121094,60.92499923706055,57.136688232421875,10149200
2019-07-09,60.689998626708984,61.06999969482422,60.625,60.9900016784668,57.197628021240234,3866600
2019-07-10,61.255001068115234,61.29999923706055,60.8849983215332,61.209999084472656,57.40395736694336,4770000
2019-07-11,61.415000915527344,61.529998779296875,61.20000076293945,61.334999084472656,57.521183013916016,3952400
2019-07-12,61.505001068115234,62.05500030517578,61.505001068115234,62.040000915527344,58.182342529296875,4975200
2019-07-15,62.17499923706055,62.27000045776367,61.92499923706055,62.2400016784668,58.36989974975586,3993200
2019-07-16,62.150001525878906,62.29999923706055,61.96500015258789,62.15999984741211,58.29487991333008,4103400
2019-07-17,62.084999084472656,62.17499923706055,61.564998626708984,61.564998626708984,57.73688888549805,4599200
2019-07-18,61.439998626708984,61.60499954223633,61.07500076293945,61.48500061035156,57.6618537902832,4634400
2019-07-19,61.67499923706055,61.7599983215332,61.04499816894531,61.08000183105469,57.282039642333984,4128200
2019-07-22,61.185001373291016,61.28499984741211,60.880001068115234,61.1150016784668,57.31486892700195,4034000
2019-07-23,61.470001220703125,61.529998779296875,61.02000045776367,61.529998779296875,57.70405960083008,4858200
2019-07-24,61.27000045776367,61.845001220703125,61.2599983215332,61.84000015258789,57.994781494140625,4233400
2019-07-25,61.63999938964844,61.81999969482422,61.39500045776367,61.494998931884766,57.671226501464844,4799000
2019-07-26,61.584999084472656,61.82500076293945,61.380001068115234,61.775001525878906,57.93383026123047,4280400
2019-07-29,61.619998931884766,61.724998474121094,61.255001068115234,61.474998474121094,57.65248107910156,4410800
2019-07-30,61.05500030517578,61.2400016784668,60.959999084472656,61.060001373291016,57.26329040527344,4329000
2019-07-31,61.040000915527344,61.06999969482422,59.80500030517578,60.36000061035156,56.60681915283203,8603400
2019-08-01,60.474998474121094,61.06999969482422,59.32500076293945,59.540000915527344,55.837791442871094,13263600
2019-08-02,59.334999084472656,59.41999816894531,58.81999969482422,59.04999923706055,55.37826919555664,11100400
2019-08-05,58.04999923706055,58.05500030517578,57.04499816894531,57.46500015258789,53.891815185546875,13781600
2019-08-06,57.86000061035156,58.415000915527344,57.53499984741211,58.34000015258789,54.71240997314453,8895600
2019-08-07,57.72999954223633,58.650001525878906,57.42499923706055,58.57500076293945,54.93281173706055,11689800
2019-08-08,58.95500183105469,59.71500015258789,58.900001525878906,59.70500183105469,55.99253845214844,9338400
2019-08-09,59.525001525878906,59.65999984741211,58.810001373291016,59.14500045776367,55.46735763549805,7952800
2019-08-12,58.7400016784668,58.775001525878906,58.040000915527344,58.28499984741211,54.66083526611328,6402600
2019-08-13,58.20000076293945,59.75,58.005001068115234,59.244998931884766,55.56113815307617,9262600
2019-08-14,58.22999954223633,58.32500076293945,57.36000061035156,57.38999938964844,53.82147979736328,12812400
2019-08-15,57.7400016784668,57.82500076293945,56.814998626708984,57.29499816894531,53.73238754272461,10104000
2019-08-16,57.709999084472656,58.060001373291016,57.540000915527344,57.94499969482422,54.34196472167969,7960600
2019-08-19,58.7400016784668,58.88999938964844,58.494998931884766,58.67499923706055,55.02658462524414,6224400
2019-08-20,58.665000915527344,59.060001373291016,58.560001373291016,58.689998626708984,55.040653228759766,6534200
2019-08-21,59.66999816894531,59.81999969482422,59.529998779296875,59.81999969482422,56.10038375854492,9338000
2019-08-22,59.970001220703125,60.130001068115234,59.42499923706055,59.834999084472656,56.11445617675781,5904200
2019-08-23,59.375,59.67499923706055,58.0,58.244998931884766,54.62331771850586,15269800
2019-08-26,58.685001373291016,58.82500076293945,58.26499938964844,58.81999969482422,55.162574768066406,6904800
2019-08-27,59.04999923706055,59.1349983215332,58.44499969482422,58.529998779296875,54.890602111816406,6696200
2019-08-28,58.45000076293945,59.30500030517578,58.29999923706055,59.2599983215332,55.57521057128906,7782400
2019-08-29,59.939998626708984,60.27000045776367,59.755001068115234,60.150001525878906,56.40986251831055,5874600
2019-08-30,60.279998779296875,60.404998779296875,59.65999984741211,59.790000915527344,56.0722541809082,6814800
2019-09-03,59.505001068115234,59.915000915527344,59.290000915527344,59.54499816894531,55.84248352050781,8645000
2019-09-04,59.849998474121094,60.189998626708984,59.59000015258789,60.1349983215332,56.395790100097656,8345000
2019-09-05,60.70000076293945,61.345001220703125,60.70000076293945,61.28499984741211,57.47428894042969,7343200
2019-09-06,61.36000061035156,61.59000015258789,61.22999954223633,61.435001373291016,57.61497116088867,6986800
2019-09-09,61.64500045776367,61.83000183105469,61.439998626708984,61.66999816894531,57.83534622192383,6518600
2019-09-10,61.39500045776367,61.474998474121094,60.810001373291016,61.42499923706055,57.6055908203125,7301200
2019-09-11,61.40999984741211,61.665000915527344,61.13999938964844,61.540000915527344,57.71344757080078,6817800
2019-09-12,61.834999084472656,62.19499969482422,61.685001373291016,61.834999084472656,57.99009323120117,6686400
2019-09-13,61.9900016784668,62.07500076293945,61.65999984741211,61.709999084472656,57.87286376953125,4029400
2019-09-16,61.30500030517578,61.35499954223633,60.85499954223633,60.91999816894531,57.131988525390625,6802600
2019-09-17,60.814998626708984,61.310001373291016,60.654998779296875,61.290000915527344,57.47898483276367,4488400
2019-09-18,61.189998626708984,61.34000015258789,60.665000915527344,61.2599983215332,57.45084762573242,5939200
2019-09-19,61.38999938964844,61.46500015258789,61.06999969482422,61.095001220703125,57.29610061645508,4519200
2019-09-20,61.0099983215332,61.165000915527344,60.189998626708984,60.19499969482422,56.63934326171875,7540600
2019-09-23,60.03499984741211,60.58000183105469,59.95500183105469,60.404998779296875,56.83692932128906,4475000
2019-09-24,60.71500015258789,60.88999938964844,59.619998931884766,59.7599983215332,56.23003387451172,10708800
2019-09-25,60.0,60.39500045776367,59.529998779296875,60.30500030517578,56.742835998535156,6508800
2019-09-26,60.29999923706055,60.44499969482422,59.77000045776367,60.04499816894531,56.498207092285156,6040800
2019-09-27,60.2400016784668,60.275001525878906,59.51499938964844,59.834999084472656,56.30060577392578,7114000
2019-09-30,59.959999084472656,60.43000030517578,59.935001373291016,60.349998474121094,56.785186767578125,4988400
2019-10-01,60.4900016784668,60.71500015258789,59.82500076293945,59.845001220703125,56.31001281738281,7271600
2019-10-02,59.5,59.5,58.474998474121094,58.77000045776367,55.29851150512695,11009000
2019-10-03,58.69499969482422,59.060001373291016,57.97999954223633,59.05500030517578,55.56667709350586,14463200
2019-10-04,59.19499969482422,59.650001525878906,59.125,59.61000061035156,56.08890151977539,6374000
2019-10-07,59.44499969482422,59.72999954223633,59.189998626708984,59.349998474121094,55.8442497253418,5521200
2019-10-08,58.900001525878906,59.369998931884766,58.71500015258789,58.724998474121094,55.256168365478516,5886200
2019-10-09,59.13999938964844,59.435001373291016,58.96500015258789,59.224998474121094,55.72663497924805,6094600
2019-10-10,59.279998779296875,59.82500076293945,59.2400016784668,59.619998931884766,56.098297119140625,6548600
2019-10-11,60.23500061035156,60.81999969482422,60.224998474121094,60.29499816894531,56.73343276977539,10630800
2019-10-14,60.22999954223633,60.3849983215332,60.10499954223633,60.26499938964844,56.705204010009766,3151000
2019-10-15,60.459999084472656,60.935001373291016,60.41999816894531,60.79499816894531,57.203895568847656,5111000
2019-10-16,60.810001373291016,61.10499954223633,60.78499984741211,61.04499816894531,57.439125061035156,6145600
2019-10-17,61.369998931884766,61.45500183105469,61.09000015258789,61.20500183105469,57.58967971801758,4612000
2019-10-18,61.04999923706055,61.28499984741211,60.834999084472656,61.084999084472656,57.47676467895508,4069600
2019-10-21,61.39500045776367,61.57500076293945,61.130001068115234,61.29999923706055,57.67906188964844,4506200
2019-10-22,61.23500061035156,61.25,60.8849983215332,60.90999984741211,57.31209945678711,5203600
2019-10-23,60.84000015258789,60.84000015258789,60.18000030517578,60.630001068115234,57.04863739013672,3773800
2019-10-24,60.7400016784668,60.79499816894531,60.43000030517578,60.599998474121094,57.02041244506836,4405200
2019-10-25,59.86000061035156,60.720001220703125,59.720001220703125,60.529998779296875,56.95455551147461,5472600
2019-10-28,60.685001373291016,60.875,60.595001220703125,60.720001220703125,57.13332748413086,3823400
2019-10-29,60.72999954223633,60.76499938964844,60.35499954223633,60.375,56.80870819091797,4341400
2019-10-30,60.34000015258789,60.755001068115234,60.09000015258789,60.75,57.16156005859375,5615400
2019-10-31,60.744998931884766,60.82500076293945,60.14500045776367,60.42499923706055,56.85574722290039,6074000
2019-11-01,60.73500061035156,60.845001220703125,60.599998474121094,60.82500076293945,57.23211669921875,6429600
2019-11-04,61.005001068115234,61.084999084472656,60.75,60.85499954223633,57.260353088378906,9531800
2019-11-05,60.90999984741211,61.08000183105469,60.70000076293945,60.94499969482422,57.34504318237305,4309000
2019-11-06,61.01499938964844,61.025001525878906,60.72999954223633,61.0099983215332,57.406192779541016,7188600
2019-11-07,61.14500045776367,61.21500015258789,60.57500076293945,60.64500045776367,57.06275939941406,7665400
2019-11-08,60.75,60.77000045776367,60.43000030517578,60.66999816894531,57.08628463745117,4146000
2019-11-11,60.400001525878906,60.564998626708984,60.32500076293945,60.54499816894531,56.96866226196289,3725400
2019-11-12,60.59000015258789,60.814998626708984,60.380001068115234,60.505001068115234,56.9310302734375,4389000
2019-11-13,60.349998474121094,60.459999084472656,60.15999984741211,60.314998626708984,56.75223922729492,4692600
2019-11-14,60.36000061035156,60.66999816894531,60.275001525878906,60.57500076293945,56.99690246582031,3960200
2019-11-15,60.8650016784668,60.91999816894531,60.54999923706055,60.685001373291016,57.10039138793945,4240000
2019-11-18,60.70000076293945,60.900001525878906,60.525001525878906,60.89500045776367,57.29800033569336,4687400
2019-11-19,60.68000030517578,60.71500015258789,60.07500076293945,60.224998474121094,56.667564392089844,6033800
2019-11-20,60.38999938964844,60.48500061035156,59.79999923706055,60.084999084472656,56.535831451416016,8562600
2019-11-21,60.1349983215332,60.244998931884766,59.720001220703125,59.744998931884766,56.21591567993164,4877400
2019-11-22,59.97999954223633,60.17499923706055,59.86000061035156,60.154998779296875,56.60169219970703,4476000
2019-11-25,60.43000030517578,60.69499969482422,60.3849983215332,60.685001373291016,57.10039138793945,7334000
2019-11-26,60.665000915527344,61.13999938964844,60.6150016784668,61.099998474121094,57.49087905883789,7252200
2019-11-27,61.290000915527344,61.650001525878906,61.21500015258789,61.625,57.98487091064453,8426000
2019-11-29,61.665000915527344,61.69499969482422,61.15999984741211,61.224998474121094,57.6085090637207,3510200
2019-12-02,61.27000045776367,61.33000183105469,60.595001220703125,60.720001220703125,57.13332748413086,7083400
2019-12-03,60.18000030517578,60.209999084472656,59.775001525878906,60.11000061035156,56.55936050415039,8946200
2019-12-04,60.345001220703125,60.65999984741211,60.314998626708984,60.44499969482422,56.87457275390625,5658200
2019-12-05,60.66999816894531,60.66999816894531,60.255001068115234,60.3849983215332,56.8181037902832,4704600
2019-12-06,60.83000183105469,61.02000045776367,60.82500076293945,60.869998931884766,57.27446746826172,5031000
2019-12-09,60.82500076293945,61.165000915527344,60.75,60.94499969482422,57.34504318237305,3577600
2019-12-10,60.96500015258789,61.08000183105469,60.755001068115234,60.84000015258789,57.246246337890625,4360000
2019-12-11,60.79499816894531,61.029998779296875,60.68000030517578,60.994998931884766,57.392086029052734,4099400
2019-12-12,61.10499954223633,61.68000030517578,61.029998779296875,61.529998779296875,57.895477294921875,9226200
2019-12-13,61.525001525878906,61.689998626708984,61.27000045776367,61.584999084472656,57.94721984863281,7124800
2019-12-16,61.904998779296875,62.0,61.755001068115234,61.85499954223633,58.2012825012207,7293600
2019-12-17,61.959999084472656,62.209999084472656,61.935001373291016,62.130001068115234,58.460044860839844,6819000
2019-12-18,62.29999923706055,62.35499954223633,62.07500076293945,62.189998626708984,58.51649856567383,5278200
2019-12-19,62.14500045776367,62.435001373291016,62.060001373291016,62.3849983215332,58.69997787475586,6493000
2019-12-20,62.415000915527344,62.415000915527344,62.20000076293945,62.275001525878906,58.7896614074707,6673600
2019-12-23,62.40999984741211,62.41999816894531,62.130001068115234,62.130001068115234,58.652774810791016,6328400
2019-12-24,62.21500015258789,62.345001220703125,62.130001068115234,62.27000045776367,58.78493881225586,3296200
2019-12-26,62.45500183105469,63.029998779296875,62.38999938964844,63.029998779296875,59.50241470336914,5035800
2019-12-27,63.23500061035156,63.3650016784668,62.94499969482422,63.025001525878906,59.4976921081543,5917400
2019-12-30,63.08000183105469,63.150001525878906,62.48500061035156,62.619998931884766,59.115360260009766,6677400
2019-12-31,62.51499938964844,62.7400016784668,62.42499923706055,62.709999084472656,59.20030975341797,3567400
2020-01-02,63.10499954223633,63.45500183105469,62.86000061035156,63.45500183105469,59.90362548828125,12591000
2020-01-03,62.650001525878906,63.099998474121094,62.61000061035156,62.915000915527344,59.39384841918945,11192800
2020-01-06,62.45500183105469,63.10499954223633,62.375,63.09000015258789,59.559051513671875,12823200
2020-01-07,63.04999923706055,63.1349983215332,62.724998474121094,62.9900016784668,59.464637756347656,18301600
2020-01-08,62.935001373291016,63.525001525878906,62.875,63.18000030517578,59.64400863647461,9451800
2020-01-09,63.51499938964844,63.744998931884766,63.35499954223633,63.51499938964844,59.96025848388672,7643000
2020-01-10,63.595001220703125,63.595001220703125,63.10499954223633,63.16999816894531,59.634578704833984,7407000
2020-01-13,63.29999923706055,63.470001220703125,63.119998931884766,63.369998931884766,59.82337188720703,6449200
2020-01-14,63.27000045776367,63.55500030517578,63.16999816894531,63.349998474121094,59.80449295043945,8681200
2020-01-15,63.17499923706055,63.42499923706055,63.04999923706055,63.20500183105469,59.66762161254883,6523800
2020-01-16,63.56999969482422,63.779998779296875,63.51499938964844,63.77000045776367,60.20098876953125,8699000
2020-01-17,63.939998626708984,64.08499908447266,63.8650016784668,63.994998931884766,60.41339874267578,13473200
2020-01-21,63.66999816894531,63.89500045776367,63.459999084472656,63.79999923706055,60.229312896728516,8003800
2020-01-22,64.03500366210938,64.26499938964844,63.71500015258789,63.77000045776367,60.20098876953125,7930200
2020-01-23,63.44499969482422,63.94499969482422,63.119998931884766,63.8650016784668,60.29066848754883,7991800
2020-01-24,63.9900016784668,64.0250015258789,62.70000076293945,62.974998474121094,59.45048141479492,11381800
2020-01-27,61.6150016784668,62.35499954223633,61.494998931884766,62.03499984741211,58.563087463378906,15754200
2020-01-28,62.334999084472656,62.875,62.095001220703125,62.63999938964844,59.13423156738281,11815400
2020-01-29,62.845001220703125,63.09000015258789,62.560001373291016,62.60499954223633,59.1011848449707,5860000
2020-01-30,62.1150016784668,62.564998626708984,61.9900016784668,62.5,59.00206756591797,10461000
2020-01-31,63.779998779296875,63.8650016784668,62.529998779296875,62.65999984741211,59.153114318847656,16844000
2020-02-03,63.0099983215332,63.8849983215332,63.005001068115234,63.10499954223633,59.57320785522461,16019000
2020-02-04,64.02999877929688,64.47000122070312,63.8849983215332,64.25499725341797,60.65884017944336,16697200
2020-02-05,64.68000030517578,64.76000213623047,64.12999725341797,64.58000183105469,60.965660095214844,13354000
2020-02-06,64.7249984741211,64.73999786376953,64.43499755859375,64.43499755859375,60.828773498535156,11039800
2020-02-07,64.1449966430664,64.45999908447266,63.89500045776367,64.15499877929688,60.56443405151367,7267600
2020-02-10,64.1050033569336,64.88500213623047,64.1050033569336,64.87999725341797,61.24886703491211,5867200
2020-02-11,65.1449966430664,65.66999816894531,64.98500061035156,65.38999938964844,61.7303352355957,11015800
2020-02-12,65.71499633789062,66.09500122070312,65.70500183105469,66.05999755859375,62.362815856933594,7810600
2020-02-13,65.80000305175781,66.19000244140625,65.61499786376953,65.94499969482422,62.25426483154297,7106800
2020-02-14,66.06999969482422,66.1500015258789,65.66500091552734,65.84500122070312,62.15987014770508,4959600
2020-02-18,65.75,66.05500030517578,65.4749984741211,65.83999633789062,62.15514373779297,6740200
2020-02-19,66.07499694824219,66.36499786376953,66.04000091552734,66.13500213623047,62.43363571166992,4636200
2020-02-20,66.08000183105469,66.33999633789062,65.34500122070312,66.16000366210938,62.45723342895508,10832800
2020-02-21,65.87000274658203,65.94000244140625,64.9800033569336,65.1500015258789,61.50376510620117,12322600
2020-02-24,62.939998626708984,63.52000045776367,62.599998474121094,62.90999984741211,59.389122009277344,17507200
2020-02-25,63.459999084472656,63.595001220703125,61.084999084472656,61.22999954223633,57.80314636230469,29219600
2020-02-26,61.595001220703125,62.165000915527344,60.59000015258789,60.744998931884766,57.34527587890625,24720800
2020-02-27,59.5,60.7400016784668,58.2599983215332,58.290000915527344,55.02769470214844,35433800
2020-02-28,56.400001525878906,58.0,56.26499938964844,57.915000915527344,54.673683166503906,41232200
2020-03-02,58.09000015258789,59.90999984741211,57.275001525878906,59.904998779296875,56.55230712890625,19022400
2020-03-03,60.08000183105469,60.869998931884766,57.900001525878906,58.45500183105469,55.18345260620117,29548600
2020-03-04,59.369998931884766,60.525001525878906,58.724998474121094,60.474998474121094,57.09040069580078,14684400
2020-03-05,59.029998779296875,59.415000915527344,57.77000045776367,58.220001220703125,54.96160888671875,14599600
2020-03-06,56.44499969482422,57.6349983215332,56.084999084472656,57.32500076293945,54.116695404052734,16655000
2020-03-09,53.040000915527344,55.349998474121094,51.75,53.71500015258789,50.7087287902832,16829800
2020-03-10,55.60499954223633,56.685001373291016,53.685001373291016,56.685001373291016,53.51251220703125,21939200
2020-03-11,55.1349983215332,55.40999984741211,53.06999969482422,53.584999084472656,50.58601760864258,15254600
2020-03-12,49.53499984741211,51.334999084472656,47.625,48.16999816894531,45.47406768798828,19961600
2020-03-13,50.79999923706055,51.185001373291016,47.98500061035156,51.150001525878906,48.28730010986328,16073800
2020-03-16,45.525001525878906,47.92499923706055,44.31999969482422,44.66999816894531,42.169952392578125,16817800
2020-03-17,45.66999816894531,47.3650016784668,43.125,46.38999938964844,43.79369354248047,27134000
2020-03-18,43.40999984741211,44.560001373291016,40.869998931884766,43.724998474121094,41.2778434753418,27657600
2020-03-19,43.540000915527344,46.529998779296875,42.095001220703125,45.25,42.717498779296875,14884200
2020-03-20,45.779998779296875,47.23500061035156,43.83000183105469,43.904998779296875,41.44776916503906,25783200
2020-03-23,43.43000030517578,44.654998779296875,42.33000183105469,43.76499938964844,41.51607894897461,15308400
2020-03-24,46.16999816894531,47.95000076293945,45.974998474121094,47.869998931884766,45.41013717651367,20747400
2020-03-25,48.720001220703125,50.53499984741211,47.51499938964844,48.709999084472656,46.20695495605469,19997800
2020-03-26,49.2400016784668,51.04999923706055,49.005001068115234,50.724998474121094,48.11842346191406,12991000
2020-03-27,49.18000030517578,50.31999969482422,48.44499969482422,49.025001525878906,46.505775451660156,10262200
2020-03-30,49.31999969482422,50.244998931884766,48.46500015258789,50.04999923706055,47.47810363769531,13320600
2020-03-31,49.6150016784668,50.345001220703125,48.90999984741211,49.040000915527344,46.52000045776367,10304400
2020-04-01,47.17499923706055,47.974998474121094,46.435001373291016,46.849998474121094,44.442543029785156,13516400
2020-04-02,46.57500076293945,47.7400016784668,45.9900016784668,47.025001525878906,44.60856246948242,11997600
2020-04-03,46.7400016784668,46.974998474121094,45.6150016784668,46.20500183105469,43.830692291259766,10359400
2020-04-06,47.89500045776367,50.314998626708984,47.89500045776367,50.04999923706055,47.47810363769531,10607800
2020-04-07,52.3650016784668,52.755001068115234,50.685001373291016,50.79499816894531,48.184837341308594,14018200
2020-04-08,51.415000915527344,52.60499954223633,51.04499816894531,52.39500045776367,49.70262145996094,8331000
2020-04-09,53.150001525878906,54.220001220703125,52.82500076293945,53.34000015258789,50.59905242919922,10645800
2020-04-13,53.130001068115234,53.525001525878906,52.32500076293945,53.32500076293945,50.584815979003906,6823400
2020-04-14,54.439998626708984,55.51499938964844,54.185001373291016,55.40999984741211,52.56267547607422,11489200
2020-04-15,54.03499984741211,54.56999969482422,53.540000915527344,54.19499969482422,51.410118103027344,7617600
2020-04-16,54.41999816894531,55.5,53.900001525878906,54.845001220703125,52.026710510253906,9218400
2020-04-17,56.18000030517578,56.599998474121094,55.48500061035156,56.46500015258789,53.563472747802734,8767000
2020-04-20,55.849998474121094,56.595001220703125,55.3849983215332,55.47999954223633,52.629085540771484,6826200
2020-04-21,54.55500030517578,54.915000915527344,53.619998931884766,54.040000915527344,51.26308822631836,8655800
2020-04-22,55.04499816894531,55.59000015258789,54.73500061035156,55.20500183105469,52.36820983886719,6771200
2020-04-23,55.47999954223633,56.0099983215332,54.9900016784668,55.189998626708984,52.35397720336914,8259200
2020-04-24,55.7599983215332,56.375,55.25,56.125,53.240936279296875,5829000
2020-04-27,56.70000076293945,57.54499816894531,56.64500045776367,57.17499923706055,54.23698043823242,8239400
2020-04-28,58.244998931884766,58.45000076293945,57.11000061035156,57.400001525878906,54.45042037963867,9458800
2020-04-29,58.51499938964844,59.10499954223633,58.189998626708984,58.665000915527344,55.65040969848633,9997600
2020-04-30,58.2400016784668,58.650001525878906,57.70000076293945,58.29999923706055,55.30417251586914,10106400
2020-05-01,56.5099983215332,56.970001220703125,55.685001373291016,56.119998931884766,53.2361946105957,12553200
2020-05-04,55.380001068115234,56.45000076293945,55.060001373291016,56.42499923706055,53.52552032470703,9213600
2020-05-05,57.17499923706055,57.345001220703125,56.5099983215332,56.630001068115234,53.71998596191406,9093600
2020-05-06,57.0,57.2400016784668,56.540000915527344,56.619998931884766,53.710506439208984,7810000
2020-05-07,57.32500076293945,57.79499816894531,57.29999923706055,57.5099983215332,54.55477523803711,10667200
2020-05-08,58.244998931884766,58.685001373291016,57.92499923706055,58.630001068115234,55.617218017578125,7872400
2020-05-11,58.119998931884766,58.97999954223633,58.040000915527344,58.5,55.493900299072266,8086600
2020-05-12,58.75,58.8849983215332,57.189998626708984,57.220001220703125,54.279666900634766,11944800
2020-05-13,57.1349983215332,57.459999084472656,55.67499923706055,56.23500061035156,53.345279693603516,13362200
2020-05-14,55.54499816894531,57.099998474121094,55.029998779296875,57.07500076293945,54.14211654663086,11436400
2020-05-15,56.61000061035156,57.75,56.41999816894531,57.7400016784668,54.77295684814453,12556600
2020-05-18,59.31999969482422,60.20000076293945,59.2599983215332,59.92499923706055,56.84567642211914,10233600
2020-05-19,59.79499816894531,60.70500183105469,59.564998626708984,59.709999084472656,56.64171600341797,10513600
2020-05-20,60.69499969482422,60.709999084472656,60.1150016784668,60.4900016784668,57.38163757324219,7708200
2020-05-21,60.63999938964844,61.03499984741211,59.970001220703125,60.70500183105469,57.58559036254883,9117200
2020-05-22,60.68000030517578,60.779998779296875,60.150001525878906,60.6150016784668,57.500213623046875,7642000
2020-05-26,62.220001220703125,62.375,61.48500061035156,61.57500076293945,58.410888671875,9128400
2020-05-27,62.310001373291016,62.63999938964844,61.04999923706055,62.630001068115234,59.41166687011719,11531200
2020-05-28,62.814998626708984,63.040000915527344,61.70500183105469,61.869998931884766,58.69073486328125,7293200
2020-05-29,61.849998474121094,62.31999969482422,61.375,62.095001220703125,58.90415954589844,13016000
2020-06-01,62.16999816894531,62.90999984741211,62.119998931884766,62.685001373291016,59.463844299316406,6662600
2020-06-02,62.96500015258789,63.220001220703125,62.63999938964844,63.220001220703125,59.97135543823242,8453400
2020-06-03,63.529998779296875,64.61499786376953,63.529998779296875,64.41500091552734,61.10495376586914,11061600
2020-06-04,64.26499938964844,64.65499877929688,63.75,64.08999633789062,60.79664611816406,9971400
2020-06-05,65.61499786376953,65.99500274658203,65.29000091552734,65.625,62.25276184082031,11689200
2020-06-08,66.00499725341797,66.6500015258789,66.00499725341797,66.625,63.20138168334961,7005000
2020-06-09,66.04000091552734,66.4749984741211,65.62000274658203,66.1050033569336,62.708106994628906,8689600
2020-06-10,66.36499786376953,66.375,65.41500091552734,65.48500061035156,62.11996841430664,7783800
2020-06-11,63.3849983215332,64.33000183105469,61.904998779296875,62.05500030517578,58.86621856689453,13735200
2020-06-12,63.720001220703125,63.939998626708984,61.400001525878906,62.66999816894531,59.449615478515625,11989400
2020-06-15,61.29499816894531,63.46500015258789,60.959999084472656,63.26499938964844,60.0140380859375,9993000
2020-06-16,65.19000244140625,65.2699966430664,63.29499816894531,64.59500122070312,61.27569580078125,10166800
2020-06-17,64.86499786376953,65.08499908447266,64.26499938964844,64.42500305175781,61.11443328857422,6349800
2020-06-18,64.17500305175781,64.53500366210938,63.900001525878906,64.19000244140625,60.89152526855469,5533600
2020-06-19,64.99500274658203,65.12000274658203,63.48500061035156,63.689998626708984,60.41719436645508,13384000
2020-06-22,63.435001373291016,64.25,63.150001525878906,64.19499969482422,61.038082122802734,5675800
2020-06-23,64.88500213623047,65.1050033569336,64.50499725341797,64.69999694824219,61.51824951171875,7347200
2020-06-24,64.31500244140625,64.54499816894531,62.4900016784668,63.275001525878906,60.163330078125,11962600
2020-06-25,63.0099983215332,63.43000030517578,62.3849983215332,63.36000061035156,60.244144439697266,9769200
2020-06-26,63.34000015258789,63.474998474121094,61.77000045776367,61.875,58.83216857910156,11496400
2020-06-29,62.150001525878906,63.099998474121094,61.46500015258789,63.04999923706055,59.949405670166016,7822600
2020-06-30,63.0,64.1449966430664,62.80500030517578,63.85499954223633,60.714805603027344,6729800
2020-07-01,63.94499969482422,64.76499938964844,63.89500045776367,64.5,61.328086853027344,11172600
2020-07-02,65.47000122070312,65.82499694824219,64.58999633789062,64.75499725341797,61.5705451965332,7328600
2020-07-06,65.72000122070312,66.31999969482422,65.55500030517578,66.29000091552734,63.03007125854492,7115800
2020-07-07,65.9800033569336,66.19000244140625,65.13999938964844,65.25,62.04121017456055,6893200
2020-07-08,65.36499786376953,65.95999908447266,65.05999755859375,65.94499969482422,62.702022552490234,5479800
2020-07-09,66.17500305175781,66.22000122070312,64.80999755859375,65.87000274658203,62.63071060180664,6224800
2020-07-10,65.91000366210938,66.70500183105469,65.4749984741211,66.65499877929688,63.377105712890625,12912400
2020-07-13,67.25499725341797,68.25,65.625,65.80999755859375,62.57365417480469,13282600
2020-07-14,65.48500061035156,66.50499725341797,64.71499633789062,66.46499633789062,63.19645309448242,11473800
2020-07-15,67.4000015258789,67.61499786376953,66.45999908447266,67.41500091552734,64.09974670410156,7505800
2020-07-16,66.87000274658203,67.42500305175781,66.63999938964844,67.23500061035156,63.9286003112793,6049400
2020-07-17,67.49500274658203,67.49500274658203,66.68000030517578,66.91999816894531,63.62908935546875,6189200
2020-07-20,66.97000122070312,68.16500091552734,66.80500030517578,67.98999786376953,64.64647674560547,5471600
2020-07-21,68.5199966430664,68.61499786376953,67.84500122070312,68.09500122070312,64.74629211425781,5315800
2020-07-22,67.9800033569336,68.72000122070312,67.91500091552734,68.68000030517578,65.30252075195312,5321000
2020-07-23,68.75499725341797,68.75499725341797,67.18499755859375,67.6500015258789,64.32318878173828,6867600
2020-07-24,67.2699966430664,68.06500244140625,66.93499755859375,67.7699966430664,64.4372787475586,6287200
2020-07-27,68.05999755859375,68.34500122070312,67.69999694824219,68.19000244140625,64.83663177490234,4899400
2020-07-28,68.05500030517578,68.33000183105469,67.41500091552734,67.51499938964844,64.19481658935547,5119600
2020-07-29,67.95999908447266,68.34500122070312,67.8550033569336,68.19999694824219,64.84611511230469,4495000
2020-07-30,67.70999908447266,68.4749984741211,67.31500244140625,68.1449966430664,64.7938232421875,7940800
2020-07-31,68.98500061035156,69.1050033569336,67.74500274658203,68.5,65.13137817382812,7671000
2020-08-03,68.72000122070312,68.73999786376953,68.2699966430664,68.3550033569336,64.99351501464844,5588800
2020-08-04,68.22000122070312,68.92500305175781,68.20999908447266,68.90499877929688,65.51643371582031,5340200
2020-08-05,69.17500305175781,69.77999877929688,69.06500244140625,69.74500274658203,66.3151626586914,6536800
2020-08-06,69.49500274658203,70.23500061035156,69.3949966430664,70.08499908447266,66.63843536376953,4312200
2020-08-07,70.08999633789062,70.4000015258789,69.68000030517578,70.19000244140625,66.7382583618164,5953000
2020-08-10,70.44000244140625,71.11000061035156,70.33000183105469,71.02999877929688,67.53695678710938,4560400
2020-08-11,71.43499755859375,71.83499908447266,70.7249984741211,70.88999938964844,67.40386199951172,7093600
2020-08-12,71.58999633789062,71.9800033569336,71.31500244140625,71.83000183105469,68.29763793945312,7630800
2020-08-13,71.76499938964844,72.2300033569336,71.6500015258789,71.80000305175781,68.26909637451172,4742800
2020-08-14,71.80000305175781,71.95500183105469,71.48500061035156,71.79499816894531,68.26435852050781,3374000
2020-08-17,72.38500213623047,72.80999755859375,72.06999969482422,72.72000122070312,69.14385223388672,3218000
2020-08-18,73.0,73.33000183105469,72.45500183105469,73.16999816894531,69.57173156738281,5175400
2020-08-19,73.45500183105469,73.4749984741211,72.72000122070312,72.82499694824219,69.24368286132812,5310400
2020-08-20,72.38500213623047,72.92500305175781,72.19999694824219,72.71499633789062,69.13909149169922,3326600
2020-08-21,72.63999938964844,73.12999725341797,72.625,73.08999633789062,69.49566650390625,3647600
2020-08-24,73.58999633789062,74.2300033569336,73.58499908447266,74.19999694824219,70.5510482788086,5284400
2020-08-25,74.375,74.44999694824219,73.83999633789062,74.44499969482422,70.78404235839844,5197800
2020-08-26,74.44999694824219,75.30000305175781,74.37999725341797,75.18000030517578,71.48284912109375,5583800
2020-08-27,75.45999908447266,75.51000213623047,74.49500274658203,74.7750015258789,71.09778594970703,6170800
2020-08-28,75.16000366210938,75.4000015258789,74.87000274658203,75.26499938964844,71.56369018554688,4275600
2020-08-31,75.25499725341797,75.4800033569336,74.94499969482422,75.04499816894531,71.3545150756836,7025000
2020-09-01,75.11499786376953,75.875,75.01000213623047,75.83000183105469,72.10091400146484,9904400
2020-09-02,76.3550033569336,77.06999969482422,75.91999816894531,76.87999725341797,73.09927368164062,8154200
2020-09-03,76.66000366210938,76.71499633789062,73.7249984741211,74.44000244140625,70.77926635742188,15142000
2020-09-04,74.68000030517578,75.1050033569336,71.80999755859375,73.58000183105469,69.9615478515625,13339800
2020-09-08,72.37000274658203,73.63500213623047,72.0250015258789,72.61499786376953,69.04401397705078,15212600
2020-09-09,73.29499816894531,74.53500366210938,72.87000274658203,73.98500061035156,70.34664916992188,7425800
2020-09-10,74.3550033569336,75.13999938964844,72.68499755859375,72.92500305175781,69.33875274658203,12553800
2020-09-11,73.41999816894531,73.75499725341797,72.34500122070312,73.03500366210938,69.44337463378906,7596400
2020-09-14,73.84500122070312,74.37999725341797,73.5199966430664,73.80999755859375,70.18026733398438,5556600
2020-09-15,74.2750015258789,74.66999816894531,74.02999877929688,74.41500091552734,70.7554931640625,5412000
2020-09-16,74.7249984741211,75.01499938964844,73.96499633789062,74.0,70.36090850830078,5215800
2020-09-17,72.91999816894531,73.43499755859375,72.3499984741211,72.95999908447266,69.3720474243164,8849200
2020-09-18,73.19000244140625,73.22000122070312,71.34500122070312,71.94499969482422,68.40697479248047,10847200
2020-09-21,70.6449966430664,70.83499908447266,69.51499938964844,70.75499725341797,67.41886901855469,8435800
2020-09-22,71.19000244140625,72.31500244140625,70.95500183105469,72.25,68.84336853027344,7638000
2020-09-23,73.0,73.13500213623047,70.91999816894531,71.06500244140625,67.71424865722656,7930600
2020-09-24,70.73999786376953,72.02999877929688,70.19999694824219,71.03500366210938,67.68566131591797,8997000
2020-09-25,71.01499938964844,72.20500183105469,70.5199966430664,71.95999908447266,68.56705474853516,5028000
2020-09-28,72.90499877929688,73.63500213623047,72.61000061035156,73.46499633789062,70.0010986328125,5324800
2020-09-29,73.43000030517578,73.4800033569336,72.84500122070312,72.8949966430664,69.45796203613281,6055400
2020-09-30,73.11499786376953,74.36000061035156,73.0250015258789,73.48999786376953,70.02490997314453,8948800
2020-10-01,74.21499633789062,74.51499938964844,73.74500274658203,74.44999694824219,70.93965911865234,7758800
2020-10-02,73.05999755859375,74.38500213623047,73.02999877929688,74.13500213623047,70.63948822021484,8181600
2020-10-05,74.52999877929688,75.19999694824219,74.46499633789062,75.11499786376953,71.57328796386719,4640800
2020-10-06,75.18499755859375,75.5250015258789,73.6050033569336,73.7249984741211,70.24881744384766,7954400
2020-10-07,74.62000274658203,75.58999633789062,74.62000274658203,75.41000366210938,71.85440826416016,5005800
2020-10-08,75.9000015258789,75.95500183105469,75.3499984741211,75.90499877929688,72.3260269165039,5065800
2020-10-09,76.30000305175781,76.875,76.20500183105469,76.69499969482422,73.07878875732422,7362600
2020-10-12,77.2300033569336,78.06999969482422,77.12000274658203,77.71499633789062,74.05066680908203,6394400
2020-10-13,77.55500030517578,78.05000305175781,77.29499816894531,77.69999694824219,74.0363998413086,6826200
2020-10-14,77.86499786376953,77.94499969482422,76.49500274658203,76.83999633789062,73.2169418334961,7610800
2020-10-15,75.8499984741211,77.2699966430664,75.625,77.125,73.488525390625,4758000
2020-10-16,77.47000122070312,77.83999633789062,76.19000244140625,76.42500305175781,72.82151794433594,4211000
2020-10-19,76.92500305175781,77.2300033569336,75.30000305175781,75.48500061035156,71.92584991455078,5154000
2020-10-20,75.92500305175781,77.02999877929688,75.72000122070312,76.08999633789062,72.50231170654297,8514200
2020-10-21,76.00499725341797,76.53500366210938,75.44999694824219,75.67500305175781,72.10689544677734,5539800
2020-10-22,75.66500091552734,75.91500091552734,74.8499984741211,75.83000183105469,72.25456237792969,4135600
2020-10-23,76.13999938964844,76.50499725341797,75.55500030517578,76.49500274658203,72.88824462890625,3915000
2020-10-26,75.71499633789062,76.0250015258789,73.95999908447266,75.0250015258789,71.48751068115234,6300000
2020-10-27,75.2249984741211,75.44999694824219,74.77999877929688,74.98999786376953,71.45417022705078,6241000
2020-10-28,73.6449966430664,74.01499938964844,72.54000091552734,72.62000274658203,69.19593048095703,9172600
2020-10-29,72.83000183105469,73.91999816894531,72.30999755859375,73.08000183105469,69.63422393798828,6067800
2020-10-30,72.51499938964844,72.7750015258789,70.87000274658203,71.48500061035156,68.11444091796875,9983200
2020-11-02,72.41999816894531,72.67500305175781,71.20500183105469,71.99500274658203,68.60038757324219,7981800
2020-11-03,72.76000213623047,73.99500274658203,72.38999938964844,73.58000183105469,70.11065673828125,5675400
2020-11-04,74.44999694824219,76.04000091552734,74.30000305175781,75.1449966430664,71.60186004638672,8541200
2020-11-05,76.46499633789062,77.07499694824219,76.12999725341797,76.61000061035156,72.9977798461914,6480000
2020-11-06,76.38500213623047,76.51499938964844,75.7300033569336,76.37999725341797,72.77865600585938,4847000
2020-11-09,79.0199966430664,79.0199966430664,76.03500366210938,76.12999725341797,72.5404052734375,9782200
2020-11-10,76.05500030517578,76.23500061035156,75.05500030517578,75.86000061035156,72.28315734863281,17765200
2020-11-11,76.34500122070312,76.88500213623047,76.05500030517578,76.5250015258789,72.91682434082031,7406800
2020-11-12,76.5250015258789,76.53500366210938,75.06999969482422,75.5,71.94013977050781,5929800
2020-11-13,75.93499755859375,76.8550033569336,75.82499694824219,76.7249984741211,73.10737609863281,4463000
2020-11-16,77.5,77.75499725341797,76.91500091552734,77.7300033569336,74.06497955322266,7864600
2020-11-17,77.45500183105469,77.75499725341797,76.81500244140625,77.4000015258789,73.75053405761719,5839600
2020-11-18,77.36000061035156,77.9800033569336,76.8499984741211,76.87000274658203,73.24552917480469,5415000
2020-11-19,76.8550033569336,77.32499694824219,76.69000244140625,77.25,73.60761260986328,4214400
2020-11-20,77.32499694824219,77.37999725341797,76.81999969482422,76.84500122070312,73.22172546386719,4132800
2020-11-23,77.2699966430664,77.8949966430664,77.06500244140625,77.69000244140625,74.02687072753906,4611200
2020-11-24,78.42500305175781,79.1050033569336,78.19999694824219,78.84500122070312,75.12740325927734,5465600
2020-11-25,78.78500366210938,79.06999969482422,78.56500244140625,78.94000244140625,75.2179183959961,4624400
2020-11-27,79.30000305175781,79.3949966430664,78.87000274658203,79.11000061035156,75.37992858886719,2216600
2020-11-30,78.98999786376953,79.02999877929688,77.6050033569336,78.62999725341797,74.92254638671875,6576000
2020-12-01,79.24500274658203,79.58000183105469,78.74500274658203,79.21499633789062,75.47998046875,8737400
2020-12-02,78.90499877929688,78.90499877929688,78.38500213623047,78.72000122070312,75.00830078125,4308800
2020-12-03,78.73999786376953,79.375,78.73999786376953,78.94000244140625,75.2179183959961,6011400
2020-12-04,79.0999984741211,79.21499633789062,78.86000061035156,79.01499938964844,75.28941345214844,4178200
2020-12-07,78.83999633789062,78.875,78.43499755859375,78.83499908447266,75.11787414550781,8430600
2020-12-08,78.45500183105469,78.72000122070312,78.05999755859375,78.66999816894531,74.96066284179688,4956800
2020-12-09,79.18499755859375,79.2249984741211,78.26000213623047,78.59500122070312,74.88919830322266,12060800
2020-12-10,78.29000091552734,78.86000061035156,77.96499633789062,78.5250015258789,74.82249450683594,5806000
2020-12-11,78.23500061035156,78.51499938964844,77.61499786376953,78.1500015258789,74.46519470214844,4134200
2020-12-14,78.86000061035156,79.30999755859375,78.23999786376953,78.26499938964844,74.57475280761719,6815000
2020-12-15,78.95500183105469,79.33499908447266,78.59500122070312,79.31999969482422,75.58000946044922,4651800
2020-12-16,79.46499633789062,80.04000091552734,79.43499755859375,79.83999633789062,76.07549285888672,4443000
2020-12-17,80.25,80.4000015258789,80.0199966430664,80.38500213623047,76.59480285644531,3977400
2020-12-18,80.5199966430664,80.56500244140625,79.63999938964844,79.99500274658203,76.22320556640625,9892800
2020-12-21,78.69999694824219,79.40499877929688,78.13500213623047,78.94499969482422,75.36212158203125,7904400
2020-12-22,78.81500244140625,78.8499984741211,77.91500091552734,78.6050033569336,75.03755187988281,7453200
2020-12-23,78.62000274658203,79.0250015258789,78.28500366210938,78.7750015258789,75.19983673095703,4346000
2020-12-24,78.8499984741211,79.05999755859375,78.6050033569336,78.94000244140625,75.35737609863281,2097600
2020-12-28,79.70999908447266,80.16000366210938,79.30000305175781,79.83999633789062,76.21649932861328,5824800
2020-12-29,80.12000274658203,80.26499938964844,79.48999786376953,79.86499786376953,76.24036407470703,4862400
2020-12-30,80.1500015258789,80.46499633789062,80.06500244140625,80.34500122070312,76.6985855102539,4881400
2020-12-31,80.3550033569336,80.48999786376953,79.96499633789062,80.38999938964844,76.74153900146484,5859200
2021-01-04,80.88999938964844,80.94499969482422,78.72000122070312,79.70999908447266,76.09241485595703,18120400
2021-01-05,79.25,80.52999877929688,79.2249984741211,80.30500030517578,76.66039276123047,6262400
2021-01-06,80.3949966430664,82.00499725341797,80.07499694824219,81.125,77.44319152832031,8832000
2021-01-07,81.86000061035156,83.01499938964844,81.83000183105469,82.69000244140625,78.93717956542969,6725600
2021-01-08,83.66999816894531,84.4800033569336,83.1449966430664,84.3949966430664,80.56478881835938,9283800
2021-01-11,83.41000366210938,83.75,82.59500122070312,82.81999969482422,79.06126403808594,7421000
2021-01-12,83.25499725341797,84.4000015258789,83.15499877929688,84.08499908447266,80.26885223388672,11395200
2021-01-13,84.17500305175781,84.40499877929688,83.66000366210938,84.08000183105469,80.26407623291016,5654400
2021-01-14,84.17500305175781,84.58499908447266,83.44499969482422,83.54499816894531,79.75335693359375,6029800
2021-01-15,83.41000366210938,83.66999816894531,82.56999969482422,82.9000015258789,79.13761901855469,7271400
2021-01-19,83.6050033569336,83.73999786376953,83.04499816894531,83.37000274658203,79.58628845214844,6348600
2021-01-20,84.15499877929688,85.18499755859375,83.8949966430664,84.94499969482422,81.08984375,6868600
2021-01-21,85.3949966430664,85.8949966430664,85.24500274658203,85.33999633789062,81.4669189453125,6688000
2021-01-22,84.88999938964844,85.20500183105469,84.55500030517578,85.05000305175781,81.19007110595703,4456400
2021-01-25,85.2699966430664,85.9800033569336,83.66999816894531,85.36499786376953,81.49076843261719,11760600
2021-01-26,85.66000366210938,85.73999786376953,84.98999786376953,85.30999755859375,81.43826293945312,7458000
2021-01-27,84.34500122070312,84.3949966430664,82.26499938964844,82.68000030517578,78.9276123046875,11241400
2021-01-28,82.29000091552734,83.76000213623047,81.80500030517578,82.94000244140625,79.17581939697266,7843200
2021-01-29,82.45999908447266,82.6449966430664,80.54499816894531,81.00499725341797,77.32862854003906,10833000
2021-02-01,81.94499969482422,83.19999694824219,81.44499969482422,83.11000061035156,79.33810424804688,6502600
2021-02-02,83.75499725341797,85.43499755859375,83.74500274658203,84.875,81.02301025390625,5401200
2021-02-03,85.1500015258789,85.23500061035156,84.33999633789062,84.4000015258789,80.56956481933594,4062800
2021-02-04,84.79000091552734,85.30000305175781,84.52999877929688,85.30000305175781,81.4287109375,5142400
2021-02-05,85.5999984741211,86.40499877929688,85.43000030517578,86.11499786376953,82.20670318603516,4464200
2021-02-08,86.67500305175781,86.7300033569336,86.07499694824219,86.6050033569336,82.67449188232422,4720400
2021-02-09,86.33000183105469,86.54000091552734,86.0199966430664,86.125,82.2162857055664,3615400
2021-02-10,86.40499877929688,86.40499877929688,84.625,85.2750015258789,81.40483856201172,4883200
2021-02-11,85.5,85.79499816894531,84.62999725341797,85.04000091552734,81.18049621582031,3911600
2021-02-12,84.66999816894531,85.19999694824219,84.43000030517578,85.16000366210938,81.29505920410156,3994400
2021-02-16,85.32499694824219,85.43499755859375,84.55500030517578,84.79000091552734,80.94188690185547,4516200
2021-02-17,84.2750015258789,85.36499786376953,83.8499984741211,85.27999877929688,81.40961456298828,6441200
2021-02-18,84.38500213623047,85.58000183105469,84.32499694824219,85.30500030517578,81.43348693847656,5160000
2021-02-19,85.69000244140625,85.69000244140625,84.69499969482422,84.80999755859375,80.9609603881836,5022800
2021-02-22,84.0,84.29499816894531,82.94499969482422,83.0199966430664,79.25220489501953,5694000
2021-02-23,81.55000305175781,82.8949966430664,79.52999877929688,82.4749984741211,78.73192596435547,10768600
2021-02-24,82.37000274658203,83.44999694824219,81.48999786376953,83.33999633789062,79.5576400756836,7973600
2021-02-25,82.75,83.20999908447266,79.83999633789062,80.23999786376953,76.59834289550781,14641800
2021-02-26,81.2699966430664,81.63999938964844,79.50499725341797,80.57499694824219,76.91815185546875,12255200
2021-03-01,81.57499694824219,82.61000061035156,81.41999816894531,82.46499633789062,78.7223892211914,8697600
2021-03-02,82.58000183105469,82.76000213623047,81.4749984741211,81.51499938964844,77.81549835205078,6622400
2021-03-03,81.3550033569336,81.68000030517578,79.5999984741211,79.5999984741211,75.98741149902344,11125600
2021-03-04,79.62999725341797,80.1500015258789,76.41999816894531,77.91500091552734,74.3788833618164,18469600
2021-03-05,78.50499725341797,78.63999938964844,74.82499694824219,78.41000366210938,74.85140228271484,20626800
2021-03-08,78.7249984741211,80.11000061035156,78.37000274658203,78.50499725341797,74.94209289550781,12536200
2021-03-09,80.06500244140625,82.0,79.65499877929688,81.47000122070312,77.77254486083984,18614400
2021-03-10,82.54000091552734,82.99500274658203,81.30500030517578,81.88500213623047,78.16868591308594,14245800
2021-03-11,83.0,83.45999908447266,82.51000213623047,83.13999938964844,79.36674499511719,8458400
2021-03-12,82.26000213623047,83.38999938964844,82.02999877929688,83.38500213623047,79.60062408447266,8343400
2021-03-15,83.5,84.52999877929688,83.20999908447266,84.50499725341797,80.66979217529297,8857000
2021-03-16,84.50499725341797,84.66500091552734,83.24500274658203,83.62999725341797,79.83451080322266,6873600
2021-03-17,83.00499725341797,85.0999984741211,82.91500091552734,84.80500030517578,80.95618438720703,8711400
2021-03-18,84.01000213623047,84.37999725341797,82.58999633789062,82.7300033569336,78.97534942626953,10151400
2021-03-19,82.63500213623047,83.4000015258789,81.7699966430664,83.2249984741211,79.44789123535156,12121000
2021-03-22,83.68000030517578,84.3550033569336,83.33000183105469,83.63999938964844,79.97086334228516,7224200
2021-03-23,83.6449966430664,84.00499725341797,82.63999938964844,82.8550033569336,79.22032165527344,7990200
2021-03-24,83.23999786376953,83.68499755859375,81.62999725341797,81.62999725341797,78.04905700683594,9352000
2021-03-25,80.84500122070312,82.62000274658203,80.67500305175781,82.34500122070312,78.73271942138672,11319800
2021-03-26,82.66999816894531,83.08999633789062,81.58499908447266,83.02999877929688,79.38764190673828,8542600
2021-03-29,82.81500244140625,83.23500061035156,81.97000122070312,82.57499694824219,78.95259857177734,9358200
2021-03-30,82.21499633789062,83.51000213623047,81.88500213623047,83.38500213623047,79.72705841064453,7321800
2021-03-31,83.73999786376953,84.48999786376953,83.51499938964844,84.03500366210938,80.34857177734375,7937800
2021-04-01,84.79499816894531,84.8499984741211,84.42500305175781,84.70999908447266,80.99394226074219,8140000
2021-04-05,86.05999755859375,86.95500183105469,85.9000015258789,86.63500213623047,82.83450317382812,8628400
2021-04-06,86.55500030517578,87.3499984741211,86.49500274658203,87.01000213623047,83.19306945800781,6301400
2021-04-07,86.95999908447266,87.2699966430664,86.5999984741211,86.75,82.94445037841797,5049400
2021-04-08,87.23500061035156,87.36000061035156,86.5999984741211,87.16000366210938,83.33647155761719,6424800
2021-04-09,87.08000183105469,88.01000213623047,86.98500061035156,87.98999786376953,84.13005065917969,6093800
2021-04-12,87.98500061035156,88.63999938964844,87.91000366210938,88.55500030517578,84.67028045654297,6285600
2021-04-13,88.70500183105469,89.66500091552734,88.58499908447266,89.48999786376953,85.56426239013672,5351200
2021-04-14,89.69000244140625,90.08000183105469,88.42500305175781,88.61000061035156,84.72288513183594,6676400
2021-04-15,89.2300033569336,89.30000305175781,88.74500274658203,89.24500274658203,85.33000183105469,5031200
2021-04-16,89.45999908447266,90.05500030517578,89.22000122070312,89.93499755859375,85.98973083496094,5276000
2021-04-19,89.44000244140625,89.5250015258789,88.6449966430664,88.92500305175781,85.02406311035156,7030800
2021-04-20,88.61000061035156,88.81500244140625,87.1500015258789,87.80500030517578,83.95317077636719,8462000
2021-04-21,87.4749984741211,89.06999969482422,87.30000305175781,88.9749984741211,85.07184600830078,5540000
2021-04-22,89.08499908447266,89.21499633789062,87.66500091552734,87.98999786376953,84.13005065917969,5960000
2021-04-23,88.2750015258789,89.2750015258789,87.98999786376953,88.91000366210938,85.00969696044922,3823800
2021-04-26,89.20999908447266,89.58499908447266,88.72000122070312,89.30000305175781,85.38260650634766,4460600
2021-04-27,89.34500122070312,89.55500030517578,88.99500274658203,89.19499969482422,85.28221893310547,4438600
2021-04-28,89.08499908447266,89.56999969482422,88.88500213623047,89.08999633789062,85.18179321289062,4761400
2021-04-29,89.65499877929688,89.70999908447266,88.32499694824219,89.11499786376953,85.20569610595703,6444600
2021-04-30,89.01000213623047,89.74500274658203,88.94000244140625,89.45999908447266,85.53559875488281,5651000
2021-05-03,89.94499969482422,89.98999786376953,88.91500091552734,89.03500366210938,85.12922668457031,7371400
2021-05-04,88.37000274658203,88.51000213623047,87.00499725341797,88.1050033569336,84.24002075195312,9207200
2021-05-05,88.7249984741211,88.7249984741211,87.68000030517578,87.83000183105469,83.97708129882812,6325000
2021-05-06,88.0199966430664,88.1500015258789,87.18000030517578,88.0199966430664,84.15874481201172,7850600
2021-05-07,88.36499786376953,89.05000305175781,87.90499877929688,88.80999755859375,84.91409301757812,6750200
2021-05-10,88.83999633789062,88.83999633789062,87.22000122070312,87.2300033569336,83.40340423583984,6976000
2021-05-11,85.76499938964844,86.57499694824219,84.90499877929688,86.24500274658203,82.46161651611328,14220800
2021-05-12,85.26000213623047,85.66500091552734,83.13999938964844,83.32499694824219,79.66971588134766,14124000
2021-05-13,83.90499877929688,84.7249984741211,83.01000213623047,83.91500091552734,80.23381805419922,14082400
2021-05-14,84.70999908447266,85.55500030517578,84.47000122070312,85.37000274658203,81.62498474121094,8211800
2021-05-17,85.11499786376953,85.41500091552734,84.45500183105469,85.21499633789062,81.47679138183594,10445000
2021-05-18,85.40499877929688,85.79000091552734,84.54000091552734,84.55000305175781,80.8409652709961,7756800
2021-05-19,83.16999816894531,83.88500213623047,82.74500274658203,83.83999633789062,80.16211700439453,14120400
2021-05-20,84.25499725341797,84.88500213623047,84.1449966430664,84.69999694824219,80.98438262939453,9068000
2021-05-21,85.26499938964844,85.26499938964844,84.23999786376953,84.2750015258789,80.57803344726562,7770600
2021-05-24,84.7300033569336,85.51000213623047,84.44000244140625,85.11000061035156,81.37638854980469,6726800
2021-05-25,85.49500274658203,85.7699966430664,84.84500122070312,85.37999725341797,81.63455200195312,7133800
2021-05-26,85.78500366210938,86.55999755859375,85.69999694824219,86.19499969482422,82.41380310058594,7473600
2021-05-27,86.51499938964844,86.73500061035156,86.25,86.54000091552734,82.7436752319336,7783600
2021-05-28,86.9000015258789,86.9000015258789,86.21499633789062,86.41999816894531,82.62894439697266,6451200
2021-06-01,86.93499755859375,86.99500274658203,86.0999984741211,86.25499725341797,82.4711685180664,9361200
2021-06-02,86.33499908447266,86.34500122070312,85.53500366210938,85.8550033569336,82.08872985839844,7063200
2021-06-03,85.30500030517578,85.53500366210938,84.69000244140625,84.83499908447266,81.11346435546875,8702800
2021-06-04,85.30500030517578,85.58999633789062,85.06500244140625,85.51499938964844,81.76362609863281,6433200
2021-06-07,85.44999694824219,85.56500244140625,84.86499786376953,85.51499938964844,81.76362609863281,6389800
2021-06-08,86.08499908447266,86.4800033569336,85.62000274658203,86.20500183105469,82.4233627319336,6124800
2021-06-09,86.44499969482422,86.5,85.69499969482422,85.7300033569336,81.96919250488281,7131600
2021-06-10,85.88500213623047,86.29000091552734,85.625,86.13500213623047,82.35643005371094,5225000
2021-06-11,86.27999877929688,86.61499786376953,86.13999938964844,86.6050033569336,82.80581665039062,5468400
2021-06-14,86.61000061035156,86.79499816894531,86.125,86.62999725341797,82.8297119140625,5770000
2021-06-15,86.63999938964844,86.63999938964844,85.87000274658203,86.16999816894531,82.389892578125,5659600
2021-06-16,86.24500274658203,86.41500091552734,85.46499633789062,86.20999908447266,82.42814636230469,9414200
2021-06-17,86.0,86.84500122070312,85.80000305175781,86.53500366210938,82.7388916015625,9267000
2021-06-18,85.9000015258789,86.41500091552734,85.69000244140625,86.08000183105469,82.3038558959961,13991200
2021-06-21,86.2300033569336,86.83499908447266,85.99500274658203,86.61499786376953,82.938232421875,9607400
2021-06-22,86.68000030517578,87.77999877929688,86.62000274658203,87.43000030517578,83.7186279296875,6740400
2021-06-23,87.5999984741211,88.27999877929688,87.55500030517578,88.1050033569336,84.364990234375,5317800
2021-06-24,88.7750015258789,88.97000122070312,88.2300033569336,88.40499877929688,84.65222930908203,7959000
2021-06-25,89.32499694824219,89.375,88.7750015258789,88.96499633789062,85.18846130371094,9949200
2021-06-28,88.9749984741211,89.06500244140625,88.51499938964844,88.98500061035156,85.20762634277344,5584200
2021-06-29,89.04000091552734,89.38999938964844,88.94499969482422,89.20500183105469,85.41828155517578,4629200
2021-06-30,89.1050033569336,89.68000030517578,89.1050033569336,89.2750015258789,85.48534393310547,5798600
2021-07-01,89.49500274658203,89.80000305175781,89.41999816894531,89.77999877929688,85.9688491821289,6210600
2021-07-02,90.0,90.58499908447266,89.91500091552734,90.56999969482422,86.72535705566406,5803400
2021-07-06,90.70500183105469,90.94000244140625,89.8550033569336,90.67500305175781,86.82588958740234,7792000
2021-07-07,90.91999816894531,91.1449966430664,89.98500061035156,90.625,86.77800750732422,6694200
2021-07-08,89.21499633789062,90.69999694824219,88.81999969482422,90.4000015258789,86.56254577636719,11283400
2021-07-09,90.79000091552734,91.30500030517578,90.68499755859375,91.24500274658203,87.37167358398438,5632800
2021-07-12,91.3499984741211,91.8949966430664,91.27999877929688,91.87000274658203,87.97013854980469,10814600
2021-07-13,91.69000244140625,91.83999633789062,90.69499969482422,90.7699966430664,86.91683959960938,12392400
2021-07-14,91.2699966430664,91.375,90.55500030517578,90.6050033569336,86.75886535644531,7484000
2021-07-15,90.44499969482422,90.8550033569336,89.48500061035156,90.11499786376953,86.28966522216797,6667600
2021-07-16,90.38500213623047,90.48999786376953,88.93499755859375,89.00499725341797,85.22676086425781,8424200
2021-07-19,87.56999969482422,88.00499725341797,86.88500213623047,87.98500061035156,84.25008392333984,16088400
2021-07-20,88.24500274658203,89.84500122070312,87.80999755859375,89.61000061035156,85.80609130859375,9838000
2021-07-21,89.94000244140625,90.48500061035156,89.91500091552734,90.43499755859375,86.59605407714844,8185400
2021-07-22,90.36000061035156,90.93000030517578,89.90499877929688,90.82499694824219,86.96952056884766,8061600
2021-07-23,91.13500213623047,91.78500366210938,90.91999816894531,91.63500213623047,87.7451400756836,7008600
2021-07-26,91.68499755859375,92.32499694824219,91.44999694824219,92.31500244140625,88.39627075195312,6895000
2021-07-27,92.25499725341797,92.25499725341797,90.4000015258789,91.37999725341797,87.50093841552734,7359800
2021-07-28,91.2750015258789,91.5999984741211,90.6500015258789,91.08499908447266,87.21847534179688,5973800
2021-07-29,91.49500274658203,92.34500122070312,91.43499755859375,92.11000061035156,88.1999740600586,7307400
2021-07-30,90.21499633789062,91.05000305175781,90.04499816894531,90.21499633789062,86.3853988647461,9327000
2021-08-02,90.94999694824219,91.19000244140625,90.37999725341797,90.4749984741211,86.6343765258789,7303000
2021-08-03,90.84500122070312,91.16999816894531,90.04499816894531,91.1449966430664,87.27592468261719,8445800
2021-08-04,90.94999694824219,91.08999633789062,90.26000213623047,90.26000213623047,86.42852020263672,7913000
2021-08-05,90.53500366210938,91.19000244140625,90.46499633789062,91.125,87.25677490234375,5401200
2021-08-06,91.25,91.30500030517578,90.40499877929688,90.50499725341797,86.66310119628906,5822200
2021-08-09,90.5250015258789,90.5999984741211,90.16000366210938,90.37999725341797,86.54341125488281,5560600
2021-08-10,90.4800033569336,91.07499694824219,90.27999877929688,90.73500061035156,86.8833236694336,5201000
2021-08-11,90.93499755859375,91.13500213623047,90.5999984741211,91.0,87.1370849609375,5500600
2021-08-12,90.94000244140625,91.08499908447266,90.30999755859375,91.04000091552734,87.1753921508789,5229400
2021-08-13,91.0999984741211,91.1500015258789,90.59500122070312,90.77999877929688,86.92642211914062,4936400
2021-08-16,90.25,90.43000030517578,89.40499877929688,90.36000061035156,86.52426147460938,6657600
2021-08-17,89.22000122070312,89.22000122070312,87.4749984741211,88.21499633789062,84.47029876708984,11065200
2021-08-18,88.19000244140625,89.44000244140625,88.08499908447266,88.52999877929688,84.77193450927734,9998200
2021-08-19,87.7699966430664,88.5999984741211,87.43499755859375,87.96499633789062,84.23092651367188,11334600
2021-08-20,88.1050033569336,88.91000366210938,88.0250015258789,88.80999755859375,85.04004669189453,6618400
2021-08-23,89.28500366210938,90.16000366210938,89.19499969482422,89.95500183105469,86.1364517211914,6890200
2021-08-24,90.33499908447266,90.8499984741211,90.17500305175781,90.58999633789062,86.7444839477539,5791600
2021-08-25,90.58999633789062,91.05500030517578,90.41999816894531,90.94000244140625,87.07963562011719,7266600
2021-08-26,90.62999725341797,90.67500305175781,89.91500091552734,90.0999984741211,86.27528381347656,7394200
2021-08-27,90.30000305175781,91.08000183105469,90.1500015258789,90.91999816894531,87.06047058105469,7964800
2021-08-30,91.18000030517578,91.91500091552734,91.125,91.6050033569336,87.71640014648438,7366600
2021-08-31,91.69000244140625,91.87000274658203,91.30999755859375,91.82499694824219,87.92704772949219,9555800
2021-09-01,92.13999938964844,92.30999755859375,91.75499725341797,91.81999969482422,87.92227172851562,8198400
2021-09-02,92.06500244140625,92.3499984741211,91.67500305175781,91.81500244140625,87.91749572753906,6715000
2021-09-03,91.57499694824219,91.78500366210938,91.18000030517578,91.76000213623047,87.86483001708984,6889600
2021-09-07,91.80000305175781,92.25,91.76000213623047,92.02999877929688,88.12337493896484,8750600
2021-09-08,92.00499725341797,92.3550033569336,91.37999725341797,92.13500213623047,88.22392272949219,7385600
2021-09-09,92.20500183105469,92.77999877929688,91.9800033569336,92.01499938964844,88.10899353027344,8714800
2021-09-10,92.50499725341797,92.58999633789062,91.41000366210938,91.44999694824219,87.56798553466797,9627200
2021-09-13,91.86000061035156,91.93499755859375,90.7750015258789,91.67500305175781,87.7834243774414,11534600
2021-09-14,91.8499984741211,91.97000122070312,90.98999786376953,91.37000274658203,87.49138641357422,8461800
2021-09-15,91.16000366210938,92.11000061035156,90.48999786376953,91.95999908447266,88.05632781982422,10294600
2021-09-16,91.7699966430664,92.61000061035156,91.5999984741211,92.37999725341797,88.45849609375,12171400
2021-09-17,92.2699966430664,92.80000305175781,91.84500122070312,92.05500030517578,88.14729309082031,14925000
2021-09-20,90.17500305175781,90.63999938964844,88.69000244140625,89.81999969482422,86.1358413696289,16192000
2021-09-21,90.36000061035156,90.68499755859375,89.66999816894531,89.95500183105469,86.2652816772461,12503600
2021-09-22,90.51499938964844,91.5999984741211,90.30999755859375,91.18000030517578,87.44003295898438,12367400
2021-09-23,91.56999969482422,92.5,91.56999969482422,92.1050033569336,88.32711029052734,8275000
2021-09-24,91.51499938964844,92.52999877929688,91.40499877929688,92.44999694824219,88.657958984375,8033000
2021-09-27,92.08000183105469,93.19499969482422,92.04499816894531,92.94499969482422,89.1326675415039,9488000
2021-09-28,92.3949966430664,92.53500366210938,90.66500091552734,91.15499877929688,87.41608428955078,14941800
2021-09-29,91.46499633789062,92.16000366210938,91.0250015258789,91.24500274658203,87.50240325927734,12192200
2021-09-30,91.26000213623047,91.33000183105469,89.7249984741211,89.7249984741211,86.04473876953125,16489600
2021-10-01,90.18000030517578,90.82499694824219,89.25,90.4000015258789,86.69205474853516,15519600
2021-10-04,90.67500305175781,90.94000244140625,89.37999725341797,89.68499755859375,86.0063705444336,18494000
2021-10-05,89.99500274658203,90.875,89.78500366210938,90.04499816894531,86.35161590576172,10968600
2021-10-06,89.48500061035156,90.43499755859375,89.12000274658203,90.33000183105469,86.62493133544922,10272600
2021-10-07,91.11000061035156,92.08000183105469,91.01499938964844,91.73500061035156,87.97230529785156,7537800
2021-10-08,91.7699966430664,91.8550033569336,91.2300033569336,91.31500244140625,87.56950378417969,7399600
2021-10-11,91.27999877929688,92.0,90.94000244140625,90.94499969482422,87.21469116210938,6637000
2021-10-12,91.5,92.03500366210938,91.25,91.66500091552734,87.90515899658203,10281800
2021-10-13,91.94499969482422,92.36499786376953,91.38999938964844,92.11499786376953,88.33670043945312,10832000
2021-10-14,92.6500015258789,93.2300033569336,92.55000305175781,93.08000183105469,89.26213073730469,7514600
2021-10-15,93.66000366210938,94.54499816894531,93.5199966430664,94.50499725341797,90.62866973876953,8717400
2021-10-18,94.30500030517578,95.7249984741211,94.28500366210938,95.66000366210938,91.73628997802734,7867000
2021-10-19,95.88500213623047,95.88500213623047,95.29000091552734,95.38999938964844,91.47736358642578,5808800
2021-10-20,95.38999938964844,95.74500274658203,95.15499877929688,95.31999969482422,91.41022491455078,9606800
2021-10-21,95.16000366210938,96.7750015258789,95.15499877929688,96.72000122070312,92.7528076171875,7130200
2021-10-22,96.66000366210938,96.90499877929688,95.94999694824219,96.375,92.4219741821289,7376600
2021-10-25,97.21499633789062,99.18499755859375,96.82499694824219,98.76499938964844,94.71393585205078,11076800
2021-10-26,99.19499969482422,100.80500030517578,98.38999938964844,98.77999877929688,94.72830963134766,15031400
2021-10-27,99.23500061035156,99.93499755859375,98.97000122070312,99.0,94.93929290771484,9831000
2021-10-28,99.83000183105469,100.61000061035156,99.55000305175781,100.31500244140625,96.20035552978516,9001000
2021-10-29,99.16999816894531,100.62999725341797,98.8949966430664,100.57499694824219,96.44969940185547,8508400
2021-11-01,101.31500244140625,102.44000244140625,100.70999908447266,102.41999816894531,98.2190170288086,11234200
2021-11-02,101.54000091552734,102.3499984741211,101.21499633789062,101.7300033569336,97.55732727050781,13558800
2021-11-03,101.70500183105469,103.625,101.61000061035156,103.55999755859375,99.31224822998047,12816400
2021-11-04,104.05999755859375,105.36000061035156,103.93000030517578,104.95500183105469,100.6500473022461,11600000
2021-11-05,105.62000274658203,106.3499984741211,105.52999877929688,105.62999725341797,101.29734802246094,9631200
2021-11-08,104.50499725341797,105.41000366210938,104.09500122070312,104.13500213623047,99.86369323730469,11715400
2021-11-09,104.51000213623047,104.63999938964844,101.91500091552734,102.20999908447266,98.01763153076172,33102200
2021-11-10,101.54499816894531,103.26499938964844,100.53500366210938,101.83000183105469,97.65322875976562,22689600
2021-11-11,102.91500091552734,102.92500305175781,101.51000213623047,101.55500030517578,97.38951873779297,12413400
2021-11-12,101.58499908447266,102.0250015258789,100.93000030517578,101.8949966430664,97.7155532836914,10335000
2021-11-15,101.97000122070312,102.16500091552734,101.2249984741211,101.80999755859375,97.634033203125,10612000
2021-11-16,101.94000244140625,103.6500015258789,101.91999816894531,103.41500091552734,99.17320251464844,11301200
2021-11-17,103.8550033569336,104.70500183105469,103.65499877929688,104.07499694824219,99.80614471435547,16547400
2021-11-18,104.61499786376953,105.43000030517578,104.06500244140625,105.25499725341797,100.93775177001953,14804000
2021-11-19,105.25499725341797,105.99500274658203,105.04000091552734,105.70999908447266,101.37407684326172,14988800
2021-11-22,106.38999938964844,107.52999877929688,105.01000213623047,105.44499969482422,101.11994934082031,18430800
2021-11-23,105.54000091552734,106.12000274658203,103.24500274658203,104.68000030517578,100.38632202148438,22962800
2021-11-24,103.57499694824219,105.21499633789062,103.0250015258789,104.8949966430664,100.59249877929688,16341200
2021-11-26,103.16000366210938,103.51499938964844,101.86499786376953,102.03500366210938,97.84981536865234,15329200
2021-11-29,103.375,104.44499969482422,103.11499786376953,103.62000274658203,99.36981201171875,16767600
2021-11-30,103.38500213623047,104.04000091552734,101.67500305175781,102.22000122070312,98.02721405029297,26435400
2021-12-01,103.375,104.375,100.30500030517578,100.375,96.25790405273438,25941000
2021-12-02,100.91500091552734,102.28500366210938,100.28500366210938,101.80500030517578,97.62924194335938,33287800
2021-12-03,102.18499755859375,102.48500061035156,98.80000305175781,99.82499694824219,95.73045349121094,28543200
2021-12-06,100.2249984741211,101.875,98.83000183105469,100.96499633789062,96.82367706298828,23326000
2021-12-07,102.6449966430664,103.6500015258789,102.3949966430664,103.31999969482422,99.0821304321289,13875600
2021-12-08,103.3949966430664,103.75499725341797,102.7699966430664,103.58000183105469,99.33142852783203,11988000
2021-12-09,103.16000366210938,103.31999969482422,101.75,101.78500366210938,97.61006164550781,11757200
2021-12-10,102.2750015258789,102.52999877929688,101.05000305175781,102.49500274658203,98.29096984863281,14372800
2021-12-13,101.9000015258789,102.06999969482422,99.58999633789062,99.8550033569336,95.75923919677734,14995600
2021-12-14,98.75,99.55999755859375,98.17500305175781,99.2750015258789,95.2030029296875,15371800
2021-12-15,98.92500305175781,100.58499908447266,97.5999984741211,100.53500366210938,96.4113540649414,19042200
2021-12-16,101.0250015258789,101.20500183105469,98.18499755859375,98.31500244140625,94.28240966796875,18368600
2021-12-17,97.49500274658203,98.81999969482422,96.82499694824219,97.6449966430664,93.63988494873047,23480400
2021-12-20,95.94000244140625,96.13999938964844,94.94999694824219,95.92500305175781,92.12818908691406,22326800
2021-12-21,96.94999694824219,98.43499755859375,96.19999694824219,98.41000366210938,94.51483154296875,13530600
2021-12-22,98.7300033569336,100.30999755859375,98.55500030517578,100.20500183105469,96.23876190185547,11491000
2021-12-23,100.33000183105469,101.86499786376953,100.18000030517578,101.59500122070312,97.5737533569336,10588600
2021-12-27,101.78500366210938,102.8949966430664,101.73999786376953,102.58499908447266,98.52456665039062,8428000
2021-12-28,102.81500244140625,103.17500305175781,102.45500183105469,102.62999725341797,98.56776428222656,8306200
2021-12-29,102.87999725341797,103.08999633789062,102.18499755859375,102.83499908447266,98.76468658447266,7584600
2021-12-30,102.48500061035156,103.36499786376953,102.375,102.46499633789062,98.40931701660156,7140200
2021-12-31,102.54499816894531,102.90499877929688,102.1500015258789,102.22000122070312,98.17402648925781,6885600
2022-01-03,104.1449966430664,105.16500091552734,103.55000305175781,105.15499877929688,100.99285125732422,14465400
2022-01-04,105.33000183105469,105.90499877929688,103.94499969482422,104.51499938964844,100.378173828125,13169200
2022-01-05,104.375,104.69499969482422,101.6449966430664,101.69499969482422,97.66979217529297,17275600
2022-01-06,101.55500030517578,102.1449966430664,99.83000183105469,101.43000030517578,97.41526794433594,17245000
2022-01-07,101.58000183105469,101.83999633789062,99.41500091552734,99.73999786376953,95.79218292236328,15005200
2022-01-10,98.43000030517578,99.18000030517578,96.29000091552734,99.12999725341797,95.20632934570312,21271400
2022-01-11,98.98500061035156,100.28500366210938,98.2249984741211,100.08499908447266,96.12351989746094,16887400
2022-01-12,100.79000091552734,101.26000213623047,99.88500213623047,100.74500274658203,96.75740814208984,13156800
2022-01-13,101.07499694824219,101.56500244140625,98.4800033569336,98.72000122070312,94.81256103515625,16493800
2022-01-14,97.93499755859375,98.71499633789062,96.84500122070312,98.26000213623047,94.37076568603516,20715200
2022-01-18,96.87000274658203,97.33499908447266,96.04499816894531,96.4000015258789,92.5843734741211,18186600
2022-01-19,96.81999969482422,97.13500213623047,94.58499908447266,94.66000366210938,90.91326904296875,17404400
2022-01-20,95.23999786376953,96.43000030517578,92.7699966430664,92.93499755859375,89.25652313232422,18093800
2022-01-21,92.625,93.01499938964844,90.16999816894531,90.20999908447266,86.6393814086914,37394400
2022-01-24,88.33999633789062,91.38500213623047,86.0250015258789,91.29499816894531,87.68143463134766,53233800
2022-01-25,89.73999786376953,91.12999725341797,88.48999786376953,89.75,86.19759368896484,35890200
2022-01-26,91.6449966430664,92.46499633789062,88.16999816894531,89.31500244140625,85.77981567382812,43384000
2022-01-27,90.1449966430664,90.29499816894531,86.95999908447266,87.1500015258789,83.70050048828125,33723000
2022-01-28,87.45500183105469,89.05000305175781,85.73999786376953,89.05000305175781,85.52530670166016,31685800
2022-01-31,89.5,92.54499816894531,89.1500015258789,92.4749984741211,88.81474304199219,22194800
2022-02-01,92.65499877929688,93.20500183105469,91.17500305175781,93.03500366210938,89.35258483886719,22366000
2022-02-02,93.6449966430664,93.76499938964844,91.5999984741211,92.4800033569336,88.8195571899414,19294200
2022-02-03,90.32499694824219,91.75499725341797,89.45999908447266,89.6500015258789,86.10154724121094,19166600
2022-02-04,91.63500213623047,93.30000305175781,90.33499908447266,92.19999694824219,88.55059814453125,20021600
2022-02-07,92.5199966430664,93.54499816894531,91.66999816894531,92.01000213623047,88.36812591552734,18764600
2022-02-08,91.73999786376953,93.50499725341797,91.26499938964844,93.30500030517578,89.61190032958984,18318200
2022-02-09,94.4749984741211,95.08499908447266,94.1500015258789,94.54000091552734,90.79800415039062,16918800
2022-02-10,92.87000274658203,94.73500061035156,92.31500244140625,92.91000366210938,89.2325210571289,25946400
2022-02-11,93.00499725341797,93.3499984741211,89.83499908447266,90.23999786376953,86.66819763183594,25319200
2022-02-14,90.125,91.94000244140625,89.8949966430664,90.75499725341797,87.1628189086914,30854800
2022-02-15,92.19000244140625,92.87000274658203,92.0,92.78500366210938,89.11246490478516,20722400
2022-02-16,92.2249984741211,93.30999755859375,91.80999755859375,93.05000305175781,89.36698150634766,17397600
2022-02-17,92.45500183105469,92.8949966430664,90.43000030517578,90.55999755859375,86.97551727294922,18136400
2022-02-18,90.80000305175781,91.08999633789062,89.1050033569336,90.0,86.43769836425781,18990400
2022-02-22,88.73999786376953,89.61000061035156,86.32499694824219,87.375,83.9166030883789,27345600
2022-02-23,88.05999755859375,88.29000091552734,84.30000305175781,84.45500183105469,81.11217498779297,27134400
2022-02-24,80.98500061035156,86.5199966430664,80.74500274658203,86.38500213623047,82.96577453613281,41736000
2022-02-25,86.6449966430664,88.11000061035156,85.4800033569336,88.09500122070312,84.60809326171875,27338000
2022-02-28,87.2300033569336,89.0999984741211,87.07499694824219,88.71499633789062,85.20355224609375,32321800
2022-03-01,88.58499908447266,88.8550033569336,86.76499938964844,87.37000274658203,83.91179656982422,26997600
2022-03-02,87.68499755859375,89.59500122070312,87.47000122070312,89.20500183105469,85.67416381835938,20262800
2022-03-03,89.66000366210938,89.81500244140625,86.76499938964844,87.18499755859375,83.73411560058594,22404000
2022-03-04,86.69000244140625,86.9000015258789,84.91000366210938,85.80000305175781,82.40393829345703,21659200
2022-03-07,86.01000213623047,86.20500183105469,81.55999755859375,81.59500122070312,78.36537170410156,32146200
2022-03-08,81.5,84.36000061035156,80.8550033569336,81.76499938964844,78.52864837646484,50888400
2022-03-09,83.94000244140625,84.875,83.55999755859375,84.3949966430664,81.05455780029297,31938200
2022-03-10,84.375,85.2699966430664,83.66000366210938,84.99500274658203,81.63080596923828,25854800
2022-03-11,85.66999816894531,85.91000366210938,83.29499816894531,83.36000061035156,80.06050872802734,24156400
2022-03-14,83.26499938964844,83.93499755859375,81.45999908447266,81.97000122070312,78.72554016113281,30349200
2022-03-15,82.56999969482422,84.95500183105469,82.36499786376953,84.71499633789062,81.36187744140625,27120400
2022-03-16,85.69499969482422,87.6050033569336,84.875,87.6050033569336,84.13751220703125,33778800
2022-03-17,86.83499908447266,89.08999633789062,86.5999984741211,89.06500244140625,85.53972625732422,26085600
2022-03-18,88.81500244140625,91.05000305175781,88.38999938964844,90.94000244140625,87.34049987792969,30129200
2022-03-21,90.8949966430664,91.44499969482422,89.20999908447266,90.04000091552734,86.6089859008789,25648000
2022-03-22,90.62999725341797,92.57499694824219,90.56999969482422,92.2750015258789,88.75880432128906,16421600
2022-03-23,91.51499938964844,92.67500305175781,90.93499755859375,91.12999725341797,87.65743255615234,15758000
2022-03-24,91.54499816894531,91.94499969482422,90.5199966430664,91.83999633789062,88.34038543701172,15134000
2022-03-25,91.95999908447266,92.1500015258789,90.83999633789062,91.68000030517578,88.18648529052734,16407800
2022-03-28,92.6449966430664,94.1500015258789,92.5199966430664,94.125,90.53831481933594,23065600
2022-03-29,95.37000274658203,96.09500122070312,94.5250015258789,95.76499938964844,92.1158218383789,19373400
2022-03-30,95.0,95.5,93.83999633789062,94.30999755859375,90.71627044677734,16296000
2022-03-31,94.29000091552734,94.29000091552734,92.41500091552734,92.5,88.9752426147461,16778000
2022-04-01,93.00499725341797,93.23500061035156,92.1050033569336,92.61499786376953,89.08585357666016,9978800
2022-04-04,92.65499877929688,94.7249984741211,92.03500366210938,94.69499969482422,91.08660125732422,15424200
2022-04-05,94.21499633789062,94.69999694824219,92.20500183105469,92.4749984741211,88.9511947631836,16219800
2022-04-06,91.22000122070312,91.22000122070312,89.27999877929688,90.11499786376953,86.68112182617188,27844800
2022-04-07,89.91999816894531,91.06500244140625,88.70500183105469,90.57499694824219,87.12358856201172,22538400
2022-04-08,90.0199966430664,90.81999969482422,89.44499969482422,89.73999786376953,86.32039642333984,18595000
2022-04-11,88.38999938964844,89.7699966430664,87.9800033569336,88.07499694824219,84.71884155273438,18593800
2022-04-12,89.30500030517578,90.23500061035156,87.91999816894531,88.2699966430664,84.90641021728516,23297400
2022-04-13,88.08999633789062,90.62000274658203,88.0,90.46499633789062,87.01775360107422,16820200
2022-04-14,90.29499816894531,90.79499816894531,89.13500213623047,89.19999694824219,85.80098724365234,17839400
2022-04-18,88.90499877929688,89.98500061035156,88.55500030517578,89.47000122070312,86.0606918334961,15385600
2022-04-19,89.5199966430664,92.19499969482422,89.44499969482422,92.06500244140625,88.55681610107422,17470000
2022-04-20,92.24500274658203,92.48999786376953,90.73500061035156,90.87999725341797,87.41695404052734,13876600
2022-04-21,93.36499786376953,93.94000244140625,89.71499633789062,90.0,86.57049560546875,23446600
2022-04-22,89.80500030517578,90.13999938964844,87.81999969482422,87.91000366210938,84.56014251708984,22307400
2022-04-25,87.13999938964844,88.62000274658203,86.62000274658203,88.54499816894531,85.17093658447266,25809600
2022-04-26,87.88999938964844,88.0250015258789,84.02999877929688,84.06500244140625,80.86165618896484,29196600
2022-04-27,84.5999984741211,85.86499786376953,83.55000305175781,84.07499694824219,80.87126922607422,25103000
2022-04-28,85.2249984741211,86.66500091552734,83.0999984741211,85.80000305175781,82.5305404663086,13985600
2022-04-29,83.93000030517578,84.68000030517578,81.27999877929688,81.44000244140625,78.33668518066406,18836600
2022-05-02,81.19000244140625,82.69000244140625,80.06999969482422,82.62999725341797,79.4813232421875,33548200
2022-05-03,82.58999633789062,82.95500183105469,81.71499633789062,82.42500305175781,79.28414154052734,24068800
2022-05-04,82.29499816894531,84.93000030517578,80.94000244140625,84.84500122070312,81.6119155883789,18696600
2022-05-05,83.70999908447266,83.76499938964844,79.13999938964844,80.08999633789062,77.03811645507812,22776800
2022-05-06,79.6449966430664,80.43000030517578,77.68499755859375,79.07499694824219,76.06180572509766,25545400
2022-05-09,77.3499984741211,78.43000030517578,75.28500366210938,75.70500183105469,72.82022094726562,22095400
2022-05-10,77.30000305175781,77.75499725341797,74.41999816894531,75.4800033569336,72.60379028320312,25447000
2022-05-11,75.30999755859375,76.07499694824219,72.56999969482422,72.7750015258789,70.00189208984375,25713600
2022-05-12,71.50499725341797,74.99500274658203,71.01499938964844,73.2750015258789,70.4828109741211,23601200
2022-05-13,74.93499755859375,76.51499938964844,74.36000061035156,76.16000366210938,73.25785827636719,12573400
2022-05-16,75.8550033569336,75.91000366210938,74.33000183105469,74.51499938964844,71.67557525634766,11730200
2022-05-17,76.0,76.43000030517578,74.4749984741211,76.3949966430664,73.4839096069336,11210000
2022-05-18,74.31500244140625,74.31500244140625,70.8550033569336,71.4000015258789,68.67926788330078,14761600
2022-05-19,70.95500183105469,72.63500213623047,70.5250015258789,71.44999694824219,68.72733306884766,15413800
2022-05-20,72.03500366210938,72.13500213623047,68.16500091552734,70.20500183105469,67.52978515625,15624600
2022-05-23,70.48500061035156,70.91500091552734,68.91500091552734,70.7300033569336,68.03480529785156,13607000
2022-05-24,69.56999969482422,69.75499725341797,68.0,68.91000366210938,66.28414916992188,14872000
2022-05-25,68.46499633789062,71.45999908447266,68.43000030517578,70.8550033569336,68.15502166748047,12955000
2022-05-26,71.8499984741211,74.8499984741211,71.80000305175781,74.33000183105469,71.49761199951172,16046000
2022-05-27,75.16000366210938,76.9000015258789,75.16000366210938,76.87999725341797,73.95044708251953,15248800
2022-05-31,76.95999908447266,78.04499816894531,75.78500366210938,77.2699966430664,74.3255844116211,14145400
2022-06-01,77.68499755859375,78.22000122070312,75.9749984741211,76.46499633789062,73.55126190185547,12232800
2022-06-02,76.54000091552734,78.8499984741211,76.2249984741211,78.80500030517578,75.80208587646484,11625600
2022-06-03,77.19499969482422,77.75,76.23999786376953,76.5,73.58492279052734,10714200
2022-06-06,77.86000061035156,78.25499725341797,76.79499816894531,77.26499938964844,74.3207778930664,10234800
2022-06-07,75.69000244140625,77.30000305175781,75.25499725341797,77.07499694824219,74.13800048828125,9637200
2022-06-08,76.68000030517578,77.74500274658203,76.41999816894531,76.62000274658203,73.70034790039062,8810200
2022-06-09,76.66500091552734,77.48999786376953,75.2300033569336,75.23500061035156,72.36811828613281,7728400
2022-06-10,73.68000030517578,74.1449966430664,72.01000213623047,72.23500061035156,69.4824447631836,13439000
2022-06-13,69.7249984741211,70.4749984741211,68.37999725341797,68.9000015258789,66.27452087402344,20171800
2022-06-14,69.25,69.76000213623047,68.23500061035156,68.84500122070312,66.22162628173828,13355400
2022-06-15,69.33000183105469,71.57499694824219,69.20999908447266,70.77999877929688,68.08289337158203,18120800
2022-06-16,68.77999877929688,68.86000061035156,66.5199966430664,67.31500244140625,64.74991607666016,24019400
2022-06-17,67.32499694824219,68.63999938964844,67.08499908447266,68.05000305175781,65.45691680908203,22390000
2022-06-21,69.23500061035156,70.61499786376953,69.11000061035156,69.83499908447266,67.3292236328125,12856600
2022-06-22,68.84500122070312,71.11499786376953,68.84500122070312,69.69999694824219,67.1990737915039,12021800
2022-06-23,70.19499969482422,70.98500061035156,69.23500061035156,70.79499816894531,68.25477600097656,11777400
2022-06-24,71.30000305175781,73.5199966430664,70.96499633789062,73.49500274658203,70.85789489746094,13404600
2022-06-27,73.8550033569336,74.23500061035156,72.48999786376953,72.7249984741211,70.11553955078125,14574200
2022-06-28,72.8949966430664,73.76000213623047,69.79499816894531,69.81999969482422,67.31475830078125,11367800
2022-06-29,69.78500366210938,70.24500274658203,69.01499938964844,69.76499938964844,67.2617416381836,11919200
2022-06-30,68.8550033569336,69.6050033569336,67.37999725341797,68.73999786376953,66.27352142333984,12569200
2022-07-01,68.8499984741211,70.09500122070312,68.58499908447266,70.00499725341797,67.49312591552734,11335400
2022-07-05,69.0,71.61499786376953,68.51499938964844,71.56999969482422,69.00196075439453,11515800
2022-07-06,71.44499969482422,72.07499694824219,70.5250015258789,71.33499908447266,68.7754135131836,15889800
2022-07-07,71.5199966430664,73.31500244140625,71.51000213623047,73.17500305175781,70.54939270019531,8559000
2022-07-08,72.56999969482422,73.7249984741211,72.23500061035156,73.18499755859375,70.55902862548828,6196600
2022-07-11,72.72000122070312,72.91999816894531,71.00499725341797,71.18000030517578,68.62596130371094,7615200
2022-07-12,71.18000030517578,72.29499816894531,70.29499816894531,70.75,68.21141052246094,14874400
2022-07-13,69.3499984741211,71.95999908447266,69.06999969482422,71.33000183105469,68.77059173583984,14236200
2022-07-14,70.54499816894531,71.38999938964844,69.68499755859375,71.2699966430664,68.71273803710938,10515200
2022-07-15,72.16500091552734,72.75,71.72000122070312,72.41999816894531,69.82150268554688,7519600
2022-07-18,73.41000366210938,74.28500366210938,72.3499984741211,72.62999725341797,70.02393341064453,8042600
2022-07-19,73.69499969482422,74.97000122070312,73.06999969482422,74.8550033569336,72.16910552978516,8840000
2022-07-20,75.0,76.2300033569336,74.80999755859375,76.08499908447266,73.35497283935547,9340400
2022-07-21,76.36000061035156,77.875,75.92500305175781,77.82499694824219,75.03253936767578,10763200
2022-07-22,78.31999969482422,78.9000015258789,76.9000015258789,77.375,74.59869384765625,7794600
2022-07-25,77.44000244140625,77.4800033569336,76.23999786376953,76.70999908447266,73.9575424194336,9123400
2022-07-26,74.95999908447266,75.30000305175781,74.1050033569336,74.23999786376953,71.57616424560547,8196400
2022-07-27,75.36499786376953,77.44999694824219,75.00499725341797,77.05000305175781,74.28536224365234,10402600
2022-07-28,77.5,78.50499725341797,76.28500366210938,78.375,75.56280517578125,11074600
2022-07-29,80.16500091552734,81.73999786376953,79.625,81.41500091552734,78.49373626708984,13605400
2022-08-01,81.43000030517578,82.99500274658203,81.02999877929688,81.81999969482422,78.88420867919922,17921800
2022-08-02,81.30999755859375,82.69000244140625,80.98999786376953,81.26000213623047,78.34429931640625,13815400
2022-08-03,82.1500015258789,83.62000274658203,81.83499908447266,83.23999786376953,80.25325012207031,12027600
2022-08-04,83.44499969482422,83.93000030517578,82.96499633789062,83.58000183105469,80.58103942871094,9827600
2022-08-05,82.6449966430664,83.37000274658203,81.7300033569336,82.15499877929688,79.20716857910156,8788200
2022-08-08,83.01000213623047,84.29000091552734,82.20999908447266,82.5250015258789,79.56389617919922,7294000
2022-08-09,82.0250015258789,82.29000091552734,80.7300033569336,81.20999908447266,78.29608154296875,6639400
2022-08-10,83.58000183105469,83.8499984741211,82.56999969482422,83.5,80.50391387939453,7246800
2022-08-11,84.23500061035156,84.625,82.81500244140625,83.07499694824219,80.09416198730469,7822000
2022-08-12,83.67500305175781,84.9800033569336,82.95500183105469,84.95500183105469,81.90670776367188,5897800
2022-08-15,84.73999786376953,85.80999755859375,84.63500213623047,85.54000091552734,82.470703125,7714800
2022-08-16,85.67500305175781,87.37999725341797,85.41999816894531,86.48500061035156,83.3818359375,7224600
2022-08-17,85.53500366210938,86.44499969482422,84.99500274658203,85.55500030517578,82.48518371582031,7495400
2022-08-18,85.45500183105469,85.7249984741211,84.9800033569336,85.52999877929688,82.46107482910156,5669000
2022-08-19,84.77999877929688,84.88999938964844,83.48500061035156,83.76499938964844,80.75941467285156,7149600
2022-08-22,82.49500274658203,82.49500274658203,81.26499938964844,81.44000244140625,78.51782989501953,8369400
2022-08-23,81.50499725341797,82.2750015258789,81.23999786376953,81.66999816894531,78.73957824707031,8787000
2022-08-24,81.50499725341797,82.83999633789062,81.30500030517578,82.0199966430664,79.0770034790039,6664000
2022-08-25,82.52999877929688,83.0999984741211,81.91000366210938,83.0,80.02185821533203,6090000
2022-08-26,83.1500015258789,83.42500305175781,79.81999969482422,79.83999633789062,76.9752426147461,7893800
2022-08-29,78.7300033569336,80.08000183105469,78.7300033569336,79.41500091552734,76.56549835205078,7051400
2022-08-30,80.08499908447266,80.26499938964844,77.73999786376953,78.52999877929688,75.71222686767578,7334400
2022-08-31,78.93499755859375,79.17500305175781,77.73500061035156,77.75499725341797,74.96504974365234,8862800
2022-09-01,77.24500274658203,78.52999877929688,76.46499633789062,78.46499633789062,75.64958190917969,11943800
2022-09-02,79.25,79.59500122070312,77.30000305175781,77.74500274658203,74.95541381835938,16482600
2022-09-06,78.08499908447266,78.2699966430664,76.42500305175781,77.58499908447266,74.80115509033203,17922000
2022-09-07,77.5,80.07499694824219,77.5,79.96499633789062,77.09574890136719,12633200
2022-09-08,79.1449966430664,80.7699966430664,78.8949966430664,80.70999908447266,77.81401824951172,9391400
2022-09-09,81.09500122070312,82.375,81.09500122070312,82.23999786376953,79.28911590576172,8950800
2022-09-12,82.69499969482422,83.59500122070312,82.69499969482422,83.30000305175781,80.31109619140625,8791600
2022-09-13,80.6449966430664,81.04000091552734,78.78500366210938,79.00499725341797,76.17020416259766,13350800
2022-09-14,79.27999877929688,80.3550033569336,78.87999725341797,80.0199966430664,77.14878845214844,14924800
2022-09-15,79.91500091552734,81.22000122070312,79.22000122070312,79.61000061035156,76.75349426269531,11364000
2022-09-16,78.41000366210938,79.1050033569336,77.84500122070312,78.97000122070312,76.13646697998047,17364200
2022-09-19,78.12999725341797,79.93499755859375,78.08000183105469,79.91999816894531,77.21369934082031,10028600
2022-09-20,79.09500122070312,79.3949966430664,77.90499877929688,78.56500244140625,75.90459442138672,9142000
2022-09-21,78.78500366210938,79.51499938964844,76.69000244140625,76.70500183105469,74.1075439453125,10222400
2022-09-22,76.31500244140625,76.58999633789062,74.55000305175781,74.93499755859375,72.39750671386719,11338800
2022-09-23,73.94000244140625,74.05999755859375,72.2750015258789,73.20999908447266,70.73091888427734,11213000
2022-09-26,72.91000366210938,74.63500213623047,72.9000015258789,73.04499816894531,70.57150268554688,12839600
2022-09-27,74.12000274658203,74.87000274658203,72.48500061035156,73.2750015258789,70.79371643066406,14563400
2022-09-28,73.58499908447266,75.6500015258789,73.21499633789062,75.25499725341797,72.7066650390625,13861400
2022-09-29,74.06500244140625,74.16500091552734,71.95500183105469,72.65499877929688,70.19471740722656,12313600
2022-09-30,71.80500030517578,73.2699966430664,71.01499938964844,71.2249984741211,68.81311798095703,12232400
2022-10-03,71.16000366210938,71.95500183105469,70.0999984741211,71.29499816894531,68.88076782226562,17291600
2022-10-04,73.06500244140625,74.50499725341797,72.8550033569336,73.78500366210938,71.28646087646484,19663800
2022-10-05,72.61499786376953,73.83499908447266,71.83999633789062,73.3499984741211,70.8661880493164,12541200
2022-10-06,73.19499969482422,73.91500091552734,72.51499938964844,72.83000183105469,70.36377716064453,14429000
2022-10-07,71.75,71.91000366210938,69.91500091552734,70.32499694824219,67.94359588623047,11195400
2022-10-10,70.43000030517578,70.62999725341797,69.19999694824219,69.88999938964844,67.52334594726562,9728400
2022-10-11,69.54499816894531,70.73500061035156,68.86000061035156,69.31999969482422,66.97264099121094,12003400
2022-10-12,69.32499694824219,70.03500366210938,68.76499938964844,69.5,67.14654541015625,19440000
2022-10-13,67.41999816894531,70.65499877929688,66.7750015258789,70.26000213623047,67.88080596923828,19564200
2022-10-14,70.95999908447266,71.33000183105469,67.5250015258789,67.63500213623047,65.3447036743164,13421400
2022-10-17,69.08000183105469,70.56999969482422,69.05000305175781,70.37999725341797,67.99674987792969,13131000
2022-10-18,72.57499694824219,72.78500366210938,70.65499877929688,71.3499984741211,68.93390655517578,10368000
2022-10-19,70.7699966430664,71.2300033569336,69.80500030517578,70.55000305175781,68.16100311279297,7144800
2022-10-20,69.58999633789062,70.88999938964844,68.95500183105469,69.18499755859375,66.84220886230469,10195200
2022-10-21,69.1050033569336,71.26499938964844,68.7249984741211,71.19999694824219,68.78898620605469,15575800
2022-10-24,70.875,71.80000305175781,69.61000061035156,71.49500274658203,69.0739974975586,9081200
2022-10-25,71.52999877929688,73.48500061035156,71.52999877929688,73.28500366210938,70.80338287353516,7455000
2022-10-26,72.4000015258789,74.16000366210938,72.19999694824219,72.69499969482422,70.23335266113281,6864600
2022-10-27,73.05000305175781,73.51499938964844,72.16000366210938,72.41500091552734,69.96283721923828,12722200
2022-10-28,70.47000122070312,72.58000183105469,69.96499633789062,72.4800033569336,70.02564239501953,14082600
2022-10-31,72.09500122070312,72.55999755859375,71.40499877929688,72.01499938964844,69.57637023925781,9367400
2022-11-01,73.23999786376953,73.44999694824219,71.1449966430664,71.28500366210938,68.87110137939453,12514600
2022-11-02,71.21499633789062,71.62999725341797,68.56999969482422,68.58999633789062,66.26736450195312,19853200
2022-11-03,68.0999984741211,68.96499633789062,67.7300033569336,68.18000030517578,65.87126159667969,11117400
2022-11-04,69.79499816894531,70.4800033569336,67.45500183105469,68.75,66.42193603515625,12628800
2022-11-07,69.16500091552734,69.2249984741211,67.5999984741211,68.2699966430664,65.95819091796875,7424600
2022-11-08,68.3499984741211,68.91500091552734,67.16000366210938,68.0999984741211,65.7939453125,9535600
2022-11-09,67.73999786376953,68.05500030517578,65.94999694824219,66.0199966430664,63.78437805175781,10155400
2022-11-10,69.33000183105469,70.92500305175781,68.5999984741211,70.84500122070312,68.44600677490234,15516000
2022-11-11,70.94999694824219,72.94499969482422,70.73500061035156,72.54499816894531,70.08842468261719,11350400
2022-11-14,71.91500091552734,72.55000305175781,71.31999969482422,71.3949966430664,68.97736358642578,15841000
2022-11-15,73.08999633789062,73.4800033569336,71.56999969482422,72.37000274658203,69.91937255859375,8739400
2022-11-16,71.04000091552734,71.8550033569336,70.74500274658203,71.26499938964844,68.8517837524414,9573600
2022-11-17,70.23500061035156,70.69999694824219,69.73999786376953,70.4000015258789,68.0160903930664,7565000
2022-11-18,71.30999755859375,71.33499908447266,69.68000030517578,70.49500274658203,68.10785675048828,7414000
2022-11-21,70.0999984741211,70.30000305175781,69.0999984741211,69.4749984741211,67.12239074707031,6752800
2022-11-22,69.75,70.29499816894531,69.2699966430664,70.26000213623047,67.88080596923828,5520800
2022-11-23,70.51000213623047,71.42500305175781,70.36499786376953,71.2750015258789,68.8614501953125,6177000
2022-11-25,71.30999755859375,71.51499938964844,70.94000244140625,71.31500244140625,68.90010070800781,2728400
2022-11-28,70.93000030517578,71.66999816894531,70.72000122070312,70.875,68.47498321533203,6041000
2022-11-29,70.94000244140625,71.19999694824219,70.37999725341797,70.6500015258789,68.25761413574219,10423000
2022-11-30,70.68499755859375,73.11000061035156,70.2300033569336,73.08499908447266,70.61014556884766,16408600
2022-12-01,73.3550033569336,73.66000366210938,72.5199966430664,73.07499694824219,70.60047912597656,9654000
2022-12-02,72.04499816894531,73.19999694824219,72.02999877929688,72.9800033569336,70.5086898803711,11972400
2022-12-05,72.01000213623047,72.23500061035156,70.68499755859375,70.875,68.47498321533203,11580000
2022-12-06,70.66999816894531,70.9749984741211,69.16500091552734,69.7699966430664,67.40741729736328,7899800
2022-12-07,69.29499816894531,70.08999633789062,69.08000183105469,69.3499984741211,67.00162506103516,10852600
2022-12-08,69.46499633789062,70.28500366210938,69.13500213623047,70.0199966430664,67.64893341064453,6407000
2022-12-09,69.59500122070312,70.41000366210938,69.48500061035156,69.71499633789062,67.35425567626953,7218400
2022-12-12,69.56999969482422,69.88999938964844,69.11499786376953,69.88999938964844,67.52334594726562,6545600
2022-12-13,72.20999908447266,72.66000366210938,69.13500213623047,69.88999938964844,67.52334594726562,10744000
2022-12-14,69.74500274658203,70.31999969482422,68.58999633789062,69.37000274658203,67.02095031738281,10903800
2022-12-15,68.29499816894531,68.625,67.7249984741211,68.2300033569336,65.91954803466797,11947800
2022-12-16,67.83999633789062,68.1050033569336,66.6050033569336,66.95500183105469,64.68772888183594,13371800
2022-12-19,66.76000213623047,66.9000015258789,65.44000244140625,65.69999694824219,63.649192810058594,8675800
2022-12-20,65.29499816894531,65.83999633789062,64.84500122070312,64.93499755859375,62.90806198120117,7710200
2022-12-21,65.7249984741211,66.33499908447266,65.4749984741211,65.97000122070312,63.910743713378906,10670200
2022-12-22,65.2249984741211,65.2699966430664,63.314998626708984,64.2750015258789,62.26866912841797,12894200
2022-12-23,64.1050033569336,64.8949966430664,63.66999816894531,64.71499633789062,62.6949348449707,6550800
2022-12-27,64.41500091552734,64.53500366210938,63.625,63.665000915527344,61.67772674560547,8536000
2022-12-28,63.69499969482422,64.31500244140625,63.0,63.130001068115234,61.15941619873047,10073800
2022-12-29,64.03500366210938,64.9000015258789,63.78499984741211,64.75499725341797,62.73368453979492,7492200
2022-12-30,64.11499786376953,64.59500122070312,63.84000015258789,64.58000183105469,62.56415939331055,7531000
2023-01-03,64.96499633789062,65.1500015258789,63.415000915527344,64.19499969482422,62.191165924072266,9567000
2023-01-04,64.79499816894531,65.6050033569336,63.97999954223633,65.125,63.092140197753906,8079600
2023-01-05,64.66999816894531,64.94999694824219,64.08499908447266,64.5199966430664,62.50602722167969,7776200
2023-01-06,64.33999633789062,66.29000091552734,63.8849983215332,66.03500366210938,63.97373580932617,9239400
2023-01-09,66.83499908447266,67.51499938964844,66.38500213623047,66.43499755859375,64.36125946044922,9387800
2023-01-10,66.47000122070312,67.27999877929688,66.11000061035156,67.2699966430664,65.170166015625,8830800
2023-01-11,67.84500122070312,69.08999633789062,67.78500366210938,69.08499908447266,66.92853546142578,12708000
2023-01-12,69.51499938964844,69.59500122070312,68.08999633789062,69.19999694824219,67.0399169921875,9572200
2023-01-13,68.12999725341797,69.91500091552734,68.03500366210938,69.8499984741211,67.66963958740234,7969400
2023-01-17,70.05500030517578,70.45999908447266,69.69999694824219,69.9000015258789,67.71808624267578,7499800
2023-01-18,70.61000061035156,71.01499938964844,68.95999908447266,68.98999786376953,66.83648681640625,9596800
2023-01-19,68.48500061035156,68.69999694824219,67.49500274658203,67.84500122070312,65.72723388671875,12957200
2023-01-20,67.99500274658203,69.52999877929688,67.66000366210938,69.48999786376953,67.32089233398438,7502600
2023-01-23,69.67500305175781,70.83999633789062,69.2699966430664,70.57499694824219,68.37200927734375,9168000
2023-01-24,70.33000183105469,70.83000183105469,69.875,70.49500274658203,68.29451751708984,6373000
2023-01-25,69.42500305175781,70.94999694824219,68.9000015258789,70.8550033569336,68.64328002929688,7540400
2023-01-26,72.11000061035156,72.51499938964844,71.3949966430664,72.30500030517578,70.04802703857422,9641200
2023-01-27,72.36499786376953,74.51499938964844,72.3499984741211,73.94499969482422,71.63682556152344,10945200
2023-01-30,73.38999938964844,73.875,72.625,72.68499755859375,70.4161376953125,9578400
2023-01-31,72.76499938964844,74.3499984741211,72.76499938964844,74.3499984741211,72.02919006347656,6975600
2023-02-01,74.15499877929688,76.3550033569336,73.38999938964844,75.76000213623047,73.39517211914062,13913800
2023-02-02,77.40499877929688,79.01499938964844,77.05000305175781,78.08000183105469,75.64273834228516,14039600
2023-02-03,75.73999786376953,77.4749984741211,75.33999633789062,75.67500305175781,73.31282806396484,13593800
2023-02-06,75.38999938964844,76.0250015258789,74.93499755859375,75.56500244140625,73.2062759399414,8770000
2023-02-07,75.23500061035156,75.93000030517578,73.83000183105469,75.73999786376953,73.37579345703125,9833200
2023-02-08,75.48999786376953,75.67500305175781,74.57499694824219,75.09500122070312,72.75093078613281,11128000
2023-02-09,76.09500122070312,76.59500122070312,74.58499908447266,74.95500183105469,72.61529541015625,8316200
2023-02-10,74.30000305175781,74.65499877929688,73.4749984741211,74.07499694824219,71.76274871826172,6433000
2023-02-13,74.06999969482422,75.19499969482422,73.56999969482422,75.16000366210938,72.81389617919922,6721400
2023-02-14,74.62999725341797,76.26499938964844,74.16500091552734,76.05999755859375,73.68582153320312,8722600
2023-02-15,75.84500122070312,76.96499633789062,75.55000305175781,76.94999694824219,74.54801940917969,6820200
2023-02-16,75.7699966430664,76.84500122070312,75.25499725341797,75.2699966430664,72.92044830322266,11257600
2023-02-17,74.83999633789062,75.31999969482422,74.0199966430664,75.28500366210938,72.93499755859375,7480200
2023-02-21,74.16000366210938,74.36000061035156,72.75,72.7699966430664,70.49850463867188,8837200
2023-02-22,72.93499755859375,73.62000274658203,72.61000061035156,73.13999938964844,70.85694885253906,9928400
2023-02-23,73.3949966430664,73.48999786376953,71.84500122070312,73.08000183105469,70.798828125,10568600
2023-02-24,71.7249984741211,72.06999969482422,71.33999633789062,71.93000030517578,69.68472290039062,11914600
2023-02-27,72.74500274658203,73.36499786376953,72.5199966430664,72.81999969482422,70.54693603515625,11244400
2023-02-28,72.7750015258789,73.30500030517578,72.48500061035156,72.7699966430664,70.49850463867188,11185000
2023-03-01,72.51000213623047,72.75,71.43499755859375,71.8550033569336,69.61206817626953,12688800
2023-03-02,70.70500183105469,71.7249984741211,70.51499938964844,71.61499786376953,69.37954711914062,10982800
2023-03-03,72.23999786376953,73.27999877929688,72.07499694824219,73.15499877929688,70.87149047851562,10035200
2023-03-06,73.33999633789062,73.59500122070312,72.59500122070312,72.62000274658203,70.35318756103516,9854400
2023-03-07,72.51000213623047,72.87000274658203,71.59500122070312,71.62999725341797,69.39408111572266,11941800
2023-03-08,71.5,71.6500015258789,70.76499938964844,71.5,69.26815032958984,10816600
2023-03-09,71.375,72.11499786376953,69.73500061035156,69.79499816894531,67.6163558959961,13337400
2023-03-10,70.0250015258789,70.75,68.86499786376953,69.0999984741211,66.94306182861328,29058600
2023-03-13,68.08000183105469,70.12999725341797,67.8550033569336,69.24500274658203,67.08354187011719,23628200
2023-03-14,70.18499755859375,70.62000274658203,69.54000091552734,70.41999816894531,68.22185516357422,15038200
2023-03-15,69.375,70.3550033569336,68.99500274658203,70.31500244140625,68.1201400756836,18002800
2023-03-16,69.875,71.88999938964844,69.81999969482422,71.58499908447266,69.35050201416016,21495600
2023-03-17,71.56500244140625,71.61000061035156,70.09500122070312,70.66999816894531,68.46405029296875,16880000
2023-03-20,70.37000274658203,71.19499969482422,69.875,70.76000213623047,68.76043701171875,11729600
2023-03-21,71.67500305175781,72.82499694824219,71.6449966430664,72.71499633789062,70.66017150878906,12776800
2023-03-22,72.75,73.27999877929688,71.06500244140625,71.09500122070312,69.08596801757812,10983600
2023-03-23,71.95500183105469,72.4800033569336,70.31500244140625,71.0199966430664,69.0130844116211,12255600
2023-03-24,70.8550033569336,70.91500091552734,69.88999938964844,70.79000091552734,68.78958129882812,9434600
2023-03-27,71.47000122070312,71.73500061035156,70.63999938964844,70.93499755859375,68.93048095703125,8414400
2023-03-28,70.91500091552734,71.1050033569336,70.37000274658203,70.8499984741211,68.84788513183594,5719600
2023-03-29,71.62000274658203,72.22000122070312,71.37000274658203,72.19499969482422,70.15487670898438,7725400
2023-03-30,72.88500213623047,73.19000244140625,72.53500366210938,72.82499694824219,70.76708221435547,6478400
2023-03-31,73.29000091552734,74.81500244140625,73.18499755859375,74.7699966430664,72.6571273803711,10453800
2023-04-03,74.09500122070312,74.44499969482422,73.56999969482422,74.08499908447266,71.99147033691406,11338400
2023-04-04,74.33000183105469,74.5,73.31999969482422,73.96499633789062,71.8748550415039,9383000
2023-04-05,73.65499877929688,73.68000030517578,72.29499816894531,72.44999694824219,70.40267181396484,8861600
2023-04-06,72.11499786376953,72.59500122070312,71.44499969482422,72.46499633789062,70.4172592163086,7636200
2023-04-10,71.7249984741211,72.80999755859375,71.29499816894531,72.78500366210938,70.72821044921875,7276800
2023-04-11,72.82499694824219,73.30999755859375,72.56999969482422,72.9000015258789,70.83995056152344,8808000
2023-04-12,73.50499725341797,73.52999877929688,71.69000244140625,71.7699966430664,69.74188232421875,9062600
2023-04-13,72.29000091552734,73.41999816894531,72.05500030517578,73.3550033569336,71.28211212158203,13140000
2023-04-14,73.19000244140625,73.9000015258789,72.83999633789062,73.44999694824219,71.37442016601562,10801600
2023-04-17,73.63500213623047,74.12999725341797,73.26499938964844,73.97000122070312,71.87973022460938,9102400
2023-04-18,74.33999633789062,74.51000213623047,73.7699966430664,74.08999633789062,71.99632263183594,9058800
2023-04-19,73.4000015258789,74.44499969482422,73.33000183105469,74.0199966430664,71.92831420898438,7600400
2023-04-20,72.80500030517578,73.50499725341797,72.47000122070312,72.87999725341797,70.82051086425781,8287000
2023-04-21,73.4749984741211,73.9800033569336,72.91000366210938,73.68499755859375,71.60276794433594,8870200
2023-04-24,73.79499816894531,74.2300033569336,73.0,73.67500305175781,71.59306335449219,7750000
2023-04-25,73.19000244140625,73.31999969482422,72.20500183105469,72.21499633789062,70.17431640625,8494400
2023-04-26,72.58000183105469,72.81500244140625,71.69999694824219,71.84500122070312,69.81477355957031,7706000
2023-04-27,72.3499984741211,73.82499694824219,72.30000305175781,73.73999786376953,71.65620422363281,9630800
2023-04-28,73.3949966430664,74.02999877929688,72.70999908447266,73.93000030517578,71.8408432006836,8271000
2023-05-01,73.75,73.91000366210938,73.09500122070312,73.19999694824219,71.13148498535156,8547800
2023-05-02,73.08999633789062,73.43499755859375,72.38500213623047,73.2750015258789,71.20436096191406,9217200
2023-05-03,72.97000122070312,73.94499969482422,72.63999938964844,72.69499969482422,70.64075469970703,8512000
2023-05-04,72.70500183105469,73.0199966430664,72.0199966430664,72.13500213623047,70.09657287597656,10663000
2023-05-05,72.81500244140625,73.73500061035156,72.68499755859375,73.59500122070312,71.51532745361328,7371800
2023-05-08,73.81999969482422,73.875,73.3550033569336,73.84500122070312,71.75826263427734,6850000
2023-05-09,73.44000244140625,73.87999725341797,73.31999969482422,73.82499694824219,71.73881530761719,8465000
2023-05-10,74.50499725341797,74.88500213623047,73.3499984741211,74.19999694824219,72.10323333740234,9028000
2023-05-11,74.24500274658203,74.63999938964844,73.96499633789062,74.54499816894531,72.43846893310547,8288600
2023-05-12,74.80000305175781,74.99500274658203,73.4749984741211,73.91500091552734,71.82627868652344,7557800
2023-05-15,74.0,74.16000366210938,73.36499786376953,74.01000213623047,71.91858673095703,6412000
2023-05-16,73.50499725341797,74.37000274658203,73.4000015258789,73.70999908447266,71.6270751953125,6948800
2023-05-17,74.17500305175781,75.32499694824219,74.16000366210938,75.24500274658203,73.11871337890625,9331800
2023-05-18,75.41000366210938,76.44499969482422,75.4000015258789,76.41500091552734,74.25562286376953,8606600
2023-05-19,76.2300033569336,76.2699966430664,75.3949966430664,75.7750015258789,73.63371276855469,7150200
2023-05-22,75.80999755859375,76.03500366210938,75.27999877929688,75.54000091552734,73.40536499023438,7120000
2023-05-23,74.95999908447266,75.91999816894531,74.69999694824219,74.8499984741211,72.73485565185547,8583200
2023-05-24,74.69000244140625,74.97000122070312,73.99500274658203,74.57499694824219,72.46761322021484,6952400
2023-05-25,74.80500030517578,74.9000015258789,73.98999786376953,74.23999786376953,72.14208221435547,7997800
2023-05-26,74.41500091552734,76.53500366210938,74.29000091552734,75.98500061035156,73.83777618408203,10410200
2023-05-30,76.81500244140625,77.07499694824219,76.0,76.49500274658203,74.33338165283203,10981400
2023-05-31,75.98999786376953,76.1449966430664,74.75499725341797,75.80500030517578,73.66287994384766,12489800
2023-06-01,75.73999786376953,77.07499694824219,75.21499633789062,76.69999694824219,74.53258514404297,10168800
2023-06-02,77.61499786376953,78.79499816894531,77.56999969482422,78.5,76.28170013427734,10824600
2023-06-05,78.48500061035156,79.0,78.2750015258789,78.73500061035156,76.51006317138672,7854800
2023-06-06,78.58999633789062,79.66500091552734,78.54000091552734,79.55500030517578,77.30689239501953,9799200
2023-06-07,80.11499786376953,80.38500213623047,78.86499786376953,79.01499938964844,76.78215789794922,9206400
2023-06-08,79.13999938964844,80.32499694824219,79.08999633789062,80.18499755859375,77.9190902709961,6720000
2023-06-09,81.01000213623047,81.67500305175781,80.41000366210938,80.5999984741211,78.3223648071289,11579000
2023-06-12,81.09500122070312,82.09500122070312,80.8550033569336,81.98500061035156,79.66822814941406,9410800
2023-06-13,82.63999938964844,82.88999938964844,81.9749984741211,82.83499908447266,80.49421691894531,10836400
2023-06-14,82.9800033569336,83.21499633789062,81.66999816894531,82.7750015258789,80.4359130859375,13420200
2023-06-15,82.03500366210938,83.6050033569336,81.88999938964844,83.31500244140625,80.96063232421875,10713600
2023-06-16,83.90499877929688,83.93499755859375,83.13500213623047,83.19000244140625,80.83917999267578,13295000
2023-06-20,82.84500122070312,83.73999786376953,82.58999633789062,83.6449966430664,81.4448013305664,10973400
2023-06-21,83.61499786376953,83.81999969482422,82.5,82.63999938964844,80.46623992919922,10916000
2023-06-22,82.12999725341797,83.71499633789062,82.03500366210938,83.69499969482422,81.49349975585938,10753000
2023-06-23,82.70999908447266,83.4800033569336,82.38500213623047,82.7249984741211,80.54900360107422,11690400
2023-06-26,82.22000122070312,83.40499877929688,81.62999725341797,81.66500091552734,79.51688385009766,8673400
2023-06-27,82.1449966430664,83.52999877929688,82.04000091552734,83.41999816894531,81.22573852539062,10957000
2023-06-28,83.19999694824219,84.3550033569336,83.12999725341797,83.75,81.54705047607422,8715400
2023-06-29,83.8949966430664,84.09500122070312,83.33999633789062,83.83999633789062,81.63468170166016,7752600
2023-06-30,84.54499816894531,85.17500305175781,84.33000183105469,84.90499877929688,82.67167663574219,9479000
2023-07-03,85.75499725341797,86.40499877929688,85.75499725341797,85.93000030517578,83.66970825195312,9303200
2023-07-05,85.79499816894531,86.0999984741211,85.45500183105469,85.96499633789062,83.70378875732422,14528600
2023-07-06,84.87999725341797,85.04000091552734,84.18499755859375,84.58000183105469,82.35523223876953,11474400
2023-07-07,84.625,85.5250015258789,84.47000122070312,84.68499755859375,82.45745849609375,10563600
2023-07-10,84.75,85.01000213623047,84.22000122070312,84.94499969482422,82.71062469482422,10638800
2023-07-11,85.18000030517578,85.80000305175781,85.1050033569336,85.65499877929688,83.40193939208984,9633200
2023-07-12,86.81999969482422,86.93499755859375,86.2249984741211,86.42500305175781,84.15168762207031,10131800
2023-07-13,87.2300033569336,87.44999694824219,86.62000274658203,87.23500061035156,84.94038391113281,7390000
2023-07-14,87.2300033569336,87.84500122070312,87.07499694824219,87.45999908447266,85.15946197509766,7919800
2023-07-17,87.51000213623047,88.0250015258789,87.41999816894531,87.81500244140625,85.50513458251953,8363400
2023-07-18,87.5,88.37999725341797,87.23999786376953,88.17500305175781,85.85565948486328,9365200
2023-07-19,88.4000015258789,88.9000015258789,88.30999755859375,88.48500061035156,86.15750122070312,13090400
2023-07-20,87.47000122070312,87.58999633789062,85.3499984741211,85.47000122070312,83.22181701660156,19470600
2023-07-21,86.23500061035156,86.25499725341797,85.12000274658203,85.48999786376953,83.24129486083984,10484000
2023-07-24,85.37000274658203,86.18499755859375,85.01000213623047,86.05000305175781,83.78656005859375,9651200
2023-07-25,86.01000213623047,86.18499755859375,85.62999725341797,85.8499984741211,83.59180450439453,6483600
2023-07-26,85.30999755859375,86.20500183105469,85.2300033569336,85.83000183105469,83.57234191894531,8834600
2023-07-27,86.69499969482422,86.86000061035156,84.7750015258789,84.94000244140625,82.70574951171875,9464000
2023-07-28,85.86499786376953,86.61000061035156,85.59500122070312,86.37999725341797,84.10787200927734,7943000
2023-07-31,86.59500122070312,86.87999725341797,86.30999755859375,86.87000274658203,84.58499908447266,6943600
2023-08-01,86.43499755859375,86.55500030517578,85.82499694824219,85.88500213623047,83.62590026855469,6900200
2023-08-02,84.88999938964844,85.19499969482422,84.16999816894531,84.34500122070312,82.12640380859375,9707000
2023-08-03,83.86499786376953,84.75499725341797,83.66500091552734,84.54499816894531,82.32113647460938,8049600
2023-08-04,86.92500305175781,87.30999755859375,85.67500305175781,85.7750015258789,83.51880645751953,13507200
2023-08-07,86.07499694824219,86.66999816894531,85.3550033569336,86.65499877929688,84.37565612792969,7369000
2023-08-08,85.77999877929688,86.09500122070312,85.12999725341797,85.96499633789062,83.70378875732422,7255400
2023-08-09,86.08499908447266,86.08999633789062,84.80000305175781,84.94499969482422,82.71062469482422,9045000
2023-08-10,85.58499908447266,86.45500183105469,84.73999786376953,85.1500015258789,82.91024017333984,8723000
2023-08-11,84.57499694824219,85.11499786376953,84.23500061035156,84.86000061035156,82.62785339355469,6302200
2023-08-14,84.33999633789062,85.12999725341797,84.17500305175781,85.12000274658203,82.88101196289062,5639400
2023-08-15,84.80500030517578,85.18000030517578,83.83499908447266,83.95999908447266,81.75153350830078,6628600
2023-08-16,83.5999984741211,84.1500015258789,82.8949966430664,82.91999816894531,80.7388916015625,6715400
2023-08-17,83.15499877929688,83.23500061035156,81.46499633789062,81.51499938964844,79.370849609375,8709200
2023-08-18,80.63500213623047,81.54499816894531,80.46499633789062,81.33000183105469,79.19071960449219,8249000
2023-08-21,81.80500030517578,82.3949966430664,81.33999633789062,82.26499938964844,80.10111236572266,6645200
2023-08-22,82.9000015258789,83.06500244140625,82.07499694824219,82.38500213623047,80.21796417236328,8006600
2023-08-23,82.00499725341797,83.28500366210938,81.92500305175781,83.04499816894531,80.860595703125,7728600
2023-08-24,83.19000244140625,83.30000305175781,81.3949966430664,81.41999816894531,79.2783432006836,7949000
2023-08-25,81.78500366210938,82.56999969482422,81.05000305175781,82.33000183105469,80.1644058227539,10093000
2023-08-28,82.86000061035156,82.94499969482422,82.16500091552734,82.66000366210938,80.48572540283203,5962800
2023-08-29,82.63999938964844,84.76000213623047,82.63999938964844,84.7249984741211,82.49639892578125,8913800
2023-08-30,84.56999969482422,85.41000366210938,84.36000061035156,85.08999633789062,82.85179138183594,7289000
2023-08-31,85.1449966430664,85.81999969482422,85.0250015258789,85.3550033569336,83.10983276367188,7872600
2023-09-01,85.83999633789062,86.05999755859375,84.33999633789062,84.83499908447266,82.603515625,10618400
2023-09-05,84.68499755859375,85.09500122070312,84.19499969482422,84.8949966430664,82.66192626953125,9426200
2023-09-06,84.44999694824219,84.58000183105469,83.52999877929688,84.13999938964844,81.92679595947266,11155000
2023-09-07,83.25,84.4749984741211,83.03500366210938,84.375,82.15562438964844,10439400
2023-09-08,84.26000213623047,84.94999694824219,84.13999938964844,84.375,82.15562438964844,5709400
2023-09-11,85.62999725341797,86.77999877929688,85.58999633789062,86.6449966430664,84.36589050292969,10648600
2023-09-12,86.33499908447266,86.91500091552734,85.86000061035156,85.86000061035156,83.6015625,9908200
2023-09-13,86.12999725341797,86.78500366210938,85.84500122070312,86.54000091552734,84.263671875,7984800
2023-09-14,86.82499694824219,87.61499786376953,86.41999816894531,87.38999938964844,85.09130859375,9777000
2023-09-15,86.98999786376953,87.11000061035156,85.69999694824219,85.8949966430664,83.6356430053711,11981600
2023-09-18,85.5,85.5999984741211,84.69499969482422,84.80999755859375,82.72603607177734,7442400
2023-09-19,84.37000274658203,84.55000305175781,83.61000061035156,84.38500213623047,82.31149291992188,8324000
2023-09-20,84.66000366210938,85.1449966430664,83.54000091552734,83.54499816894531,81.49212646484375,8857400
2023-09-21,82.48999786376953,82.53500366210938,81.25,81.26499938964844,79.26815032958984,12236000
2023-09-22,81.76000213623047,81.93000030517578,80.3949966430664,80.46499633789062,78.48780822753906,14209400
2023-09-25,80.13500213623047,81.12999725341797,79.93499755859375,80.95999908447266,78.97064971923828,9486800
2023-09-26,80.2249984741211,80.72000122070312,79.30999755859375,79.48500061035156,77.53190612792969,11667000
2023-09-27,79.69499969482422,79.95500183105469,78.37000274658203,79.18000030517578,77.23439025878906,12485000
2023-09-28,78.88999938964844,80.29499816894531,78.69000244140625,80.06500244140625,78.09764099121094,10291800
2023-09-29,81.2300033569336,81.54000091552734,80.04499816894531,80.48999786376953,78.51219177246094,13116600
2023-10-02,80.01000213623047,81.20999908447266,79.81500244140625,80.55500030517578,78.57559967041016,14663600
2023-10-03,79.93499755859375,80.0199966430664,78.31999969482422,78.59500122070312,76.66375732421875,14613800
2023-10-04,78.9800033569336,80.31999969482422,78.95999908447266,80.1449966430664,78.1756820678711,15340600
2023-10-05,80.03500366210938,80.25,79.11499786376953,79.74500274658203,77.78551483154297,13922000
2023-10-06,78.90499877929688,80.61499786376953,78.47000122070312,80.30500030517578,78.33174896240234,15265000
2023-10-09,79.33499908447266,80.55000305175781,78.83000183105469,80.38999938964844,78.4146499633789,10496000
2023-10-10,80.51499938964844,82.04000091552734,80.4800033569336,81.2699966430664,79.27302551269531,13458600
2023-10-11,81.5999984741211,81.99500274658203,80.83999633789062,81.55999755859375,79.555908203125,7974400
2023-10-12,81.57499694824219,81.72000122070312,80.12000274658203,80.66999816894531,78.6877670288086,9181200
2023-10-13,80.79000091552734,80.91500091552734,79.26499938964844,79.48500061035156,77.53190612792969,11327000
2023-10-16,79.91500091552734,81.02999877929688,79.71499633789062,80.7699966430664,78.78532409667969,11071400
2023-10-17,80.03500366210938,81.36000061035156,79.88500213623047,80.95999908447266,78.97064971923828,13419800
2023-10-18,80.34500122070312,80.47000122070312,78.90499877929688,79.05999755859375,77.11732482910156,10414600
2023-10-19,78.37999725341797,78.73999786376953,76.67500305175781,77.04000091552734,75.14697265625,21134800
2023-10-20,76.86000061035156,76.9000015258789,75.80500030517578,75.84500122070312,73.9813461303711,13357800
2023-10-23,75.54000091552734,76.8949966430664,74.73500061035156,75.93499755859375,74.06912231445312,15707200
2023-10-24,76.51499938964844,77.23500061035156,76.18499755859375,76.74500274658203,74.8592300415039,9960400
2023-10-25,76.1449966430664,76.2750015258789,75.11000061035156,75.19499969482422,73.3473129272461,11201000
2023-10-26,75.11499786376953,75.5250015258789,73.91500091552734,74.0199966430664,72.20117950439453,16921600
2023-10-27,75.30999755859375,75.94499969482422,74.55000305175781,74.79499816894531,72.95712280273438,15226600
2023-10-30,75.65499877929688,75.95500183105469,74.81999969482422,75.4800033569336,73.62532806396484,13858000
2023-10-31,75.51499938964844,76.28500366210938,75.21499633789062,76.05000305175781,74.18131256103516,10168600
2023-11-01,76.49500274658203,77.04000091552734,75.8949966430664,76.98999786376953,75.09819793701172,21669800
2023-11-02,78.33000183105469,79.04499816894531,78.08499908447266,79.0,77.05882263183594,20069600
2023-11-03,79.6500015258789,80.54000091552734,79.625,80.11000061035156,78.14154815673828,13727200
2023-11-06,80.41000366210938,80.68000030517578,79.66000366210938,80.20999908447266,78.23907470703125,11280600
2023-11-07,80.3550033569336,81.20500183105469,80.19000244140625,81.1050033569336,79.11209106445312,8773600
2023-11-08,81.12999725341797,81.2699966430664,80.41000366210938,80.88999938964844,78.90237426757812,8334600
2023-11-09,80.77999877929688,80.87999725341797,79.0999984741211,79.37999725341797,77.42948913574219,11497200
2023-11-10,79.4800033569336,80.7300033569336,79.07499694824219,80.69999694824219,78.71702575683594,10312200
2023-11-13,80.34500122070312,81.31999969482422,79.98500061035156,81.04499816894531,79.0535659790039,9880000
2023-11-14,83.06999969482422,84.03500366210938,82.94999694824219,83.7750015258789,81.71646881103516,15258400
2023-11-15,84.18499755859375,84.57499694824219,83.61000061035156,83.875,81.81403350830078,12388800
2023-11-16,83.1500015258789,83.7300033569336,82.6500015258789,83.01499938964844,80.97515869140625,12287400
2023-11-17,83.29499816894531,83.79499816894531,82.7750015258789,83.56999969482422,81.51651763916016,8921000
2023-11-20,83.55000305175781,84.18000030517578,83.29499816894531,84.0,81.93595123291016,9285000
2023-11-21,83.375,83.87000274658203,83.1050033569336,83.78500366210938,81.72624206542969,7603600
2023-11-22,84.1449966430664,84.68499755859375,83.70999908447266,84.04000091552734,81.97496795654297,8963400
2023-11-24,83.98500061035156,84.26499938964844,83.83999633789062,84.12000274658203,82.05299377441406,3483000
2023-11-27,84.16999816894531,84.69499969482422,83.80999755859375,84.25499725341797,82.18468475341797,7299600
2023-11-28,84.15499877929688,84.78500366210938,83.69499969482422,84.73999786376953,82.65776824951172,11974000
2023-11-29,85.37000274658203,85.80000305175781,84.44999694824219,84.51000213623047,82.43341827392578,7659400
2023-11-30,84.51000213623047,84.54499816894531,83.7300033569336,84.38999938964844,82.31637573242188,13023000
2023-12-01,84.02999877929688,85.56999969482422,83.86499786376953,85.54499816894531,83.44298553466797,14955800
2023-12-04,84.92500305175781,85.58999633789062,84.72000122070312,85.22000122070312,83.12598419189453,18477600
2023-12-05,84.76000213623047,86.21499633789062,84.69000244140625,85.37000274658203,83.27227020263672,7822600
2023-12-06,86.01000213623047,86.43000030517578,85.43000030517578,85.49500274658203,83.39422607421875,12228000
2023-12-07,85.83999633789062,86.3550033569336,85.56500244140625,86.19999694824219,84.0818862915039,7380200
2023-12-08,85.76499938964844,86.76000213623047,85.69999694824219,86.59500122070312,84.4671859741211,8096400
2023-12-11,86.49500274658203,86.93499755859375,86.2300033569336,86.82499694824219,84.6915283203125,18892400
2023-12-12,86.7300033569336,87.15499877929688,86.38500213623047,87.09500122070312,84.95489501953125,7411400
2023-12-13,87.06500244140625,88.33000183105469,86.38500213623047,88.23500061035156,86.0668716430664,10898400
2023-12-14,89.00499725341797,89.7750015258789,88.66500091552734,89.41999816894531,87.2227554321289,15288800
2023-12-15,89.44000244140625,89.82499694824219,89.1449966430664,89.6050033569336,87.40322875976562,11258200
2023-12-18,89.7300033569336,90.28500366210938,89.55000305175781,90.0,87.94554901123047,7719400
2023-12-19,90.30500030517578,90.94000244140625,90.28500366210938,90.70500183105469,88.63448333740234,7194000
2023-12-20,90.30000305175781,91.09500122070312,89.02999877929688,89.05000305175781,87.01725006103516,8621600
2023-12-21,89.98999786376953,90.43499755859375,89.48500061035156,90.40499877929688,88.34131622314453,7855000
2023-12-22,90.04499816894531,90.43000030517578,89.37000274658203,89.73999786376953,87.69149780273438,8522800
2023-12-26,89.94000244140625,90.23500061035156,89.76499938964844,90.12000274658203,88.06282806396484,5480800
2023-12-27,90.23500061035156,90.66500091552734,90.19000244140625,90.43000030517578,88.36575317382812,7495800
2023-12-28,90.55999755859375,90.7300033569336,89.88999938964844,89.95999908447266,87.90648651123047,5608800
2023-12-29,89.99500274658203,90.1449966430664,89.0999984741211,89.40499877929688,87.3641357421875,8268600
2024-01-02,89.125,89.16500091552734,88.23500061035156,88.57499694824219,86.55308532714844,15369600
2024-01-03,87.98500061035156,88.02999877929688,86.75,86.78500366210938,84.80394744873047,15522800
2024-01-04,86.43499755859375,87.24500274658203,86.1449966430664,86.17500305175781,84.2078857421875,11915000
2024-01-05,85.95500183105469,87.01499938964844,85.91999816894531,86.30999755859375,84.33979797363281,12084400
2024-01-08,86.45999908447266,87.87999725341797,86.44000244140625,87.77999877929688,85.77623748779297,8142600
2024-01-09,87.13999938964844,87.58000183105469,86.91500091552734,87.45500183105469,85.45865631103516,8330000
2024-01-10,87.58999633789062,88.37000274658203,87.56999969482422,88.15499877929688,86.14266967773438,7624400
2024-01-11,88.05500030517578,88.33499908447266,87.12000274658203,88.04000091552734,86.03031158447266,8592000
2024-01-12,87.67500305175781,88.07499694824219,86.81500244140625,86.9800033569336,84.99449157714844,7444400
2024-01-16,86.45500183105469,87.22000122070312,86.19999694824219,86.87999725341797,84.89678192138672,8976200
2024-01-17,85.96499633789062,86.1500015258789,85.4800033569336,86.12000274658203,84.15414428710938,7961800
2024-01-18,86.52999877929688,86.71499633789062,85.66000366210938,86.61000061035156,84.6329345703125,9926000
2024-01-19,86.74500274658203,87.62000274658203,86.2249984741211,87.44499969482422,85.4488754272461,9782800
2024-01-22,87.63500213623047,87.88500213623047,86.66999816894531,87.05999755859375,85.07266998291016,11184200
2024-01-23,87.1449966430664,87.43499755859375,86.41000366210938,86.8499984741211,84.86746215820312,7107200
2024-01-24,87.42500305175781,87.51499938964844,86.45500183105469,86.5199966430664,84.54499816894531,8622200
2024-01-25,85.70500183105469,85.7750015258789,84.86000061035156,85.44999694824219,83.49942779541016,11092800
2024-01-26,85.81500244140625,86.2750015258789,85.51499938964844,85.83999633789062,83.8805160522461,6977800
2024-01-29,86.01499938964844,87.11000061035156,85.86499786376953,87.09500122070312,85.10688781738281,7381200
2024-01-30,87.23999786376953,87.45999908447266,86.87999725341797,87.04499816894531,85.05801391601562,6274400
2024-01-31,86.48999786376953,86.95500183105469,85.38500213623047,85.45999908447266,83.50919342041016,13663800
2024-02-01,85.86000061035156,87.12999725341797,85.55999755859375,87.1050033569336,85.11663818359375,14682200
2024-02-02,87.69999694824219,89.0199966430664,87.27999877929688,88.66000366210938,86.63615417480469,20763800
2024-02-05,87.75,87.75,86.37999725341797,87.41000366210938,85.41468811035156,13346200
2024-02-06,87.03500366210938,87.95999908447266,87.03500366210938,87.94000244140625,85.93257904052734,9373600
2024-02-07,88.43000030517578,89.25499725341797,88.22000122070312,88.92500305175781,86.89510345458984,7796400
2024-02-08,88.98500061035156,89.37000274658203,88.81500244140625,89.31500244140625,87.27619171142578,8100000
2024-02-09,89.23999786376953,90.09500122070312,89.03500366210938,89.94999694824219,87.89669036865234,9584800
2024-02-12,89.9800033569336,90.44000244140625,89.70500183105469,89.875,87.82341766357422,6040200
2024-02-13,88.06500244140625,88.58499908447266,87.61499786376953,88.08499908447266,86.07427215576172,14801400
2024-02-14,88.41999816894531,89.05500030517578,87.93499755859375,89.01499938964844,86.98303985595703,11561000
2024-02-15,89.19499969482422,90.05000305175781,88.95999908447266,90.04499816894531,87.98954010009766,10567600
2024-02-16,89.65499877929688,90.03500366210938,88.95999908447266,89.51000213623047,87.46675109863281,8512200
2024-02-20,88.69000244140625,89.00499725341797,88.1050033569336,88.66500091552734,86.64102935791016,8756400
2024-02-21,88.95500183105469,89.73999786376953,88.73500061035156,89.31999969482422,87.28108215332031,8886200
2024-02-22,90.12000274658203,91.19999694824219,89.95999908447266,91.05500030517578,88.97647094726562,8800000
2024-02-23,90.69999694824219,91.1050033569336,90.5,90.6449966430664,88.57581329345703,7575800
2024-02-26,90.91000366210938,91.36499786376953,90.78500366210938,90.92500305175781,88.84944915771484,7051600
2024-02-27,91.33499908447266,91.6500015258789,90.88500213623047,91.2249984741211,89.14258575439453,5852400
2024-02-28,91.07499694824219,92.0199966430664,91.0250015258789,91.58499908447266,89.49436950683594,7408800
2024-02-29,91.91000366210938,92.41999816894531,91.44000244140625,92.20500183105469,90.1002197265625,8270400
2024-03-01,92.125,92.6449966430664,91.65499877929688,92.51000213623047,90.39825439453125,11065800
2024-03-04,92.05500030517578,92.36499786376953,91.23500061035156,91.26000213623047,89.17680358886719,11336800
2024-03-05,90.67500305175781,90.83999633789062,89.81500244140625,90.125,88.06771087646484,12941800
2024-03-06,90.4800033569336,90.72000122070312,89.55000305175781,89.80500030517578,87.7550048828125,9299600
2024-03-07,90.05000305175781,90.86000061035156,90.02999877929688,90.48999786376953,88.42436981201172,6713400
2024-03-08,90.69999694824219,91.06500244140625,89.8550033569336,90.15499877929688,88.0970230102539,12463600
2024-03-11,89.90499877929688,90.26499938964844,89.68499755859375,89.91000366210938,87.85760498046875,8306400
2024-03-12,90.20999908447266,91.03500366210938,89.6050033569336,90.68499755859375,88.61492156982422,7906400
2024-03-13,90.45999908447266,91.06500244140625,90.3550033569336,90.49500274658203,88.42925262451172,5717000
2024-03-14,90.5999984741211,90.69000244140625,89.43499755859375,89.91999816894531,87.86737823486328,10810400
2024-03-15,89.31500244140625,89.91999816894531,88.78500366210938,89.0250015258789,86.99281311035156,9868800
2024-03-18,89.7249984741211,89.93499755859375,89.0999984741211,89.51000213623047,87.65727233886719,8512800
2024-03-19,89.48999786376953,90.33000183105469,89.36499786376953,90.28500366210938,88.41624450683594,7624200
2024-03-20,90.45999908447266,91.6449966430664,90.38500213623047,91.62999725341797,89.73338317871094,8497400
2024-03-21,92.2699966430664,92.61000061035156,92.12000274658203,92.16500091552734,90.25731658935547,7146400
2024-03-22,91.20500183105469,91.6050033569336,91.01499938964844,91.36000061035156,89.46897888183594,5718600
2024-03-25,91.00499725341797,91.52999877929688,91.00499725341797,91.05999755859375,89.17517852783203,5664600
2024-03-26,91.6449966430664,92.0250015258789,91.11499786376953,91.17500305175781,89.28780364990234,5387800
2024-03-27,91.88500213623047,92.23999786376953,91.43499755859375,92.2300033569336,90.32097625732422,5812000
2024-03-28,92.11499786376953,92.38500213623047,91.91500091552734,91.94499969482422,90.0418701171875,5958200
2024-04-01,92.04499816894531,92.1449966430664,90.92500305175781,91.26000213623047,89.37106323242188,9941800
2024-04-02,89.79000091552734,89.95999908447266,89.51000213623047,89.91500091552734,88.05388641357422,12270400
2024-04-03,89.41000366210938,90.29499816894531,89.41000366210938,89.9800033569336,88.11753845214844,10165200
2024-04-04,90.66000366210938,91.0,88.91500091552734,88.92500305175781,87.08438110351562,9650600
2024-04-05,89.22000122070312,90.0,89.03500366210938,89.41999816894531,87.56913757324219,10081800
2024-04-08,89.94999694824219,90.56500244140625,89.87999725341797,90.2699966430664,88.40153503417969,8295800
2024-04-09,90.71499633789062,90.74500274658203,89.94000244140625,90.69499969482422,88.8177490234375,8559800
2024-04-10,89.22000122070312,89.66000366210938,88.87999725341797,89.29499816894531,87.44672393798828,10806000
2024-04-11,89.5999984741211,90.33999633789062,88.8499984741211,90.01499938964844,88.15181732177734,8433400
2024-04-12,89.31500244140625,89.375,88.26499938964844,88.55500030517578,86.72203826904297,10729000
2024-04-15,89.19999694824219,89.26499938964844,87.0,87.08000183105469,85.27757263183594,11136800
2024-04-16,86.62999725341797,87.06999969482422,86.17500305175781,86.58499908447266,84.79280853271484,12870800
2024-04-17,87.00499725341797,87.09500122070312,85.80999755859375,86.16500091552734,84.38150024414062,12416800
2024-04-18,86.32499694824219,86.68000030517578,85.3949966430664,85.62999725341797,83.8575668334961,9411800
2024-04-19,85.62999725341797,85.82499694824219,84.54499816894531,84.87999725341797,83.12310028076172,13580800
2024-04-22,85.05999755859375,85.68499755859375,84.44999694824219,85.25499725341797,83.49032592773438,8950200
2024-04-23,85.73999786376953,86.5199966430664,85.31500244140625,86.2699966430664,84.48432159423828,7889400
2024-04-24,87.55999755859375,87.81500244140625,86.47000122070312,87.09500122070312,85.2922592163086,8948600
2024-04-25,85.7750015258789,87.3550033569336,85.41500091552734,87.16999816894531,85.3656997680664,10701200
2024-04-26,87.47000122070312,88.55000305175781,87.34500122070312,87.95500183105469,86.13446044921875,6665800
2024-04-29,89.76499938964844,90.13999938964844,89.12000274658203,90.0,88.13712310791016,10308400
2024-04-30,89.12000274658203,89.54000091552734,87.73999786376953,87.80999755859375,85.99244689941406,7218400
2024-05-01,87.8550033569336,88.97000122070312,86.81500244140625,87.26000213623047,85.45382690429688,14336800
2024-05-02,88.08000183105469,88.52999877929688,87.20999908447266,88.36000061035156,86.53105926513672,8238600
2024-05-03,89.47000122070312,89.99500274658203,88.80000305175781,88.95500183105469,87.11376190185547,9013000
2024-05-06,89.51000213623047,89.90499877929688,89.25,89.90499877929688,88.04408264160156,6229000
2024-05-07,89.84500122070312,89.88500213623047,89.125,89.26000213623047,87.41243743896484,6300600
2024-05-08,88.4800033569336,89.05999755859375,88.41500091552734,88.92500305175781,87.08438110351562,5763200
2024-05-09,88.96499633789062,89.75,88.76499938964844,89.52999877929688,87.67686462402344,5046000
2024-05-10,89.6050033569336,89.67500305175781,88.86499786376953,89.05000305175781,87.20679473876953,5654400
2024-05-13,89.43499755859375,89.63999938964844,88.625,88.93499755859375,87.09416198730469,8142800
2024-05-14,88.79000091552734,89.48500061035156,88.75,89.33999633789062,87.49079132080078,6044600
2024-05-15,89.73999786376953,89.80500030517578,88.8949966430664,89.4749984741211,87.62300109863281,7182800
2024-05-16,89.42500305175781,89.55999755859375,88.86499786376953,88.8949966430664,87.05499267578125,6589200
2024-05-17,88.9749984741211,89.36499786376953,88.71499633789062,89.3499984741211,87.50057220458984,5577400
2024-05-20,89.13999938964844,89.38999938964844,88.4749984741211,88.68499755859375,86.8493423461914,4002000
2024-05-21,88.6050033569336,89.2750015258789,88.2699966430664,89.25499725341797,87.40755462646484,4375400
2024-05-22,89.04000091552734,89.12999725341797,87.96499633789062,88.32499694824219,86.49678802490234,6332200
2024-05-23,88.56500244140625,88.56500244140625,86.76499938964844,86.8949966430664,85.09639739990234,7354600
2024-05-24,87.48999786376953,88.04499816894531,87.24500274658203,87.7699966430664,85.95328521728516,5150200
2024-05-28,87.44999694824219,87.73999786376953,87.08499908447266,87.55500030517578,85.74273681640625,5344200
2024-05-29,86.9000015258789,87.31999969482422,86.9000015258789,86.9800033569336,85.17964172363281,4344000
2024-05-30,87.23500061035156,87.73999786376953,87.06500244140625,87.49500274658203,85.68397521972656,4496600
2024-05-31,87.55500030517578,88.00499725341797,86.6050033569336,87.98500061035156,86.16384887695312,6840400
2024-06-03,88.04499816894531,88.33499908447266,87.125,87.94499969482422,86.12466430664062,7929000
2024-06-04,87.57499694824219,88.3949966430664,87.54499816894531,88.03500366210938,86.21280670166016,5779800
2024-06-05,88.23999786376953,88.55000305175781,87.44499969482422,88.55000305175781,86.71714782714844,4581800
2024-06-06,88.625,89.2300033569336,88.58499908447266,89.19499969482422,87.3487777709961,4455600
2024-06-07,88.69000244140625,89.37000274658203,88.66500091552734,88.83000183105469,86.9913558959961,4548600
2024-06-10,88.56999969482422,89.20500183105469,88.56999969482422,89.11499786376953,87.27044677734375,3731000
2024-06-11,89.07499694824219,89.07499694824219,88.09500122070312,88.87999725341797,87.0403060913086,5566000
2024-06-12,89.66000366210938,90.38500213623047,89.38999938964844,89.80500030517578,87.94615936279297,7957600
2024-06-13,90.41500091552734,90.58999633789062,89.55500030517578,89.875,88.01471710205078,5227000
2024-06-14,89.73999786376953,89.73999786376953,88.62999725341797,89.16500091552734,87.31940460205078,6105600
2024-06-17,89.05000305175781,90.95500183105469,88.88500213623047,90.7300033569336,88.8520278930664,7353200
2024-06-18,90.65499877929688,90.76499938964844,90.12000274658203,90.42500305175781,88.55333709716797,4483800
2024-06-20,90.33499908447266,90.76000213623047,90.06500244140625,90.54000091552734,88.66595458984375,4722800
2024-06-21,91.0,91.42500305175781,90.56999969482422,91.30500030517578,89.41510772705078,8623200
2024-06-24,91.31999969482422,91.72000122070312,90.68499755859375,90.72000122070312,89.03335571289062,5077800
2024-06-25,90.81500244140625,90.81500244140625,90.06500244140625,90.3550033569336,88.67513275146484,4712800
2024-06-26,90.13500213623047,91.8499984741211,90.01499938964844,91.66500091552734,89.96077728271484,5031800
2024-06-27,91.875,92.23500061035156,91.50499725341797,92.2249984741211,90.51036071777344,4228200
2024-06-28,91.76499938964844,92.3550033569336,90.73500061035156,91.19999694824219,89.5044174194336,7914600
2024-07-01,91.55500030517578,91.93499755859375,91.03500366210938,91.51000213623047,89.80867004394531,6393200
2024-07-02,92.01499938964844,93.30000305175781,91.93000030517578,93.29000091552734,91.55557250976562,5884600
2024-07-03,93.61499786376953,94.23500061035156,93.4800033569336,93.88500213623047,92.13951110839844,4379600
2024-07-05,94.3499984741211,94.70999908447266,93.87999725341797,94.6500015258789,92.89028930664062,3996400
2024-07-08,94.52999877929688,95.11000061035156,94.43499755859375,94.69499969482422,92.9344482421875,3676800
2024-07-09,94.58999633789062,95.61000061035156,94.5250015258789,95.01000213623047,93.24359893798828,3656000
2024-07-10,95.22000122070312,95.81500244140625,94.66500091552734,95.7249984741211,93.94529724121094,4557800
2024-07-11,96.17500305175781,96.83000183105469,94.2249984741211,94.51000213623047,92.75289154052734,8996000
2024-07-12,94.38500213623047,96.55500030517578,94.25,95.74500274658203,93.96492004394531,5453600
2024-07-15,96.27999877929688,96.94999694824219,95.33499908447266,95.63500213623047,93.85697174072266,5080200
2024-07-16,96.19000244140625,97.3949966430664,96.03500366210938,97.3499984741211,95.54007720947266,4123200
2024-07-17,96.62999725341797,96.875,95.55500030517578,95.7249984741211,93.94529724121094,5797200
2024-07-18,95.92500305175781,96.54000091552734,94.47000122070312,94.75,92.98843383789062,4375200
2024-07-19,94.3949966430664,94.77999877929688,93.5250015258789,93.90499877929688,92.15913391113281,3872200
2024-07-22,94.58499908447266,95.2699966430664,94.22000122070312,94.94000244140625,93.1749038696289,4808400
2024-07-23,95.30500030517578,95.45500183105469,94.47000122070312,94.51499938964844,92.75779724121094,4823600
2024-07-24,92.41999816894531,92.45999908447266,90.6050033569336,90.6500015258789,88.96464538574219,8200800
2024-07-25,90.63500213623047,91.87999725341797,90.0199966430664,90.29499816894531,88.61624908447266,10240800
2024-07-26,90.95999908447266,91.78500366210938,90.7300033569336,91.30500030517578,89.60746765136719,4529400
2024-07-29,91.91999816894531,93.16999816894531,91.87000274658203,92.83000183105469,91.10413360595703,7145600
2024-07-30,93.04000091552734,93.16500091552734,91.44999694824219,92.31500244140625,90.59869384765625,4281000
2024-07-31,93.41999816894531,94.52999877929688,93.21499633789062,93.74500274658203,92.00211334228516,4993600
2024-08-01,93.78500366210938,94.06500244140625,90.66000366210938,91.44499969482422,89.74486541748047,7295800
2024-08-02,88.46499633789062,88.46499633789062,87.0250015258789,88.08000183105469,86.44243621826172,12738400
2024-08-05,83.52999877929688,86.4749984741211,83.23999786376953,85.58999633789062,83.99871826171875,16391800
2024-08-06,86.04499816894531,87.7699966430664,85.25499725341797,86.53500366210938,84.9261703491211,9523400
2024-08-07,87.24500274658203,87.4000015258789,84.91999816894531,85.0250015258789,83.44422149658203,8404400
2024-08-08,85.79000091552734,87.11499786376953,85.31999969482422,86.87999725341797,85.26473999023438,5935200
2024-08-09,86.86499786376953,87.57499694824219,86.6500015258789,87.16999816894531,85.54934692382812,6379600
2024-08-12,87.33999633789062,87.33999633789062,86.29499816894531,86.82499694824219,85.21076965332031,4929800
2024-08-13,87.2300033569336,89.08000183105469,87.05999755859375,89.0,87.34532165527344,5847000
2024-08-14,88.98999786376953,89.26000213623047,88.16999816894531,88.5250015258789,86.87915802001953,4779800
2024-08-15,90.20999908447266,91.48500061035156,90.20999908447266,91.3499984741211,89.65161895751953,6288000
2024-08-16,90.92500305175781,91.94499969482422,90.92500305175781,91.56500244140625,89.86263275146484,4767800
2024-08-19,91.80000305175781,92.73999786376953,91.70999908447266,92.69000244140625,90.96671295166016,4570000
2024-08-20,92.69999694824219,93.1500015258789,92.33499908447266,92.6050033569336,90.88331604003906,4679000
2024-08-21,93.36499786376953,93.96499633789062,93.15499877929688,93.7750015258789,92.03155517578125,4532200
2024-08-22,93.94000244140625,94.02999877929688,91.98500061035156,92.15499877929688,90.44165802001953,5709800
2024-08-23,92.875,94.04000091552734,92.86000061035156,93.93499755859375,92.1885757446289,6304200
2024-08-26,93.84500122070312,94.04499816894531,92.91500091552734,93.20500183105469,91.47215270996094,3211000
2024-08-27,92.9749984741211,93.09500122070312,92.33000183105469,92.95999908447266,91.23169708251953,3328200
2024-08-28,92.90499877929688,93.13500213623047,91.32499694824219,92.05999755859375,90.34843444824219,5668600
2024-08-29,92.87000274658203,93.26499938964844,92.08499908447266,92.16999816894531,90.45639038085938,4616000
2024-08-30,92.51000213623047,93.6449966430664,92.13999938964844,93.55999755859375,91.82054901123047,4672200
2024-09-03,93.29000091552734,93.7249984741211,91.8499984741211,92.2750015258789,90.55943298339844,9876400
2024-09-04,92.01499938964844,92.93499755859375,91.8949966430664,92.51499938964844,90.79496765136719,10007600
2024-09-05,92.94999694824219,94.20500183105469,92.86000061035156,93.56500244140625,91.8254623413086,7264200
2024-09-06,93.74500274658203,94.08499908447266,91.16000366210938,91.19999694824219,89.5044174194336,7714000
2024-09-09,92.15499877929688,92.88999938964844,91.91000366210938,92.52999877929688,90.8096923828125,4297400
2024-09-10,92.88999938964844,93.6500015258789,92.33499908447266,93.58999633789062,91.84998321533203,9424600
2024-09-11,93.44999694824219,94.65499877929688,91.50499725341797,94.5250015258789,92.76761627197266,7511200
2024-09-12,94.5199966430664,95.63500213623047,94.41000366210938,95.58999633789062,93.81279754638672,4748600
2024-09-13,95.67500305175781,96.4800033569336,95.55500030517578,96.23999786376953,94.45072937011719,3926200
2024-09-16,96.19000244140625,96.3949966430664,95.55500030517578,96.07499694824219,94.28878784179688,3077200
2024-09-17,96.6449966430664,97.5199966430664,96.26499938964844,96.56500244140625,94.76968383789062,4307800
2024-09-18,96.70500183105469,98.0250015258789,96.26000213623047,96.375,94.58321380615234,6634600
2024-09-19,98.23500061035156,98.79000091552734,97.91500091552734,98.56999969482422,96.7374038696289,5865400
2024-09-20,98.3949966430664,98.49500274658203,97.61499786376953,98.34500122070312,96.51659393310547,5552400
2024-09-23,98.55500030517578,99.375,98.3499984741211,99.33499908447266,97.68932342529297,7271200
2024-09-24,99.82499694824219,100.2300033569336,99.23500061035156,100.20500183105469,98.544921875,4059200
2024-09-25,99.86000061035156,100.05999755859375,99.54499816894531,99.84500122070312,98.19087982177734,3389800
2024-09-26,100.7300033569336,100.94999694824219,99.67500305175781,100.2699966430664,98.60883331298828,4266400
2024-09-27,100.6500015258789,100.82499694824219,100.12999725341797,100.41999816894531,98.7563705444336,3441800
2024-09-30,100.1449966430664,100.46499633789062,99.2249984741211,100.18499755859375,98.5252456665039,4572400
2024-10-01,100.125,100.21499633789062,98.4800033569336,99.77999877929688,98.126953125,8229000
2024-10-02,98.5999984741211,99.20999908447266,98.19499969482422,98.93499755859375,97.29595947265625,7482400
2024-10-03,98.07499694824219,98.45500183105469,97.3949966430664,97.79000091552734,96.16992950439453,7101400
2024-10-04,98.87000274658203,99.31500244140625,98.05999755859375,99.08499908447266,97.44346618652344,7828200
2024-10-07,98.3550033569336,98.3550033569336,97.19499969482422,97.54499816894531,95.92898559570312,5202000
2024-10-08,97.9800033569336,98.65499877929688,97.81999969482422,98.49500274658203,96.86325073242188,4733200
2024-10-09,98.81999969482422,99.4000015258789,98.3949966430664,99.19999694824219,97.55656433105469,5537400
2024-10-10,99.0199966430664,99.23999786376953,98.41999816894531,98.70999908447266,97.07467651367188,3259000
2024-10-11,97.71499633789062,98.68499755859375,97.69999694824219,98.29000091552734,96.6616439819336,4991600
2024-10-14,98.48999786376953,98.88500213623047,98.08499908447266,98.72000122070312,97.08452606201172,3566600
2024-10-15,98.75,99.58000183105469,98.75,98.93499755859375,97.29595947265625,6855200
2024-10-16,99.02999877929688,99.4800033569336,98.9000015258789,99.45500183105469,97.80734252929688,4607000
2024-10-17,99.62999725341797,99.79000091552734,99.03500366210938,99.36499786376953,97.71883392333984,3488800
2024-10-18,99.57499694824219,100.0199966430664,99.18499755859375,99.75499725341797,98.10237121582031,3797000
2024-10-21,99.53500366210938,99.53500366210938,98.6050033569336,98.9800033569336,97.34021759033203,3304800
2024-10-22,98.22000122070312,98.93499755859375,97.95999908447266,98.58000183105469,96.94683837890625,3157600
2024-10-23,97.79000091552734,98.01499938964844,96.51499938964844,97.02999877929688,95.4225082397461,4339000
2024-10-24,99.1500015258789,100.2249984741211,98.8499984741211,100.08999633789062,98.43183135986328,6991400
2024-10-25,100.2699966430664,101.29000091552734,100.03500366210938,100.40499877929688,98.74160766601562,5440000
2024-10-28,101.19499969482422,101.54000091552734,100.59500122070312,100.63999938964844,98.97270965576172,4102400
2024-10-29,99.80500030517578,100.32499694824219,99.48999786376953,100.11499786376953,98.45641326904297,4247000
2024-10-30,100.3550033569336,100.80500030517578,99.8949966430664,99.9749984741211,98.3187255859375,4879800
2024-10-31,99.75,99.9749984741211,98.38500213623047,98.44499969482422,96.81407165527344,6197400
2024-11-01,100.25499725341797,101.07499694824219,99.94999694824219,100.04499816894531,98.3875732421875,7607600
2024-11-04,99.625,100.5250015258789,99.45500183105469,99.69999694824219,98.04827117919922,4769200
2024-11-05,99.92500305175781,101.49500274658203,99.83999633789062,101.46499633789062,99.78404998779297,4424200
2024-11-06,103.7750015258789,104.79499816894531,102.94999694824219,104.70999908447266,102.97527313232422,9398600
2024-11-07,104.91500091552734,106.4800033569336,104.87999725341797,106.05500030517578,104.29800415039062,8021000
2024-11-08,106.04000091552734,108.13500213623047,105.92500305175781,107.55999755859375,105.77806854248047,7785800
2024-11-11,109.25,110.19499969482422,108.75499725341797,109.7300033569336,107.9121322631836,9210000
2024-11-12,109.44999694824219,109.46499633789062,107.875,108.26499938964844,106.47138977050781,10535200
2024-11-13,108.99500274658203,109.7699966430664,108.62000274658203,109.19000244140625,107.38107299804688,5883400
2024-11-14,109.01000213623047,109.44999694824219,107.55000305175781,107.63999938964844,105.85675048828125,4620200
2024-11-15,107.03500366210938,107.55000305175781,106.2300033569336,106.72000122070312,104.95198059082031,7824800
2024-11-18,108.00499725341797,108.52999877929688,107.01499938964844,107.70500183105469,105.92066192626953,4752200
2024-11-19,106.70999908447266,108.11499786376953,106.21499633789062,107.78500366210938,105.99935150146484,3935800
2024-11-20,107.46499633789062,107.53500366210938,106.19000244140625,107.30999755859375,105.53221130371094,5979200
2024-11-21,107.63500213623047,107.7699966430664,106.66999816894531,107.5,105.71907806396484,5468400
2024-11-22,107.80999755859375,109.36499786376953,107.80999755859375,109.05000305175781,107.2433853149414,4550600
2024-11-25,110.3499984741211,111.13500213623047,110.11000061035156,110.16500091552734,108.33990478515625,7360400
2024-11-26,110.11000061035156,110.75499725341797,109.93499755859375,110.56500244140625,108.73328399658203,3979600
2024-11-27,110.7699966430664,110.92500305175781,109.75499725341797,110.0199966430664,108.19731140136719,3829000
2024-11-29,110.26499938964844,111.17500305175781,110.19999694824219,111.1500015258789,109.30859375,1771400
2024-12-02,111.93499755859375,112.38500213623047,111.7249984741211,112.12000274658203,110.26252746582031,8134800
2024-12-03,111.9000015258789,112.1050033569336,111.43000030517578,112.03500366210938,110.17893981933594,7051400
2024-12-04,112.2750015258789,113.18499755859375,112.15499877929688,113.07499694824219,111.20169830322266,5539400
2024-12-05,113.18499755859375,114.51499938964844,113.13500213623047,114.0,112.11137390136719,7321000
2024-12-06,114.93000030517578,116.42500305175781,114.91999816894531,116.4000015258789,114.47162628173828,4889200
2024-12-09,117.06999969482422,117.78500366210938,115.61499786376953,116.02999877929688,114.1077651977539,6513800
2024-12-10,116.05000305175781,117.30000305175781,115.83499908447266,116.22000122070312,114.29460906982422,7630800
2024-12-11,117.18499755859375,118.30000305175781,117.12000274658203,118.26000213623047,116.30081939697266,5734800
2024-12-12,118.19999694824219,118.33000183105469,117.12999725341797,117.27999877929688,115.3370361328125,4871800
2024-12-13,117.24500274658203,117.79499816894531,116.94999694824219,117.74500274658203,115.79434204101562,5382400
2024-12-16,118.3550033569336,119.42500305175781,118.125,119.33999633789062,117.36292266845703,6013600
2024-12-17,119.87999725341797,119.96499633789062,118.7249984741211,119.71499633789062,117.731689453125,10221000
2024-12-18,118.76499938964844,120.13999938964844,113.8550033569336,114.31999969482422,112.42607879638672,14405000
2024-12-19,115.87999725341797,116.20999908447266,113.48500061035156,114.16500091552734,112.27365112304688,13205200
2024-12-20,113.0199966430664,116.25499725341797,112.75,114.45500183105469,112.55885314941406,10915800
2024-12-23,114.44499969482422,114.69999694824219,113.08999633789062,114.58499908447266,112.9002456665039,5922400
2024-12-24,115.06999969482422,117.25,114.9749984741211,117.23500061035156,115.51128387451172,2552600
2024-12-26,116.98500061035156,117.2249984741211,116.28500366210938,116.80000305175781,115.08267974853516,4109600
2024-12-27,116.0250015258789,116.0250015258789,114.31500244140625,114.87000274658203,113.1810531616211,6097200
2024-12-30,113.125,113.75499725341797,112.31500244140625,113.0250015258789,111.3631820678711,5413000
2024-12-31,113.63999938964844,113.9749984741211,111.98500061035156,112.17500305175781,110.52568054199219,5250800
2025-01-02,112.22000122070312,112.55999755859375,109.99500274658203,110.69999694824219,109.07235717773438,9166400
2025-01-03,111.31999969482422,113.01000213623047,110.76000213623047,112.94000244140625,111.27942657470703,6501000
2025-01-06,114.16000366210938,114.24500274658203,112.7699966430664,113.38500213623047,111.7178955078125,6785400
2025-01-07,113.29000091552734,113.625,110.78500366210938,111.19000244140625,109.55516815185547,5554000
2025-01-08,111.1500015258789,111.94499969482422,110.58999633789062,111.50499725341797,109.86552429199219,5309200
2025-01-10,111.08000183105469,111.2699966430664,109.80999755859375,110.41000366210938,108.78662872314453,6869400
2025-01-13,109.56999969482422,111.05000305175781,109.1500015258789,111.03500366210938,109.4024429321289,5422000
2025-01-14,112.1500015258789,112.73500061035156,110.40499877929688,110.81999969482422,109.19060516357422,6762200
2025-01-15,113.375,113.73500061035156,112.58999633789062,113.63999938964844,111.96913146972656,6197400
2025-01-16,113.44499969482422,113.44499969482422,112.57499694824219,113.0250015258789,111.3631820678711,4851800
2025-01-17,114.51499938964844,115.33000183105469,114.33000183105469,114.61000061035156,112.92488098144531,3884600
2025-01-21,115.6449966430664,115.75,114.18499755859375,115.44999694824219,113.75252532958984,6036600
2025-01-22,115.20500183105469,115.69499969482422,114.81999969482422,115.01499938964844,113.32392120361328,4948800
2025-01-23,114.84500122070312,115.70999908447266,114.54000091552734,115.70999908447266,114.0086898803711,3888800
2025-01-24,115.73500061035156,115.8550033569336,114.78500366210938,115.00499725341797,113.31407165527344,3543400
2025-01-27,113.27999877929688,115.70999908447266,113.2750015258789,115.66000366210938,113.95943450927734,7069800
2025-01-28,115.32499694824219,116.12000274658203,114.7750015258789,115.80000305175781,114.09737396240234,5211000
2025-01-29,115.8949966430664,116.25,115.08999633789062,115.47000122070312,113.77222442626953,6538000
2025-01-30,117.00499725341797,117.28500366210938,115.7249984741211,116.5999984741211,114.8856201171875,5386400
2025-01-31,116.74500274658203,117.92500305175781,115.86000061035156,116.08499908447266,114.3781967163086,5092600
2025-02-03,113.56999969482422,115.04499816894531,112.6050033569336,114.55000305175781,112.86576080322266,7460000
2025-02-04,114.62000274658203,116.01499938964844,114.6050033569336,115.9000015258789,114.19590759277344,3987000
2025-02-05,115.15499877929688,115.44000244140625,114.31500244140625,114.58499908447266,112.9002456665039,5902800
2025-02-06,114.91000366210938,115.34500122070312,114.33499908447266,115.04000091552734,113.34855651855469,6045800
2025-02-07,114.26000213623047,115.12999725341797,112.69999694824219,112.79000091552734,111.13163757324219,5536400
2025-02-10,113.23999786376953,113.78500366210938,112.72000122070312,113.17500305175781,111.51097869873047,5963800
2025-02-11,112.45500183105469,112.7699966430664,111.61499786376953,111.88999938964844,110.244873046875,5538200
2025-02-12,111.05500030517578,112.44999694824219,110.76000213623047,111.87000274658203,110.22515869140625,7903000
2025-02-13,112.59500122070312,113.66500091552734,112.3949966430664,113.55000305175781,111.88047790527344,6484400
2025-02-14,114.36000061035156,114.45999908447266,113.11000061035156,113.5,111.83119201660156,3425600
2025-02-18,113.47000122070312,113.62000274658203,112.45999908447266,113.18499755859375,111.52082824707031,7567200
2025-02-19,112.66000366210938,113.18000030517578,112.44000244140625,113.12000274658203,111.456787109375,3996400
2025-02-20,112.80999755859375,112.80999755859375,111.28500366210938,112.1449966430664,110.49612426757812,4732400
2025-02-21,112.41000366210938,112.44499969482422,108.76000213623047,109.19499969482422,107.5895004272461,9043000
2025-02-24,109.68499755859375,109.84500122070312,108.33000183105469,108.78500366210938,107.1855239868164,5953400
2025-02-25,108.7249984741211,108.9749984741211,106.70500183105469,108.21499633789062,106.6239013671875,8006400
2025-02-26,108.94499969482422,109.55500030517578,107.54000091552734,107.7699966430664,106.1854476928711,6143600
2025-02-27,108.2699966430664,108.56999969482422,106.12999725341797,106.21499633789062,104.65330505371094,6799000
2025-02-28,106.25499725341797,108.05000305175781,105.83000183105469,107.9800033569336,106.39236450195312,7696400
2025-03-03,108.61000061035156,109.18499755859375,104.86000061035156,105.98999786376953,104.43161010742188,10983600
2025-03-04,104.18499755859375,105.93000030517578,102.74500274658203,104.12000274658203,102.589111328125,13842600
2025-03-05,104.19499969482422,105.8949966430664,103.73500061035156,105.70500183105469,104.15081787109375,10128200
2025-03-06,104.13999938964844,104.8949966430664,102.56999969482422,103.0250015258789,101.51021575927734,9755400
2025-03-07,102.38999938964844,103.125,100.13500213623047,102.83499908447266,101.322998046875,9798800
2025-03-10,101.47000122070312,101.61000061035156,98.29000091552734,99.16500091552734,97.70696258544922,14412600
2025-03-11,99.11000061035156,99.95999908447266,97.19499969482422,98.19499969482422,96.75122833251953,14379600
2025-03-12,99.8949966430664,99.99500274658203,97.55999755859375,98.76499938964844,97.3128433227539,8548200
2025-03-13,98.61499786376953,98.61499786376953,95.84500122070312,96.30000305175781,94.88409423828125,9992800
2025-03-14,97.7750015258789,98.45500183105469,96.92500305175781,98.3499984741211,96.90393829345703,6295600
2025-03-17,98.36000061035156,99.06500244140625,97.65499877929688,98.50499725341797,97.05667877197266,6053200
2025-03-18,97.58499908447266,97.58999633789062,96.3499984741211,96.75,95.32747650146484,8246200
2025-03-19,97.42500305175781,99.16500091552734,97.19000244140625,98.6050033569336,97.15520477294922,9831400
2025-03-20,97.87999725341797,99.62999725341797,97.80000305175781,98.37000274658203,96.92365264892578,8586400
2025-03-21,97.19499969482422,98.77999877929688,96.69000244140625,98.7249984741211,97.27342987060547,9794800
2025-03-24,99.875,102.23500061035156,99.875,102.1449966430664,100.920166015625,8567600
2025-03-25,102.38999938964844,103.0199966430664,101.7750015258789,102.95999908447266,101.72540283203125,7421400
2025-03-26,102.73999786376953,102.96499633789062,101.02999877929688,101.61499786376953,100.39652252197266,6187000
2025-03-27,101.29499816894531,103.21499633789062,101.04000091552734,101.68000030517578,100.46075439453125,6736800
2025-03-28,101.09500122070312,101.25499725341797,98.2249984741211,98.5199966430664,97.33863067626953,9886600
2025-03-31,96.59500122070312,99.06500244140625,95.90499877929688,98.7300033569336,97.5461196899414,10221000
2025-04-01,98.6050033569336,100.56500244140625,98.06999969482422,99.76000213623047,98.56378173828125,11097400
2025-04-02,97.96499633789062,102.24500274658203,97.87999725341797,101.65499877929688,100.4360580444336,9356000
2025-04-03,96.13999938964844,97.46499633789062,95.06500244140625,95.51499938964844,94.36968231201172,13795600
2025-04-04,92.30999755859375,94.67500305175781,90.84500122070312,91.3949966430664,90.299072265625,25286000
2025-04-07,87.92500305175781,94.61000061035156,86.55000305175781,90.31500244140625,89.2320327758789,41234000
2025-04-08,93.72000122070312,94.2300033569336,86.9800033569336,88.16999816894531,87.11274719238281,17407400
2025-04-09,88.0199966430664,98.07499694824219,87.875,97.7699966430664,96.59764099121094,29318600
2025-04-10,95.41500091552734,95.4749984741211,90.9000015258789,93.94999694824219,92.82344055175781,16600400
2025-04-11,93.74500274658203,95.05000305175781,92.06999969482422,94.86000061035156,93.7225341796875,8266800
2025-04-14,96.2750015258789,96.78500366210938,93.86000061035156,95.13500213623047,93.99423217773438,7720600
2025-04-15,94.9800033569336,95.7750015258789,93.91500091552734,94.44999694824219,93.31743621826172,6676400
2025-04-16,93.54000091552734,94.2699966430664,90.94000244140625,92.12000274658203,91.01538848876953,8579600
2025-04-17,92.65499877929688,93.30000305175781,91.9000015258789,92.69999694824219,91.58843231201172,7623600
2025-04-21,91.36499786376953,91.4749984741211,88.98500061035156,90.2249984741211,89.14310455322266,9802000
2025-04-22,91.26000213623047,93.9749984741211,91.25,93.08000183105469,91.9638671875,8564800
2025-04-23,96.44000244140625,97.4749984741211,94.93499755859375,95.16000366210938,94.0189437866211,8957400
2025-04-24,95.1500015258789,97.1500015258789,94.91500091552734,97.05500030517578,95.8912124633789,5341200
2025-04-25,97.05000305175781,98.86499786376953,96.80999755859375,98.80000305175781,97.61528778076172,5968800
2025-04-28,99.18499755859375,99.94999694824219,97.45999908447266,98.83499908447266,97.64986419677734,5562000
2025-04-29,98.08000183105469,99.66999816894531,97.96499633789062,99.53500366210938,98.34147644042969,5136600
2025-04-30,97.0999984741211,98.90499877929688,95.81500244140625,98.62999725341797,97.44731903076172,5881800
2025-05-01,99.125,100.47000122070312,98.95999908447266,99.17500305175781,97.98578643798828,7359000
2025-05-02,100.2249984741211,101.29000091552734,99.56999969482422,100.71499633789062,99.50731658935547,7457000
2025-05-05,99.90499877929688,100.2249984741211,99.31500244140625,99.6449966430664,98.45015716552734,4677000
2025-05-06,98.43000030517578,99.5,98.33999633789062,98.7750015258789,97.59058380126953,4811200
2025-05-07,98.98500061035156,99.98999786376953,98.625,99.54499816894531,98.35134887695312,5359400
2025-05-08,100.50499725341797,101.76000213623047,99.86499786376953,100.72000122070312,99.51226043701172,6464400
2025-05-09,100.9800033569336,101.95999908447266,100.71499633789062,101.20500183105469,99.991455078125,5159600
2025-05-12,106.58999633789062,106.5999984741211,105.19499969482422,106.23500061035156,104.96112823486328,9569400
2025-05-13,106.88500213623047,108.08999633789062,106.53500366210938,107.63999938964844,106.34928131103516,11431000
2025-05-14,107.91500091552734,108.58999633789062,107.6050033569336,108.05500030517578,106.75930786132812,7117000
2025-05-15,107.03500366210938,108.1050033569336,106.69999694824219,107.81500244140625,106.52218627929688,8393000
2025-05-16,108.18000030517578,108.91000366210938,107.88999938964844,108.83499908447266,107.52994537353516,5973200
2025-05-19,107.06500244140625,108.73999786376953,106.83999633789062,108.58000183105469,107.27801513671875,6935000
2025-05-20,108.77999877929688,109.08999633789062,107.5,108.01499938964844,106.71979522705078,7046800
2025-05-21,107.16000366210938,107.52999877929688,105.4000015258789,105.82499694824219,104.55604553222656,10325600
2025-05-22,105.63999938964844,107.06500244140625,105.36000061035156,106.27999877929688,105.00559997558594,8992400
2025-05-23,104.51000213623047,105.80000305175781,104.33999633789062,105.32499694824219,104.06204223632812,7497000
2025-05-27,106.51499938964844,108.5250015258789,106.51499938964844,108.43499755859375,107.1347427368164,7886800
2025-05-28,108.52999877929688,108.55999755859375,107.26000213623047,107.44000244140625,106.15168762207031,7542400
2025-05-29,108.5199966430664,108.58499908447266,106.93499755859375,107.48500061035156,106.1961441040039,8031600
2025-05-30,107.06999969482422,107.81500244140625,106.19000244140625,106.9000015258789,105.6181640625,10233200
2025-06-02,106.59500122070312,107.16500091552734,105.27999877929688,107.1500015258789,105.86516571044922,8783800
2025-06-03,107.24500274658203,108.61499786376953,107.22000122070312,107.72000122070312,106.42832946777344,7855400
2025-06-04,107.80999755859375,107.87000274658203,106.6500015258789,107.43499755859375,106.14673614501953,7581000
2025-06-05,107.16000366210938,107.71499633789062,103.8550033569336,104.7249984741211,103.46923828125,12096600
2025-06-06,106.23999786376953,106.58499908447266,105.72000122070312,106.08499908447266,104.81292724609375,9948800
2025-06-09,105.72000122070312,107.13500213623047,105.12000274658203,106.93499755859375,105.65274047851562,10596400
2025-06-10,107.08999633789062,108.23500061035156,106.96499633789062,108.21499633789062,106.91738891601562,8594800
2025-06-11,108.84500122070312,108.88500213623047,106.95999908447266,107.36000061035156,106.07263946533203,6888600
2025-06-12,106.76499938964844,107.43499755859375,106.56999969482422,106.8550033569336,105.5737075805664,5413800
2025-06-13,105.48999786376953,107.0,105.36499786376953,105.87000274658203,104.60050201416016,10292200
2025-06-16,106.70500183105469,107.19000244140625,106.3949966430664,107.01000213623047,105.72684478759766,4764600
2025-06-17,106.41500091552734,106.67500305175781,104.97000122070312,105.16500091552734,103.90396881103516,8473200
2025-06-18,105.375,106.34500122070312,105.12000274658203,105.21499633789062,103.95335388183594,7405800
2025-06-20,106.13500213623047,106.37999725341797,104.80999755859375,105.33999633789062,104.07685089111328,9704800
2025-06-23,105.33000183105469,107.3949966430664,104.8550033569336,107.19999694824219,106.13975524902344,12557200
2025-06-24,108.30500030517578,108.34500122070312,107.46499633789062,107.79499816894531,106.72886657714844,8652000
2025-06-25,108.13500213623047,108.16000366210938,106.08000183105469,106.5250015258789,105.471435546875,9302000
2025-06-26,106.62000274658203,107.7300033569336,106.38999938964844,107.50499725341797,106.44173431396484,7543000
2025-06-27,108.02999877929688,109.30500030517578,107.79499816894531,109.29499816894531,108.21403503417969,8902000
2025-06-30,109.26000213623047,109.5,108.36499786376953,108.66500091552734,107.59026336669922,7003400
2025-07-01,107.62000274658203,109.58999633789062,107.36000061035156,109.12999725341797,108.05066680908203,13085400
2025-07-02,109.82499694824219,110.23999786376953,109.12999725341797,110.00499725341797,108.91702270507812,12436200
2025-07-03,110.5,110.91999816894531,110.20999908447266,110.6050033569336,109.51107788085938,6904800
2025-07-07,109.09500122070312,109.6500015258789,108.51000213623047,109.19999694824219,108.11997985839844,10081600
2025-07-08,109.44999694824219,109.65499877929688,108.74500274658203,108.83000183105469,107.75364685058594,6855000
2025-07-09,109.31500244140625,109.79000091552734,108.90499877929688,109.4749984741211,108.39225769042969,4864800
2025-07-10,109.70999908447266,110.95500183105469,109.59500122070312,110.68499755859375,109.59028625488281,7566000
2025-07-11,110.38999938964844,110.94999694824219,109.93499755859375,110.71499633789062,109.61998748779297,6690400
2025-07-14,110.73999786376953,111.16000366210938,110.41999816894531,111.125,110.02593231201172,7292200
2025-07-15,111.19499969482422,111.45999908447266,109.48999786376953,109.53500366210938,108.45166015625,10133200
2025-07-16,109.7249984741211,109.96499633789062,108.73500061035156,109.73500061035156,108.64967346191406,13982600
2025-07-17,109.80999755859375,110.28500366210938,109.625,110.11000061035156,109.02098083496094,7742400
2025-07-18,110.66500091552734,111.13999938964844,110.5,111.08499908447266,109.986328125,11246400
2025-07-21,111.45999908447266,112.02999877929688,111.375,111.61000061035156,110.50613403320312,9807800
2025-07-22,111.96499633789062,112.94999694824219,111.6500015258789,112.73999786376953,111.62496185302734,10980000
2025-07-23,113.0,113.44499969482422,112.86499786376953,113.2750015258789,112.15467071533203,10083200
2025-07-24,111.76000213623047,112.41000366210938,111.16500091552734,111.4000015258789,110.2982177734375,15148400
2025-07-25,111.95999908447266,112.6050033569336,111.68000030517578,112.43499755859375,111.3229751586914,12268000
2025-07-28,112.87000274658203,113.66999816894531,112.51499938964844,113.08999633789062,111.97149658203125,11332600
2025-07-29,113.11000061035156,113.12999725341797,112.05999755859375,112.30999755859375,111.19921875,11012600
2025-07-30,112.4749984741211,112.68000030517578,110.9749984741211,111.5999984741211,110.4962387084961,13746000
2025-07-31,112.13999938964844,112.33000183105469,110.56500244140625,110.71499633789062,109.61998748779297,13728200
2025-08-01,108.26499938964844,108.6500015258789,107.375,108.04499816894531,106.97640228271484,22660400
2025-08-04,108.875,109.48500061035156,108.52999877929688,109.31500244140625,108.23384094238281,12640200
2025-08-05,109.4749984741211,110.1449966430664,109.13500213623047,109.45500183105469,108.3724594116211,11021600
2025-08-06,109.77999877929688,111.77999877929688,109.62999725341797,111.7300033569336,110.62496185302734,11728800
2025-08-07,112.01000213623047,112.5199966430664,110.75499725341797,111.69499969482422,110.59030151367188,12127600
2025-08-08,111.76499938964844,112.44000244140625,111.69499969482422,111.88999938964844,110.78337097167969,10108600
2025-08-11,112.16999816894531,112.75,111.98999786376953,112.18000030517578,111.07049560546875,9686400
2025-08-12,113.02999877929688,113.5,112.2300033569336,113.37000274658203,112.24873352050781,9791400
2025-08-13,113.79499816894531,115.08999633789062,113.67500305175781,114.92500305175781,113.7883529663086,12555400
2025-08-14,114.2699966430664,114.9800033569336,114.1500015258789,114.79499816894531,113.65962982177734,11244600
2025-08-15,115.3949966430664,115.51499938964844,114.11499786376953,114.5199966430664,113.3873519897461,9346800
2025-08-18,114.29000091552734,115.15499877929688,114.29000091552734,114.9800033569336,113.84281921386719,9293000
2025-08-19,115.0,116.02999877929688,114.66500091552734,114.92500305175781,113.7883529663086,11843000
2025-08-20,115.16500091552734,115.44000244140625,113.08999633789062,113.79000091552734,112.6645736694336,15303600
2025-08-21,113.2249984741211,113.41500091552734,112.4749984741211,113.11499786376953,111.99624633789062,10117000
2025-08-22,113.66999816894531,116.6050033569336,113.50499725341797,116.55000305175781,115.39727783203125,14933800
2025-08-25,116.12999725341797,116.75,115.82499694824219,116.31500244140625,115.16461181640625,9851400
2025-08-26,116.1500015258789,116.88500213623047,116.06500244140625,116.8499984741211,115.6943130493164,10809600
2025-08-27,116.84500122070312,117.26499938964844,116.7249984741211,116.875,115.71905517578125,8764400
2025-08-28,117.1050033569336,117.25499725341797,116.34500122070312,117.07499694824219,115.91708374023438,8211400
2025-08-29,117.06999969482422,117.25,115.56500244140625,115.87000274658203,114.72400665283203,11766000
2025-09-02,114.40499877929688,115.13999938964844,114.15499877929688,115.00499725341797,113.86756134033203,14705400
2025-09-03,115.23500061035156,116.11499786376953,114.95999908447266,115.47000122070312,114.32795715332031,13839000
2025-09-04,116.36000061035156,117.63500213623047,116.20999908447266,117.58000183105469,116.41709899902344,24662400
2025-09-05,118.19999694824219,118.93000030517578,117.12999725341797,117.55500030517578,116.392333984375,30997000
2025-09-08,118.16500091552734,118.3499984741211,117.62000274658203,118.01000213623047,116.84284210205078,18769200
2025-09-09,117.92500305175781,117.97000122070312,117.06500244140625,117.84500122070312,116.67947387695312,13340200
2025-09-10,118.02999877929688,118.02999877929688,116.12999725341797,116.43499755859375,115.28341674804688,16330400
2025-09-11,116.90499877929688,118.77999877929688,116.75499725341797,118.69999694824219,117.52600860595703,16448800
2025-09-12,118.51499938964844,119.48999786376953,118.46499633789062,119.31500244140625,118.13493347167969,9002800
2025-09-15,121.22000122070312,121.38500213623047,119.75499725341797,120.3499984741211,119.1596908569336,13760200
2025-09-16,120.78500366210938,121.2300033569336,120.42500305175781,121.08999633789062,119.89237976074219,8687400
2025-09-17,121.01000213623047,121.69999694824219,119.5,120.78500366210938,119.59040069580078,15324000
2025-09-18,121.26499938964844,121.32499694824219,120.23999786376953,120.23999786376953,119.05078887939453,10819800
2025-09-19,120.87000274658203,121.23500061035156,120.4749984741211,120.69499969482422,119.50128173828125,12576200
2025-09-22,120.4000015258789,121.01000213623047,120.04000091552734,120.08999633789062,119.11198425292969,12283600
2025-09-23,120.36499786376953,120.45500183105469,118.76000213623047,118.95999908447266,117.9911880493164,9696400
2025-09-24,119.49500274658203,120.01000213623047,119.11499786376953,119.80000305175781,118.82434844970703,9862000
2025-09-25,119.05500030517578,119.0999984741211,117.57499694824219,118.11000061035156,117.14810943603516,11590800
2025-09-26,118.6449966430664,119.92500305175781,118.23500061035156,119.8550033569336,118.87889862060547,9749400
2025-09-29,120.48500061035156,120.79499816894531,119.625,120.37999725341797,119.39961242675781,11244600
2025-09-30,120.26499938964844,120.375,118.87999725341797,119.81999969482422,118.84417724609375,12982000
2025-10-01,119.61499786376953,120.94000244140625,119.40499877929688,120.56999969482422,119.58807373046875,11258000
2025-10-02,121.16000366210938,121.3499984741211,119.625,119.69999694824219,118.72515869140625,13191400
2025-10-03,120.24500274658203,120.44499969482422,118.2699966430664,118.93000030517578,117.96142578125,13934400
2025-10-06,119.7249984741211,120.12000274658203,118.5999984741211,119.94999694824219,118.97311401367188,10462800
2025-10-07,119.63500213623047,119.63999938964844,117.80999755859375,117.8499984741211,116.89022827148438,14624000
2025-10-08,118.36499786376953,118.55999755859375,117.16999816894531,118.19999694824219,117.23737335205078,7910200
2025-10-09,117.74500274658203,117.78500366210938,116.78500366210938,117.61000061035156,116.65218353271484,9757600
2025-10-10,117.66500091552734,118.20999908447266,114.33999633789062,114.375,113.44352722167969,17978200
2025-10-13,115.42500305175781,117.11000061035156,115.23500061035156,116.93000030517578,115.97772216796875,10860200
2025-10-14,115.38999938964844,117.83999633789062,114.91500091552734,117.17500305175781,116.22073364257812,12533600
2025-10-15,117.70999908447266,118.49500274658203,116.37999725341797,117.34500122070312,116.38934326171875,10836000
2025-10-16,117.43499755859375,117.76499938964844,115.33499908447266,116.20999908447266,115.26358032226562,13036800
2025-10-17,116.1500015258789,117.48999786376953,115.875,117.20999908447266,116.25543975830078,11769800
2025-10-20,117.75,118.28500366210938,117.58000183105469,118.13999938964844,117.17786407470703,8356400
2025-10-21,118.36499786376953,120.03500366210938,118.30000305175781,119.58499908447266,118.61109924316406,8674600
2025-10-22,119.3499984741211,119.43000030517578,117.98999786376953,118.6500015258789,117.6837158203125,12749600
2025-10-23,117.66500091552734,119.33499908447266,117.2750015258789,119.18499755859375,118.21434783935547,11286800
2025-10-24,119.62999725341797,119.91500091552734,118.70999908447266,118.83000183105469,117.86225128173828,6481600
2025-10-27,120.06999969482422,120.9749984741211,119.80999755859375,120.54000091552734,119.55831146240234,7407800
2025-10-28,120.36000061035156,121.45500183105469,119.94000244140625,120.56999969482422,119.58807373046875,8999400
2025-10-29,120.59500122070312,120.61499786376953,118.88999938964844,119.57499694824219,118.6011734008789,11064000
2025-10-30,117.73500061035156,118.65499877929688,116.86000061035156,116.875,115.92316436767578,11853400
2025-10-31,120.18499755859375,120.63500213623047,119.19499969482422,119.96499633789062,118.98799896240234,13414400
2025-11-03,121.20500183105469,121.49500274658203,120.76000213623047,121.08999633789062,120.10383605957031,10730800
2025-11-04,119.55000305175781,120.44499969482422,118.91500091552734,119.08000183105469,118.11021423339844,9312600
2025-11-05,119.56500244140625,120.71499633789062,118.6449966430664,120.52999877929688,119.54840087890625,11716200
2025-11-06,119.875,120.03500366210938,117.12999725341797,117.74500274658203,116.78608703613281,14726000
2025-11-07,117.5,118.30999755859375,116.42500305175781,117.93000030517578,116.96957397460938,11502000
2025-11-10,119.09500122070312,119.66999816894531,118.61499786376953,119.4800033569336,118.5069580078125,10434800
2025-11-11,119.2750015258789,119.88500213623047,118.97000122070312,119.7750015258789,118.79955291748047,12775400
2025-11-12,120.125,120.25499725341797,118.66500091552734,118.97000122070312,118.00110626220703,9314200
2025-11-13,118.47000122070312,118.8550033569336,115.79000091552734,116.0,115.05529022216797,15268400
2025-11-14,114.67500305175781,116.51000213623047,114.29499816894531,115.44499969482422,114.50480651855469,14662200
2025-11-17,114.84500122070312,116.1449966430664,113.70999908447266,114.36000061035156,113.42864990234375,20233600
2025-11-18,113.0250015258789,113.62000274658203,112.07499694824219,112.25,111.3358383178711,27057400
2025-11-19,113.11499786376953,113.11499786376953,111.66500091552734,112.25499725341797,111.34078979492188,15912200
2025-11-20,113.51499938964844,114.75,110.46499633789062,110.58000183105469,109.679443359375,24924400
2025-11-21,111.31999969482422,113.84500122070312,110.9800033569336,112.75,111.83175659179688,19013200
2025-11-24,113.625,114.93499755859375,113.5,114.25499725341797,113.32450866699219,11181800
2025-11-25,114.30000305175781,116.88999938964844,114.08999633789062,116.69999694824219,115.74958038330078,10395400
2025-11-26,117.11000061035156,117.73999786376953,116.6500015258789,117.5,116.54307556152344,8122200
2025-11-28,117.7699966430664,118.4000015258789,117.7699966430664,118.2300033569336,117.26712799072266,4827200
2025-12-01,117.66000366210938,118.95999908447266,117.61499786376953,118.30000305175781,117.33656311035156,11579800
2025-12-02,118.58499908447266,118.66500091552734,117.48500061035156,118.22000122070312,117.25720977783203,11105800
2025-12-03,118.23500061035156,119.80999755859375,118.23500061035156,119.49500274658203,118.52183532714844,9369800
2025-12-04,119.66999816894531,119.79499816894531,118.3949966430664,119.06999969482422,118.10029602050781,11828800
2025-12-05,119.18000030517578,120.08999633789062,119.18000030517578,119.7300033569336,118.75491333007812,4556800
2025-12-08,119.25,119.36000061035156,117.75,117.98999786376953,117.0290756225586,6400100
2025-12-09,117.51000213623047,118.48999786376953,117.33000183105469,117.9800033569336,117.01917266845703,5153900
2025-12-10,118.12000274658203,120.27999877929688,118.11000061035156,119.70999908447266,118.73506927490234,9440800
2025-12-11,119.72000122070312,120.36000061035156,119.51000213623047,120.18000030517578,119.20125579833984,5863400
2025-12-12,120.51000213623047,121.36000061035156,119.66000366210938,120.69999694824219,119.71701049804688,7865600
2025-12-15,121.72000122070312,122.4000015258789,121.22000122070312,121.7300033569336,120.73863220214844,12137500
2025-12-16,121.66000366210938,122.22000122070312,121.05999755859375,121.93000030517578,120.93699645996094,12052000
2025-12-17,122.02999877929688,122.6500015258789,120.5199966430664,120.5199966430664,119.53848266601562,10597600
2025-12-18,122.22000122070312,123.62999725341797,122.08000183105469,122.33999633789062,121.3436508178711,11598200
2025-12-19,122.37000274658203,122.41999816894531,121.73999786376953,121.8499984741211,120.85765075683594,9728700
2025-12-22,122.36000061035156,122.81999969482422,122.08999633789062,122.33999633789062,121.5841293334961,8073400
2025-12-23,122.2699966430664,122.6500015258789,121.88999938964844,122.16999816894531,121.4151840209961,9766400
2025-12-24,122.27999877929688,122.62999725341797,121.93000030517578,122.58999633789062,121.83258819580078,2250000
2025-12-26,122.43000030517578,122.77999877929688,121.87999725341797,122.05000305175781,121.29593658447266,4197000
2025-12-29,121.55999755859375,121.55999755859375,120.70999908447266,120.8499984741211,120.10334014892578,6535400
2025-12-30,120.61000061035156,120.77999877929688,120.2699966430664,120.36000061035156,119.61637115478516,4180500
2025-12-31,120.44000244140625,120.45999908447266,119.36000061035156,119.41000366210938,118.6722412109375,4356100
2026-01-02,120.08000183105469,120.12000274658203,117.70999908447266,118.3499984741211,117.61878967285156,16200700
2026-01-05,118.94999694824219,121.1500015258789,118.58999633789062,120.30000305175781,119.5567398071289,17653800
2026-01-06,119.52999877929688,121.26000213623047,119.44000244140625,121.06999969482422,120.32198333740234,17759400
2026-01-07,121.26000213623047,122.12999725341797,120.9000015258789,120.9000015258789,120.15303802490234,11327700
2026-01-08,120.58000183105469,123.13999938964844,120.4000015258789,122.91999816894531,122.16055297851562,12565400
2026-01-09,122.91999816894531,124.55999755859375,122.18000030517578,124.41000366210938,123.64134979248047,13817800
2026-01-12,123.87000274658203,125.01000213623047,123.33999633789062,124.5199966430664,123.75065612792969,8773100
2026-01-13,124.52999877929688,124.69999694824219,123.41999816894531,124.20999908447266,123.44258117675781,9033300
2026-01-14,123.38999938964844,123.41000366210938,121.63999938964844,122.25,121.49469757080078,10758100
2026-01-15,122.87000274658203,123.25,122.4000015258789,122.69999694824219,121.9419174194336,7447900
2026-01-16,122.76000213623047,123.04000091552734,121.87999725341797,122.30000305175781,121.54438781738281,7058700
2026-01-20,120.27999877929688,120.56999969482422,118.9000015258789,119.12000274658203,118.384033203125,9720000
2026-01-21,119.41000366210938,121.9000015258789,119.41000366210938,121.4000015258789,120.64994049072266,11017600
2026-01-22,122.12999725341797,123.08000183105469,121.72000122070312,122.62000274658203,121.86241912841797,6594200
2026-01-23,122.4800033569336,123.38999938964844,122.2300033569336,123.12999725341797,122.36925506591797,6470900
2026-01-26,123.05999755859375,123.4000015258789,122.30000305175781,122.31999969482422,121.56426239013672,4812700
2026-01-27,122.73999786376953,122.91999816894531,121.81999969482422,122.69000244140625,121.93196868896484,4269700
2026-01-28,123.08999633789062,123.69000244140625,121.58999633789062,121.7699966430664,121.01765441894531,8732200
2026-01-29,122.47000122070312,122.5999984741211,120.41000366210938,121.19000244140625,120.44124603271484,12410400
2026-01-30,121.26000213623047,122.0,120.54000091552734,121.16999816894531,120.4213638305664,11706400
2026-02-02,120.73999786376953,122.41000366210938,120.12000274658203,121.97000122070312,121.21642303466797,8483000
2026-02-03,122.08000183105469,122.76000213623047,119.81999969482422,120.98999786376953,120.24247741699219,12467800
2026-02-04,121.0999984741211,121.54000091552734,119.3499984741211,120.0999984741211,119.35797882080078,13915400
2026-02-05,118.55000305175781,118.83000183105469,117.06999969482422,117.51000213623047,116.78397369384766,13290000
2026-02-06,115.69000244140625,118.16000366210938,115.4000015258789,117.98999786376953,117.26100158691406,20971100
2026-02-09,117.43000030517578,118.20999908447266,116.4000015258789,117.55000305175781,116.82373809814453,10975700
2026-02-10,117.76000213623047,119.22000122070312,117.69999694824219,118.33000183105469,117.59891510009766,9920700
2026-02-11,118.44999694824219,118.87999725341797,117.29000091552734,117.76000213623047,117.03244018554688,10214100
2026-02-12,118.41000366210938,119.19999694824219,115.83000183105469,116.12999725341797,115.4124984741211,16374300
2026-02-13,116.0,117.1500015258789,115.52999877929688,116.18000030517578,115.46219635009766,10836200
2026-02-17,115.9800033569336,116.31999969482422,114.43000030517578,116.04000091552734,115.32306671142578,9623000
2026-02-18,116.11000061035156,117.76000213623047,115.94000244140625,117.0199966430664,116.2969970703125,9719500
2026-02-19,116.33000183105469,116.55000305175781,115.58000183105469,116.23999786376953,115.5218276977539,9482400
2026-02-20,115.93000030517578,117.6500015258789,115.61000061035156,117.44999694824219,116.72434997558594,16652900
2026-02-23,116.63999938964844,116.7699966430664,113.86000061035156,114.98999786376953,114.27954864501953,14604800
2026-02-24,115.4000015258789,117.05999755859375,115.31999969482422,116.73999786376953,116.01873779296875,11320500
2026-02-25,116.9800033569336,117.58999633789062,116.51000213623047,117.08999633789062,116.36656951904297,8776100
2026-02-26,117.2300033569336,117.66000366210938,116.13999938964844,117.05000305175781,116.32682037353516,9560900
2026-02-27,116.01000213623047,116.94000244140625,115.6500015258789,116.86000061035156,116.13799285888672,9636200
2026-03-02,114.02999877929688,115.7300033569336,113.72000122070312,115.41999816894531,114.7068862915039,18205600
2026-03-03,113.0999984741211,114.7699966430664,111.80999755859375,114.36000061035156,113.6534423828125,20773100
2026-03-04,115.08999633789062,116.62999725341797,114.87999725341797,116.38999938964844,115.6708984375,11496700
2026-03-05,115.91999816894531,117.08000183105469,115.5199966430664,116.55000305175781,115.82991027832031,14880400
2026-03-06,114.77999877929688,114.98999786376953,113.63999938964844,114.44000244140625,113.73294830322266,16348500
2026-03-09,112.94000244140625,114.93000030517578,110.98999786376953,114.58999633789062,113.88201904296875,16278500
2026-03-10,114.61000061035156,115.7300033569336,113.94999694824219,114.44000244140625,113.73294830322266,11784400
2026-03-11,114.83000183105469,115.69999694824219,113.56999969482422,114.13999938964844,113.43479919433594,10959300
2026-03-12,113.12000274658203,113.43000030517578,111.47000122070312,111.5199966430664,110.83098602294922,12088200
2026-03-13,112.16999816894531,112.48999786376953,110.72000122070312,110.86000061035156,110.17506408691406,11708600
2026-03-16,111.79000091552734,112.87000274658203,111.62000274658203,112.19999694824219,111.50678253173828,9307600
2026-03-17,112.77999877929688,113.6500015258789,112.72000122070312,113.18000030517578,112.48072814941406,6767000
2026-03-18,112.5,112.98999786376953,110.44000244140625,110.56999969482422,109.88685607910156,10979200
2026-03-19,109.62999725341797,110.33999633789062,108.87000274658203,109.69999694824219,109.02223205566406,12496400
2026-03-20,109.43000030517578,109.43000030517578,107.1500015258789,107.73999786376953,107.0743408203125,12297000
2026-03-23,109.77999877929688,111.43000030517578,109.58999633789062,110.12000274658203,109.65948486328125,14779100
2026-03-24,109.04000091552734,110.31999969482422,108.94999694824219,109.68000030517578,109.22132110595703,9032200
2026-03-25,111.16000366210938,111.91000366210938,110.0999984741211,110.7300033569336,110.26693725585938,9412900
2026-03-26,110.05000305175781,110.9000015258789,108.73999786376953,108.83000183105469,108.3748779296875,7981000
2026-03-27,108.30999755859375,108.30999755859375,105.44999694824219,105.68000030517578,105.23805236816406,10454700
2026-03-30,106.61000061035156,107.16999816894531,105.19000244140625,105.66000366210938,105.2181396484375,10192000
2026-03-31,107.2300033569336,109.41000366210938,106.70999908447266,108.9800033569336,108.52425384521484,19487500
2026-04-01,109.69000244140625,110.5,108.73999786376953,109.80000305175781,109.3408203125,14467600
2026-04-02,107.45999908447266,109.52999877929688,107.0999984741211,108.1500015258789,107.69772338867188,9684700
2026-04-06,107.93000030517578,109.2300033569336,107.93000030517578,109.04000091552734,108.58399963378906,6908800
2026-04-07,108.11000061035156,108.18000030517578,106.44999694824219,107.7699966430664,107.31930541992188,8956400
2026-04-08,112.25,112.61000061035156,110.27999877929688,110.81999969482422,110.35655975341797,14442400
2026-04-09,110.81999969482422,112.88999938964844,110.4000015258789,112.73999786376953,112.26852416992188,6660500
2026-04-10,113.0,113.45999908447266,112.23999786376953,112.88999938964844,112.41789245605469,5607400
2026-04-13,112.33999633789062,113.94999694824219,112.0,113.91999816894531,113.44358825683594,5992600
2026-04-14,114.6500015258789,116.83000183105469,114.58000183105469,116.44000244140625,115.95305633544922,8128600
2026-04-15,116.52999877929688,118.44000244140625,116.1500015258789,118.18000030517578,117.68577575683594,8034700
2026-04-16,118.4000015258789,118.55000305175781,117.0999984741211,117.62999725341797,117.13806915283203,5671900
2026-04-17,119.69000244140625,121.8499984741211,119.45999908447266,120.41000366210938,119.90644836425781,9839500
2026-04-20,120.13999938964844,120.4000015258789,118.8499984741211,119.87000274658203,119.36871337890625,5450100
2026-04-21,120.83999633789062,120.91000366210938,118.68000030517578,118.97000122070312,118.47247314453125,7208300
2026-04-22,119.52999877929688,119.76000213623047,118.66000366210938,118.93000030517578,118.4326400756836,5289900
2026-04-23,118.22000122070312,118.8499984741211,116.66999816894531,117.73999786376953,117.24761199951172,7530900
2026-04-24,118.13999938964844,118.9000015258789,117.66999816894531,118.69000244140625,118.19364929199219,5546000
2026-04-27,118.08999633789062,118.44999694824219,117.27999877929688,117.83999633789062,117.34719848632812,6915900
2026-04-28,117.44999694824219,117.79000091552734,116.87000274658203,117.01000213623047,116.52067565917969,6740900
2026-04-29,116.20999908447266,117.12999725341797,116.12999725341797,116.83999633789062,116.35137939453125,8155400
2026-04-30,118.5,118.66999816894531,116.43000030517578,118.3499984741211,117.85506439208984,10280700
2026-05-01,118.61000061035156,119.7699966430664,117.81999969482422,118.62999725341797,118.1338882446289,13071300
2026-05-04,118.3499984741211,119.30000305175781,117.19000244140625,117.72000122070312,117.22769927978516,10737700
2026-05-05,118.58999633789062,119.29000091552734,118.05000305175781,118.06999969482422,117.57623291015625,6216900
2026-05-06,118.97000122070312,120.54000091552734,118.7699966430664,119.87000274658203,119.36871337890625,10430700
2026-05-07,120.58999633789062,121.0999984741211,119.31999969482422,119.87999725341797,119.378662109375,7928000
2026-05-08,120.25,121.12999725341797,119.94000244140625,120.19999694824219,119.69732666015625,6054100
2026-05-11,119.37999725341797,119.86000061035156,118.51000213623047,119.37000274658203,118.87080383300781,5829100
2026-05-12,119.02999877929688,119.3499984741211,117.44999694824219,118.29000091552734,117.79531860351562,6622100
2026-05-13,118.05999755859375,119.2300033569336,117.44999694824219,118.72000122070312,118.22351837158203,4611800
2026-05-14,119.01000213623047,119.68000030517578,118.55999755859375,118.66999816894531,118.17372131347656,5966700
2026-05-15,117.30999755859375,117.37000274658203,116.30999755859375,116.52999877929688,116.04267883300781,10453900
2026-05-18,116.5,117.77999877929688,115.54000091552734,116.31999969482422,115.83354949951172,9985100
2026-05-19,115.12999725341797,115.31999969482422,114.19999694824219,115.02999877929688,114.5489501953125,8578200
2026-05-20,115.2699966430664,117.94999694824219,114.77999877929688,117.94000244140625,117.44678497314453,12155100
2026-05-21,117.58999633789062,119.22000122070312,116.80999755859375,118.69999694824219,118.20359802246094,7082300
2026-05-22,119.16000366210938,119.87000274658203,118.9800033569336,119.18000030517578,118.68159484863281,5289800
2026-05-26,119.7300033569336,120.23999786376953,118.69999694824219,119.44999694824219,118.9504623413086,5007100
2026-05-27,120.69000244140625,121.94999694824219,120.55000305175781,121.55000305175781,121.04168701171875,13116100
2026-05-28,121.0999984741211,122.19000244140625,120.56999969482422,122.05999755859375,121.54954528808594,7591900
2026-05-29,121.5999984741211,122.18000030517578,120.83000183105469,120.87000274658203,120.36453247070312,7258000
2026-06-01,119.69000244140625,119.83000183105469,117.97000122070312,118.19000244140625,117.69573974609375,11012100
2026-06-02,117.5199966430664,118.2699966430664,116.55999755859375,117.58999633789062,117.0982437133789,8219300
2026-06-03,116.62999725341797,117.62000274658203,116.12999725341797,116.7300033569336,116.2418441772461,6086400
2026-06-04,117.95999908447266,118.19000244140625,117.04000091552734,117.26000213623047,116.7696304321289,4969900
2026-06-05,117.4000015258789,118.0999984741211,114.56999969482422,114.86000061035156,114.3796615600586,7699300
2026-06-08,114.7699966430664,116.0199966430664,114.7699966430664,115.38999938964844,114.90744018554688,6307400
2026-06-09,116.16000366210938,117.58999633789062,114.25,115.87000274658203,115.38543701171875,8203500
2026-06-10,115.45999908447266,115.68000030517578,113.37999725341797,113.48999786376953,113.01538848876953,7515100
2026-06-11,114.12000274658203,116.45999908447266,113.44000244140625,116.30000305175781,115.81363677978516,8680300
2026-06-12,117.0199966430664,117.0199966430664,114.81999969482422,116.5999984741211,116.11238098144531,7655200
2026-06-15,118.61000061035156,119.51000213623047,118.30999755859375,118.56999969482422,118.07414245605469,6590300
2026-06-16,118.66999816894531,119.45999908447266,118.33999633789062,118.45999908447266,117.96460723876953,6050500
2026-06-17,117.80999755859375,118.16999816894531,115.18000030517578,115.48999786376953,115.00701904296875,9065700
2026-06-18,116.6500015258789,117.66000366210938,115.54000091552734,117.16000366210938,116.6700439453125,8728500
2026-06-22,115.98999786376953,116.91999816894531,114.87000274658203,114.94000244140625,114.68740844726562,7555600
2026-06-23,113.94999694824219,114.66000366210938,113.47000122070312,113.76000213623047,113.51000213623047,9196000
2026-06-24,114.1500015258789,116.95999908447266,113.93000030517578,115.06999969482422,114.8171157836914,8301400
2026-06-25,114.6500015258789,115.05999755859375,113.12999725341797,113.3499984741211,113.10089874267578,7151300
2026-06-26,113.19999694824219,115.45999908447266,113.16000366210938,114.37000274658203,114.11865997314453,8948900
2026-06-29,115.20999908447266,117.54000091552734,115.04000091552734,117.12000274658203,116.86261749267578,10586700
2026-06-30,116.2300033569336,117.56999969482422,116.2300033569336,117.27999877929688,117.02226257324219,5167900
2026-07-01,117.77999877929688,119.16000366210938,116.9000015258789,118.08999633789062,117.83048248291016,9864300
2026-07-02,118.62999725341797,119.20999908447266,116.58000183105469,117.12000274658203,116.86261749267578,10882400
2026-07-06,117.52999877929688,118.19000244140625,116.0999984741211,118.01000213623047,117.75066375732422,9063600
2026-07-07,118.91999816894531,119.12000274658203,117.11000061035156,117.38999938964844,117.13201904296875,9191400
2026-07-08,116.30999755859375,116.31999969482422,114.44000244140625,115.30000305175781,115.04661560058594,15042700
2026-07-09,114.72000122070312,116.87999725341797,114.55000305175781,116.8499984741211,116.59320831298828,8521800
2026-07-10,117.58999633789062,117.88999938964844,116.4800033569336,117.23999786376953,116.98234558105469,5971500
2026-07-13,117.19999694824219,117.5199966430664,115.62000274658203,116.04000091552734,115.78498840332031,5984800
2026-07-14,116.01000213623047,116.4000015258789,115.45999908447266,115.9000015258789,115.64529418945312,6669300
2026-07-15,116.45999908447266,117.80999755859375,116.45999908447266,117.0,116.74288177490234,9073000
2026-07-16,117.12000274658203,118.22000122070312,116.86000061035156,117.33999633789062,117.0821304321289,6057000
2026-07-17,115.91000366210938,116.87000274658203,115.31999969482422,115.44000244140625,115.18630981445312,10275100
2026-07-20,116.22000122070312,116.22000122070312,114.37999725341797,114.61000061035156,114.3581314086914,7804500
2026-07-21,114.63999938964844,115.16999816894531,114.27999877929688,114.87000274658203,114.61756134033203,6557800
2026-07-22,114.9000015258789,115.2300033569336,113.81999969482422,114.0199966430664,113.76942443847656,7106000
2026-07-23,110.4800033569336,110.58999633789062,108.29000091552734,108.76000213623047,108.52098846435547,12650300
2026-07-24,109.0999984741211,109.94000244140625,108.6500015258789,109.41000366210938,109.16956329345703,8210700
2026-07-27,110.87000274658203,111.36000061035156,110.30000305175781,110.83999633789062,110.5964126586914,6979100
2026-07-28,111.66000366210938,112.52999877929688,111.25,112.4800033569336,112.2328109741211,6017900
2026-07-29,111.94999694824219,113.58999633789062,111.44000244140625,111.61000061035156,111.3647232055664,7534100
2026-07-30,112.16999816894531,112.80000305175781,111.45999908447266,112.38999938964844,112.14300537109375,8074000
2026-07-31,115.44000244140625,116.38999938964844,114.97000122070312,116.08999633789062,115.83487701416016,13158000
2026-08-03,117.63999938964844,119.12000274658203,117.63999938964844,118.20999908447266,117.9502182006836,10041500
2026-08-04,117.52999877929688,118.56999969482422,117.12000274658203,118.29000091552734,118.03004455566406,10500800
2026-08-05,119.27999877929688,119.63999938964844,118.06999969482422,118.63999938964844,118.3792724609375,6117400
2026-08-06,118.61000061035156,118.80000305175781,117.70999908447266,118.0999984741211,117.84046173095703,4827900
2026-08-07,118.5199966430664,120.44000244140625,118.5,119.86000061035156,119.59659576416016,5077300
2026-08-10,119.2300033569336,119.86000061035156,118.86000061035156,119.66999816894531,119.4070053100586,4466100
2026-08-11,119.66999816894531,119.95999908447266,119.11000061035156,119.23999786376953,118.97795104980469,3788600
2026-08-12,119.31999969482422,119.31999969482422,117.55000305175781,117.88999938964844,117.63092041015625,4486900
2026-08-13,118.04000091552734,118.93000030517578,117.88999938964844,118.44999694824219,118.18968963623047,4521100
2026-08-14,118.47000122070312,119.18000030517578,118.08999633789062,118.19999694824219,117.94023895263672,3839300
2026-08-17,117.95999908447266,117.95999908447266,116.48999786376953,116.75,116.4934310913086,6884900
2026-08-18,116.69999694824219,117.58000183105469,116.06999969482422,116.36000061035156,116.10428619384766,5287000
2026-08-19,116.9000015258789,119.05999755859375,116.7300033569336,118.58999633789062,118.32938385009766,7526400
2026-08-20,117.05000305175781,117.4000015258789,116.37999725341797,116.68000030517578,116.423583984375,5155600
2026-08-21,117.44000244140625,118.43000030517578,116.73999786376953,118.0199966430664,117.76063537597656,6561400
2026-08-24,118.37999725341797,118.79000091552734,118.06999969482422,118.30000305175781,118.04002380371094,4662300
2026-08-25,118.41000366210938,118.56999969482422,117.75,117.94999694824219,117.69078826904297,4156100
2026-08-26,117.69000244140625,117.83999633789062,116.75,117.16000366210938,116.90252685546875,3271600
2026-08-27,116.54000091552734,116.62000274658203,115.80999755859375,115.87999725341797,115.62533569335938,5231500
2026-08-28,116.70999908447266,117.56999969482422,116.37999725341797,117.20999908447266,116.9524154663086,4505600
2026-08-31,116.55999755859375,117.13999938964844,116.29000091552734,116.58999633789062,116.33377838134766,4912700
2026-09-01,115.41999816894531,115.62000274658203,114.31999969482422,114.58999633789062,114.33817291259766,5883300
2026-09-02,114.98999786376953,115.11000061035156,114.25,114.86000061035156,114.60758209228516,4238600
2026-09-03,115.93000030517578,117.06999969482422,115.83000183105469,116.45999908447266,116.20406341552734,5658600
2026-09-04,115.26000213623047,115.73999786376953,114.45999908447266,114.91000366210938,114.65747833251953,5120000
2026-09-08,114.47000122070312,114.62999725341797,113.75,113.98999786376953,113.73949432373047,7821200
2026-09-09,112.95999908447266,113.2699966430664,112.2699966430664,112.45999908447266,112.21285247802734,7683800
2026-09-10,111.48999786376953,112.6500015258789,111.0199966430664,111.95999908447266,111.71395111083984,5814100
2026-09-11,112.87000274658203,113.25,112.55000305175781,112.95999908447266,112.71175384521484,4536700
2026-09-14,112.30999755859375,113.27999877929688,112.11000061035156,112.8499984741211,112.60199737548828,5276300
2026-09-15,112.52999877929688,112.62999725341797,110.55999755859375,110.87999725341797,110.63632202148438,12691100
2026-09-16,111.0999984741211,111.45999908447266,109.62999725341797,110.18000030517578,109.9378662109375,8874600
2026-09-17,112.04000091552734,112.23999786376953,111.16999816894531,111.38999938964844,111.14520263671875,4508600
2026-09-18,111.45999908447266,111.7699966430664,110.62999725341797,111.02999877929688,110.78599548339844,5418200
2026-09-21,111.54000091552734,112.61000061035156,111.12000274658203,112.2300033569336,112.2300033569336,4977200
2026-09-22,112.9800033569336,113.29000091552734,111.9800033569336,112.33000183105469,112.33000183105469,7643400
2026-09-23,111.70999908447266,112.08000183105469,110.36000061035156,110.6500015258789,110.6500015258789,6961700
2026-09-24,110.16000366210938,110.9000015258789,109.62000274658203,110.31999969482422,110.31999969482422,5000300
2026-09-25,110.66999816894531,110.91999816894531,109.6500015258789,110.55999755859375,110.55999755859375,6128700
2026-09-28,109.63999938964844,109.93000030517578,108.91000366210938,109.0,109.0,6449200
2026-09-29,109.3499984741211,109.56999969482422,108.68000030517578,109.1500015258789,109.1500015258789,7693300
